{
     "RouteNumber": "100",
     "Destination": "King Edward Street / St Pauls Station",
     "RouteAudio": "",
     "DestinationAudio": "",
     "Stops": [
          {
               "Name": "St Georges Town Hall / Shadwell Stn",
               "Location": "51.511045183058556, -0.05890442732392591",
               "Audio": "",
               "AnnounceDistance": 20.0
          },
          {
               "Name": "Tobacco Dock",
               "Location": "51.509206737148396, -0.058665530297131924",
               "Audio": "",
               "AnnounceDistance": 20.0
          },
          {
               "Name": "Wapping Health Centre",
               "Location": "51.50632778816632, -0.058586163149904925",
               "Audio": "",
               "AnnounceDistance": 20.0
          },
          {
               "Name": "Clegg Street",
               "Location": "51.50548404311637, -0.057051365651759334",
               "Audio": "",
               "AnnounceDistance": 20.0
          },
          {
               "Name": "Garnet Street",
               "Location": "51.506566205955814, -0.05560755149531496",
               "Audio": "",
               "AnnounceDistance": 20.0
          },
          {
               "Name": "Wapping Wall",
               "Location": "51.505503499518625, -0.05442796341587072",
               "Audio": "",
               "AnnounceDistance": 20.0
          },
          {
               "Name": "Wapping Station",
               "Location": "51.504565370094085, -0.05588005031667124",
               "Audio": "",
               "AnnounceDistance": 20.0
          },
          {
               "Name": "Dundee Street",
               "Location": "51.50324503951621, -0.060864135260471824",
               "Audio": "",
               "AnnounceDistance": 20.0
          },
          {
               "Name": "Sampson Street",
               "Location": "51.50366243843014, -0.06326715387272959",
               "Audio": "",
               "AnnounceDistance": 20.0
          },
          {
               "Name": "Hermitage Wall",
               "Location": "51.505026359258814, -0.06472232719831525",
               "Audio": "",
               "AnnounceDistance": 20.0
          },
          {
               "Name": "Stockholm Way",
               "Location": "51.50599110109101, -0.06651150488391382",
               "Audio": "",
               "AnnounceDistance": 20.0
          },
          {
               "Name": "The Highway",
               "Location": "51.50765832006669, -0.0667291316343213",
               "Audio": "",
               "AnnounceDistance": 20.0
          },
          {
               "Name": "St Katharine Docks",
               "Location": "51.50827549046988, -0.07089649077218096",
               "Audio": "",
               "AnnounceDistance": 20.0
          },
          {
               "Name": "Tower Gateway Station",
               "Location": "51.510719583454055, -0.07515988797708435",
               "Audio": "",
               "AnnounceDistance": 20.0
          },
          {
               "Name": "Mansell Street",
               "Location": "51.51281222529577, -0.07335664613431914",
               "Audio": "",
               "AnnounceDistance": 20.0
          },
          {
               "Name": "Dukes Place",
               "Location": "51.51457134360049, -0.07862948503895369",
               "Audio": "",
               "AnnounceDistance": 20.0
          },
          {
               "Name": "Bishopsgate",
               "Location": "51.515916340485575, -0.081138397760925",
               "Audio": "",
               "AnnounceDistance": 20.0
          },
          {
               "Name": "Wormwood Street",
               "Location": "51.516203797434876, -0.08276940769402998",
               "Audio": "",
               "AnnounceDistance": 20.0
          },
          {
               "Name": "Moorgate Station",
               "Location": "51.51862109109002, -0.08817397931119546",
               "Audio": "",
               "AnnounceDistance": 20.0
          },
          {
               "Name": "Finsbury Street",
               "Location": "51.52051504862046, -0.08851267997768503",
               "Audio": "",
               "AnnounceDistance": 20.0
          },
          {
               "Name": "Silk Street",
               "Location": "51.520946190095195, -0.09179556151694565",
               "Audio": "",
               "AnnounceDistance": 20.0
          },
          {
               "Name": "London Wall",
               "Location": "51.51830286548214, -0.09680671168875767",
               "Audio": "",
               "AnnounceDistance": 20.0
          },
          {
               "Name": "St Pauls Station",
               "Location": "51.51543991920322, -0.09715665542853952",
               "Audio": "",
               "AnnounceDistance": 20.0
          },
          {
               "Name": "King Edward Street / St Pauls Station",
               "Location": "51.51655204298941, -0.09863810063458474",
               "Audio": "",
               "AnnounceDistance": 20.0
          }
     ]
}