{
     "RouteNumber": "102",
     "Destination": "Edmonton Green Bus Station",
     "RouteAudio": "",
     "DestinationAudio": "",
     "Stops": [
          {
               "Name": "Brent Cross Shopping Centre",
               "Location": "51.57569590213609, -0.22256420987201092",
               "Audio": "",
               "AnnounceDistance": 20.0
          },
          {
               "Name": "Mapledown School",
               "Location": "51.57361672008614, -0.22006216901095935",
               "Audio": "",
               "AnnounceDistance": 20.0
          },
          {
               "Name": "Claremont Way",
               "Location": "51.571718960108846, -0.21885199243303072",
               "Audio": "",
               "AnnounceDistance": 20.0
          },
          {
               "Name": "Clitterhouse Road North",
               "Location": "51.56929817169391, -0.21873016261566014",
               "Audio": "",
               "AnnounceDistance": 20.0
          },
          {
               "Name": "Clitterhouse Road South",
               "Location": "51.56765574934909, -0.21834705336977758",
               "Audio": "",
               "AnnounceDistance": 20.0
          },
          {
               "Name": "Pennine Drive / Claremont Road",
               "Location": "51.56501248925227, -0.21542043984457146",
               "Audio": "",
               "AnnounceDistance": 20.0
          },
          {
               "Name": "Cleveland Gardens",
               "Location": "51.566967835582226, -0.21154907854014332",
               "Audio": "",
               "AnnounceDistance": 20.0
          },
          {
               "Name": "Hendon Way",
               "Location": "51.56863528979033, -0.20826588048527012",
               "Audio": "",
               "AnnounceDistance": 20.0
          },
          {
               "Name": "The Vale",
               "Location": "51.567796991864235, -0.2069569247226573",
               "Audio": "",
               "AnnounceDistance": 20.0
          },
          {
               "Name": "Dunstan Road",
               "Location": "51.56895958760953, -0.20242359592769268",
               "Audio": "",
               "AnnounceDistance": 20.0
          },
          {
               "Name": "Golders Green / Finchley Road",
               "Location": "51.57109174949335, -0.19545627123172535",
               "Audio": "",
               "AnnounceDistance": 20.0
          },
          {
               "Name": "Golders Green Station",
               "Location": "51.57284119367226, -0.19577662126144388",
               "Audio": "",
               "AnnounceDistance": 20.0
          },
          {
               "Name": "Hoop Lane",
               "Location": "51.57509966625416, -0.1964520601494116",
               "Audio": "",
               "AnnounceDistance": 20.0
          },
          {
               "Name": "Clifton Gardens",
               "Location": "51.57955989248548, -0.1982094957000291",
               "Audio": "",
               "AnnounceDistance": 20.0
          },
          {
               "Name": "Temple Fortune Lane",
               "Location": "51.58306239247426, -0.19967312922584227",
               "Audio": "",
               "AnnounceDistance": 20.0
          },
          {
               "Name": "Childs Way",
               "Location": "51.5854054015045, -0.19999912538283415",
               "Audio": "",
               "AnnounceDistance": 20.0
          },
          {
               "Name": "Henlys Corner / Addison Way",
               "Location": "51.58880355189805, -0.19993699499707202",
               "Audio": "",
               "AnnounceDistance": 20.0
          },
          {
               "Name": "Henlys Corner",
               "Location": "51.58989344469951, -0.19888338069426034",
               "Audio": "",
               "AnnounceDistance": 20.0
          },
          {
               "Name": "Beaufort Drive",
               "Location": "51.58850232367266, -0.1943767016545253",
               "Audio": "",
               "AnnounceDistance": 20.0
          },
          {
               "Name": "Brookland Rise",
               "Location": "51.58707979719045, -0.19134394446485084",
               "Audio": "",
               "AnnounceDistance": 20.0
          },
          {
               "Name": "Midholm",
               "Location": "51.586455762763876, -0.1876155962726373",
               "Audio": "",
               "AnnounceDistance": 20.0
          },
          {
               "Name": "Market Place",
               "Location": "51.5859326358321, -0.18228104394640723",
               "Audio": "",
               "AnnounceDistance": 20.0
          },
          {
               "Name": "Blandford Close",
               "Location": "51.585382730569506, -0.17755394384898476",
               "Audio": "",
               "AnnounceDistance": 20.0
          },
          {
               "Name": "Belvedere Court",
               "Location": "51.58448191735005, -0.17051707406309705",
               "Audio": "",
               "AnnounceDistance": 20.0
          },
          {
               "Name": "Aylmer Road",
               "Location": "51.58434185864113, -0.16730381015162785",
               "Audio": "",
               "AnnounceDistance": 20.0
          },
          {
               "Name": "East Finchley Station",
               "Location": "51.586667907770455, -0.16423655325108732",
               "Audio": "",
               "AnnounceDistance": 20.0
          },
          {
               "Name": "Fairlawn Avenue",
               "Location": "51.58970849016352, -0.16316119351035505",
               "Audio": "",
               "AnnounceDistance": 20.0
          },
          {
               "Name": "Twyford Avenue",
               "Location": "51.590250473382454, -0.15929925705459905",
               "Audio": "",
               "AnnounceDistance": 20.0
          },
          {
               "Name": "Midhurst Avenue",
               "Location": "51.591051223231695, -0.1530302626454927",
               "Audio": "",
               "AnnounceDistance": 20.0
          },
          {
               "Name": "Fortismere Avenue",
               "Location": "51.59113807669727, -0.14998060239187122",
               "Audio": "",
               "AnnounceDistance": 20.0
          },
          {
               "Name": "Muswell Hill Road",
               "Location": "51.58994042080715, -0.14588604179294554",
               "Audio": "",
               "AnnounceDistance": 20.0
          },
          {
               "Name": "Muswell Hill",
               "Location": "51.59081996444174, -0.14293403959108125",
               "Audio": "",
               "AnnounceDistance": 20.0
          },
          {
               "Name": "Queens Avenue",
               "Location": "51.59185639072116, -0.14307945031941388",
               "Audio": "",
               "AnnounceDistance": 20.0
          },
          {
               "Name": "Meadow Drive",
               "Location": "51.59414679794746, -0.14461749301221472",
               "Audio": "",
               "AnnounceDistance": 20.0
          },
          {
               "Name": "Colney Hatch Lane",
               "Location": "51.596187529601586, -0.14401454957152746",
               "Audio": "",
               "AnnounceDistance": 20.0
          },
          {
               "Name": "St Andrews Church",
               "Location": "51.59750721063406, -0.14217034917000398",
               "Audio": "",
               "AnnounceDistance": 20.0
          },
          {
               "Name": "Rosebery Road",
               "Location": "51.59873771176401, -0.13810606139383796",
               "Audio": "",
               "AnnounceDistance": 20.0
          },
          {
               "Name": "Victoria Road",
               "Location": "51.60061922951457, -0.13427477905586924",
               "Audio": "",
               "AnnounceDistance": 20.0
          },
          {
               "Name": "Albert Road",
               "Location": "51.60238331067384, -0.13098228970893794",
               "Audio": "",
               "AnnounceDistance": 20.0
          },
          {
               "Name": "Woodfield Way",
               "Location": "51.60559275137226, -0.12641701190710994",
               "Audio": "",
               "AnnounceDistance": 20.0
          },
          {
               "Name": "Bounds Green Station",
               "Location": "51.60804742109919, -0.1235863983855931",
               "Audio": "",
               "AnnounceDistance": 20.0
          },
          {
               "Name": "Bowes Road",
               "Location": "51.61217446886711, -0.12187076297063823",
               "Audio": "",
               "AnnounceDistance": 20.0
          },
          {
               "Name": "Pymmes Road",
               "Location": "51.612536995037914, -0.11867822414943872",
               "Audio": "",
               "AnnounceDistance": 20.0
          },
          {
               "Name": "Palmers Green / Palmerston Road",
               "Location": "51.61264367568428, -0.11132203849366518",
               "Audio": "",
               "AnnounceDistance": 20.0
          },
          {
               "Name": "Green Lanes",
               "Location": "51.61258462953046, -0.10765582605493747",
               "Audio": "",
               "AnnounceDistance": 20.0
          },
          {
               "Name": "Melville Gardens",
               "Location": "51.61419857985383, -0.10290881714229992",
               "Audio": "",
               "AnnounceDistance": 20.0
          },
          {
               "Name": "Chequers Way",
               "Location": "51.615815473385936, -0.09780022856206474",
               "Audio": "",
               "AnnounceDistance": 20.0
          },
          {
               "Name": "Ulster Gardens",
               "Location": "51.6163769907019, -0.09250440210505358",
               "Audio": "",
               "AnnounceDistance": 20.0
          },
          {
               "Name": "Cambridge Roundabout / West Side",
               "Location": "51.61656591432637, -0.08863970362601718",
               "Audio": "",
               "AnnounceDistance": 20.0
          },
          {
               "Name": "Cambridge Roundabout / East Side",
               "Location": "51.61649909114924, -0.08454017544864105",
               "Audio": "",
               "AnnounceDistance": 20.0
          },
          {
               "Name": "North Middlesex Hospital",
               "Location": "51.61655040092812, -0.0788756261014349",
               "Audio": "",
               "AnnounceDistance": 20.0
          },
          {
               "Name": "Pymmes Park",
               "Location": "51.6153880242333, -0.0721502346033154",
               "Audio": "",
               "AnnounceDistance": 20.0
          },
          {
               "Name": "Victoria Road",
               "Location": "51.61501897275756, -0.06939254757381033",
               "Audio": "",
               "AnnounceDistance": 20.0
          },
          {
               "Name": "Angel Corner / Silver Street Station",
               "Location": "51.61487179308146, -0.06536881560747101",
               "Audio": "",
               "AnnounceDistance": 20.0
          },
          {
               "Name": "Angel Corner",
               "Location": "51.616156461601214, -0.06420193645763822",
               "Audio": "",
               "AnnounceDistance": 20.0
          },
          {
               "Name": "Brettenham Road",
               "Location": "51.61779800766659, -0.06340981760273962",
               "Audio": "",
               "AnnounceDistance": 20.0
          },
          {
               "Name": "Shrubbery Road",
               "Location": "51.620888152485236, -0.06212255065186048",
               "Audio": "",
               "AnnounceDistance": 20.0
          },
          {
               "Name": "Edmonton Police Station",
               "Location": "51.622686498602704, -0.061569182435357556",
               "Audio": "",
               "AnnounceDistance": 20.0
          },
          {
               "Name": "Edmonton Green Station",
               "Location": "51.6245072683729, -0.06074031110032244",
               "Audio": "",
               "AnnounceDistance": 20.0
          },
          {
               "Name": "Edmonton Green Bus Station",
               "Location": "51.625168895256564, -0.058877246666126766",
               "Audio": "",
               "AnnounceDistance": 20.0
          }
     ]
}