{
     "RouteNumber": "102",
     "Destination": "Brent Cross Shopping Centre",
     "RouteAudio": "",
     "DestinationAudio": "",
     "Stops": [
          {
               "Name": "Edmonton Green Bus Station",
               "Location": "51.625413668640114, -0.05899682859737025",
               "Audio": "",
               "AnnounceDistance": 20.0
          },
          {
               "Name": "Edmonton Police Station",
               "Location": "51.62263799194796, -0.06135454711196122",
               "Audio": "",
               "AnnounceDistance": 20.0
          },
          {
               "Name": "Shrubbery Road",
               "Location": "51.621134759090815, -0.06180867032830396",
               "Audio": "",
               "AnnounceDistance": 20.0
          },
          {
               "Name": "Brettenham Road",
               "Location": "51.61786584804397, -0.06316135902583837",
               "Audio": "",
               "AnnounceDistance": 20.0
          },
          {
               "Name": "Angel Corner",
               "Location": "51.61600744583995, -0.0638904932030053",
               "Audio": "",
               "AnnounceDistance": 20.0
          },
          {
               "Name": "Angel Corner / Silver Street Station",
               "Location": "51.61457834235018, -0.06556906977274662",
               "Audio": "",
               "AnnounceDistance": 20.0
          },
          {
               "Name": "Pymmes Park",
               "Location": "51.61519836592214, -0.07210049360894814",
               "Audio": "",
               "AnnounceDistance": 20.0
          },
          {
               "Name": "North Middlesex Hospital",
               "Location": "51.6162183993609, -0.07727183180834428",
               "Audio": "",
               "AnnounceDistance": 20.0
          },
          {
               "Name": "Millfield Theatre Arts Centre",
               "Location": "51.61660215519306, -0.08039015402193335",
               "Audio": "",
               "AnnounceDistance": 20.0
          },
          {
               "Name": "Cambridge Roundabout / East Side",
               "Location": "51.61603431862797, -0.08581643311698015",
               "Audio": "",
               "AnnounceDistance": 20.0
          },
          {
               "Name": "Cambridge Roundabout / West Side",
               "Location": "51.616175743551274, -0.08842498051138224",
               "Audio": "",
               "AnnounceDistance": 20.0
          },
          {
               "Name": "Ulster Gardens",
               "Location": "51.616077933450825, -0.09180915097716079",
               "Audio": "",
               "AnnounceDistance": 20.0
          },
          {
               "Name": "Chequers Way",
               "Location": "51.615931346098286, -0.09496423327554102",
               "Audio": "",
               "AnnounceDistance": 20.0
          },
          {
               "Name": "Melville Gardens",
               "Location": "51.61387787023365, -0.10309551744657186",
               "Audio": "",
               "AnnounceDistance": 20.0
          },
          {
               "Name": "Green Lanes",
               "Location": "51.612521634975586, -0.10709514792065086",
               "Audio": "",
               "AnnounceDistance": 20.0
          },
          {
               "Name": "Palmerston Road",
               "Location": "51.61228716724825, -0.11096130697002882",
               "Audio": "",
               "AnnounceDistance": 20.0
          },
          {
               "Name": "Pymmes Road",
               "Location": "51.61230952016654, -0.11795101357528427",
               "Audio": "",
               "AnnounceDistance": 20.0
          },
          {
               "Name": "Bowes Road",
               "Location": "51.61217215936247, -0.12172642427522584",
               "Audio": "",
               "AnnounceDistance": 20.0
          },
          {
               "Name": "Bounds Green Station",
               "Location": "51.607544870777325, -0.1236504455934072",
               "Audio": "",
               "AnnounceDistance": 20.0
          },
          {
               "Name": "Woodfield Way",
               "Location": "51.604816909526605, -0.12738761916660293",
               "Audio": "",
               "AnnounceDistance": 20.0
          },
          {
               "Name": "Albert Road",
               "Location": "51.60166482229609, -0.13160383371318135",
               "Audio": "",
               "AnnounceDistance": 20.0
          },
          {
               "Name": "Victoria Road",
               "Location": "51.600064085573194, -0.134990630056954",
               "Audio": "",
               "AnnounceDistance": 20.0
          },
          {
               "Name": "Rosebery Road",
               "Location": "51.598458152273366, -0.13862286091335946",
               "Audio": "",
               "AnnounceDistance": 20.0
          },
          {
               "Name": "St Andrews Church",
               "Location": "51.59755336348592, -0.1416775491216516",
               "Audio": "",
               "AnnounceDistance": 20.0
          },
          {
               "Name": "Colney Hatch Lane",
               "Location": "51.59567680080504, -0.14469952354206214",
               "Audio": "",
               "AnnounceDistance": 20.0
          },
          {
               "Name": "Muswell Hill",
               "Location": "51.59163523342808, -0.14274198495052334",
               "Audio": "",
               "AnnounceDistance": 20.0
          },
          {
               "Name": "Princes Avenue",
               "Location": "51.59005387744182, -0.1439613892502049",
               "Audio": "",
               "AnnounceDistance": 20.0
          },
          {
               "Name": "Muswell Hill Road",
               "Location": "51.589741803610686, -0.14583638372583593",
               "Audio": "",
               "AnnounceDistance": 20.0
          },
          {
               "Name": "Birchwood Avenue",
               "Location": "51.59095151808869, -0.1484145907793988",
               "Audio": "",
               "AnnounceDistance": 20.0
          },
          {
               "Name": "Midhurst Avenue",
               "Location": "51.59093471748114, -0.1536268888846163",
               "Audio": "",
               "AnnounceDistance": 20.0
          },
          {
               "Name": "Twyford Avenue",
               "Location": "51.59008205108534, -0.16002788096089926",
               "Audio": "",
               "AnnounceDistance": 20.0
          },
          {
               "Name": "Fairlawn Avenue",
               "Location": "51.58890198751222, -0.16391552089313913",
               "Audio": "",
               "AnnounceDistance": 20.0
          },
          {
               "Name": "East Finchley Station",
               "Location": "51.58691502220629, -0.1639378863154984",
               "Audio": "",
               "AnnounceDistance": 20.0
          },
          {
               "Name": "Great North Road",
               "Location": "51.58577262103186, -0.16448916379782186",
               "Audio": "",
               "AnnounceDistance": 20.0
          },
          {
               "Name": "Belvedere Court",
               "Location": "51.584014359524474, -0.16936666964822336",
               "Audio": "",
               "AnnounceDistance": 20.0
          },
          {
               "Name": "Monarch Court",
               "Location": "51.58475803655241, -0.17381150848872348",
               "Audio": "",
               "AnnounceDistance": 20.0
          },
          {
               "Name": "Blandford Close",
               "Location": "51.58533031878074, -0.17881186681352185",
               "Audio": "",
               "AnnounceDistance": 20.0
          },
          {
               "Name": "Market Place",
               "Location": "51.585664867782604, -0.18182981452481065",
               "Audio": "",
               "AnnounceDistance": 20.0
          },
          {
               "Name": "Eastholm",
               "Location": "51.58619595916078, -0.1865144369448025",
               "Audio": "",
               "AnnounceDistance": 20.0
          },
          {
               "Name": "Brookland Rise",
               "Location": "51.58673772238838, -0.19073681545950016",
               "Audio": "",
               "AnnounceDistance": 20.0
          },
          {
               "Name": "Beaufort Drive",
               "Location": "51.588537495414904, -0.19490943050731374",
               "Audio": "",
               "AnnounceDistance": 20.0
          },
          {
               "Name": "Henlys Corner",
               "Location": "51.589568495974326, -0.1982177366691928",
               "Audio": "",
               "AnnounceDistance": 20.0
          },
          {
               "Name": "Addison Way",
               "Location": "51.5879287259469, -0.19976947514554122",
               "Audio": "",
               "AnnounceDistance": 20.0
          },
          {
               "Name": "Childs Way",
               "Location": "51.58461123602216, -0.19981399274723322",
               "Audio": "",
               "AnnounceDistance": 20.0
          },
          {
               "Name": "Temple Fortune Lane",
               "Location": "51.5815390929156, -0.19885288799654235",
               "Audio": "",
               "AnnounceDistance": 20.0
          },
          {
               "Name": "Clifton Gardens",
               "Location": "51.58006404424717, -0.1982472877729952",
               "Audio": "",
               "AnnounceDistance": 20.0
          },
          {
               "Name": "Hoop Lane",
               "Location": "51.576679686035625, -0.19686577036426142",
               "Audio": "",
               "AnnounceDistance": 20.0
          },
          {
               "Name": "Golders Green Station",
               "Location": "51.572956027537906, -0.19564219694005944",
               "Audio": "",
               "AnnounceDistance": 20.0
          },
          {
               "Name": "Hodford Road",
               "Location": "51.57177606720175, -0.19668462097507516",
               "Audio": "",
               "AnnounceDistance": 20.0
          },
          {
               "Name": "Dunstan Road",
               "Location": "51.56862471065041, -0.20286968782425308",
               "Audio": "",
               "AnnounceDistance": 20.0
          },
          {
               "Name": "The Vale / Hendon Way",
               "Location": "51.56737511183898, -0.20524203784094974",
               "Audio": "",
               "AnnounceDistance": 20.0
          },
          {
               "Name": "Hendon Way",
               "Location": "51.56840471131508, -0.20847695667218058",
               "Audio": "",
               "AnnounceDistance": 20.0
          },
          {
               "Name": "Cleveland Gardens",
               "Location": "51.56706908506337, -0.2111122374882492",
               "Audio": "",
               "AnnounceDistance": 20.0
          },
          {
               "Name": "Caney Mews",
               "Location": "51.564813681924974, -0.2165391957614156",
               "Audio": "",
               "AnnounceDistance": 20.0
          },
          {
               "Name": "Clitterhouse Road South",
               "Location": "51.56724015737525, -0.21821900988816104",
               "Audio": "",
               "AnnounceDistance": 20.0
          },
          {
               "Name": "Clitterhouse Road North",
               "Location": "51.56873264681567, -0.2187955548087297",
               "Audio": "",
               "AnnounceDistance": 20.0
          },
          {
               "Name": "Claremont Way",
               "Location": "51.571419092591036, -0.21923890092763193",
               "Audio": "",
               "AnnounceDistance": 20.0
          },
          {
               "Name": "Mapledown School",
               "Location": "51.57384203184525, -0.22068833429957407",
               "Audio": "",
               "AnnounceDistance": 20.0
          },
          {
               "Name": "Brent Cross Shopping Centre",
               "Location": "51.57564740704349, -0.22351858921309795",
               "Audio": "",
               "AnnounceDistance": 20.0
          }
     ]
}