{
     "RouteNumber": "103",
     "Destination": "Chase Cross",
     "RouteAudio": "",
     "DestinationAudio": "",
     "Stops": [
          {
               "Name": "Rainham Interchange",
               "Location": "51.51685576270494, 0.19114435652485826",
               "Audio": "",
               "AnnounceDistance": 20.0
          },
          {
               "Name": "Rainham War Memorial",
               "Location": "51.51870739498373, 0.18974855169473365",
               "Audio": "",
               "AnnounceDistance": 20.0
          },
          {
               "Name": "Dovers Corner",
               "Location": "51.52269032509835, 0.1907613341164791",
               "Audio": "",
               "AnnounceDistance": 20.0
          },
          {
               "Name": "Knightswood Road",
               "Location": "51.525694264710516, 0.19218861750621918",
               "Audio": "",
               "AnnounceDistance": 20.0
          },
          {
               "Name": "Cherry Tree Lane",
               "Location": "51.52853790188308, 0.19016259838207358",
               "Audio": "",
               "AnnounceDistance": 20.0
          },
          {
               "Name": "South Hornchurch Library",
               "Location": "51.53116001872618, 0.18651085342149934",
               "Audio": "",
               "AnnounceDistance": 20.0
          },
          {
               "Name": "Fyfield Road",
               "Location": "51.532802676330846, 0.18377789689220053",
               "Audio": "",
               "AnnounceDistance": 20.0
          },
          {
               "Name": "Thorogood Way",
               "Location": "51.53467759817488, 0.17870548003223352",
               "Audio": "",
               "AnnounceDistance": 20.0
          },
          {
               "Name": "York Road",
               "Location": "51.53629636013092, 0.17434144405050153",
               "Audio": "",
               "AnnounceDistance": 20.0
          },
          {
               "Name": "Leys Avenue",
               "Location": "51.537174998154754, 0.1701149379699229",
               "Audio": "",
               "AnnounceDistance": 20.0
          },
          {
               "Name": "Ballards Road",
               "Location": "51.53797342746188, 0.16778796505847077",
               "Audio": "",
               "AnnounceDistance": 20.0
          },
          {
               "Name": "Ballards Road",
               "Location": "51.53970178586228, 0.16525990235762053",
               "Audio": "",
               "AnnounceDistance": 20.0
          },
          {
               "Name": "Sandown Avenue",
               "Location": "51.54158969470339, 0.16529184005199468",
               "Audio": "",
               "AnnounceDistance": 20.0
          },
          {
               "Name": "Dagenham East Station",
               "Location": "51.54458242794545, 0.16588102859469678",
               "Audio": "",
               "AnnounceDistance": 20.0
          },
          {
               "Name": "Reede Road",
               "Location": "51.54611158726898, 0.16488635002445506",
               "Audio": "",
               "AnnounceDistance": 20.0
          },
          {
               "Name": "Victoria Road",
               "Location": "51.54804936707918, 0.16318981484092393",
               "Audio": "",
               "AnnounceDistance": 20.0
          },
          {
               "Name": "Oxlow Lane",
               "Location": "51.551122991090246, 0.16085460321735065",
               "Audio": "",
               "AnnounceDistance": 20.0
          },
          {
               "Name": "Woodshire Road",
               "Location": "51.55458126568233, 0.1596047978957709",
               "Audio": "",
               "AnnounceDistance": 20.0
          },
          {
               "Name": "Bull Lane",
               "Location": "51.55796210968339, 0.15816359660364604",
               "Audio": "",
               "AnnounceDistance": 20.0
          },
          {
               "Name": "Cu London University / Rainham Rd North",
               "Location": "51.56002432558587, 0.1550727783988023",
               "Audio": "",
               "AnnounceDistance": 20.0
          },
          {
               "Name": "Cu London University / Wood Lane",
               "Location": "51.56236666926457, 0.15729004639123415",
               "Audio": "",
               "AnnounceDistance": 20.0
          },
          {
               "Name": "Barton Avenue",
               "Location": "51.56317923386233, 0.161512753318805",
               "Audio": "",
               "AnnounceDistance": 20.0
          },
          {
               "Name": "Clayton Road",
               "Location": "51.563681756530855, 0.16498502171944152",
               "Audio": "",
               "AnnounceDistance": 20.0
          },
          {
               "Name": "Leonard Avenue",
               "Location": "51.56512158953392, 0.1712579208919675",
               "Audio": "",
               "AnnounceDistance": 20.0
          },
          {
               "Name": "Norwood Avenue",
               "Location": "51.566505095447965, 0.1761865870612979",
               "Audio": "",
               "AnnounceDistance": 20.0
          },
          {
               "Name": "Crow Lane",
               "Location": "51.56919739649624, 0.17503086737899823",
               "Audio": "",
               "AnnounceDistance": 20.0
          },
          {
               "Name": "Oldchurch Rise",
               "Location": "51.5706131384506, 0.17821550827824637",
               "Audio": "",
               "AnnounceDistance": 20.0
          },
          {
               "Name": "Rom Valley Way",
               "Location": "51.57168536012517, 0.18197558061164162",
               "Audio": "",
               "AnnounceDistance": 20.0
          },
          {
               "Name": "Romford Station",
               "Location": "51.574488486014836, 0.18356747727307424",
               "Audio": "",
               "AnnounceDistance": 20.0
          },
          {
               "Name": "Western Road",
               "Location": "51.576825212702076, 0.18315990741032187",
               "Audio": "",
               "AnnounceDistance": 20.0
          },
          {
               "Name": "Romford Market",
               "Location": "51.58051261003987, 0.18169117884201363",
               "Audio": "",
               "AnnounceDistance": 20.0
          },
          {
               "Name": "The Avenue",
               "Location": "51.581509004581704, 0.1769467267695741",
               "Audio": "",
               "AnnounceDistance": 20.0
          },
          {
               "Name": "Romford Bus Garage",
               "Location": "51.582884816495714, 0.17549684624218598",
               "Audio": "",
               "AnnounceDistance": 20.0
          },
          {
               "Name": "Cedar Road",
               "Location": "51.585154048622556, 0.17290582714658798",
               "Audio": "",
               "AnnounceDistance": 20.0
          },
          {
               "Name": "Havering Road",
               "Location": "51.58746429643244, 0.17392554791122083",
               "Audio": "",
               "AnnounceDistance": 20.0
          },
          {
               "Name": "Ashmour Gardens",
               "Location": "51.58981233108079, 0.1772715233945031",
               "Audio": "",
               "AnnounceDistance": 20.0
          },
          {
               "Name": "Pettits Lane",
               "Location": "51.59171960172736, 0.18013473768110363",
               "Audio": "",
               "AnnounceDistance": 20.0
          },
          {
               "Name": "Heather Gardens",
               "Location": "51.59367051659788, 0.180646870729349",
               "Audio": "",
               "AnnounceDistance": 20.0
          },
          {
               "Name": "Heather Close",
               "Location": "51.59516178097858, 0.17733967082022545",
               "Audio": "",
               "AnnounceDistance": 20.0
          },
          {
               "Name": "Mashiters Hill",
               "Location": "51.59700716521962, 0.17481444728944703",
               "Audio": "",
               "AnnounceDistance": 20.0
          },
          {
               "Name": "Moray Way",
               "Location": "51.599545416652255, 0.17711616896420726",
               "Audio": "",
               "AnnounceDistance": 20.0
          },
          {
               "Name": "Gobions Avenue",
               "Location": "51.60146598754925, 0.17393002313177666",
               "Audio": "",
               "AnnounceDistance": 20.0
          },
          {
               "Name": "Avelon Road",
               "Location": "51.603616567713416, 0.1762855960803247",
               "Audio": "",
               "AnnounceDistance": 20.0
          },
          {
               "Name": "Chase Cross",
               "Location": "51.60388781219104, 0.17911463692752344",
               "Audio": "",
               "AnnounceDistance": 20.0
          }
     ]
}