{
     "RouteNumber": "103",
     "Destination": "Rainham Station",
     "RouteAudio": "",
     "DestinationAudio": "",
     "Stops": [
          {
               "Name": "Chase Cross",
               "Location": "51.60388781219104, 0.17911463692752344",
               "Audio": "",
               "AnnounceDistance": 20.0
          },
          {
               "Name": "Campbell Close",
               "Location": "51.602427735064666, 0.18025776213859573",
               "Audio": "",
               "AnnounceDistance": 20.0
          },
          {
               "Name": "Garry Way",
               "Location": "51.60101657133685, 0.17925152919580323",
               "Audio": "",
               "AnnounceDistance": 20.0
          },
          {
               "Name": "Moray Way",
               "Location": "51.598897018434705, 0.176680840374759",
               "Audio": "",
               "AnnounceDistance": 20.0
          },
          {
               "Name": "Mashiters Hill",
               "Location": "51.5962327590295, 0.17535500621639447",
               "Audio": "",
               "AnnounceDistance": 20.0
          },
          {
               "Name": "Heather Close",
               "Location": "51.59525032262233, 0.17838348783796576",
               "Audio": "",
               "AnnounceDistance": 20.0
          },
          {
               "Name": "Heather Gardens",
               "Location": "51.593239115894775, 0.1811170988510444",
               "Audio": "",
               "AnnounceDistance": 20.0
          },
          {
               "Name": "Pettits Lane",
               "Location": "51.59159556284106, 0.18051861005091435",
               "Audio": "",
               "AnnounceDistance": 20.0
          },
          {
               "Name": "Ashmour Gardens",
               "Location": "51.58959268053632, 0.1774775724499997",
               "Audio": "",
               "AnnounceDistance": 20.0
          },
          {
               "Name": "North Street",
               "Location": "51.58685021970334, 0.1735786398341822",
               "Audio": "",
               "AnnounceDistance": 20.0
          },
          {
               "Name": "Romford Bus Garage",
               "Location": "51.58361376419463, 0.17498314024350345",
               "Audio": "",
               "AnnounceDistance": 20.0
          },
          {
               "Name": "The Avenue",
               "Location": "51.581854174358384, 0.17676114408747062",
               "Audio": "",
               "AnnounceDistance": 20.0
          },
          {
               "Name": "Romford Market",
               "Location": "51.58065730684441, 0.1821311305198361",
               "Audio": "",
               "AnnounceDistance": 20.0
          },
          {
               "Name": "Mercury Gardens",
               "Location": "51.57909994846655, 0.18511642729635505",
               "Audio": "",
               "AnnounceDistance": 20.0
          },
          {
               "Name": "Western Road",
               "Location": "51.577123042474305, 0.18406902143003387",
               "Audio": "",
               "AnnounceDistance": 20.0
          },
          {
               "Name": "Romford Station",
               "Location": "51.57442049336162, 0.18383842710303833",
               "Audio": "",
               "AnnounceDistance": 20.0
          },
          {
               "Name": "Rom Valley Way",
               "Location": "51.57150003217897, 0.1822697583397072",
               "Audio": "",
               "AnnounceDistance": 20.0
          },
          {
               "Name": "Oldchurch Rise",
               "Location": "51.5703477219728, 0.17749571319838042",
               "Audio": "",
               "AnnounceDistance": 20.0
          },
          {
               "Name": "Crow Lane",
               "Location": "51.56881094330959, 0.17550304859942004",
               "Audio": "",
               "AnnounceDistance": 20.0
          },
          {
               "Name": "Norwood Avenue",
               "Location": "51.56615040667266, 0.17640051925331768",
               "Audio": "",
               "AnnounceDistance": 20.0
          },
          {
               "Name": "Rush Green Road / Dagenham Road",
               "Location": "51.565357914081574, 0.17500633019053588",
               "Audio": "",
               "AnnounceDistance": 20.0
          },
          {
               "Name": "Leonard Avenue",
               "Location": "51.564664942083596, 0.1696922693094847",
               "Audio": "",
               "AnnounceDistance": 20.0
          },
          {
               "Name": "Clayton Road",
               "Location": "51.56370572326012, 0.1656354476254063",
               "Audio": "",
               "AnnounceDistance": 20.0
          },
          {
               "Name": "Barton Avenue",
               "Location": "51.563192109504776, 0.16227807119892457",
               "Audio": "",
               "AnnounceDistance": 20.0
          },
          {
               "Name": "Cu London University / Wood Lane",
               "Location": "51.56186093401604, 0.1559387319491355",
               "Audio": "",
               "AnnounceDistance": 20.0
          },
          {
               "Name": "Cu London University / Rainham Rd North",
               "Location": "51.560305508679036, 0.15494179805352387",
               "Audio": "",
               "AnnounceDistance": 20.0
          },
          {
               "Name": "Bull Lane",
               "Location": "51.55792719885953, 0.15859474661685444",
               "Audio": "",
               "AnnounceDistance": 20.0
          },
          {
               "Name": "Woodshire Road",
               "Location": "51.55493668493624, 0.15983802202562455",
               "Audio": "",
               "AnnounceDistance": 20.0
          },
          {
               "Name": "Rainham Road South / Dagenham Road",
               "Location": "51.55030580261762, 0.16176788268942338",
               "Audio": "",
               "AnnounceDistance": 20.0
          },
          {
               "Name": "Victoria Road",
               "Location": "51.54810721233587, 0.1634666085749225",
               "Audio": "",
               "AnnounceDistance": 20.0
          },
          {
               "Name": "Reede Road",
               "Location": "51.546242638303696, 0.1650944944945067",
               "Audio": "",
               "AnnounceDistance": 20.0
          },
          {
               "Name": "Dagenham East Station",
               "Location": "51.544496241553524, 0.1661653859702628",
               "Audio": "",
               "AnnounceDistance": 20.0
          },
          {
               "Name": "Aldborough Road",
               "Location": "51.541028104362255, 0.16551034380759452",
               "Audio": "",
               "AnnounceDistance": 20.0
          },
          {
               "Name": "Ballards Road",
               "Location": "51.53840557202196, 0.16727493965938905",
               "Audio": "",
               "AnnounceDistance": 20.0
          },
          {
               "Name": "Leys Avenue",
               "Location": "51.53743769421755, 0.17001207271308025",
               "Audio": "",
               "AnnounceDistance": 20.0
          },
          {
               "Name": "York Road",
               "Location": "51.53646573835891, 0.17442161728135253",
               "Audio": "",
               "AnnounceDistance": 20.0
          },
          {
               "Name": "Thorogood Way",
               "Location": "51.53491912015694, 0.17877469246918573",
               "Audio": "",
               "AnnounceDistance": 20.0
          },
          {
               "Name": "Fyfield Road",
               "Location": "51.53234283267186, 0.18480845357100723",
               "Audio": "",
               "AnnounceDistance": 20.0
          },
          {
               "Name": "South Hornchurch Library",
               "Location": "51.53044293310194, 0.18783179400068314",
               "Audio": "",
               "AnnounceDistance": 20.0
          },
          {
               "Name": "Cherry Tree Lane",
               "Location": "51.52868112142872, 0.19019830772569088",
               "Audio": "",
               "AnnounceDistance": 20.0
          },
          {
               "Name": "Knightswood Road",
               "Location": "51.5258688457715, 0.19247092102173435",
               "Audio": "",
               "AnnounceDistance": 20.0
          },
          {
               "Name": "Dovers Corner",
               "Location": "51.52275762991916, 0.1910096317631829",
               "Audio": "",
               "AnnounceDistance": 20.0
          },
          {
               "Name": "Rainham War Memorial",
               "Location": "51.518723213424984, 0.18986462594505332",
               "Audio": "",
               "AnnounceDistance": 20.0
          },
          {
               "Name": "Rainham Station",
               "Location": "51.51702179503404, 0.1909217036328071",
               "Audio": "",
               "AnnounceDistance": 20.0
          }
     ]
}