{
     "RouteNumber": "104",
     "Destination": "Beckton Bus Station",
     "RouteAudio": "",
     "DestinationAudio": "",
     "Stops": [
          {
               "Name": "Stratford Bus Station",
               "Location": "51.540518004128884, -0.0018417986197622122",
               "Audio": "",
               "AnnounceDistance": 20.0
          },
          {
               "Name": "Stratford Broadway",
               "Location": "51.54036797230935, 0.0027374685612265854",
               "Audio": "",
               "AnnounceDistance": 20.0
          },
          {
               "Name": "Barnby Street",
               "Location": "51.53757839903178, 0.00600370406048223",
               "Audio": "",
               "AnnounceDistance": 20.0
          },
          {
               "Name": "Stratford Park",
               "Location": "51.53726263946137, 0.007114572456644808",
               "Audio": "",
               "AnnounceDistance": 20.0
          },
          {
               "Name": "Amity Road",
               "Location": "51.53724226436023, 0.011454067997457644",
               "Audio": "",
               "AnnounceDistance": 20.0
          },
          {
               "Name": "Park Road",
               "Location": "51.53700037314994, 0.01611543079474282",
               "Audio": "",
               "AnnounceDistance": 20.0
          },
          {
               "Name": "Park Grove",
               "Location": "51.53694639887038, 0.0197756824827496",
               "Audio": "",
               "AnnounceDistance": 20.0
          },
          {
               "Name": "Upton Lane",
               "Location": "51.536976622055455, 0.022718669289009456",
               "Audio": "",
               "AnnounceDistance": 20.0
          },
          {
               "Name": "St Antonys Road",
               "Location": "51.53737001159362, 0.027018845059754926",
               "Audio": "",
               "AnnounceDistance": 20.0
          },
          {
               "Name": "Lucas Avenue",
               "Location": "51.53758426495366, 0.030229616895851585",
               "Audio": "",
               "AnnounceDistance": 20.0
          },
          {
               "Name": "Plashet Road",
               "Location": "51.5377008358194, 0.03336396576884181",
               "Audio": "",
               "AnnounceDistance": 20.0
          },
          {
               "Name": "Upton Park Station",
               "Location": "51.53605041928095, 0.03519379080554608",
               "Audio": "",
               "AnnounceDistance": 20.0
          },
          {
               "Name": "Queens Market",
               "Location": "51.534148413726314, 0.035974086053805844",
               "Audio": "",
               "AnnounceDistance": 20.0
          },
          {
               "Name": "Upton Park / Boleyn",
               "Location": "51.530752224719166, 0.03786989268547117",
               "Audio": "",
               "AnnounceDistance": 20.0
          },
          {
               "Name": "Creighton Avenue",
               "Location": "51.52854974265077, 0.04144792668512883",
               "Audio": "",
               "AnnounceDistance": 20.0
          },
          {
               "Name": "Haldane Road",
               "Location": "51.52598241232817, 0.04325046844100648",
               "Audio": "",
               "AnnounceDistance": 20.0
          },
          {
               "Name": "Hatherley Gardens",
               "Location": "51.52328549289901, 0.04268285312214789",
               "Audio": "",
               "AnnounceDistance": 20.0
          },
          {
               "Name": "Lonsdale Close",
               "Location": "51.5225157883879, 0.04865959682131587",
               "Audio": "",
               "AnnounceDistance": 20.0
          },
          {
               "Name": "Sandford Road",
               "Location": "51.521955508921, 0.05293016675277716",
               "Audio": "",
               "AnnounceDistance": 20.0
          },
          {
               "Name": "Albatross Close",
               "Location": "51.51844215709482, 0.05995036641523954",
               "Audio": "",
               "AnnounceDistance": 20.0
          },
          {
               "Name": "Tollgate Road",
               "Location": "51.51648241076471, 0.06042406325725477",
               "Audio": "",
               "AnnounceDistance": 20.0
          },
          {
               "Name": "Beckton Bus Station",
               "Location": "51.51406716997496, 0.05969532151529941",
               "Audio": "",
               "AnnounceDistance": 20.0
          }
     ]
}