{
     "RouteNumber": "104",
     "Destination": "Stratford Bus Station",
     "RouteAudio": "",
     "DestinationAudio": "",
     "Stops": [
          {
               "Name": "Beckton Bus Station",
               "Location": "51.514307118847704, 0.059345827164232784",
               "Audio": "",
               "AnnounceDistance": 20.0
          },
          {
               "Name": "Tollgate Road",
               "Location": "51.516729576614125, 0.060175774903390634",
               "Audio": "",
               "AnnounceDistance": 20.0
          },
          {
               "Name": "Albatross Close",
               "Location": "51.5184636697206, 0.059749540152349366",
               "Audio": "",
               "AnnounceDistance": 20.0
          },
          {
               "Name": "Lonsdale Avenue",
               "Location": "51.52156760053295, 0.05813096627803856",
               "Audio": "",
               "AnnounceDistance": 20.0
          },
          {
               "Name": "Greatfield Avenue",
               "Location": "51.52172750536788, 0.05619213813061661",
               "Audio": "",
               "AnnounceDistance": 20.0
          },
          {
               "Name": "Sandford Road",
               "Location": "51.5219493852291, 0.05225237886425878",
               "Audio": "",
               "AnnounceDistance": 20.0
          },
          {
               "Name": "Lonsdale Close",
               "Location": "51.52255287596575, 0.04756569556325489",
               "Audio": "",
               "AnnounceDistance": 20.0
          },
          {
               "Name": "Hatherley Gardens",
               "Location": "51.5233102796082, 0.0417757816351391",
               "Audio": "",
               "AnnounceDistance": 20.0
          },
          {
               "Name": "New City Road",
               "Location": "51.524882709914515, 0.039265650625642266",
               "Audio": "",
               "AnnounceDistance": 20.0
          },
          {
               "Name": "Wilson Road",
               "Location": "51.52760218773204, 0.03853657182771221",
               "Audio": "",
               "AnnounceDistance": 20.0
          },
          {
               "Name": "Barking Road",
               "Location": "51.5297440953845, 0.03740676064961561",
               "Audio": "",
               "AnnounceDistance": 20.0
          },
          {
               "Name": "Upton Park / Boleyn",
               "Location": "51.53090050144963, 0.03761699151809963",
               "Audio": "",
               "AnnounceDistance": 20.0
          },
          {
               "Name": "Tudor Road",
               "Location": "51.533360652898565, 0.03628498343132655",
               "Audio": "",
               "AnnounceDistance": 20.0
          },
          {
               "Name": "Upton Park Station",
               "Location": "51.53458623030986, 0.035618726296368926",
               "Audio": "",
               "AnnounceDistance": 20.0
          },
          {
               "Name": "Plashet Road",
               "Location": "51.53647874797992, 0.03486682553608145",
               "Audio": "",
               "AnnounceDistance": 20.0
          },
          {
               "Name": "Penge Road",
               "Location": "51.537569300546, 0.032651520114584213",
               "Audio": "",
               "AnnounceDistance": 20.0
          },
          {
               "Name": "Churston Avenue",
               "Location": "51.53739302246773, 0.028288826728841518",
               "Audio": "",
               "AnnounceDistance": 20.0
          },
          {
               "Name": "St Antonys Road",
               "Location": "51.53716926190633, 0.025625613159137695",
               "Audio": "",
               "AnnounceDistance": 20.0
          },
          {
               "Name": "Upton Lane",
               "Location": "51.536834155011306, 0.02054938229324263",
               "Audio": "",
               "AnnounceDistance": 20.0
          },
          {
               "Name": "Park Road",
               "Location": "51.53694101932833, 0.01852091899443669",
               "Audio": "",
               "AnnounceDistance": 20.0
          },
          {
               "Name": "Amity Road",
               "Location": "51.5370840800247, 0.013336095587302439",
               "Audio": "",
               "AnnounceDistance": 20.0
          },
          {
               "Name": "Stratford Park",
               "Location": "51.53716756935989, 0.008465858529013503",
               "Audio": "",
               "AnnounceDistance": 20.0
          },
          {
               "Name": "Paul Street",
               "Location": "51.53810143532076, 0.00539221575332591",
               "Audio": "",
               "AnnounceDistance": 20.0
          },
          {
               "Name": "Stratford Broadway",
               "Location": "51.54056959830258, 0.0025155857876193984",
               "Audio": "",
               "AnnounceDistance": 20.0
          },
          {
               "Name": "Stratford Bus Station",
               "Location": "51.5414354000925, -0.002378460023495198",
               "Audio": "",
               "AnnounceDistance": 20.0
          }
     ]
}