{
     "RouteNumber": "105",
     "Destination": "Greenford Station",
     "RouteAudio": "",
     "DestinationAudio": "",
     "Stops": [
          {
               "Name": "Heathrow Central Bus Station",
               "Location": "51.47136544841199, -0.45345569182589296",
               "Audio": "",
               "AnnounceDistance": 20.0
          },
          {
               "Name": "Newport Road",
               "Location": "51.480339495002724, -0.4595894777865467",
               "Audio": "",
               "AnnounceDistance": 20.0
          },
          {
               "Name": "Sipson Way / Blunts Avenue",
               "Location": "51.48140337555375, -0.45501717497448796",
               "Audio": "",
               "AnnounceDistance": 20.0
          },
          {
               "Name": "Nene Road",
               "Location": "51.481322846416745, -0.4482368162298596",
               "Audio": "",
               "AnnounceDistance": 20.0
          },
          {
               "Name": "Boltons Lane",
               "Location": "51.4811699872118, -0.44484327300785015",
               "Audio": "",
               "AnnounceDistance": 20.0
          },
          {
               "Name": "New Road",
               "Location": "51.48096899681151, -0.43919038009265526",
               "Audio": "",
               "AnnounceDistance": 20.0
          },
          {
               "Name": "Harlington Corner",
               "Location": "51.48074379659892, -0.4330919229600178",
               "Audio": "",
               "AnnounceDistance": 20.0
          },
          {
               "Name": "Nobel Drive",
               "Location": "51.48079971947074, -0.4265230081929431",
               "Audio": "",
               "AnnounceDistance": 20.0
          },
          {
               "Name": "Oxford Avenue",
               "Location": "51.48106209081793, -0.4226256001656849",
               "Audio": "",
               "AnnounceDistance": 20.0
          },
          {
               "Name": "Craneswater",
               "Location": "51.48135589074094, -0.41973516401427785",
               "Audio": "",
               "AnnounceDistance": 20.0
          },
          {
               "Name": "Waye Avenue",
               "Location": "51.4800828330919, -0.41203136729285283",
               "Audio": "",
               "AnnounceDistance": 20.0
          },
          {
               "Name": "The Avenue",
               "Location": "51.48057526044926, -0.4105453354548011",
               "Audio": "",
               "AnnounceDistance": 20.0
          },
          {
               "Name": "The Parkway",
               "Location": "51.48324550407369, -0.4091851159387598",
               "Audio": "",
               "AnnounceDistance": 20.0
          },
          {
               "Name": "Cranford Community School",
               "Location": "51.48707827343027, -0.4053644832895445",
               "Audio": "",
               "AnnounceDistance": 20.0
          },
          {
               "Name": "Heston Centre",
               "Location": "51.49333145908806, -0.40232286337692774",
               "Audio": "",
               "AnnounceDistance": 20.0
          },
          {
               "Name": "Navigator Park",
               "Location": "51.49691875932805, -0.40095848745696167",
               "Audio": "",
               "AnnounceDistance": 20.0
          },
          {
               "Name": "Wentworth Road",
               "Location": "51.49737002910399, -0.39976135594339957",
               "Audio": "",
               "AnnounceDistance": 20.0
          },
          {
               "Name": "Brent Road",
               "Location": "51.497890496978705, -0.395075341318639",
               "Audio": "",
               "AnnounceDistance": 20.0
          },
          {
               "Name": "Derley Road",
               "Location": "51.49908309372546, -0.39154692510566014",
               "Audio": "",
               "AnnounceDistance": 20.0
          },
          {
               "Name": "Sussex Road",
               "Location": "51.50046373464502, -0.3879684653282842",
               "Audio": "",
               "AnnounceDistance": 20.0
          },
          {
               "Name": "Waltham Road",
               "Location": "51.50078045753267, -0.38484523149060007",
               "Audio": "",
               "AnnounceDistance": 20.0
          },
          {
               "Name": "King Street",
               "Location": "51.5013794458, -0.3826340592866022",
               "Audio": "",
               "AnnounceDistance": 20.0
          },
          {
               "Name": "The Green",
               "Location": "51.50304552134572, -0.3808604765178827",
               "Audio": "",
               "AnnounceDistance": 20.0
          },
          {
               "Name": "Park Avenue",
               "Location": "51.507569535765974, -0.3783224949001911",
               "Audio": "",
               "AnnounceDistance": 20.0
          },
          {
               "Name": "Southall Broadway",
               "Location": "51.510371612877535, -0.3761190395322766",
               "Audio": "",
               "AnnounceDistance": 20.0
          },
          {
               "Name": "Southall Town Hall",
               "Location": "51.512172383335965, -0.375637082735262",
               "Audio": "",
               "AnnounceDistance": 20.0
          },
          {
               "Name": "North Avenue",
               "Location": "51.514429325345105, -0.37562886344062285",
               "Audio": "",
               "AnnounceDistance": 20.0
          },
          {
               "Name": "North Road",
               "Location": "51.51583982942033, -0.3729412098655857",
               "Audio": "",
               "AnnounceDistance": 20.0
          },
          {
               "Name": "Kingsley Avenue",
               "Location": "51.51512011858438, -0.36903231455863933",
               "Audio": "",
               "AnnounceDistance": 20.0
          },
          {
               "Name": "Masefield Avenue",
               "Location": "51.51529263063036, -0.36463040393010404",
               "Audio": "",
               "AnnounceDistance": 20.0
          },
          {
               "Name": "Telford Road",
               "Location": "51.516229213928085, -0.36537514124091874",
               "Audio": "",
               "AnnounceDistance": 20.0
          },
          {
               "Name": "Dormers Avenue",
               "Location": "51.51830617723592, -0.3685870058206733",
               "Audio": "",
               "AnnounceDistance": 20.0
          },
          {
               "Name": "Allenby Road",
               "Location": "51.51958822478294, -0.3683105782374153",
               "Audio": "",
               "AnnounceDistance": 20.0
          },
          {
               "Name": "Rutland Road",
               "Location": "51.522684281039616, -0.36979994560942264",
               "Audio": "",
               "AnnounceDistance": 20.0
          },
          {
               "Name": "Ash Grove",
               "Location": "51.52446040473868, -0.36496509175907854",
               "Audio": "",
               "AnnounceDistance": 20.0
          },
          {
               "Name": "Sunnycroft Road",
               "Location": "51.52575725290974, -0.3651060432358334",
               "Audio": "",
               "AnnounceDistance": 20.0
          },
          {
               "Name": "Avon Road",
               "Location": "51.52897423666865, -0.3675281377131088",
               "Audio": "",
               "AnnounceDistance": 20.0
          },
          {
               "Name": "Ruislip Road",
               "Location": "51.531530696006506, -0.36642747475235626",
               "Audio": "",
               "AnnounceDistance": 20.0
          },
          {
               "Name": "Eastmead Avenue",
               "Location": "51.52993585085727, -0.36361559123572645",
               "Audio": "",
               "AnnounceDistance": 20.0
          },
          {
               "Name": "Pembroke Road",
               "Location": "51.528716257443584, -0.35934877103411306",
               "Audio": "",
               "AnnounceDistance": 20.0
          },
          {
               "Name": "Greenford Broadway",
               "Location": "51.52803081615769, -0.35406819897896763",
               "Audio": "",
               "AnnounceDistance": 20.0
          },
          {
               "Name": "Ruislip Road East",
               "Location": "51.52832706542434, -0.35211129757110754",
               "Audio": "",
               "AnnounceDistance": 20.0
          },
          {
               "Name": "Costons Lane",
               "Location": "51.5313563492832, -0.35011323999829586",
               "Audio": "",
               "AnnounceDistance": 20.0
          },
          {
               "Name": "Cowgate Road",
               "Location": "51.535164332105175, -0.3472216065664541",
               "Audio": "",
               "AnnounceDistance": 20.0
          },
          {
               "Name": "Ingram Way / Bridge Hotel",
               "Location": "51.53778253081728, -0.34541085528207327",
               "Audio": "",
               "AnnounceDistance": 20.0
          },
          {
               "Name": "Uneeda Drive",
               "Location": "51.53993411847549, -0.34430899855334135",
               "Audio": "",
               "AnnounceDistance": 20.0
          },
          {
               "Name": "Greenford Station",
               "Location": "51.542851971643785, -0.3452558356253506",
               "Audio": "",
               "AnnounceDistance": 20.0
          }
     ]
}