{
     "RouteNumber": "105",
     "Destination": "Heathrow Central Bus Station",
     "RouteAudio": "",
     "DestinationAudio": "",
     "Stops": [
          {
               "Name": "Rockware Avenue / Greenford Station",
               "Location": "51.54290914985109, -0.34548449845619744",
               "Audio": "",
               "AnnounceDistance": 20.0
          },
          {
               "Name": "Greenford Station",
               "Location": "51.54201054198413, -0.34616602331401475",
               "Audio": "",
               "AnnounceDistance": 20.0
          },
          {
               "Name": "Birkbeck Avenue",
               "Location": "51.54047781205973, -0.3477933966590431",
               "Audio": "",
               "AnnounceDistance": 20.0
          },
          {
               "Name": "Courthope Road",
               "Location": "51.5378751844347, -0.34879606846812966",
               "Audio": "",
               "AnnounceDistance": 20.0
          },
          {
               "Name": "Cowgate Road",
               "Location": "51.53452559872376, -0.3472014859844579",
               "Audio": "",
               "AnnounceDistance": 20.0
          },
          {
               "Name": "Costons Lane",
               "Location": "51.530918384413184, -0.3503020800987065",
               "Audio": "",
               "AnnounceDistance": 20.0
          },
          {
               "Name": "Ruislip Road East",
               "Location": "51.52804682749986, -0.35200608446213233",
               "Audio": "",
               "AnnounceDistance": 20.0
          },
          {
               "Name": "Oldfield Lane South",
               "Location": "51.5280846480953, -0.3547005773010752",
               "Audio": "",
               "AnnounceDistance": 20.0
          },
          {
               "Name": "Pembroke Road",
               "Location": "51.528695943265824, -0.35982524700202695",
               "Audio": "",
               "AnnounceDistance": 20.0
          },
          {
               "Name": "Beechwood Avenue",
               "Location": "51.53080335075766, -0.3645648565582259",
               "Audio": "",
               "AnnounceDistance": 20.0
          },
          {
               "Name": "Ruislip Road",
               "Location": "51.53127005101631, -0.3664368042949308",
               "Audio": "",
               "AnnounceDistance": 20.0
          },
          {
               "Name": "Avon Road",
               "Location": "51.528180505873536, -0.36735469728365816",
               "Audio": "",
               "AnnounceDistance": 20.0
          },
          {
               "Name": "Ash Grove",
               "Location": "51.52425629660207, -0.36515979895913037",
               "Audio": "",
               "AnnounceDistance": 20.0
          },
          {
               "Name": "Rutland Road",
               "Location": "51.522245100161044, -0.37055076674905674",
               "Audio": "",
               "AnnounceDistance": 20.0
          },
          {
               "Name": "Allenby Road",
               "Location": "51.51951131223904, -0.3679529863464943",
               "Audio": "",
               "AnnounceDistance": 20.0
          },
          {
               "Name": "Dormers Avenue",
               "Location": "51.517912116941496, -0.3687019772455448",
               "Audio": "",
               "AnnounceDistance": 20.0
          },
          {
               "Name": "Telford Road",
               "Location": "51.51607516949773, -0.36464561599755324",
               "Audio": "",
               "AnnounceDistance": 20.0
          },
          {
               "Name": "Masefield Avenue",
               "Location": "51.515096395975995, -0.36603541817738017",
               "Audio": "",
               "AnnounceDistance": 20.0
          },
          {
               "Name": "Kingsley Avenue",
               "Location": "51.5151806746756, -0.3701543074152558",
               "Audio": "",
               "AnnounceDistance": 20.0
          },
          {
               "Name": "North Road",
               "Location": "51.51578131012433, -0.37326036858868944",
               "Audio": "",
               "AnnounceDistance": 20.0
          },
          {
               "Name": "North Avenue",
               "Location": "51.51419324805471, -0.37546431764414595",
               "Audio": "",
               "AnnounceDistance": 20.0
          },
          {
               "Name": "High Street / Southall Town Hall",
               "Location": "51.51203537164307, -0.3754834321502389",
               "Audio": "",
               "AnnounceDistance": 20.0
          },
          {
               "Name": "Southall Broadway",
               "Location": "51.510369219891196, -0.3759461959386504",
               "Audio": "",
               "AnnounceDistance": 20.0
          },
          {
               "Name": "Park Avenue",
               "Location": "51.507797842700214, -0.3779253217703664",
               "Audio": "",
               "AnnounceDistance": 20.0
          },
          {
               "Name": "Southall Station",
               "Location": "51.50551828599721, -0.3788996374928533",
               "Audio": "",
               "AnnounceDistance": 20.0
          },
          {
               "Name": "The Green",
               "Location": "51.502529592004244, -0.38126778407718964",
               "Audio": "",
               "AnnounceDistance": 20.0
          },
          {
               "Name": "King Street",
               "Location": "51.500377370226865, -0.3830009061663994",
               "Audio": "",
               "AnnounceDistance": 20.0
          },
          {
               "Name": "Montague Waye",
               "Location": "51.4999897104473, -0.38684700299170494",
               "Audio": "",
               "AnnounceDistance": 20.0
          },
          {
               "Name": "Derley Road",
               "Location": "51.49867813928668, -0.39218068168773407",
               "Audio": "",
               "AnnounceDistance": 20.0
          },
          {
               "Name": "Brent Road",
               "Location": "51.49786424371647, -0.39447118005563026",
               "Audio": "",
               "AnnounceDistance": 20.0
          },
          {
               "Name": "Wentworth Road",
               "Location": "51.49687288832599, -0.3989143801366939",
               "Audio": "",
               "AnnounceDistance": 20.0
          },
          {
               "Name": "Navigator Park",
               "Location": "51.49619093047255, -0.40099836249091714",
               "Audio": "",
               "AnnounceDistance": 20.0
          },
          {
               "Name": "Heston Centre",
               "Location": "51.49348013528927, -0.40201515334628113",
               "Audio": "",
               "AnnounceDistance": 20.0
          },
          {
               "Name": "Cranford Community School",
               "Location": "51.48677150693114, -0.40528876528435503",
               "Audio": "",
               "AnnounceDistance": 20.0
          },
          {
               "Name": "Quinton Close",
               "Location": "51.48474238539834, -0.4061804969251568",
               "Audio": "",
               "AnnounceDistance": 20.0
          },
          {
               "Name": "The Parkway",
               "Location": "51.483345938679705, -0.408634339588307",
               "Audio": "",
               "AnnounceDistance": 20.0
          },
          {
               "Name": "The Avenue",
               "Location": "51.48019581206769, -0.41041451465049184",
               "Audio": "",
               "AnnounceDistance": 20.0
          },
          {
               "Name": "Waye Avenue",
               "Location": "51.48047371337247, -0.41433639066747247",
               "Audio": "",
               "AnnounceDistance": 20.0
          },
          {
               "Name": "Craneswater",
               "Location": "51.48100172877786, -0.4208131077094903",
               "Audio": "",
               "AnnounceDistance": 20.0
          },
          {
               "Name": "Oxford Avenue",
               "Location": "51.48066432487695, -0.42514514517541824",
               "Audio": "",
               "AnnounceDistance": 20.0
          },
          {
               "Name": "Harlington Corner",
               "Location": "51.48059920086091, -0.4357323054767577",
               "Audio": "",
               "AnnounceDistance": 20.0
          },
          {
               "Name": "Mondial Way",
               "Location": "51.48093171273287, -0.4445057455221344",
               "Audio": "",
               "AnnounceDistance": 20.0
          },
          {
               "Name": "Nene Road",
               "Location": "51.481055140140036, -0.44771305141672535",
               "Audio": "",
               "AnnounceDistance": 20.0
          },
          {
               "Name": "Heathrow Central Bus Station",
               "Location": "51.47154280953402, -0.45258579308134717",
               "Audio": "",
               "AnnounceDistance": 20.0
          }
     ]
}