{
     "RouteNumber": "106",
     "Destination": "Cavell Street",
     "RouteAudio": "",
     "DestinationAudio": "",
     "Stops": [
          {
               "Name": "Finsbury Park Interchange",
               "Location": "51.56483778145253, -0.1056133582889856",
               "Audio": "",
               "AnnounceDistance": 20.0
          },
          {
               "Name": "City Islington College",
               "Location": "51.56401729423675, -0.10325238528832156",
               "Audio": "",
               "AnnounceDistance": 20.0
          },
          {
               "Name": "Brownswood Road / Finsbury Park Road",
               "Location": "51.56181727772409, -0.0990012632029562",
               "Audio": "",
               "AnnounceDistance": 20.0
          },
          {
               "Name": "Queens Drive",
               "Location": "51.56251957182953, -0.0968366743640579",
               "Audio": "",
               "AnnounceDistance": 20.0
          },
          {
               "Name": "Green Lanes",
               "Location": "51.5641537755334, -0.09170413169460924",
               "Audio": "",
               "AnnounceDistance": 20.0
          },
          {
               "Name": "Queen Elizabeths Walk",
               "Location": "51.56529274350973, -0.08709700800592617",
               "Audio": "",
               "AnnounceDistance": 20.0
          },
          {
               "Name": "Lordship Road",
               "Location": "51.56605422943173, -0.0841648496676915",
               "Audio": "",
               "AnnounceDistance": 20.0
          },
          {
               "Name": "Heathland Road",
               "Location": "51.56704294116216, -0.08028512934653817",
               "Audio": "",
               "AnnounceDistance": 20.0
          },
          {
               "Name": "Listria Park",
               "Location": "51.565783768572544, -0.07478309081516107",
               "Audio": "",
               "AnnounceDistance": 20.0
          },
          {
               "Name": "Stoke Newington Station",
               "Location": "51.56478413817549, -0.07305061539220153",
               "Audio": "",
               "AnnounceDistance": 20.0
          },
          {
               "Name": "Northwold Road / Stoke Newington Common",
               "Location": "51.56297502605773, -0.07185744394538614",
               "Audio": "",
               "AnnounceDistance": 20.0
          },
          {
               "Name": "Fountayne Road",
               "Location": "51.5624395487037, -0.06609457618956965",
               "Audio": "",
               "AnnounceDistance": 20.0
          },
          {
               "Name": "Geldeston Road",
               "Location": "51.562876346733326, -0.0636810162347641",
               "Audio": "",
               "AnnounceDistance": 20.0
          },
          {
               "Name": "Clapton Library",
               "Location": "51.56276608010131, -0.05918421230179175",
               "Audio": "",
               "AnnounceDistance": 20.0
          },
          {
               "Name": "Clapton Station",
               "Location": "51.56227867554218, -0.05744478657295714",
               "Audio": "",
               "AnnounceDistance": 20.0
          },
          {
               "Name": "Lea Bridge Roundabout",
               "Location": "51.559334284640926, -0.05612758199189167",
               "Audio": "",
               "AnnounceDistance": 20.0
          },
          {
               "Name": "Clapton Pond",
               "Location": "51.556800086741625, -0.05568745067560824",
               "Audio": "",
               "AnnounceDistance": 20.0
          },
          {
               "Name": "Millfields Road",
               "Location": "51.55513625739664, -0.0545899451002154",
               "Audio": "",
               "AnnounceDistance": 20.0
          },
          {
               "Name": "Clapton Girls Academy",
               "Location": "51.55281488822017, -0.05288590098432902",
               "Audio": "",
               "AnnounceDistance": 20.0
          },
          {
               "Name": "Hackney Baths",
               "Location": "51.550638316865715, -0.0528634495403725",
               "Audio": "",
               "AnnounceDistance": 20.0
          },
          {
               "Name": "Clapton Square",
               "Location": "51.54992034189361, -0.05403358650385825",
               "Audio": "",
               "AnnounceDistance": 20.0
          },
          {
               "Name": "Pembury Circus",
               "Location": "51.54947412414736, -0.05858165352031293",
               "Audio": "",
               "AnnounceDistance": 20.0
          },
          {
               "Name": "Hackney Central Station",
               "Location": "51.547958228015105, -0.05664136697999775",
               "Audio": "",
               "AnnounceDistance": 20.0
          },
          {
               "Name": "Hackney Town Hall",
               "Location": "51.54526328984822, -0.05518416584638707",
               "Audio": "",
               "AnnounceDistance": 20.0
          },
          {
               "Name": "St Thomass Square",
               "Location": "51.542322409118285, -0.05516534394432285",
               "Audio": "",
               "AnnounceDistance": 20.0
          },
          {
               "Name": "Well Street",
               "Location": "51.53925733177458, -0.05633428832801926",
               "Audio": "",
               "AnnounceDistance": 20.0
          },
          {
               "Name": "King Edwards Road",
               "Location": "51.53736839928286, -0.05684735972140611",
               "Audio": "",
               "AnnounceDistance": 20.0
          },
          {
               "Name": "Mare Street / Victoria Park Road",
               "Location": "51.534927246282095, -0.05713877500100589",
               "Audio": "",
               "AnnounceDistance": 20.0
          },
          {
               "Name": "Cambridge Heath Station",
               "Location": "51.53316498901317, -0.05715613848442339",
               "Audio": "",
               "AnnounceDistance": 20.0
          },
          {
               "Name": "Old Ford Road",
               "Location": "51.52993517943289, -0.05598165943735591",
               "Audio": "",
               "AnnounceDistance": 20.0
          },
          {
               "Name": "Bethnal Green Station",
               "Location": "51.52810969075128, -0.05543949517484197",
               "Audio": "",
               "AnnounceDistance": 20.0
          },
          {
               "Name": "Three Colts Lane",
               "Location": "51.52508831299539, -0.054905089571733505",
               "Audio": "",
               "AnnounceDistance": 20.0
          },
          {
               "Name": "Cephas Street",
               "Location": "51.52301908854551, -0.05484911432434046",
               "Audio": "",
               "AnnounceDistance": 20.0
          },
          {
               "Name": "Darling Row",
               "Location": "51.52115815771193, -0.055966270654981824",
               "Audio": "",
               "AnnounceDistance": 20.0
          },
          {
               "Name": "Cavell Street",
               "Location": "51.51845942468164, -0.05753699073830188",
               "Audio": "",
               "AnnounceDistance": 20.0
          }
     ]
}