{
     "RouteNumber": "107",
     "Destination": "New Barnet Station",
     "RouteAudio": "",
     "DestinationAudio": "",
     "Stops": [
          {
               "Name": "Edgware Bus Station",
               "Location": "51.61270575328866, -0.2742270411036533",
               "Audio": "",
               "AnnounceDistance": 20.0
          },
          {
               "Name": "Edgware Station / Station Road",
               "Location": "51.61456268964349, -0.2757598810904648",
               "Audio": "",
               "AnnounceDistance": 20.0
          },
          {
               "Name": "Purcells Avenue",
               "Location": "51.617896687641235, -0.2774535879435071",
               "Audio": "",
               "AnnounceDistance": 20.0
          },
          {
               "Name": "Edgwarebury Lane / Edgware Way",
               "Location": "51.6208129932271, -0.27764652234811654",
               "Audio": "",
               "AnnounceDistance": 20.0
          },
          {
               "Name": "Glendale Avenue",
               "Location": "51.62216575902237, -0.281596924140988",
               "Audio": "",
               "AnnounceDistance": 20.0
          },
          {
               "Name": "Edgware Way",
               "Location": "51.62311417350459, -0.28927557003047755",
               "Audio": "",
               "AnnounceDistance": 20.0
          },
          {
               "Name": "Canons Corner",
               "Location": "51.62217395596949, -0.2932547634045948",
               "Audio": "",
               "AnnounceDistance": 20.0
          },
          {
               "Name": "Pipers Green Lane",
               "Location": "51.62539993883185, -0.2968177698801539",
               "Audio": "",
               "AnnounceDistance": 20.0
          },
          {
               "Name": "Royal National Orthopaedic Hospital",
               "Location": "51.632268531784774, -0.3047967071174906",
               "Audio": "",
               "AnnounceDistance": 20.0
          },
          {
               "Name": "Elstree Hill South / Centennial Park",
               "Location": "51.63792680373027, -0.30370420192858016",
               "Audio": "",
               "AnnounceDistance": 20.0
          },
          {
               "Name": "Sullivan Way",
               "Location": "51.640307631842255, -0.301693243112529",
               "Audio": "",
               "AnnounceDistance": 20.0
          },
          {
               "Name": "Rodgers Close",
               "Location": "51.64321658045168, -0.2995177847837882",
               "Audio": "",
               "AnnounceDistance": 20.0
          },
          {
               "Name": "Watling Court",
               "Location": "51.64454040871831, -0.29841316024150083",
               "Audio": "",
               "AnnounceDistance": 20.0
          },
          {
               "Name": "Elstree Hill North",
               "Location": "51.64922043368652, -0.29683580565216633",
               "Audio": "",
               "AnnounceDistance": 20.0
          },
          {
               "Name": "Knowl Way",
               "Location": "51.65101597115809, -0.28797959717083244",
               "Audio": "",
               "AnnounceDistance": 20.0
          },
          {
               "Name": "Barham Avenue",
               "Location": "51.65212417092083, -0.2850466815573959",
               "Audio": "",
               "AnnounceDistance": 20.0
          },
          {
               "Name": "Deacons Hill Road",
               "Location": "51.65302009478086, -0.2817457882357225",
               "Audio": "",
               "AnnounceDistance": 20.0
          },
          {
               "Name": "Elstree Borehamwood Station",
               "Location": "51.65312940706073, -0.2793853039037034",
               "Audio": "",
               "AnnounceDistance": 20.0
          },
          {
               "Name": "Glenhaven Avenue",
               "Location": "51.65452853436208, -0.2785227503794806",
               "Audio": "",
               "AnnounceDistance": 20.0
          },
          {
               "Name": "Furzehill Road",
               "Location": "51.656118616252506, -0.2753542249971864",
               "Audio": "",
               "AnnounceDistance": 20.0
          },
          {
               "Name": "Borehamwood Tesco",
               "Location": "51.657233942860756, -0.27048309342969296",
               "Audio": "",
               "AnnounceDistance": 20.0
          },
          {
               "Name": "Elstree Studios",
               "Location": "51.658210084395414, -0.2708218328108012",
               "Audio": "",
               "AnnounceDistance": 20.0
          },
          {
               "Name": "Hertsmere Civic Offices",
               "Location": "51.65900262071442, -0.26846392273185404",
               "Audio": "",
               "AnnounceDistance": 20.0
          },
          {
               "Name": "Studio Way",
               "Location": "51.660081522943656, -0.26115023219418027",
               "Audio": "",
               "AnnounceDistance": 20.0
          },
          {
               "Name": "Warwick House",
               "Location": "51.65855167332129, -0.25561358278225516",
               "Audio": "",
               "AnnounceDistance": 20.0
          },
          {
               "Name": "Chester Road",
               "Location": "51.65704332296519, -0.2551654899121347",
               "Audio": "",
               "AnnounceDistance": 20.0
          },
          {
               "Name": "Kenilworth Drive",
               "Location": "51.654270985432525, -0.2543756529688394",
               "Audio": "",
               "AnnounceDistance": 20.0
          },
          {
               "Name": "Warren Grove",
               "Location": "51.65161683038143, -0.25488237925992274",
               "Audio": "",
               "AnnounceDistance": 20.0
          },
          {
               "Name": "Ripon Way",
               "Location": "51.64813653097472, -0.2560712149609271",
               "Audio": "",
               "AnnounceDistance": 20.0
          },
          {
               "Name": "Dacre Gardens",
               "Location": "51.64693940187766, -0.2590224489355763",
               "Audio": "",
               "AnnounceDistance": 20.0
          },
          {
               "Name": "Ashley Drive",
               "Location": "51.64570732325229, -0.26144007111052314",
               "Audio": "",
               "AnnounceDistance": 20.0
          },
          {
               "Name": "Stirling Corner / Barnet Lane",
               "Location": "51.64350196752441, -0.2558299014457161",
               "Audio": "",
               "AnnounceDistance": 20.0
          },
          {
               "Name": "Stirling Corner / Barnet Road",
               "Location": "51.641812196476984, -0.25225269021990754",
               "Audio": "",
               "AnnounceDistance": 20.0
          },
          {
               "Name": "Brickfield Lane",
               "Location": "51.64251200020913, -0.2419064698721822",
               "Audio": "",
               "AnnounceDistance": 20.0
          },
          {
               "Name": "Glebe Lane",
               "Location": "51.645601440636376, -0.236251151434545",
               "Audio": "",
               "AnnounceDistance": 20.0
          },
          {
               "Name": "Rowley Green Road",
               "Location": "51.64729894484654, -0.23252831768660834",
               "Audio": "",
               "AnnounceDistance": 20.0
          },
          {
               "Name": "Quinta Drive",
               "Location": "51.64984350787745, -0.22595342482091513",
               "Audio": "",
               "AnnounceDistance": 20.0
          },
          {
               "Name": "Garden Close",
               "Location": "51.65084474896467, -0.22199689119429292",
               "Audio": "",
               "AnnounceDistance": 20.0
          },
          {
               "Name": "Galley Lane",
               "Location": "51.652624643893674, -0.21899265690305078",
               "Audio": "",
               "AnnounceDistance": 20.0
          },
          {
               "Name": "Barnet Hospital / Queens Road",
               "Location": "51.6529259254241, -0.21337184645398344",
               "Audio": "",
               "AnnounceDistance": 20.0
          },
          {
               "Name": "Union Street",
               "Location": "51.653031377262, -0.20731053878032057",
               "Audio": "",
               "AnnounceDistance": 20.0
          },
          {
               "Name": "Barnet Church / Wood Street",
               "Location": "51.653052180049436, -0.20161395589413092",
               "Audio": "",
               "AnnounceDistance": 20.0
          },
          {
               "Name": "Barnet High Street / Barnet Church",
               "Location": "51.65261358188953, -0.19881237307061603",
               "Audio": "",
               "AnnounceDistance": 20.0
          },
          {
               "Name": "High Barnet Station / Meadway",
               "Location": "51.65136144781439, -0.1969104861063337",
               "Audio": "",
               "AnnounceDistance": 20.0
          },
          {
               "Name": "High Barnet Station",
               "Location": "51.64934437514187, -0.1932177462280054",
               "Audio": "",
               "AnnounceDistance": 20.0
          },
          {
               "Name": "Potters Lane",
               "Location": "51.64720018652839, -0.18828731490185116",
               "Audio": "",
               "AnnounceDistance": 20.0
          },
          {
               "Name": "Barnet Everyman Cinema",
               "Location": "51.64701367442671, -0.1866903166902838",
               "Audio": "",
               "AnnounceDistance": 20.0
          },
          {
               "Name": "Warwick Road",
               "Location": "51.648521024030074, -0.18066031814972136",
               "Audio": "",
               "AnnounceDistance": 20.0
          },
          {
               "Name": "New Barnet Station / Station Road",
               "Location": "51.64967306759833, -0.17608970899648407",
               "Audio": "",
               "AnnounceDistance": 20.0
          },
          {
               "Name": "New Barnet Station",
               "Location": "51.6490473919215, -0.17344064196056194",
               "Audio": "",
               "AnnounceDistance": 20.0
          }
     ]
}