{
     "RouteNumber": "108",
     "Destination": "Stratford International Station",
     "RouteAudio": "",
     "DestinationAudio": "",
     "Stops": [
          {
               "Name": "Canning Town Bus Station",
               "Location": "51.51431393483917, 0.008656637214207575",
               "Audio": "",
               "AnnounceDistance": 20.0
          },
          {
               "Name": "Abbott Road",
               "Location": "51.512535375013506, -0.0009335807850519694",
               "Audio": "",
               "AnnounceDistance": 20.0
          },
          {
               "Name": "Blackwall Tunnel",
               "Location": "51.51139667024111, -0.00800193508189665",
               "Audio": "",
               "AnnounceDistance": 20.0
          },
          {
               "Name": "Bazely Street",
               "Location": "51.51116029689483, -0.0120907363879267",
               "Audio": "",
               "AnnounceDistance": 20.0
          },
          {
               "Name": "Chrisp Street Market",
               "Location": "51.51191671363305, -0.013743993638024705",
               "Audio": "",
               "AnnounceDistance": 20.0
          },
          {
               "Name": "Langdon Park Station",
               "Location": "51.51442389102196, -0.014701463327555009",
               "Audio": "",
               "AnnounceDistance": 20.0
          },
          {
               "Name": "Fawe Street",
               "Location": "51.516884941322374, -0.016122268668623284",
               "Audio": "",
               "AnnounceDistance": 20.0
          },
          {
               "Name": "Cranwell Close",
               "Location": "51.52098971253038, -0.017961938765055897",
               "Audio": "",
               "AnnounceDistance": 20.0
          },
          {
               "Name": "Devons Road Station",
               "Location": "51.523107779802125, -0.018778135473079046",
               "Audio": "",
               "AnnounceDistance": 20.0
          },
          {
               "Name": "Rounton Road",
               "Location": "51.52522415138963, -0.020026960222402326",
               "Audio": "",
               "AnnounceDistance": 20.0
          },
          {
               "Name": "Bow Road",
               "Location": "51.52744348800304, -0.021516518338062795",
               "Audio": "",
               "AnnounceDistance": 20.0
          },
          {
               "Name": "Bow Church Station",
               "Location": "51.52806011654166, -0.020754521505563537",
               "Audio": "",
               "AnnounceDistance": 20.0
          },
          {
               "Name": "Bow Church",
               "Location": "51.528938924618494, -0.016881424653100014",
               "Audio": "",
               "AnnounceDistance": 20.0
          },
          {
               "Name": "Marshgate Lane",
               "Location": "51.53127973552211, -0.011199938468011025",
               "Audio": "",
               "AnnounceDistance": 20.0
          },
          {
               "Name": "Warton Road",
               "Location": "51.534654046760934, -0.0065541119230174685",
               "Audio": "",
               "AnnounceDistance": 20.0
          },
          {
               "Name": "Gibbins Road",
               "Location": "51.5379640639491, -0.006596938943477835",
               "Audio": "",
               "AnnounceDistance": 20.0
          },
          {
               "Name": "London Aquatics Centre",
               "Location": "51.539526676191876, -0.008590801149340405",
               "Audio": "",
               "AnnounceDistance": 20.0
          },
          {
               "Name": "Stratford City Bus Station",
               "Location": "51.54332394312673, -0.0039686780768316944",
               "Audio": "",
               "AnnounceDistance": 20.0
          },
          {
               "Name": "Stratford International Station",
               "Location": "51.545821920730816, -0.008085172515092246",
               "Audio": "",
               "AnnounceDistance": 20.0
          }
     ]
}