{
     "RouteNumber": "108",
     "Destination": "North Greenwich Station",
     "RouteAudio": "",
     "DestinationAudio": "",
     "Stops": [
          {
               "Name": "Molesworth Street / Riverdale House",
               "Location": "51.4605491916575, -0.013139140871217769",
               "Audio": "",
               "AnnounceDistance": 20.0
          },
          {
               "Name": "Lockmead Road",
               "Location": "51.462824951009146, -0.008404660359048539",
               "Audio": "",
               "AnnounceDistance": 20.0
          },
          {
               "Name": "The Squirrels",
               "Location": "51.462862816093555, -0.0042856411556711545",
               "Audio": "",
               "AnnounceDistance": 20.0
          },
          {
               "Name": "St Margarets Church / Brandram Road",
               "Location": "51.46301539159972, -0.00004642609578445097",
               "Audio": "",
               "AnnounceDistance": 20.0
          },
          {
               "Name": "Blackheath Hospital",
               "Location": "51.46395675169267, 0.006962766999221383",
               "Audio": "",
               "AnnounceDistance": 20.0
          },
          {
               "Name": "Blackheath Station",
               "Location": "51.4651540751856, 0.008987713000873618",
               "Audio": "",
               "AnnounceDistance": 20.0
          },
          {
               "Name": "Royal Parade",
               "Location": "51.46766907114445, 0.007586402819574136",
               "Audio": "",
               "AnnounceDistance": 20.0
          },
          {
               "Name": "Montpelier Row",
               "Location": "51.46908979746662, 0.00969334143742465",
               "Audio": "",
               "AnnounceDistance": 20.0
          },
          {
               "Name": "St Germans Place",
               "Location": "51.47232997304464, 0.013723585801890975",
               "Audio": "",
               "AnnounceDistance": 20.0
          },
          {
               "Name": "Stratheden Road / Shooters Hill Road",
               "Location": "51.474148764977684, 0.016208485427057433",
               "Audio": "",
               "AnnounceDistance": 20.0
          },
          {
               "Name": "Blackheath / Royal Standard",
               "Location": "51.47757926691267, 0.019095975011745175",
               "Audio": "",
               "AnnounceDistance": 20.0
          },
          {
               "Name": "Kirkside Road",
               "Location": "51.481792232158114, 0.019886959714348954",
               "Audio": "",
               "AnnounceDistance": 20.0
          },
          {
               "Name": "Westcombe Park Station",
               "Location": "51.48352223529752, 0.019689752287642453",
               "Audio": "",
               "AnnounceDistance": 20.0
          },
          {
               "Name": "Westerdale Road",
               "Location": "51.484991335796266, 0.018976884114551704",
               "Audio": "",
               "AnnounceDistance": 20.0
          },
          {
               "Name": "Kemsing Road",
               "Location": "51.486269213358305, 0.01631101098528935",
               "Audio": "",
               "AnnounceDistance": 20.0
          },
          {
               "Name": "Millennium Leisure Park East",
               "Location": "51.48922047520034, 0.015692174612272538",
               "Audio": "",
               "AnnounceDistance": 20.0
          },
          {
               "Name": "Millennium Leisure Park West",
               "Location": "51.49001575899828, 0.01284625367273199",
               "Audio": "",
               "AnnounceDistance": 20.0
          },
          {
               "Name": "Millennium Village South",
               "Location": "51.491979316152005, 0.013710650009059942",
               "Audio": "",
               "AnnounceDistance": 20.0
          },
          {
               "Name": "Millennium Village / Oval Square",
               "Location": "51.494073441994125, 0.013255502410937453",
               "Audio": "",
               "AnnounceDistance": 20.0
          },
          {
               "Name": "North Greenwich Station",
               "Location": "51.499653731416316, 0.004049753586647907",
               "Audio": "",
               "AnnounceDistance": 20.0
          }
     ]
}