{
     "RouteNumber": "108",
     "Destination": "Lewisham Station",
     "RouteAudio": "",
     "DestinationAudio": "",
     "Stops": [
          {
               "Name": "Stratford International Station",
               "Location": "51.545583810358764, -0.007302333913925727",
               "Audio": "",
               "AnnounceDistance": 20.0
          },
          {
               "Name": "Stratford City Bus Station",
               "Location": "51.54315606562639, -0.0036154809243209344",
               "Audio": "",
               "AnnounceDistance": 20.0
          },
          {
               "Name": "London Aquatics Centre",
               "Location": "51.53972125202889, -0.008928402671603478",
               "Audio": "",
               "AnnounceDistance": 20.0
          },
          {
               "Name": "Carpenters Primary School",
               "Location": "51.53716971709365, -0.005362700827435762",
               "Audio": "",
               "AnnounceDistance": 20.0
          },
          {
               "Name": "Warton Road",
               "Location": "51.53584355458729, -0.004584353587409115",
               "Audio": "",
               "AnnounceDistance": 20.0
          },
          {
               "Name": "Abbey Lane",
               "Location": "51.53378345955427, -0.00718331846590724",
               "Audio": "",
               "AnnounceDistance": 20.0
          },
          {
               "Name": "Bow Flyover",
               "Location": "51.530313449859555, -0.012020606827787118",
               "Audio": "",
               "AnnounceDistance": 20.0
          },
          {
               "Name": "Bow Church",
               "Location": "51.5283808414421, -0.01738143920420455",
               "Audio": "",
               "AnnounceDistance": 20.0
          },
          {
               "Name": "Bow Church Station",
               "Location": "51.5279474217372, -0.020471070884004967",
               "Audio": "",
               "AnnounceDistance": 20.0
          },
          {
               "Name": "Rounton Road",
               "Location": "51.52541261530927, -0.020004368225511146",
               "Audio": "",
               "AnnounceDistance": 20.0
          },
          {
               "Name": "Devons Road Station",
               "Location": "51.52280661686305, -0.018517317041362988",
               "Audio": "",
               "AnnounceDistance": 20.0
          },
          {
               "Name": "Cranwell Close",
               "Location": "51.521331912563205, -0.0179903247076981",
               "Audio": "",
               "AnnounceDistance": 20.0
          },
          {
               "Name": "Fawe Street",
               "Location": "51.51690873219253, -0.015933860277362138",
               "Audio": "",
               "AnnounceDistance": 20.0
          },
          {
               "Name": "Langdon Park Station",
               "Location": "51.514865913475624, -0.014783132837624963",
               "Audio": "",
               "AnnounceDistance": 20.0
          },
          {
               "Name": "Chrisp Street Market",
               "Location": "51.51179623645847, -0.013533056905413834",
               "Audio": "",
               "AnnounceDistance": 20.0
          },
          {
               "Name": "Bazely Street",
               "Location": "51.511357210130626, -0.011505696654184045",
               "Audio": "",
               "AnnounceDistance": 20.0
          },
          {
               "Name": "Free Trade Wharf",
               "Location": "51.51017406394323, -0.04543813095659545",
               "Audio": "",
               "AnnounceDistance": 20.0
          },
          {
               "Name": "Tobacco Dock",
               "Location": "51.50941499011307, -0.05983837773266913",
               "Audio": "",
               "AnnounceDistance": 20.0
          },
          {
               "Name": "Wellclose Street",
               "Location": "51.50923956082345, -0.06500493902939476",
               "Audio": "",
               "AnnounceDistance": 20.0
          },
          {
               "Name": "St Katharine Docks",
               "Location": "51.50827549046988, -0.07089649077218096",
               "Audio": "",
               "AnnounceDistance": 20.0
          },
          {
               "Name": "Tower Bridge",
               "Location": "51.50327363623773, -0.07679929903295128",
               "Audio": "",
               "AnnounceDistance": 20.0
          },
          {
               "Name": "Boss Street",
               "Location": "51.501701975166206, -0.07637557868442746",
               "Audio": "",
               "AnnounceDistance": 20.0
          },
          {
               "Name": "Dockhead",
               "Location": "51.499713395338496, -0.07192082864766293",
               "Audio": "",
               "AnnounceDistance": 20.0
          },
          {
               "Name": "Jamaica Road / Abbey Street",
               "Location": "51.49857347389785, -0.06931795076984597",
               "Audio": "",
               "AnnounceDistance": 20.0
          },
          {
               "Name": "Bermondsey Station",
               "Location": "51.498088240156015, -0.06552049875342382",
               "Audio": "",
               "AnnounceDistance": 20.0
          },
          {
               "Name": "Drummond Road",
               "Location": "51.49842521423089, -0.06250947019452842",
               "Audio": "",
               "AnnounceDistance": 20.0
          },
          {
               "Name": "Southwark Park",
               "Location": "51.49907348090339, -0.0571223080935186",
               "Audio": "",
               "AnnounceDistance": 20.0
          },
          {
               "Name": "Neptune Street / St Olaves Estate",
               "Location": "51.49796511954644, -0.054273561357171596",
               "Audio": "",
               "AnnounceDistance": 20.0
          },
          {
               "Name": "Surrey Quays Road",
               "Location": "51.496900249629576, -0.05296464970887941",
               "Audio": "",
               "AnnounceDistance": 20.0
          },
          {
               "Name": "Rotherhithe Police Station",
               "Location": "51.494943599743465, -0.05048368537067522",
               "Audio": "",
               "AnnounceDistance": 20.0
          },
          {
               "Name": "Lower Road / Surrey Quays Station",
               "Location": "51.492334831889515, -0.04556742784170926",
               "Audio": "",
               "AnnounceDistance": 20.0
          },
          {
               "Name": "Deptford Park School",
               "Location": "51.48825823073197, -0.03892851643603506",
               "Audio": "",
               "AnnounceDistance": 20.0
          },
          {
               "Name": "Deptford Fire Station",
               "Location": "51.48510330257297, -0.03364822173024378",
               "Audio": "",
               "AnnounceDistance": 20.0
          },
          {
               "Name": "Abinger Grove",
               "Location": "51.483586820203705, -0.031164149106954083",
               "Audio": "",
               "AnnounceDistance": 20.0
          },
          {
               "Name": "Sayes Court Estate",
               "Location": "51.48213346395119, -0.028159029404446156",
               "Audio": "",
               "AnnounceDistance": 20.0
          },
          {
               "Name": "Deptford High Street",
               "Location": "51.48126899709986, -0.024883821276328422",
               "Audio": "",
               "AnnounceDistance": 20.0
          },
          {
               "Name": "Macmillan Students Village",
               "Location": "51.480993881787526, -0.02136719812567516",
               "Audio": "",
               "AnnounceDistance": 20.0
          },
          {
               "Name": "Creekside",
               "Location": "51.48140984459435, -0.017244561088370122",
               "Audio": "",
               "AnnounceDistance": 20.0
          },
          {
               "Name": "Creek Road / Norman Road",
               "Location": "51.48149568338978, -0.014345984928430873",
               "Audio": "",
               "AnnounceDistance": 20.0
          },
          {
               "Name": "Greenwich Tn Ctr / Cutty Sark Stn",
               "Location": "51.481494961460236, -0.011119910202632002",
               "Audio": "",
               "AnnounceDistance": 20.0
          },
          {
               "Name": "Greenwich Town Centre / Cutty Sark",
               "Location": "51.48190053865118, -0.008524235663767194",
               "Audio": "",
               "AnnounceDistance": 20.0
          },
          {
               "Name": "National Maritime Museum",
               "Location": "51.481562797228015, -0.007170731941096222",
               "Audio": "",
               "AnnounceDistance": 20.0
          },
          {
               "Name": "Trafalgar Estate",
               "Location": "51.48324609748012, -0.001984341219360695",
               "Audio": "",
               "AnnounceDistance": 20.0
          },
          {
               "Name": "Trafalgar Road / Maze Hill",
               "Location": "51.48416013210597, 0.0013683318781647147",
               "Audio": "",
               "AnnounceDistance": 20.0
          },
          {
               "Name": "King William Lane",
               "Location": "51.48492203216536, 0.003619812129370346",
               "Audio": "",
               "AnnounceDistance": 20.0
          },
          {
               "Name": "Tyler Street",
               "Location": "51.48557063919805, 0.0061832752522186195",
               "Audio": "",
               "AnnounceDistance": 20.0
          },
          {
               "Name": "Pelton Road",
               "Location": "51.48637235155948, 0.007154715479317262",
               "Audio": "",
               "AnnounceDistance": 20.0
          },
          {
               "Name": "Tunnel Avenue",
               "Location": "51.49032294786488, 0.00856706780950665",
               "Audio": "",
               "AnnounceDistance": 20.0
          },
          {
               "Name": "North Greenwich Station",
               "Location": "51.49966628997876, 0.00436728106027836",
               "Audio": "",
               "AnnounceDistance": 20.0
          },
          {
               "Name": "Millennium Village / Oval Square",
               "Location": "51.494029588527376, 0.01371457059400912",
               "Audio": "",
               "AnnounceDistance": 20.0
          },
          {
               "Name": "Millennium Village South",
               "Location": "51.49186249920524, 0.013705502056782162",
               "Audio": "",
               "AnnounceDistance": 20.0
          },
          {
               "Name": "Millennium Leisure Park West",
               "Location": "51.490066956465434, 0.013006963895422732",
               "Audio": "",
               "AnnounceDistance": 20.0
          },
          {
               "Name": "Millennium Leisure Park East",
               "Location": "51.48917463272364, 0.016266342109730044",
               "Audio": "",
               "AnnounceDistance": 20.0
          },
          {
               "Name": "Combedale Road",
               "Location": "51.485961432845215, 0.017997072598354702",
               "Audio": "",
               "AnnounceDistance": 20.0
          },
          {
               "Name": "Westcombe Park Station",
               "Location": "51.4830866975256, 0.019915355785263614",
               "Audio": "",
               "AnnounceDistance": 20.0
          },
          {
               "Name": "Kirkside Road",
               "Location": "51.48105365279336, 0.019955139502677983",
               "Audio": "",
               "AnnounceDistance": 20.0
          },
          {
               "Name": "Blackheath / Royal Standard",
               "Location": "51.47770946891464, 0.02041222806636587",
               "Audio": "",
               "AnnounceDistance": 20.0
          },
          {
               "Name": "Stratheden Parade",
               "Location": "51.47653913126168, 0.018920433219730283",
               "Audio": "",
               "AnnounceDistance": 20.0
          },
          {
               "Name": "Stratheden Road / Shooters Hill Road",
               "Location": "51.474517017229516, 0.01675752807100705",
               "Audio": "",
               "AnnounceDistance": 20.0
          },
          {
               "Name": "St Germans Place",
               "Location": "51.47283484288988, 0.014696191967220919",
               "Audio": "",
               "AnnounceDistance": 20.0
          },
          {
               "Name": "Montpelier Row",
               "Location": "51.469950192731574, 0.01091184264886924",
               "Audio": "",
               "AnnounceDistance": 20.0
          },
          {
               "Name": "Blackheath Station",
               "Location": "51.46546439335879, 0.009246096445651162",
               "Audio": "",
               "AnnounceDistance": 20.0
          },
          {
               "Name": "Blackheath Hospital",
               "Location": "51.46368200370009, 0.006202084498692548",
               "Audio": "",
               "AnnounceDistance": 20.0
          },
          {
               "Name": "St Margarets Church / Brandram Road",
               "Location": "51.463115517675426, 0.0009369131742266444",
               "Audio": "",
               "AnnounceDistance": 20.0
          },
          {
               "Name": "The Squirrels",
               "Location": "51.4626715828791, -0.00361735616363233",
               "Audio": "",
               "AnnounceDistance": 20.0
          },
          {
               "Name": "Lockmead Road",
               "Location": "51.46282904894104, -0.008116554213650649",
               "Audio": "",
               "AnnounceDistance": 20.0
          },
          {
               "Name": "Lewisham Clock Tower",
               "Location": "51.46265925685231, -0.01029779374678654",
               "Audio": "",
               "AnnounceDistance": 20.0
          },
          {
               "Name": "Lewisham Station",
               "Location": "51.46490017606368, -0.013050926679442368",
               "Audio": "",
               "AnnounceDistance": 20.0
          }
     ]
}