{
     "RouteNumber": "108",
     "Destination": "Stratford International Station",
     "RouteAudio": "",
     "DestinationAudio": "",
     "Stops": [
          {
               "Name": "Molesworth Street / Riverdale House",
               "Location": "51.4605491916575, -0.013139140871217769",
               "Audio": "",
               "AnnounceDistance": 20.0
          },
          {
               "Name": "Lockmead Road",
               "Location": "51.462824951009146, -0.008404660359048539",
               "Audio": "",
               "AnnounceDistance": 20.0
          },
          {
               "Name": "The Squirrels",
               "Location": "51.462862816093555, -0.0042856411556711545",
               "Audio": "",
               "AnnounceDistance": 20.0
          },
          {
               "Name": "St Margarets Church / Brandram Road",
               "Location": "51.46301539159972, -0.00004642609578445097",
               "Audio": "",
               "AnnounceDistance": 20.0
          },
          {
               "Name": "Blackheath Hospital",
               "Location": "51.46395675169267, 0.006962766999221383",
               "Audio": "",
               "AnnounceDistance": 20.0
          },
          {
               "Name": "Blackheath Station",
               "Location": "51.4651540751856, 0.008987713000873618",
               "Audio": "",
               "AnnounceDistance": 20.0
          },
          {
               "Name": "Royal Parade",
               "Location": "51.46766907114445, 0.007586402819574136",
               "Audio": "",
               "AnnounceDistance": 20.0
          },
          {
               "Name": "Montpelier Row",
               "Location": "51.46908979746662, 0.00969334143742465",
               "Audio": "",
               "AnnounceDistance": 20.0
          },
          {
               "Name": "St Germans Place",
               "Location": "51.47232997304464, 0.013723585801890975",
               "Audio": "",
               "AnnounceDistance": 20.0
          },
          {
               "Name": "Stratheden Road / Shooters Hill Road",
               "Location": "51.474148764977684, 0.016208485427057433",
               "Audio": "",
               "AnnounceDistance": 20.0
          },
          {
               "Name": "Blackheath / Royal Standard",
               "Location": "51.47757926691267, 0.019095975011745175",
               "Audio": "",
               "AnnounceDistance": 20.0
          },
          {
               "Name": "Kirkside Road",
               "Location": "51.481792232158114, 0.019886959714348954",
               "Audio": "",
               "AnnounceDistance": 20.0
          },
          {
               "Name": "Westcombe Park Station",
               "Location": "51.48352223529752, 0.019689752287642453",
               "Audio": "",
               "AnnounceDistance": 20.0
          },
          {
               "Name": "Westerdale Road",
               "Location": "51.484991335796266, 0.018976884114551704",
               "Audio": "",
               "AnnounceDistance": 20.0
          },
          {
               "Name": "Millennium Leisure Park East",
               "Location": "51.48922047520034, 0.015692174612272538",
               "Audio": "",
               "AnnounceDistance": 20.0
          },
          {
               "Name": "Millennium Leisure Park West",
               "Location": "51.49001575899828, 0.01284625367273199",
               "Audio": "",
               "AnnounceDistance": 20.0
          },
          {
               "Name": "Millennium Village South",
               "Location": "51.491979316152005, 0.013710650009059942",
               "Audio": "",
               "AnnounceDistance": 20.0
          },
          {
               "Name": "Millennium Village / Oval Square",
               "Location": "51.494073441994125, 0.013255502410937453",
               "Audio": "",
               "AnnounceDistance": 20.0
          },
          {
               "Name": "North Greenwich Station",
               "Location": "51.499653731416316, 0.004049753586647907",
               "Audio": "",
               "AnnounceDistance": 20.0
          },
          {
               "Name": "Boord Street",
               "Location": "51.49546170203612, 0.007813311111206183",
               "Audio": "",
               "AnnounceDistance": 20.0
          },
          {
               "Name": "Bazely Street",
               "Location": "51.51116029689483, -0.0120907363879267",
               "Audio": "",
               "AnnounceDistance": 20.0
          },
          {
               "Name": "Chrisp Street Market",
               "Location": "51.51191671363305, -0.013743993638024705",
               "Audio": "",
               "AnnounceDistance": 20.0
          },
          {
               "Name": "Langdon Park Station",
               "Location": "51.51442389102196, -0.014701463327555009",
               "Audio": "",
               "AnnounceDistance": 20.0
          },
          {
               "Name": "Fawe Street",
               "Location": "51.516884941322374, -0.016122268668623284",
               "Audio": "",
               "AnnounceDistance": 20.0
          },
          {
               "Name": "Cranwell Close",
               "Location": "51.52098971253038, -0.017961938765055897",
               "Audio": "",
               "AnnounceDistance": 20.0
          },
          {
               "Name": "Devons Road Station",
               "Location": "51.523107779802125, -0.018778135473079046",
               "Audio": "",
               "AnnounceDistance": 20.0
          },
          {
               "Name": "Rounton Road",
               "Location": "51.52522415138963, -0.020026960222402326",
               "Audio": "",
               "AnnounceDistance": 20.0
          },
          {
               "Name": "Bow Road",
               "Location": "51.52744348800304, -0.021516518338062795",
               "Audio": "",
               "AnnounceDistance": 20.0
          },
          {
               "Name": "Bow Church Station",
               "Location": "51.52806011654166, -0.020754521505563537",
               "Audio": "",
               "AnnounceDistance": 20.0
          },
          {
               "Name": "Bow Church",
               "Location": "51.528938924618494, -0.016881424653100014",
               "Audio": "",
               "AnnounceDistance": 20.0
          },
          {
               "Name": "Marshgate Lane",
               "Location": "51.53127973552211, -0.011199938468011025",
               "Audio": "",
               "AnnounceDistance": 20.0
          },
          {
               "Name": "Warton Road",
               "Location": "51.534654046760934, -0.0065541119230174685",
               "Audio": "",
               "AnnounceDistance": 20.0
          },
          {
               "Name": "Gibbins Road",
               "Location": "51.5379640639491, -0.006596938943477835",
               "Audio": "",
               "AnnounceDistance": 20.0
          },
          {
               "Name": "London Aquatics Centre",
               "Location": "51.539526676191876, -0.008590801149340405",
               "Audio": "",
               "AnnounceDistance": 20.0
          },
          {
               "Name": "Stratford City Bus Station",
               "Location": "51.54332394312673, -0.0039686780768316944",
               "Audio": "",
               "AnnounceDistance": 20.0
          },
          {
               "Name": "Stratford International Station",
               "Location": "51.545821920730816, -0.008085172515092246",
               "Audio": "",
               "AnnounceDistance": 20.0
          }
     ]
}