{
     "RouteNumber": "108",
     "Destination": "Lewisham Station",
     "RouteAudio": "",
     "DestinationAudio": "",
     "Stops": [
          {
               "Name": "Stratford International Station",
               "Location": "51.545583810358764, -0.007302333913925727",
               "Audio": "",
               "AnnounceDistance": 20.0
          },
          {
               "Name": "Stratford City Bus Station",
               "Location": "51.54315606562639, -0.0036154809243209344",
               "Audio": "",
               "AnnounceDistance": 20.0
          },
          {
               "Name": "London Aquatics Centre",
               "Location": "51.53972125202889, -0.008928402671603478",
               "Audio": "",
               "AnnounceDistance": 20.0
          },
          {
               "Name": "Carpenters Primary School",
               "Location": "51.53716971709365, -0.005362700827435762",
               "Audio": "",
               "AnnounceDistance": 20.0
          },
          {
               "Name": "Warton Road",
               "Location": "51.53584355458729, -0.004584353587409115",
               "Audio": "",
               "AnnounceDistance": 20.0
          },
          {
               "Name": "Abbey Lane",
               "Location": "51.53378345955427, -0.00718331846590724",
               "Audio": "",
               "AnnounceDistance": 20.0
          },
          {
               "Name": "Bow Flyover",
               "Location": "51.530313449859555, -0.012020606827787118",
               "Audio": "",
               "AnnounceDistance": 20.0
          },
          {
               "Name": "Bow Church",
               "Location": "51.5283808414421, -0.01738143920420455",
               "Audio": "",
               "AnnounceDistance": 20.0
          },
          {
               "Name": "Bow Church Station",
               "Location": "51.5279474217372, -0.020471070884004967",
               "Audio": "",
               "AnnounceDistance": 20.0
          },
          {
               "Name": "Rounton Road",
               "Location": "51.52541261530927, -0.020004368225511146",
               "Audio": "",
               "AnnounceDistance": 20.0
          },
          {
               "Name": "Devons Road Station",
               "Location": "51.52280661686305, -0.018517317041362988",
               "Audio": "",
               "AnnounceDistance": 20.0
          },
          {
               "Name": "Cranwell Close",
               "Location": "51.521331912563205, -0.0179903247076981",
               "Audio": "",
               "AnnounceDistance": 20.0
          },
          {
               "Name": "Fawe Street",
               "Location": "51.51690873219253, -0.015933860277362138",
               "Audio": "",
               "AnnounceDistance": 20.0
          },
          {
               "Name": "Langdon Park Station",
               "Location": "51.514865913475624, -0.014783132837624963",
               "Audio": "",
               "AnnounceDistance": 20.0
          },
          {
               "Name": "Chrisp Street Market",
               "Location": "51.51179623645847, -0.013533056905413834",
               "Audio": "",
               "AnnounceDistance": 20.0
          },
          {
               "Name": "Bazely Street",
               "Location": "51.511357210130626, -0.011505696654184045",
               "Audio": "",
               "AnnounceDistance": 20.0
          },
          {
               "Name": "Blackwall Tunnel / East India Dock Road",
               "Location": "51.511123599098504, -0.007278854772106821",
               "Audio": "",
               "AnnounceDistance": 20.0
          },
          {
               "Name": "Boord Street",
               "Location": "51.495424412632076, 0.007365064959252085",
               "Audio": "",
               "AnnounceDistance": 20.0
          },
          {
               "Name": "North Greenwich Station",
               "Location": "51.49966628997876, 0.00436728106027836",
               "Audio": "",
               "AnnounceDistance": 20.0
          },
          {
               "Name": "Millennium Village / Oval Square",
               "Location": "51.494029588527376, 0.01371457059400912",
               "Audio": "",
               "AnnounceDistance": 20.0
          },
          {
               "Name": "Millennium Village South",
               "Location": "51.49186249920524, 0.013705502056782162",
               "Audio": "",
               "AnnounceDistance": 20.0
          },
          {
               "Name": "Millennium Leisure Park West",
               "Location": "51.490066956465434, 0.013006963895422732",
               "Audio": "",
               "AnnounceDistance": 20.0
          },
          {
               "Name": "Millennium Leisure Park East",
               "Location": "51.48917463272364, 0.016266342109730044",
               "Audio": "",
               "AnnounceDistance": 20.0
          },
          {
               "Name": "Combedale Road",
               "Location": "51.485961432845215, 0.017997072598354702",
               "Audio": "",
               "AnnounceDistance": 20.0
          },
          {
               "Name": "Westcombe Park Station",
               "Location": "51.4830866975256, 0.019915355785263614",
               "Audio": "",
               "AnnounceDistance": 20.0
          },
          {
               "Name": "Kirkside Road",
               "Location": "51.48105365279336, 0.019955139502677983",
               "Audio": "",
               "AnnounceDistance": 20.0
          },
          {
               "Name": "Blackheath / Royal Standard",
               "Location": "51.47770946891464, 0.02041222806636587",
               "Audio": "",
               "AnnounceDistance": 20.0
          },
          {
               "Name": "Stratheden Parade",
               "Location": "51.47653913126168, 0.018920433219730283",
               "Audio": "",
               "AnnounceDistance": 20.0
          },
          {
               "Name": "Stratheden Road / Shooters Hill Road",
               "Location": "51.474517017229516, 0.01675752807100705",
               "Audio": "",
               "AnnounceDistance": 20.0
          },
          {
               "Name": "St Germans Place",
               "Location": "51.47283484288988, 0.014696191967220919",
               "Audio": "",
               "AnnounceDistance": 20.0
          },
          {
               "Name": "Montpelier Row",
               "Location": "51.469950192731574, 0.01091184264886924",
               "Audio": "",
               "AnnounceDistance": 20.0
          },
          {
               "Name": "Blackheath Station",
               "Location": "51.46546439335879, 0.009246096445651162",
               "Audio": "",
               "AnnounceDistance": 20.0
          },
          {
               "Name": "Blackheath Hospital",
               "Location": "51.46368200370009, 0.006202084498692548",
               "Audio": "",
               "AnnounceDistance": 20.0
          },
          {
               "Name": "St Margarets Church / Brandram Road",
               "Location": "51.463115517675426, 0.0009369131742266444",
               "Audio": "",
               "AnnounceDistance": 20.0
          },
          {
               "Name": "The Squirrels",
               "Location": "51.4626715828791, -0.00361735616363233",
               "Audio": "",
               "AnnounceDistance": 20.0
          },
          {
               "Name": "Lockmead Road",
               "Location": "51.46282904894104, -0.008116554213650649",
               "Audio": "",
               "AnnounceDistance": 20.0
          },
          {
               "Name": "Lewisham Clock Tower",
               "Location": "51.46265925685231, -0.01029779374678654",
               "Audio": "",
               "AnnounceDistance": 20.0
          },
          {
               "Name": "Lewisham Station",
               "Location": "51.46490017606368, -0.013050926679442368",
               "Audio": "",
               "AnnounceDistance": 20.0
          }
     ]
}