{
     "RouteNumber": "108",
     "Destination": "Canning Town Station",
     "RouteAudio": "",
     "DestinationAudio": "",
     "Stops": [
          {
               "Name": "Stratford International Station",
               "Location": "51.545583810358764, -0.007302333913925727",
               "Audio": "",
               "AnnounceDistance": 20.0
          },
          {
               "Name": "Stratford City Bus Station",
               "Location": "51.54315606562639, -0.0036154809243209344",
               "Audio": "",
               "AnnounceDistance": 20.0
          },
          {
               "Name": "London Aquatics Centre",
               "Location": "51.53972125202889, -0.008928402671603478",
               "Audio": "",
               "AnnounceDistance": 20.0
          },
          {
               "Name": "Carpenters Primary School",
               "Location": "51.53716971709365, -0.005362700827435762",
               "Audio": "",
               "AnnounceDistance": 20.0
          },
          {
               "Name": "Warton Road",
               "Location": "51.53584355458729, -0.004584353587409115",
               "Audio": "",
               "AnnounceDistance": 20.0
          },
          {
               "Name": "Abbey Lane",
               "Location": "51.53378345955427, -0.00718331846590724",
               "Audio": "",
               "AnnounceDistance": 20.0
          },
          {
               "Name": "Bow Flyover",
               "Location": "51.530313449859555, -0.012020606827787118",
               "Audio": "",
               "AnnounceDistance": 20.0
          },
          {
               "Name": "Bow Church",
               "Location": "51.5283808414421, -0.01738143920420455",
               "Audio": "",
               "AnnounceDistance": 20.0
          },
          {
               "Name": "Bow Church Station",
               "Location": "51.5279474217372, -0.020471070884004967",
               "Audio": "",
               "AnnounceDistance": 20.0
          },
          {
               "Name": "Rounton Road",
               "Location": "51.52541261530927, -0.020004368225511146",
               "Audio": "",
               "AnnounceDistance": 20.0
          },
          {
               "Name": "Devons Road Station",
               "Location": "51.52280661686305, -0.018517317041362988",
               "Audio": "",
               "AnnounceDistance": 20.0
          },
          {
               "Name": "Cranwell Close",
               "Location": "51.521331912563205, -0.0179903247076981",
               "Audio": "",
               "AnnounceDistance": 20.0
          },
          {
               "Name": "Fawe Street",
               "Location": "51.51690873219253, -0.015933860277362138",
               "Audio": "",
               "AnnounceDistance": 20.0
          },
          {
               "Name": "Langdon Park Station",
               "Location": "51.514865913475624, -0.014783132837624963",
               "Audio": "",
               "AnnounceDistance": 20.0
          },
          {
               "Name": "Chrisp Street Market",
               "Location": "51.51179623645847, -0.013533056905413834",
               "Audio": "",
               "AnnounceDistance": 20.0
          },
          {
               "Name": "Bazely Street",
               "Location": "51.511357210130626, -0.011505696654184045",
               "Audio": "",
               "AnnounceDistance": 20.0
          },
          {
               "Name": "Brunswick Road",
               "Location": "51.511855414129855, -0.0058922044189587755",
               "Audio": "",
               "AnnounceDistance": 20.0
          },
          {
               "Name": "Nutmeg Lane",
               "Location": "51.51223398107464, -0.003829171652436866",
               "Audio": "",
               "AnnounceDistance": 20.0
          },
          {
               "Name": "Abbott Road",
               "Location": "51.51280691779099, -0.0010369897890129477",
               "Audio": "",
               "AnnounceDistance": 20.0
          },
          {
               "Name": "Stephenson Street",
               "Location": "51.51516593406353, 0.005638580404041714",
               "Audio": "",
               "AnnounceDistance": 20.0
          },
          {
               "Name": "Canning Town Station",
               "Location": "51.51454696803073, 0.008176856311147574",
               "Audio": "",
               "AnnounceDistance": 20.0
          }
     ]
}