{
     "RouteNumber": "109",
     "Destination": "Park Street",
     "RouteAudio": "",
     "DestinationAudio": "",
     "Stops": [
          {
               "Name": "Brixton Road / Brixton Police Station",
               "Location": "51.465394087739284, -0.11372270862379846",
               "Audio": "",
               "AnnounceDistance": 20.0
          },
          {
               "Name": "Brixton Station",
               "Location": "51.46191173876967, -0.11526270124838871",
               "Audio": "",
               "AnnounceDistance": 20.0
          },
          {
               "Name": "Rush Common",
               "Location": "51.45846418083326, -0.11729044334737623",
               "Audio": "",
               "AnnounceDistance": 20.0
          },
          {
               "Name": "Brixton Water Lane",
               "Location": "51.456122161269214, -0.11872545844741297",
               "Audio": "",
               "AnnounceDistance": 20.0
          },
          {
               "Name": "Blenheim Gardens",
               "Location": "51.45406538926714, -0.12000467090280958",
               "Audio": "",
               "AnnounceDistance": 20.0
          },
          {
               "Name": "Jebb Avenue / Brixton Prison",
               "Location": "51.452214142987756, -0.1212033640290297",
               "Audio": "",
               "AnnounceDistance": 20.0
          },
          {
               "Name": "New Park Road",
               "Location": "51.44881830847337, -0.12365983931374573",
               "Audio": "",
               "AnnounceDistance": 20.0
          },
          {
               "Name": "Holmewood Road",
               "Location": "51.44706450683884, -0.12420664459301592",
               "Audio": "",
               "AnnounceDistance": 20.0
          },
          {
               "Name": "Streatham Hill / Christchurch Road",
               "Location": "51.44429152020265, -0.12456491263960204",
               "Audio": "",
               "AnnounceDistance": 20.0
          },
          {
               "Name": "Telford Avenue",
               "Location": "51.442013735746244, -0.12439921358890153",
               "Audio": "",
               "AnnounceDistance": 20.0
          },
          {
               "Name": "Streatham Hill Stn / Streatham Hill",
               "Location": "51.43940408075149, -0.1259737799906325",
               "Audio": "",
               "AnnounceDistance": 20.0
          },
          {
               "Name": "Leigham Court Road",
               "Location": "51.437186143599725, -0.12730193419958782",
               "Audio": "",
               "AnnounceDistance": 20.0
          },
          {
               "Name": "Mount Ephraim Road",
               "Location": "51.43595401018427, -0.127855895612534",
               "Audio": "",
               "AnnounceDistance": 20.0
          },
          {
               "Name": "Kingscourt Road",
               "Location": "51.43473502558154, -0.12810715514990795",
               "Audio": "",
               "AnnounceDistance": 20.0
          },
          {
               "Name": "Becmead Avenue",
               "Location": "51.43234588951511, -0.12885220763670732",
               "Audio": "",
               "AnnounceDistance": 20.0
          },
          {
               "Name": "St Leonards Church",
               "Location": "51.42846760755663, -0.13095267224536153",
               "Audio": "",
               "AnnounceDistance": 20.0
          },
          {
               "Name": "Streatham Station",
               "Location": "51.42529715097102, -0.1306361219118402",
               "Audio": "",
               "AnnounceDistance": 20.0
          },
          {
               "Name": "Streatham United Reformed Church",
               "Location": "51.42400979051223, -0.12998384267289076",
               "Audio": "",
               "AnnounceDistance": 20.0
          },
          {
               "Name": "Streatham Common / Greyhound Lane",
               "Location": "51.42110809199656, -0.12847700133270887",
               "Audio": "",
               "AnnounceDistance": 20.0
          },
          {
               "Name": "Arragon Gardens",
               "Location": "51.41711417588774, -0.12615208580638543",
               "Audio": "",
               "AnnounceDistance": 20.0
          },
          {
               "Name": "Hermitage Lane",
               "Location": "51.414795435992175, -0.12398907795535095",
               "Audio": "",
               "AnnounceDistance": 20.0
          },
          {
               "Name": "Norbury Station",
               "Location": "51.41283677940225, -0.12409801956562962",
               "Audio": "",
               "AnnounceDistance": 20.0
          },
          {
               "Name": "St Helens Road",
               "Location": "51.40992164633959, -0.12231923808291173",
               "Audio": "",
               "AnnounceDistance": 20.0
          },
          {
               "Name": "Tylecroft Road",
               "Location": "51.408221770841976, -0.1217418204021435",
               "Audio": "",
               "AnnounceDistance": 20.0
          },
          {
               "Name": "Ederline Avenue",
               "Location": "51.40458259009891, -0.1196767413935165",
               "Audio": "",
               "AnnounceDistance": 20.0
          },
          {
               "Name": "London Road / Galpins Road",
               "Location": "51.40040509165852, -0.11769159025079351",
               "Audio": "",
               "AnnounceDistance": 20.0
          },
          {
               "Name": "Heathview Road",
               "Location": "51.398532349259476, -0.11643150667981145",
               "Audio": "",
               "AnnounceDistance": 20.0
          },
          {
               "Name": "Langdale Road",
               "Location": "51.39698013778036, -0.1155321110790889",
               "Audio": "",
               "AnnounceDistance": 20.0
          },
          {
               "Name": "Colliers Water Lane",
               "Location": "51.39540373296141, -0.11480626953037078",
               "Audio": "",
               "AnnounceDistance": 20.0
          },
          {
               "Name": "Thornton Heath Pond",
               "Location": "51.39230760603014, -0.11352488819827145",
               "Audio": "",
               "AnnounceDistance": 20.0
          },
          {
               "Name": "Dunheved Road North",
               "Location": "51.39121508542772, -0.11269303211656363",
               "Audio": "",
               "AnnounceDistance": 20.0
          },
          {
               "Name": "Croydon University Hospital",
               "Location": "51.38863303267197, -0.11150571889089296",
               "Audio": "",
               "AnnounceDistance": 20.0
          },
          {
               "Name": "Broad Green Avenue",
               "Location": "51.38547623136214, -0.1098104518196739",
               "Audio": "",
               "AnnounceDistance": 20.0
          },
          {
               "Name": "Sumner Road",
               "Location": "51.38269649697948, -0.1069645518431064",
               "Audio": "",
               "AnnounceDistance": 20.0
          },
          {
               "Name": "Montague Road",
               "Location": "51.38127065781341, -0.10554321454652764",
               "Audio": "",
               "AnnounceDistance": 20.0
          },
          {
               "Name": "West Croydon Station",
               "Location": "51.37877940970047, -0.10330379845574851",
               "Audio": "",
               "AnnounceDistance": 20.0
          },
          {
               "Name": "Poplar Walk",
               "Location": "51.378239774043365, -0.10052402618576745",
               "Audio": "",
               "AnnounceDistance": 20.0
          },
          {
               "Name": "Whitgift Centre",
               "Location": "51.37690199361668, -0.09843839027711974",
               "Audio": "",
               "AnnounceDistance": 20.0
          },
          {
               "Name": "Park Street",
               "Location": "51.373427300380875, -0.09822316562334357",
               "Audio": "",
               "AnnounceDistance": 20.0
          }
     ]
}