{
     "RouteNumber": "110",
     "Destination": "Hounslow Bus Station",
     "RouteAudio": "",
     "DestinationAudio": "",
     "Stops": [
          {
               "Name": "Hammersmith Bus Station",
               "Location": "51.49227549568526, -0.22388036941506723",
               "Audio": "",
               "AnnounceDistance": 20.0
          },
          {
               "Name": "Livat Hammersmith Shopping Centre",
               "Location": "51.4926596473505, -0.22727951567700672",
               "Audio": "",
               "AnnounceDistance": 20.0
          },
          {
               "Name": "Hammersmith Town Hall",
               "Location": "51.492600592121455, -0.2328998969263164",
               "Audio": "",
               "AnnounceDistance": 20.0
          },
          {
               "Name": "Ravenscourt Park Station",
               "Location": "51.49289645222475, -0.23582716740366216",
               "Audio": "",
               "AnnounceDistance": 20.0
          },
          {
               "Name": "Ravenscourt Park",
               "Location": "51.49345119317359, -0.2404299537445594",
               "Audio": "",
               "AnnounceDistance": 20.0
          },
          {
               "Name": "Goldhawk Road",
               "Location": "51.49338018238517, -0.24409170652042964",
               "Audio": "",
               "AnnounceDistance": 20.0
          },
          {
               "Name": "Stamford Brook Bus Garage",
               "Location": "51.49323694388485, -0.24774181025992711",
               "Audio": "",
               "AnnounceDistance": 20.0
          },
          {
               "Name": "Chiswick Lane",
               "Location": "51.49273803173897, -0.2534798713701616",
               "Audio": "",
               "AnnounceDistance": 20.0
          },
          {
               "Name": "Duke Road",
               "Location": "51.49243569090014, -0.2597577151168704",
               "Audio": "",
               "AnnounceDistance": 20.0
          },
          {
               "Name": "Turnham Green Church",
               "Location": "51.492576373560006, -0.26622033567926534",
               "Audio": "",
               "AnnounceDistance": 20.0
          },
          {
               "Name": "Chiswick Road",
               "Location": "51.492875305892774, -0.27063144639884495",
               "Audio": "",
               "AnnounceDistance": 20.0
          },
          {
               "Name": "Gunnersbury Station",
               "Location": "51.49233655072393, -0.27495898963627974",
               "Audio": "",
               "AnnounceDistance": 20.0
          },
          {
               "Name": "Power Road",
               "Location": "51.49199207350604, -0.27966805080666696",
               "Audio": "",
               "AnnounceDistance": 20.0
          },
          {
               "Name": "Brentford Fountain Leisure Centre",
               "Location": "51.49045502474696, -0.28462346975703107",
               "Audio": "",
               "AnnounceDistance": 20.0
          },
          {
               "Name": "Kew Bridge",
               "Location": "51.48795050069648, -0.28738216703907404",
               "Audio": "",
               "AnnounceDistance": 20.0
          },
          {
               "Name": "Kew Green",
               "Location": "51.48486464667764, -0.28728173793672995",
               "Audio": "",
               "AnnounceDistance": 20.0
          },
          {
               "Name": "Mortlake Road",
               "Location": "51.48237905938963, -0.2870292096544825",
               "Audio": "",
               "AnnounceDistance": 20.0
          },
          {
               "Name": "Kew Gardens Road",
               "Location": "51.47988789967214, -0.2876265883955493",
               "Audio": "",
               "AnnounceDistance": 20.0
          },
          {
               "Name": "Kew Gardens Station",
               "Location": "51.47698799312198, -0.28671276443498594",
               "Audio": "",
               "AnnounceDistance": 20.0
          },
          {
               "Name": "Lawn Crescent",
               "Location": "51.474333322391544, -0.28658183202876264",
               "Audio": "",
               "AnnounceDistance": 20.0
          },
          {
               "Name": "Dudley Road",
               "Location": "51.471545573849085, -0.2871902271240741",
               "Audio": "",
               "AnnounceDistance": 20.0
          },
          {
               "Name": "Gainsborough Road",
               "Location": "51.46852897778662, -0.2881382570012925",
               "Audio": "",
               "AnnounceDistance": 20.0
          },
          {
               "Name": "Manor Circus",
               "Location": "51.466978459746116, -0.2903414648202005",
               "Audio": "",
               "AnnounceDistance": 20.0
          },
          {
               "Name": "Sheendale Road",
               "Location": "51.46609884156758, -0.29292259234205553",
               "Audio": "",
               "AnnounceDistance": 20.0
          },
          {
               "Name": "Richmond Circus",
               "Location": "51.46507348637207, -0.29785569076907414",
               "Audio": "",
               "AnnounceDistance": 20.0
          },
          {
               "Name": "Richmond Station",
               "Location": "51.46323865350056, -0.3021707759614743",
               "Audio": "",
               "AnnounceDistance": 20.0
          },
          {
               "Name": "The Quadrant",
               "Location": "51.461927895324045, -0.30293919773038136",
               "Audio": "",
               "AnnounceDistance": 20.0
          },
          {
               "Name": "Richmond Bus Station",
               "Location": "51.45910110363336, -0.3045842757052274",
               "Audio": "",
               "AnnounceDistance": 20.0
          },
          {
               "Name": "Cresswell Road",
               "Location": "51.45608317615089, -0.3091869337662186",
               "Audio": "",
               "AnnounceDistance": 20.0
          },
          {
               "Name": "Poplar Court",
               "Location": "51.45472629213934, -0.31237480497285647",
               "Audio": "",
               "AnnounceDistance": 20.0
          },
          {
               "Name": "Sandycoombe Road",
               "Location": "51.45419959312958, -0.3163955152830016",
               "Audio": "",
               "AnnounceDistance": 20.0
          },
          {
               "Name": "St Margarets Station",
               "Location": "51.45551605155719, -0.3204060568549061",
               "Audio": "",
               "AnnounceDistance": 20.0
          },
          {
               "Name": "St Stephens C Of E Primary School",
               "Location": "51.457027636226776, -0.3242369536664169",
               "Audio": "",
               "AnnounceDistance": 20.0
          },
          {
               "Name": "Cole Park Road",
               "Location": "51.45600709627132, -0.3295999830571592",
               "Audio": "",
               "AnnounceDistance": 20.0
          },
          {
               "Name": "Marlow Crescent",
               "Location": "51.45431549707442, -0.3352174746491361",
               "Audio": "",
               "AnnounceDistance": 20.0
          },
          {
               "Name": "Twickenham Stadium",
               "Location": "51.45466817754245, -0.33979608491672714",
               "Audio": "",
               "AnnounceDistance": 20.0
          },
          {
               "Name": "Tayben Avenue",
               "Location": "51.45398575457946, -0.3430448751012231",
               "Audio": "",
               "AnnounceDistance": 20.0
          },
          {
               "Name": "Kneller Hall",
               "Location": "51.45368492538799, -0.3472153170337261",
               "Audio": "",
               "AnnounceDistance": 20.0
          },
          {
               "Name": "Warren Road",
               "Location": "51.45379931968189, -0.3521479627644039",
               "Audio": "",
               "AnnounceDistance": 20.0
          },
          {
               "Name": "The Admiral Nelson / Whitton",
               "Location": "51.4535545129416, -0.35648902567116236",
               "Audio": "",
               "AnnounceDistance": 20.0
          },
          {
               "Name": "Whitton High Street",
               "Location": "51.45179406989036, -0.35791951038032616",
               "Audio": "",
               "AnnounceDistance": 20.0
          },
          {
               "Name": "Whitton Station",
               "Location": "51.449215968530574, -0.3581127407807216",
               "Audio": "",
               "AnnounceDistance": 20.0
          },
          {
               "Name": "Pauline Crescent",
               "Location": "51.44632806346222, -0.3599431908347972",
               "Audio": "",
               "AnnounceDistance": 20.0
          },
          {
               "Name": "Ryecroft Avenue",
               "Location": "51.445071151625235, -0.36201723438845235",
               "Audio": "",
               "AnnounceDistance": 20.0
          },
          {
               "Name": "Longford Road",
               "Location": "51.44541566651376, -0.3686676042540085",
               "Audio": "",
               "AnnounceDistance": 20.0
          },
          {
               "Name": "Cheyne Avenue",
               "Location": "51.447222878700465, -0.37317948623494407",
               "Audio": "",
               "AnnounceDistance": 20.0
          },
          {
               "Name": "Chester Avenue",
               "Location": "51.4489740016657, -0.3775497949736415",
               "Audio": "",
               "AnnounceDistance": 20.0
          },
          {
               "Name": "Godfrey Way",
               "Location": "51.45070319869968, -0.37904282724292576",
               "Audio": "",
               "AnnounceDistance": 20.0
          },
          {
               "Name": "Simpson Road",
               "Location": "51.4539933229729, -0.37571666895794087",
               "Audio": "",
               "AnnounceDistance": 20.0
          },
          {
               "Name": "Nelson Road",
               "Location": "51.45749566095455, -0.3721377782702843",
               "Audio": "",
               "AnnounceDistance": 20.0
          },
          {
               "Name": "Cromwell Road",
               "Location": "51.45980991678509, -0.36978106726665977",
               "Audio": "",
               "AnnounceDistance": 20.0
          },
          {
               "Name": "Hibernia Road",
               "Location": "51.46207978390311, -0.3674688849059422",
               "Audio": "",
               "AnnounceDistance": 20.0
          },
          {
               "Name": "Bell Road",
               "Location": "51.4647306627527, -0.3647541523868391",
               "Audio": "",
               "AnnounceDistance": 20.0
          },
          {
               "Name": "Grove Road",
               "Location": "51.46651372849303, -0.36300597413994107",
               "Audio": "",
               "AnnounceDistance": 20.0
          },
          {
               "Name": "Treaty Centre",
               "Location": "51.467517498404405, -0.3621206157763458",
               "Audio": "",
               "AnnounceDistance": 20.0
          },
          {
               "Name": "Hounslow High Street",
               "Location": "51.46960439921745, -0.3576689269798172",
               "Audio": "",
               "AnnounceDistance": 20.0
          },
          {
               "Name": "Hounslow Bus Station",
               "Location": "51.47078235450986, -0.3544590095450773",
               "Audio": "",
               "AnnounceDistance": 20.0
          }
     ]
}