{
     "RouteNumber": "110",
     "Destination": "Hammersmith Bus Station",
     "RouteAudio": "",
     "DestinationAudio": "",
     "Stops": [
          {
               "Name": "School Road",
               "Location": "51.470190765084205, -0.35587690792725235",
               "Audio": "",
               "AnnounceDistance": 20.0
          },
          {
               "Name": "Douglas Road",
               "Location": "51.46833164769258, -0.36053653429556665",
               "Audio": "",
               "AnnounceDistance": 20.0
          },
          {
               "Name": "Grove Road",
               "Location": "51.467081917896735, -0.3624817424254994",
               "Audio": "",
               "AnnounceDistance": 20.0
          },
          {
               "Name": "Hibernia Road",
               "Location": "51.46292899211131, -0.3664596692871724",
               "Audio": "",
               "AnnounceDistance": 20.0
          },
          {
               "Name": "Cromwell Road",
               "Location": "51.459985273026305, -0.369458132777978",
               "Audio": "",
               "AnnounceDistance": 20.0
          },
          {
               "Name": "Nelson Road",
               "Location": "51.45786616026601, -0.37162080155367094",
               "Audio": "",
               "AnnounceDistance": 20.0
          },
          {
               "Name": "Simpson Road",
               "Location": "51.45324590963734, -0.3762901186329577",
               "Audio": "",
               "AnnounceDistance": 20.0
          },
          {
               "Name": "Godfrey Way",
               "Location": "51.45030212213662, -0.3793016914851589",
               "Audio": "",
               "AnnounceDistance": 20.0
          },
          {
               "Name": "Chester Avenue",
               "Location": "51.44884000760832, -0.3769644997955017",
               "Audio": "",
               "AnnounceDistance": 20.0
          },
          {
               "Name": "Cheyne Avenue",
               "Location": "51.4475919739634, -0.3738571343854762",
               "Audio": "",
               "AnnounceDistance": 20.0
          },
          {
               "Name": "Longford Road",
               "Location": "51.44522569905663, -0.3679404730016663",
               "Audio": "",
               "AnnounceDistance": 20.0
          },
          {
               "Name": "Whitton Cnr / Health Social Care Ctr",
               "Location": "51.44455522188098, -0.3643524849308102",
               "Audio": "",
               "AnnounceDistance": 20.0
          },
          {
               "Name": "Ryecroft Avenue",
               "Location": "51.44565168711335, -0.3610898703746726",
               "Audio": "",
               "AnnounceDistance": 20.0
          },
          {
               "Name": "Pauline Crescent",
               "Location": "51.447995911002835, -0.35896240453104683",
               "Audio": "",
               "AnnounceDistance": 20.0
          },
          {
               "Name": "Whitton Station",
               "Location": "51.44979038493488, -0.35803456926079064",
               "Audio": "",
               "AnnounceDistance": 20.0
          },
          {
               "Name": "Whitton High Street",
               "Location": "51.45221952049645, -0.35812013228973705",
               "Audio": "",
               "AnnounceDistance": 20.0
          },
          {
               "Name": "The Admiral Nelson / Whitton",
               "Location": "51.4534647195545, -0.3571399271388103",
               "Audio": "",
               "AnnounceDistance": 20.0
          },
          {
               "Name": "Warren Road",
               "Location": "51.45390889932027, -0.35290684433894953",
               "Audio": "",
               "AnnounceDistance": 20.0
          },
          {
               "Name": "Kneller Hall",
               "Location": "51.453813120531464, -0.34801669216542913",
               "Audio": "",
               "AnnounceDistance": 20.0
          },
          {
               "Name": "Tayben Avenue",
               "Location": "51.45423399475456, -0.34215790911776545",
               "Audio": "",
               "AnnounceDistance": 20.0
          },
          {
               "Name": "Twickenham Stadium",
               "Location": "51.45497521048415, -0.33925239336800805",
               "Audio": "",
               "AnnounceDistance": 20.0
          },
          {
               "Name": "Marlow Crescent",
               "Location": "51.45430916210016, -0.33603811288974256",
               "Audio": "",
               "AnnounceDistance": 20.0
          },
          {
               "Name": "Cole Park Road",
               "Location": "51.456335951774086, -0.32932889103874424",
               "Audio": "",
               "AnnounceDistance": 20.0
          },
          {
               "Name": "St Stephens C Of E Primary School",
               "Location": "51.457074688116855, -0.32501250696234335",
               "Audio": "",
               "AnnounceDistance": 20.0
          },
          {
               "Name": "St Margarets Station",
               "Location": "51.455053475045226, -0.31950185835275263",
               "Audio": "",
               "AnnounceDistance": 20.0
          },
          {
               "Name": "Sandycoombe Road",
               "Location": "51.45431023440133, -0.3159596503474002",
               "Audio": "",
               "AnnounceDistance": 20.0
          },
          {
               "Name": "Poplar Court",
               "Location": "51.45480883734774, -0.3124869074069192",
               "Audio": "",
               "AnnounceDistance": 20.0
          },
          {
               "Name": "Cresswell Road",
               "Location": "51.455841686699095, -0.30990114509887207",
               "Audio": "",
               "AnnounceDistance": 20.0
          },
          {
               "Name": "George Street",
               "Location": "51.460713002172746, -0.30474047368024826",
               "Audio": "",
               "AnnounceDistance": 20.0
          },
          {
               "Name": "Richmond Station",
               "Location": "51.462742432293204, -0.30267864968339964",
               "Audio": "",
               "AnnounceDistance": 20.0
          },
          {
               "Name": "Richmond Circus",
               "Location": "51.46538700946397, -0.2971529846764232",
               "Audio": "",
               "AnnounceDistance": 20.0
          },
          {
               "Name": "Sheendale Road",
               "Location": "51.465958843710226, -0.29442508976324105",
               "Audio": "",
               "AnnounceDistance": 20.0
          },
          {
               "Name": "Manor Circus",
               "Location": "51.467140234905465, -0.29033541829512033",
               "Audio": "",
               "AnnounceDistance": 20.0
          },
          {
               "Name": "Gainsborough Road",
               "Location": "51.469104597694326, -0.2881455090788112",
               "Audio": "",
               "AnnounceDistance": 20.0
          },
          {
               "Name": "Dudley Road",
               "Location": "51.4719493801041, -0.28713190773328445",
               "Audio": "",
               "AnnounceDistance": 20.0
          },
          {
               "Name": "Kew Gardens Hotel",
               "Location": "51.4761348136127, -0.2867879314690406",
               "Audio": "",
               "AnnounceDistance": 20.0
          },
          {
               "Name": "Kew Gardens Station",
               "Location": "51.47780816652734, -0.28684043939570947",
               "Audio": "",
               "AnnounceDistance": 20.0
          },
          {
               "Name": "Kew Gardens Road",
               "Location": "51.48081160396069, -0.2886865095891614",
               "Audio": "",
               "AnnounceDistance": 20.0
          },
          {
               "Name": "Mortlake Road",
               "Location": "51.48223152838733, -0.2873947873118236",
               "Audio": "",
               "AnnounceDistance": 20.0
          },
          {
               "Name": "Kew Bridge",
               "Location": "51.48571304242376, -0.28749480289436713",
               "Audio": "",
               "AnnounceDistance": 20.0
          },
          {
               "Name": "Kew Bridge Station",
               "Location": "51.48928963247656, -0.2873319893020053",
               "Audio": "",
               "AnnounceDistance": 20.0
          },
          {
               "Name": "Brentford Fountain Leisure Centre",
               "Location": "51.49082014044793, -0.2843792905572689",
               "Audio": "",
               "AnnounceDistance": 20.0
          },
          {
               "Name": "Thorney Hedge Road",
               "Location": "51.49226372492351, -0.2779580147991369",
               "Audio": "",
               "AnnounceDistance": 20.0
          },
          {
               "Name": "Gunnersbury Station",
               "Location": "51.49243849292261, -0.27577623980218735",
               "Audio": "",
               "AnnounceDistance": 20.0
          },
          {
               "Name": "Chiswick Road",
               "Location": "51.492986126523064, -0.27082892843640616",
               "Audio": "",
               "AnnounceDistance": 20.0
          },
          {
               "Name": "Turnham Green Church",
               "Location": "51.492637457363166, -0.2648783243613032",
               "Audio": "",
               "AnnounceDistance": 20.0
          },
          {
               "Name": "Clifton Gardens",
               "Location": "51.49250667838945, -0.2615124557988131",
               "Audio": "",
               "AnnounceDistance": 20.0
          },
          {
               "Name": "Windmill Road",
               "Location": "51.49260883169941, -0.25809451092449986",
               "Audio": "",
               "AnnounceDistance": 20.0
          },
          {
               "Name": "Chiswick Lane",
               "Location": "51.49284611003219, -0.25409517289648786",
               "Audio": "",
               "AnnounceDistance": 20.0
          },
          {
               "Name": "Stamford Brook Bus Garage",
               "Location": "51.49315210393488, -0.2492864520879687",
               "Audio": "",
               "AnnounceDistance": 20.0
          },
          {
               "Name": "Goldhawk Road / Youngs Corner",
               "Location": "51.493411044381276, -0.24675555465276217",
               "Audio": "",
               "AnnounceDistance": 20.0
          },
          {
               "Name": "Westcroft Square",
               "Location": "51.49353994393668, -0.24335088050753004",
               "Audio": "",
               "AnnounceDistance": 20.0
          },
          {
               "Name": "Ravenscourt Park",
               "Location": "51.49348168167167, -0.23826793651686434",
               "Audio": "",
               "AnnounceDistance": 20.0
          },
          {
               "Name": "Ravenscourt Park Station",
               "Location": "51.49332490623396, -0.23740964598260234",
               "Audio": "",
               "AnnounceDistance": 20.0
          },
          {
               "Name": "Dalling Road",
               "Location": "51.49299162943725, -0.23557860006669973",
               "Audio": "",
               "AnnounceDistance": 20.0
          },
          {
               "Name": "Lamington Street",
               "Location": "51.494504970229315, -0.23157293561255676",
               "Audio": "",
               "AnnounceDistance": 20.0
          },
          {
               "Name": "Iffley Road",
               "Location": "51.494493184651056, -0.2295997757224394",
               "Audio": "",
               "AnnounceDistance": 20.0
          },
          {
               "Name": "Hammersmith Stn / Hc And Circle Lines",
               "Location": "51.493338712085496, -0.22520757812733283",
               "Audio": "",
               "AnnounceDistance": 20.0
          },
          {
               "Name": "Hammersmith Bus Station",
               "Location": "51.49282772765108, -0.22293695801806399",
               "Audio": "",
               "AnnounceDistance": 20.0
          }
     ]
}