{
     "RouteNumber": "111",
     "Destination": "Heathrow Central Bus Station",
     "RouteAudio": "",
     "DestinationAudio": "",
     "Stops": [
          {
               "Name": "Kingston Station",
               "Location": "51.41257156629465, -0.30315682661516025",
               "Audio": "",
               "AnnounceDistance": 20.0
          },
          {
               "Name": "Wood Street",
               "Location": "51.41115008215798, -0.3055964667868439",
               "Audio": "",
               "AnnounceDistance": 20.0
          },
          {
               "Name": "Church Grove / The Kings Field",
               "Location": "51.410645691784964, -0.31302052406186726",
               "Audio": "",
               "AnnounceDistance": 20.0
          },
          {
               "Name": "Park House",
               "Location": "51.40673990020689, -0.33038933672018433",
               "Audio": "",
               "AnnounceDistance": 20.0
          },
          {
               "Name": "Chestnut Avenue",
               "Location": "51.40661814330664, -0.3382729889697698",
               "Audio": "",
               "AnnounceDistance": 20.0
          },
          {
               "Name": "Hampton Court Green",
               "Location": "51.405767715593775, -0.34299099661860916",
               "Audio": "",
               "AnnounceDistance": 20.0
          },
          {
               "Name": "Hampton Lodge",
               "Location": "51.407086682674546, -0.3453301135006751",
               "Audio": "",
               "AnnounceDistance": 20.0
          },
          {
               "Name": "St Albans Riverside",
               "Location": "51.410302665950695, -0.3521160698594932",
               "Audio": "",
               "AnnounceDistance": 20.0
          },
          {
               "Name": "Garrick Villa",
               "Location": "51.41190799897981, -0.35693309304705484",
               "Audio": "",
               "AnnounceDistance": 20.0
          },
          {
               "Name": "Hampton / Thames Street",
               "Location": "51.412826289469926, -0.36214888882751456",
               "Audio": "",
               "AnnounceDistance": 20.0
          },
          {
               "Name": "Hampton Richmond Borough F C",
               "Location": "51.414694214877635, -0.3658354765564008",
               "Audio": "",
               "AnnounceDistance": 20.0
          },
          {
               "Name": "Hampton Station",
               "Location": "51.41567023366836, -0.37199885022842966",
               "Audio": "",
               "AnnounceDistance": 20.0
          },
          {
               "Name": "Priory Road",
               "Location": "51.41884674812441, -0.37410081190295735",
               "Audio": "",
               "AnnounceDistance": 20.0
          },
          {
               "Name": "Holly Bush Lane",
               "Location": "51.42128065763762, -0.3751794421415637",
               "Audio": "",
               "AnnounceDistance": 20.0
          },
          {
               "Name": "Courtlands Avenue",
               "Location": "51.42303127247908, -0.37626801703324014",
               "Audio": "",
               "AnnounceDistance": 20.0
          },
          {
               "Name": "Nurserylands Shopping Centre",
               "Location": "51.42548336747839, -0.3767133160216643",
               "Audio": "",
               "AnnounceDistance": 20.0
          },
          {
               "Name": "Acacia Road",
               "Location": "51.4259220916393, -0.37203731159501496",
               "Audio": "",
               "AnnounceDistance": 20.0
          },
          {
               "Name": "Hampton School",
               "Location": "51.42831925808166, -0.3737070757563588",
               "Audio": "",
               "AnnounceDistance": 20.0
          },
          {
               "Name": "Garden Close",
               "Location": "51.429497801173596, -0.3763408900492836",
               "Audio": "",
               "AnnounceDistance": 20.0
          },
          {
               "Name": "Garden Court",
               "Location": "51.4311556703804, -0.37852630149309774",
               "Audio": "",
               "AnnounceDistance": 20.0
          },
          {
               "Name": "Hampton Lane",
               "Location": "51.43294782840899, -0.38392965868112433",
               "Audio": "",
               "AnnounceDistance": 20.0
          },
          {
               "Name": "Swan Close",
               "Location": "51.433036420548454, -0.3864441439464474",
               "Audio": "",
               "AnnounceDistance": 20.0
          },
          {
               "Name": "New Close",
               "Location": "51.43100220714013, -0.38891821915645547",
               "Audio": "",
               "AnnounceDistance": 20.0
          },
          {
               "Name": "Green Lane",
               "Location": "51.430799826201095, -0.3905509149743074",
               "Audio": "",
               "AnnounceDistance": 20.0
          },
          {
               "Name": "Bear Road Flyover",
               "Location": "51.4327645228675, -0.392179453735914",
               "Audio": "",
               "AnnounceDistance": 20.0
          },
          {
               "Name": "Park Road",
               "Location": "51.43606580219291, -0.3916031584259515",
               "Audio": "",
               "AnnounceDistance": 20.0
          },
          {
               "Name": "Uxbridge Road",
               "Location": "51.43996167410019, -0.3897972456001117",
               "Audio": "",
               "AnnounceDistance": 20.0
          },
          {
               "Name": "Little Park Drive",
               "Location": "51.442643232181595, -0.38731430406629846",
               "Audio": "",
               "AnnounceDistance": 20.0
          },
          {
               "Name": "Pevensey Road",
               "Location": "51.44424147323398, -0.3858334083955087",
               "Audio": "",
               "AnnounceDistance": 20.0
          },
          {
               "Name": "Ellerman Avenue",
               "Location": "51.4472274021352, -0.38260531479174315",
               "Audio": "",
               "AnnounceDistance": 20.0
          },
          {
               "Name": "Godfrey Way",
               "Location": "51.45070319869968, -0.37904282724292576",
               "Audio": "",
               "AnnounceDistance": 20.0
          },
          {
               "Name": "Simpson Road",
               "Location": "51.4539933229729, -0.37571666895794087",
               "Audio": "",
               "AnnounceDistance": 20.0
          },
          {
               "Name": "Nelson Road",
               "Location": "51.45749566095455, -0.3721377782702843",
               "Audio": "",
               "AnnounceDistance": 20.0
          },
          {
               "Name": "Cromwell Road",
               "Location": "51.45980991678509, -0.36978106726665977",
               "Audio": "",
               "AnnounceDistance": 20.0
          },
          {
               "Name": "Hibernia Road",
               "Location": "51.46207978390311, -0.3674688849059422",
               "Audio": "",
               "AnnounceDistance": 20.0
          },
          {
               "Name": "Bell Road",
               "Location": "51.4647306627527, -0.3647541523868391",
               "Audio": "",
               "AnnounceDistance": 20.0
          },
          {
               "Name": "Grove Road",
               "Location": "51.46651372849303, -0.36300597413994107",
               "Audio": "",
               "AnnounceDistance": 20.0
          },
          {
               "Name": "Treaty Centre",
               "Location": "51.467517498404405, -0.3621206157763458",
               "Audio": "",
               "AnnounceDistance": 20.0
          },
          {
               "Name": "Hounslow High Street",
               "Location": "51.46960439921745, -0.3576689269798172",
               "Audio": "",
               "AnnounceDistance": 20.0
          },
          {
               "Name": "Hounslow Bus Station",
               "Location": "51.47039526490887, -0.35571117720597967",
               "Audio": "",
               "AnnounceDistance": 20.0
          },
          {
               "Name": "Hounslow East Station",
               "Location": "51.47293677540473, -0.35675731970820507",
               "Audio": "",
               "AnnounceDistance": 20.0
          },
          {
               "Name": "Denbigh Road",
               "Location": "51.475953120012335, -0.360248905431218",
               "Audio": "",
               "AnnounceDistance": 20.0
          },
          {
               "Name": "Great West Road",
               "Location": "51.47843350749087, -0.3640049367246059",
               "Audio": "",
               "AnnounceDistance": 20.0
          },
          {
               "Name": "Sutton Road",
               "Location": "51.480237743539945, -0.36506367594579825",
               "Audio": "",
               "AnnounceDistance": 20.0
          },
          {
               "Name": "Hogarth Gardens",
               "Location": "51.4825875191208, -0.3678456394217143",
               "Audio": "",
               "AnnounceDistance": 20.0
          },
          {
               "Name": "St Leonards Church",
               "Location": "51.48425097821362, -0.372366243399831",
               "Audio": "",
               "AnnounceDistance": 20.0
          },
          {
               "Name": "New Heston Road",
               "Location": "51.48495233955404, -0.3775550518150104",
               "Audio": "",
               "AnnounceDistance": 20.0
          },
          {
               "Name": "Cranford Lane",
               "Location": "51.48420597217641, -0.3808076925866694",
               "Audio": "",
               "AnnounceDistance": 20.0
          },
          {
               "Name": "Heston Health Centre",
               "Location": "51.48335897644143, -0.3826379655779092",
               "Audio": "",
               "AnnounceDistance": 20.0
          },
          {
               "Name": "Somerset Waye",
               "Location": "51.48378430838324, -0.3874044893042615",
               "Audio": "",
               "AnnounceDistance": 20.0
          },
          {
               "Name": "Northfield Road",
               "Location": "51.484303668320685, -0.3924846466569924",
               "Audio": "",
               "AnnounceDistance": 20.0
          },
          {
               "Name": "Harlech Gardens",
               "Location": "51.48504953300359, -0.39836352814301124",
               "Audio": "",
               "AnnounceDistance": 20.0
          },
          {
               "Name": "Cranford Lane / Redwood Estate",
               "Location": "51.48498167907416, -0.40393974051512543",
               "Audio": "",
               "AnnounceDistance": 20.0
          },
          {
               "Name": "Quinton Close",
               "Location": "51.48474238539834, -0.4061804969251568",
               "Audio": "",
               "AnnounceDistance": 20.0
          },
          {
               "Name": "The Parkway",
               "Location": "51.483345938679705, -0.408634339588307",
               "Audio": "",
               "AnnounceDistance": 20.0
          },
          {
               "Name": "The Avenue",
               "Location": "51.48019581206769, -0.41041451465049184",
               "Audio": "",
               "AnnounceDistance": 20.0
          },
          {
               "Name": "Waye Avenue",
               "Location": "51.48047371337247, -0.41433639066747247",
               "Audio": "",
               "AnnounceDistance": 20.0
          },
          {
               "Name": "Craneswater",
               "Location": "51.48100172877786, -0.4208131077094903",
               "Audio": "",
               "AnnounceDistance": 20.0
          },
          {
               "Name": "Oxford Avenue",
               "Location": "51.48066432487695, -0.42514514517541824",
               "Audio": "",
               "AnnounceDistance": 20.0
          },
          {
               "Name": "Harlington Corner",
               "Location": "51.48059920086091, -0.4357323054767577",
               "Audio": "",
               "AnnounceDistance": 20.0
          },
          {
               "Name": "Mondial Way",
               "Location": "51.48093171273287, -0.4445057455221344",
               "Audio": "",
               "AnnounceDistance": 20.0
          },
          {
               "Name": "Nene Road",
               "Location": "51.481055140140036, -0.44771305141672535",
               "Audio": "",
               "AnnounceDistance": 20.0
          },
          {
               "Name": "Heathrow Central Bus Station",
               "Location": "51.47154280953402, -0.45258579308134717",
               "Audio": "",
               "AnnounceDistance": 20.0
          }
     ]
}