{
     "RouteNumber": "112",
     "Destination": "Haven Grn / Ealing Broadway Stn",
     "RouteAudio": "",
     "DestinationAudio": "",
     "Stops": [
          {
               "Name": "North Finchley Bus Station",
               "Location": "51.6132506773864, -0.1758602001787185",
               "Audio": "",
               "AnnounceDistance": 20.0
          },
          {
               "Name": "Christchurch Avenue",
               "Location": "51.61100513014518, -0.17544471792629615",
               "Audio": "",
               "AnnounceDistance": 20.0
          },
          {
               "Name": "Granville Road",
               "Location": "51.608093889636294, -0.17501264347016127",
               "Audio": "",
               "AnnounceDistance": 20.0
          },
          {
               "Name": "Leisure Way",
               "Location": "51.605529304334546, -0.17489886341182978",
               "Audio": "",
               "AnnounceDistance": 20.0
          },
          {
               "Name": "Squires Lane",
               "Location": "51.60211930644075, -0.17362046315614085",
               "Audio": "",
               "AnnounceDistance": 20.0
          },
          {
               "Name": "Long Lane",
               "Location": "51.59761860090122, -0.17853691412315023",
               "Audio": "",
               "AnnounceDistance": 20.0
          },
          {
               "Name": "East End Road",
               "Location": "51.593462726748115, -0.18599403129006914",
               "Audio": "",
               "AnnounceDistance": 20.0
          },
          {
               "Name": "Beechwood Drive",
               "Location": "51.58980308237584, -0.19358888209663716",
               "Audio": "",
               "AnnounceDistance": 20.0
          },
          {
               "Name": "Henlys Corner",
               "Location": "51.589568495974326, -0.1982177366691928",
               "Audio": "",
               "AnnounceDistance": 20.0
          },
          {
               "Name": "Southbourne Crescent",
               "Location": "51.58774791717928, -0.20793267947288918",
               "Audio": "",
               "AnnounceDistance": 20.0
          },
          {
               "Name": "Bridge Lane",
               "Location": "51.58599206440312, -0.20954630565570137",
               "Audio": "",
               "AnnounceDistance": 20.0
          },
          {
               "Name": "Golders Green Road",
               "Location": "51.580150028216664, -0.21269140742526588",
               "Audio": "",
               "AnnounceDistance": 20.0
          },
          {
               "Name": "Brent Cross Station",
               "Location": "51.57784854669718, -0.21568259878422155",
               "Audio": "",
               "AnnounceDistance": 20.0
          },
          {
               "Name": "Prince Charles Drive",
               "Location": "51.57689697713377, -0.2199340201033732",
               "Audio": "",
               "AnnounceDistance": 20.0
          },
          {
               "Name": "Brent Cross Shopping Centre",
               "Location": "51.57589052713323, -0.2229462733903144",
               "Audio": "",
               "AnnounceDistance": 20.0
          },
          {
               "Name": "Tilling Road",
               "Location": "51.572665773640665, -0.22555411350406607",
               "Audio": "",
               "AnnounceDistance": 20.0
          },
          {
               "Name": "Staples Corner",
               "Location": "51.570339660490994, -0.23349457356871917",
               "Audio": "",
               "AnnounceDistance": 20.0
          },
          {
               "Name": "Waterloo Road",
               "Location": "51.569773769035685, -0.23712394559289077",
               "Audio": "",
               "AnnounceDistance": 20.0
          },
          {
               "Name": "Brook Road",
               "Location": "51.56788757048659, -0.2426655494867744",
               "Audio": "",
               "AnnounceDistance": 20.0
          },
          {
               "Name": "Heather Road",
               "Location": "51.56661953277839, -0.24626390922700356",
               "Audio": "",
               "AnnounceDistance": 20.0
          },
          {
               "Name": "Randall Avenue",
               "Location": "51.565154740231186, -0.2499417622604144",
               "Audio": "",
               "AnnounceDistance": 20.0
          },
          {
               "Name": "Neasden Shopping Centre",
               "Location": "51.561077722060894, -0.25272398855346095",
               "Audio": "",
               "AnnounceDistance": 20.0
          },
          {
               "Name": "Village Way",
               "Location": "51.55674890199215, -0.2530918426247676",
               "Audio": "",
               "AnnounceDistance": 20.0
          },
          {
               "Name": "Woodheyes Road",
               "Location": "51.55224749508146, -0.25757711271788064",
               "Audio": "",
               "AnnounceDistance": 20.0
          },
          {
               "Name": "Brentfield Road",
               "Location": "51.55104744602822, -0.26154623120889847",
               "Audio": "",
               "AnnounceDistance": 20.0
          },
          {
               "Name": "Normansmead",
               "Location": "51.549633206969965, -0.26259535036497994",
               "Audio": "",
               "AnnounceDistance": 20.0
          },
          {
               "Name": "Conduit Way",
               "Location": "51.54756687578951, -0.26515476301081836",
               "Audio": "",
               "AnnounceDistance": 20.0
          },
          {
               "Name": "Harrow Road",
               "Location": "51.54501184840454, -0.27116489972369173",
               "Audio": "",
               "AnnounceDistance": 20.0
          },
          {
               "Name": "Point Place",
               "Location": "51.54508790810489, -0.2738877496561287",
               "Audio": "",
               "AnnounceDistance": 20.0
          },
          {
               "Name": "Stonebridge Park Station",
               "Location": "51.544027024679345, -0.275124881134866",
               "Audio": "",
               "AnnounceDistance": 20.0
          },
          {
               "Name": "Beresford Avenue",
               "Location": "51.54066750323191, -0.27781874585271665",
               "Audio": "",
               "AnnounceDistance": 20.0
          },
          {
               "Name": "Abbey Road",
               "Location": "51.53869843100244, -0.2790610802566156",
               "Audio": "",
               "AnnounceDistance": 20.0
          },
          {
               "Name": "Iveagh Avenue",
               "Location": "51.53709476070626, -0.2837645896274535",
               "Audio": "",
               "AnnounceDistance": 20.0
          },
          {
               "Name": "Brentmead Gardens",
               "Location": "51.535531935612376, -0.2869666750660075",
               "Audio": "",
               "AnnounceDistance": 20.0
          },
          {
               "Name": "Park Avenue",
               "Location": "51.53336959464916, -0.2903784376100123",
               "Audio": "",
               "AnnounceDistance": 20.0
          },
          {
               "Name": "Hanger Lane Station",
               "Location": "51.530585495592355, -0.2924723140790091",
               "Audio": "",
               "AnnounceDistance": 20.0
          },
          {
               "Name": "Ashbourne Road",
               "Location": "51.52915376893662, -0.2923384612275794",
               "Audio": "",
               "AnnounceDistance": 20.0
          },
          {
               "Name": "Hillcrest Road",
               "Location": "51.52398512772517, -0.2918543083523657",
               "Audio": "",
               "AnnounceDistance": 20.0
          },
          {
               "Name": "Audley Road",
               "Location": "51.520498390057995, -0.29139379040993907",
               "Audio": "",
               "AnnounceDistance": 20.0
          },
          {
               "Name": "North Ealing Station",
               "Location": "51.51763660913854, -0.29124144636134436",
               "Audio": "",
               "AnnounceDistance": 20.0
          },
          {
               "Name": "Westbury Road",
               "Location": "51.51605187623557, -0.2985214890799225",
               "Audio": "",
               "AnnounceDistance": 20.0
          },
          {
               "Name": "Haven Grn / Ealing Broadway Stn",
               "Location": "51.51517871290584, -0.3034254038298024",
               "Audio": "",
               "AnnounceDistance": 20.0
          }
     ]
}