{
     "RouteNumber": "114",
     "Destination": "Ruislip Station",
     "RouteAudio": "",
     "DestinationAudio": "",
     "Stops": [
          {
               "Name": "Mill Hill Broadway Station",
               "Location": "51.61330334752852, -0.2490004545924197",
               "Audio": "",
               "AnnounceDistance": 20.0
          },
          {
               "Name": "Lyndhurst Avenue",
               "Location": "51.610610880385536, -0.2493495843738281",
               "Audio": "",
               "AnnounceDistance": 20.0
          },
          {
               "Name": "Eversfield Gardens",
               "Location": "51.60910480581524, -0.2508661835817942",
               "Audio": "",
               "AnnounceDistance": 20.0
          },
          {
               "Name": "Goldbeaters Grove",
               "Location": "51.60745409364689, -0.25293701823602743",
               "Audio": "",
               "AnnounceDistance": 20.0
          },
          {
               "Name": "Burnt Oak Leisure Centre",
               "Location": "51.60500933244352, -0.2572475988617271",
               "Audio": "",
               "AnnounceDistance": 20.0
          },
          {
               "Name": "Gunter Grove",
               "Location": "51.604137815647356, -0.2603279351073172",
               "Audio": "",
               "AnnounceDistance": 20.0
          },
          {
               "Name": "Burnt Oak Station",
               "Location": "51.60203578136279, -0.2647258098895022",
               "Audio": "",
               "AnnounceDistance": 20.0
          },
          {
               "Name": "Oak Gardens",
               "Location": "51.59990734776761, -0.26795469867504035",
               "Audio": "",
               "AnnounceDistance": 20.0
          },
          {
               "Name": "The Highlands",
               "Location": "51.598506022493524, -0.27232521268761295",
               "Audio": "",
               "AnnounceDistance": 20.0
          },
          {
               "Name": "The Parade",
               "Location": "51.59790221115794, -0.27835458181732564",
               "Audio": "",
               "AnnounceDistance": 20.0
          },
          {
               "Name": "Turner Road",
               "Location": "51.596505753433426, -0.2861606688150645",
               "Audio": "",
               "AnnounceDistance": 20.0
          },
          {
               "Name": "Queensbury Station",
               "Location": "51.594735949515915, -0.2850434039017277",
               "Audio": "",
               "AnnounceDistance": 20.0
          },
          {
               "Name": "The Honeypot",
               "Location": "51.59397411799022, -0.2913812088250832",
               "Audio": "",
               "AnnounceDistance": 20.0
          },
          {
               "Name": "Honeypot Lane",
               "Location": "51.59564536721118, -0.29562097222716543",
               "Audio": "",
               "AnnounceDistance": 20.0
          },
          {
               "Name": "Kenmore Road",
               "Location": "51.5950018973973, -0.3014778633310044",
               "Audio": "",
               "AnnounceDistance": 20.0
          },
          {
               "Name": "Morley Crescent West",
               "Location": "51.594451681889566, -0.3050933135937766",
               "Audio": "",
               "AnnounceDistance": 20.0
          },
          {
               "Name": "Kenton Library",
               "Location": "51.59256124412316, -0.3105630581421725",
               "Audio": "",
               "AnnounceDistance": 20.0
          },
          {
               "Name": "Hunters Grove",
               "Location": "51.59005811971885, -0.3084616396654375",
               "Audio": "",
               "AnnounceDistance": 20.0
          },
          {
               "Name": "Woodcock Hill / Kenton Lane",
               "Location": "51.58620427455357, -0.30747885231573696",
               "Audio": "",
               "AnnounceDistance": 20.0
          },
          {
               "Name": "St Leonards Avenue",
               "Location": "51.58499591603895, -0.31098801959410977",
               "Audio": "",
               "AnnounceDistance": 20.0
          },
          {
               "Name": "Upton Gardens",
               "Location": "51.58333828575048, -0.3145280562685468",
               "Audio": "",
               "AnnounceDistance": 20.0
          },
          {
               "Name": "Kenton Station",
               "Location": "51.5810856204234, -0.31859496293471945",
               "Audio": "",
               "AnnounceDistance": 20.0
          },
          {
               "Name": "Northwick Avenue",
               "Location": "51.57955852810393, -0.3224759893051073",
               "Audio": "",
               "AnnounceDistance": 20.0
          },
          {
               "Name": "Harrow High School",
               "Location": "51.57943532630434, -0.32770514639624515",
               "Audio": "",
               "AnnounceDistance": 20.0
          },
          {
               "Name": "Gayton Road",
               "Location": "51.581045682645026, -0.32965224192884857",
               "Audio": "",
               "AnnounceDistance": 20.0
          },
          {
               "Name": "Harrow Town Centre / St Johns Road",
               "Location": "51.58228000036016, -0.3323493565386107",
               "Audio": "",
               "AnnounceDistance": 20.0
          },
          {
               "Name": "Harrow Town Centre",
               "Location": "51.580710515282405, -0.33390784676053537",
               "Audio": "",
               "AnnounceDistance": 20.0
          },
          {
               "Name": "Harrow Bus Station",
               "Location": "51.580043264921386, -0.3375837546108035",
               "Audio": "",
               "AnnounceDistance": 20.0
          },
          {
               "Name": "Lascelles Avenue",
               "Location": "51.57671683171209, -0.34526737053987216",
               "Audio": "",
               "AnnounceDistance": 20.0
          },
          {
               "Name": "Whitmore Road",
               "Location": "51.57467236832731, -0.3501471739761724",
               "Audio": "",
               "AnnounceDistance": 20.0
          },
          {
               "Name": "Porlock Avenue",
               "Location": "51.571872795093064, -0.3531345737419052",
               "Audio": "",
               "AnnounceDistance": 20.0
          },
          {
               "Name": "Dudley Road",
               "Location": "51.57009118007002, -0.3498512762152849",
               "Audio": "",
               "AnnounceDistance": 20.0
          },
          {
               "Name": "Grange Road",
               "Location": "51.568242751384524, -0.3482155705260406",
               "Audio": "",
               "AnnounceDistance": 20.0
          },
          {
               "Name": "South Harrow Station",
               "Location": "51.56462430339474, -0.35307905201890444",
               "Audio": "",
               "AnnounceDistance": 20.0
          },
          {
               "Name": "Corbins Lane",
               "Location": "51.56495452026815, -0.3599637117505921",
               "Audio": "",
               "AnnounceDistance": 20.0
          },
          {
               "Name": "Alexandra Avenue",
               "Location": "51.56417287256427, -0.36452214988377235",
               "Audio": "",
               "AnnounceDistance": 20.0
          },
          {
               "Name": "Kings Road",
               "Location": "51.56200663013902, -0.3716979800424475",
               "Audio": "",
               "AnnounceDistance": 20.0
          },
          {
               "Name": "Holyrood Avenue",
               "Location": "51.5596010297157, -0.3798049127474244",
               "Audio": "",
               "AnnounceDistance": 20.0
          },
          {
               "Name": "Stonefield Way",
               "Location": "51.55833068091754, -0.3841922436898968",
               "Audio": "",
               "AnnounceDistance": 20.0
          },
          {
               "Name": "Civic Way",
               "Location": "51.55662185992191, -0.3894026410387633",
               "Audio": "",
               "AnnounceDistance": 20.0
          },
          {
               "Name": "South Ruislip Station",
               "Location": "51.55811646339011, -0.39676470161697786",
               "Audio": "",
               "AnnounceDistance": 20.0
          },
          {
               "Name": "West Mead",
               "Location": "51.56039189620725, -0.4000893402636707",
               "Audio": "",
               "AnnounceDistance": 20.0
          },
          {
               "Name": "Torcross Road",
               "Location": "51.563272009050216, -0.40424434628458067",
               "Audio": "",
               "AnnounceDistance": 20.0
          },
          {
               "Name": "Torrington Road",
               "Location": "51.56808418641516, -0.4089817065527939",
               "Audio": "",
               "AnnounceDistance": 20.0
          },
          {
               "Name": "Cornwall Road",
               "Location": "51.571097079504135, -0.4116759213204256",
               "Audio": "",
               "AnnounceDistance": 20.0
          },
          {
               "Name": "Ruislip Manor Station",
               "Location": "51.5731664174029, -0.4130901410770665",
               "Audio": "",
               "AnnounceDistance": 20.0
          },
          {
               "Name": "Ruislip Station",
               "Location": "51.57205455102755, -0.4213251924471829",
               "Audio": "",
               "AnnounceDistance": 20.0
          }
     ]
}