{
     "RouteNumber": "114",
     "Destination": "Mill Hill Broadway Station",
     "RouteAudio": "",
     "DestinationAudio": "",
     "Stops": [
          {
               "Name": "Ruislip Station",
               "Location": "51.57202092736547, -0.421499518979647",
               "Audio": "",
               "AnnounceDistance": 20.0
          },
          {
               "Name": "Ruislip Manor Station",
               "Location": "51.57273696385987, -0.41258560189043236",
               "Audio": "",
               "AnnounceDistance": 20.0
          },
          {
               "Name": "Cornwall Road",
               "Location": "51.57012932710289, -0.4105985717279774",
               "Audio": "",
               "AnnounceDistance": 20.0
          },
          {
               "Name": "Torrington Road",
               "Location": "51.567060917287776, -0.407790994087404",
               "Audio": "",
               "AnnounceDistance": 20.0
          },
          {
               "Name": "Torcross Road",
               "Location": "51.5627361966795, -0.403195486732366",
               "Audio": "",
               "AnnounceDistance": 20.0
          },
          {
               "Name": "Angus Drive",
               "Location": "51.55959710744364, -0.39851591728441454",
               "Audio": "",
               "AnnounceDistance": 20.0
          },
          {
               "Name": "South Ruislip Station",
               "Location": "51.55729703353176, -0.3953653873080333",
               "Audio": "",
               "AnnounceDistance": 20.0
          },
          {
               "Name": "Queens Walk",
               "Location": "51.557079131287885, -0.38865079004688236",
               "Audio": "",
               "AnnounceDistance": 20.0
          },
          {
               "Name": "Stonefield Way",
               "Location": "51.55832804562243, -0.3846539649350297",
               "Audio": "",
               "AnnounceDistance": 20.0
          },
          {
               "Name": "Holyrood Avenue",
               "Location": "51.560054254121255, -0.3787645301808383",
               "Audio": "",
               "AnnounceDistance": 20.0
          },
          {
               "Name": "Kings Road",
               "Location": "51.56225468477806, -0.37142943157488945",
               "Audio": "",
               "AnnounceDistance": 20.0
          },
          {
               "Name": "Alexandra Avenue",
               "Location": "51.56368768892278, -0.3664872828688664",
               "Audio": "",
               "AnnounceDistance": 20.0
          },
          {
               "Name": "Corbins Lane",
               "Location": "51.56509283982793, -0.3608532742679155",
               "Audio": "",
               "AnnounceDistance": 20.0
          },
          {
               "Name": "South Harrow Station",
               "Location": "51.56456928148147, -0.3536437279369797",
               "Audio": "",
               "AnnounceDistance": 20.0
          },
          {
               "Name": "Grange Road",
               "Location": "51.56852832517243, -0.3480609292302456",
               "Audio": "",
               "AnnounceDistance": 20.0
          },
          {
               "Name": "Dudley Road",
               "Location": "51.57043831903362, -0.35087764966954105",
               "Audio": "",
               "AnnounceDistance": 20.0
          },
          {
               "Name": "Shaftesbury Avenue",
               "Location": "51.57269985995228, -0.35311911487110864",
               "Audio": "",
               "AnnounceDistance": 20.0
          },
          {
               "Name": "Treve Avenue",
               "Location": "51.575712823284526, -0.3486807887106373",
               "Audio": "",
               "AnnounceDistance": 20.0
          },
          {
               "Name": "Lascelles Avenue",
               "Location": "51.57733317873629, -0.34370076689142365",
               "Audio": "",
               "AnnounceDistance": 20.0
          },
          {
               "Name": "St Georges Centre",
               "Location": "51.58103189019861, -0.33945285238227196",
               "Audio": "",
               "AnnounceDistance": 20.0
          },
          {
               "Name": "Harrow Bus Station",
               "Location": "51.57998443830964, -0.33787455734656285",
               "Audio": "",
               "AnnounceDistance": 20.0
          },
          {
               "Name": "Harrow Town Centre",
               "Location": "51.58079324609505, -0.3340347187435759",
               "Audio": "",
               "AnnounceDistance": 20.0
          },
          {
               "Name": "Harrow Town Centre / Sheepcote Road",
               "Location": "51.581742622543814, -0.33313399746198186",
               "Audio": "",
               "AnnounceDistance": 20.0
          },
          {
               "Name": "Sheepcote Road",
               "Location": "51.58172857309139, -0.3302478376259423",
               "Audio": "",
               "AnnounceDistance": 20.0
          },
          {
               "Name": "Harrow High School",
               "Location": "51.57926697288254, -0.32724948296518225",
               "Audio": "",
               "AnnounceDistance": 20.0
          },
          {
               "Name": "Northwick Avenue",
               "Location": "51.57984934110917, -0.32206116290065523",
               "Audio": "",
               "AnnounceDistance": 20.0
          },
          {
               "Name": "Kenton Station",
               "Location": "51.58143303126701, -0.3183656407855132",
               "Audio": "",
               "AnnounceDistance": 20.0
          },
          {
               "Name": "Carlton Avenue",
               "Location": "51.58299452795394, -0.31563774430368285",
               "Audio": "",
               "AnnounceDistance": 20.0
          },
          {
               "Name": "Odeon Parade / Upton Gardens",
               "Location": "51.58414875760442, -0.31335776794738407",
               "Audio": "",
               "AnnounceDistance": 20.0
          },
          {
               "Name": "St Leonards Avenue",
               "Location": "51.58556348339698, -0.30981220347231586",
               "Audio": "",
               "AnnounceDistance": 20.0
          },
          {
               "Name": "Kenton Road",
               "Location": "51.587181612894035, -0.30728374693164373",
               "Audio": "",
               "AnnounceDistance": 20.0
          },
          {
               "Name": "Hunters Grove",
               "Location": "51.59073732361233, -0.30941807714601",
               "Audio": "",
               "AnnounceDistance": 20.0
          },
          {
               "Name": "Kenton Library",
               "Location": "51.593125581598656, -0.3104121873414667",
               "Audio": "",
               "AnnounceDistance": 20.0
          },
          {
               "Name": "Morley Crescent West",
               "Location": "51.59467389093716, -0.3042909785535618",
               "Audio": "",
               "AnnounceDistance": 20.0
          },
          {
               "Name": "Portland Crescent",
               "Location": "51.59556831093121, -0.29836704193218655",
               "Audio": "",
               "AnnounceDistance": 20.0
          },
          {
               "Name": "Queensbury Circle",
               "Location": "51.59497078162767, -0.29313407565124683",
               "Audio": "",
               "AnnounceDistance": 20.0
          },
          {
               "Name": "The Honeypot",
               "Location": "51.59340761092148, -0.2901464347735375",
               "Audio": "",
               "AnnounceDistance": 20.0
          },
          {
               "Name": "Queensbury Station",
               "Location": "51.59445404803779, -0.28544383353409547",
               "Audio": "",
               "AnnounceDistance": 20.0
          },
          {
               "Name": "Turner Road",
               "Location": "51.59666225660433, -0.28579382307706747",
               "Audio": "",
               "AnnounceDistance": 20.0
          },
          {
               "Name": "The Parade / Cotman Gardens",
               "Location": "51.59784385584161, -0.2792808570613387",
               "Audio": "",
               "AnnounceDistance": 20.0
          },
          {
               "Name": "The Highlands",
               "Location": "51.59873509388243, -0.2732261679759757",
               "Audio": "",
               "AnnounceDistance": 20.0
          },
          {
               "Name": "Watling Avenue",
               "Location": "51.60113760813739, -0.2666227615996592",
               "Audio": "",
               "AnnounceDistance": 20.0
          },
          {
               "Name": "Burnt Oak Station",
               "Location": "51.602565195998004, -0.26404138345368877",
               "Audio": "",
               "AnnounceDistance": 20.0
          },
          {
               "Name": "Gunter Grove",
               "Location": "51.604338744343764, -0.2599303575220792",
               "Audio": "",
               "AnnounceDistance": 20.0
          },
          {
               "Name": "Burnt Oak Leisure Centre",
               "Location": "51.60569811230045, -0.25639808251485563",
               "Audio": "",
               "AnnounceDistance": 20.0
          },
          {
               "Name": "Goldbeaters Grove",
               "Location": "51.60809575614354, -0.25194478054591424",
               "Audio": "",
               "AnnounceDistance": 20.0
          },
          {
               "Name": "Woodcroft Avenue",
               "Location": "51.61053563798181, -0.2479226564990111",
               "Audio": "",
               "AnnounceDistance": 20.0
          },
          {
               "Name": "Mill Hill Broadway Station",
               "Location": "51.61330334752852, -0.2490004545924197",
               "Audio": "",
               "AnnounceDistance": 20.0
          }
     ]
}