{
     "RouteNumber": "115",
     "Destination": "East Ham / Central Park",
     "RouteAudio": "",
     "DestinationAudio": "",
     "Stops": [
          {
               "Name": "Aldgate Bus Station",
               "Location": "51.51386930281399, -0.07530094856510183",
               "Audio": "",
               "AnnounceDistance": 20.0
          },
          {
               "Name": "Aldgate East Station",
               "Location": "51.51531486091104, -0.07023876546550367",
               "Audio": "",
               "AnnounceDistance": 20.0
          },
          {
               "Name": "Henriques Street",
               "Location": "51.51494931493669, -0.06660779984883877",
               "Audio": "",
               "AnnounceDistance": 20.0
          },
          {
               "Name": "New Road",
               "Location": "51.51483950211493, -0.06267778774390706",
               "Audio": "",
               "AnnounceDistance": 20.0
          },
          {
               "Name": "Watney Market",
               "Location": "51.514469040135474, -0.056049309524725595",
               "Audio": "",
               "AnnounceDistance": 20.0
          },
          {
               "Name": "St Marys St Michaels Church",
               "Location": "51.514182737024655, -0.05234307533018631",
               "Audio": "",
               "AnnounceDistance": 20.0
          },
          {
               "Name": "Arbour Square",
               "Location": "51.513489419646504, -0.04796249023764641",
               "Audio": "",
               "AnnounceDistance": 20.0
          },
          {
               "Name": "Stepney Methodist Church",
               "Location": "51.513291662344905, -0.044728193239373715",
               "Audio": "",
               "AnnounceDistance": 20.0
          },
          {
               "Name": "Limehouse Station",
               "Location": "51.51286427885797, -0.04013462208571961",
               "Audio": "",
               "AnnounceDistance": 20.0
          },
          {
               "Name": "Lowell Street",
               "Location": "51.512593700482256, -0.034712902364927245",
               "Audio": "",
               "AnnounceDistance": 20.0
          },
          {
               "Name": "Salmon Lane",
               "Location": "51.512467378530225, -0.03254212843452436",
               "Audio": "",
               "AnnounceDistance": 20.0
          },
          {
               "Name": "Burdett Road",
               "Location": "51.51245009574443, -0.029905478711346314",
               "Audio": "",
               "AnnounceDistance": 20.0
          },
          {
               "Name": "University Of Cumbria In London",
               "Location": "51.511449219524806, -0.024933394789497104",
               "Audio": "",
               "AnnounceDistance": 20.0
          },
          {
               "Name": "Upper North Street",
               "Location": "51.51097177516047, -0.021682625628784355",
               "Audio": "",
               "AnnounceDistance": 20.0
          },
          {
               "Name": "Poplar Recreation Grd / Poplar Stn",
               "Location": "51.51102415774355, -0.017861292009738083",
               "Audio": "",
               "AnnounceDistance": 20.0
          },
          {
               "Name": "Chrisp Street Market / All Saints Dlr",
               "Location": "51.51119013437785, -0.014914116522093653",
               "Audio": "",
               "AnnounceDistance": 20.0
          },
          {
               "Name": "Bazely Street",
               "Location": "51.511357210130626, -0.011505696654184045",
               "Audio": "",
               "AnnounceDistance": 20.0
          },
          {
               "Name": "Brunswick Road",
               "Location": "51.511855414129855, -0.0058922044189587755",
               "Audio": "",
               "AnnounceDistance": 20.0
          },
          {
               "Name": "Nutmeg Lane",
               "Location": "51.51223398107464, -0.003829171652436866",
               "Audio": "",
               "AnnounceDistance": 20.0
          },
          {
               "Name": "Abbott Road",
               "Location": "51.51280691779099, -0.0010369897890129477",
               "Audio": "",
               "AnnounceDistance": 20.0
          },
          {
               "Name": "Stephenson Street",
               "Location": "51.51516593406353, 0.005638580404041714",
               "Audio": "",
               "AnnounceDistance": 20.0
          },
          {
               "Name": "Canning Town Bus Station",
               "Location": "51.51449685949629, 0.0084773194066748",
               "Audio": "",
               "AnnounceDistance": 20.0
          },
          {
               "Name": "Rathbone Market",
               "Location": "51.51664149202584, 0.009796805410105745",
               "Audio": "",
               "AnnounceDistance": 20.0
          },
          {
               "Name": "Hermit Road",
               "Location": "51.517575174561316, 0.011985549307615294",
               "Audio": "",
               "AnnounceDistance": 20.0
          },
          {
               "Name": "Rokeby School",
               "Location": "51.51946335676885, 0.016191257379756727",
               "Audio": "",
               "AnnounceDistance": 20.0
          },
          {
               "Name": "King Street",
               "Location": "51.52078789199138, 0.019175948377902315",
               "Audio": "",
               "AnnounceDistance": 20.0
          },
          {
               "Name": "Balaam Street",
               "Location": "51.522160754812596, 0.021961143735463217",
               "Audio": "",
               "AnnounceDistance": 20.0
          },
          {
               "Name": "Plaistow Police Station",
               "Location": "51.52340526130152, 0.024884970671924612",
               "Audio": "",
               "AnnounceDistance": 20.0
          },
          {
               "Name": "Plaistow / Prince Regent Lane",
               "Location": "51.52646363581266, 0.03003761725081783",
               "Audio": "",
               "AnnounceDistance": 20.0
          },
          {
               "Name": "New City Road",
               "Location": "51.52790088075931, 0.03220643215830653",
               "Audio": "",
               "AnnounceDistance": 20.0
          },
          {
               "Name": "Samson Street",
               "Location": "51.52905603642781, 0.03404562785045017",
               "Audio": "",
               "AnnounceDistance": 20.0
          },
          {
               "Name": "Upton Park / Green Street",
               "Location": "51.530210644411056, 0.03643276760260281",
               "Audio": "",
               "AnnounceDistance": 20.0
          },
          {
               "Name": "Upton Park / Priory Road",
               "Location": "51.53062630608006, 0.03994044302481949",
               "Audio": "",
               "AnnounceDistance": 20.0
          },
          {
               "Name": "Arragon Road",
               "Location": "51.53115546264521, 0.043121651727081996",
               "Audio": "",
               "AnnounceDistance": 20.0
          },
          {
               "Name": "Katherine Road",
               "Location": "51.53170300608133, 0.04627492399163315",
               "Audio": "",
               "AnnounceDistance": 20.0
          },
          {
               "Name": "Bartle Avenue",
               "Location": "51.53244748705556, 0.05050408623871767",
               "Audio": "",
               "AnnounceDistance": 20.0
          },
          {
               "Name": "High Street North",
               "Location": "51.53292379543151, 0.05309200738007148",
               "Audio": "",
               "AnnounceDistance": 20.0
          },
          {
               "Name": "Newham Town Hall",
               "Location": "51.53225024157437, 0.05509469667923322",
               "Audio": "",
               "AnnounceDistance": 20.0
          },
          {
               "Name": "Market Street",
               "Location": "51.530590471733326, 0.05589943525921867",
               "Audio": "",
               "AnnounceDistance": 20.0
          },
          {
               "Name": "East Ham / Central Park",
               "Location": "51.52869540954553, 0.05627541078276051",
               "Audio": "",
               "AnnounceDistance": 20.0
          }
     ]
}