{
     "RouteNumber": "116",
     "Destination": "Ashford Hospital",
     "RouteAudio": "",
     "DestinationAudio": "",
     "Stops": [
          {
               "Name": "School Road",
               "Location": "51.470190765084205, -0.35587690792725235",
               "Audio": "",
               "AnnounceDistance": 20.0
          },
          {
               "Name": "Fair Street",
               "Location": "51.46944123850926, -0.3595033118707645",
               "Audio": "",
               "AnnounceDistance": 20.0
          },
          {
               "Name": "Douglas Road",
               "Location": "51.468890627118185, -0.36192747050777585",
               "Audio": "",
               "AnnounceDistance": 20.0
          },
          {
               "Name": "Treaty Centre",
               "Location": "51.46697717910788, -0.36399718337623715",
               "Audio": "",
               "AnnounceDistance": 20.0
          },
          {
               "Name": "The Bell",
               "Location": "51.4673922402696, -0.36797035997164024",
               "Audio": "",
               "AnnounceDistance": 20.0
          },
          {
               "Name": "Hibernia Road",
               "Location": "51.46636331439615, -0.3728732068901932",
               "Audio": "",
               "AnnounceDistance": 20.0
          },
          {
               "Name": "Wellington Road South",
               "Location": "51.464857518522535, -0.3797218536180039",
               "Audio": "",
               "AnnounceDistance": 20.0
          },
          {
               "Name": "Staines Road / Martindale Road",
               "Location": "51.46400296207651, -0.38361027326899655",
               "Audio": "",
               "AnnounceDistance": 20.0
          },
          {
               "Name": "Barrack Road",
               "Location": "51.46269613269908, -0.38862295293976196",
               "Audio": "",
               "AnnounceDistance": 20.0
          },
          {
               "Name": "Islay Gardens",
               "Location": "51.46152334464882, -0.3922774784041074",
               "Audio": "",
               "AnnounceDistance": 20.0
          },
          {
               "Name": "Green Lane",
               "Location": "51.459755645605185, -0.3978095909487982",
               "Audio": "",
               "AnnounceDistance": 20.0
          },
          {
               "Name": "Hounslow Road",
               "Location": "51.45834119231923, -0.40486913304700956",
               "Audio": "",
               "AnnounceDistance": 20.0
          },
          {
               "Name": "Faggs Road",
               "Location": "51.4576380032587, -0.408708069614684",
               "Audio": "",
               "AnnounceDistance": 20.0
          },
          {
               "Name": "Shaftesbury Avenue",
               "Location": "51.456590899908264, -0.4143868181822293",
               "Audio": "",
               "AnnounceDistance": 20.0
          },
          {
               "Name": "Engleheart Drive",
               "Location": "51.45584478487427, -0.4183996623478639",
               "Audio": "",
               "AnnounceDistance": 20.0
          },
          {
               "Name": "Cassiobury Avenue",
               "Location": "51.45525730053159, -0.4215145218572122",
               "Audio": "",
               "AnnounceDistance": 20.0
          },
          {
               "Name": "Bedfont Lane",
               "Location": "51.454247476362546, -0.42599677619193876",
               "Audio": "",
               "AnnounceDistance": 20.0
          },
          {
               "Name": "Bethany Waye",
               "Location": "51.45356547304042, -0.42878363764163935",
               "Audio": "",
               "AnnounceDistance": 20.0
          },
          {
               "Name": "New Road",
               "Location": "51.452952421127726, -0.431352163927233",
               "Audio": "",
               "AnnounceDistance": 20.0
          },
          {
               "Name": "Bedfont Library",
               "Location": "51.452194390107195, -0.4345156654337157",
               "Audio": "",
               "AnnounceDistance": 20.0
          },
          {
               "Name": "Bedfont Green",
               "Location": "51.45135309888111, -0.4381856237076612",
               "Audio": "",
               "AnnounceDistance": 20.0
          },
          {
               "Name": "Spinney Drive",
               "Location": "51.44981209368365, -0.44470000472745214",
               "Audio": "",
               "AnnounceDistance": 20.0
          },
          {
               "Name": "Clockhouse Roundabout",
               "Location": "51.44820910028852, -0.44927325087404235",
               "Audio": "",
               "AnnounceDistance": 20.0
          },
          {
               "Name": "Harrow Road",
               "Location": "51.44651515824272, -0.45787857899974044",
               "Audio": "",
               "AnnounceDistance": 20.0
          },
          {
               "Name": "Short Lane",
               "Location": "51.44525866869849, -0.4628567000952565",
               "Audio": "",
               "AnnounceDistance": 20.0
          },
          {
               "Name": "Long Lane",
               "Location": "51.444121632928784, -0.46804639252025",
               "Audio": "",
               "AnnounceDistance": 20.0
          },
          {
               "Name": "Ashford Hospital",
               "Location": "51.44421201828509, -0.4749792186107236",
               "Audio": "",
               "AnnounceDistance": 20.0
          }
     ]
}