{
     "RouteNumber": "116",
     "Destination": "Hounslow Bus Station",
     "RouteAudio": "",
     "DestinationAudio": "",
     "Stops": [
          {
               "Name": "Ashford Hospital",
               "Location": "51.44400416333801, -0.47489980415557626",
               "Audio": "",
               "AnnounceDistance": 20.0
          },
          {
               "Name": "Long Lane",
               "Location": "51.443879404051, -0.47015538369232135",
               "Audio": "",
               "AnnounceDistance": 20.0
          },
          {
               "Name": "Short Lane",
               "Location": "51.445806512197706, -0.4621187932381791",
               "Audio": "",
               "AnnounceDistance": 20.0
          },
          {
               "Name": "Harrow Road",
               "Location": "51.446818300221594, -0.4576812898168929",
               "Audio": "",
               "AnnounceDistance": 20.0
          },
          {
               "Name": "Clockhouse Roundabout",
               "Location": "51.448494631229664, -0.44910527585168547",
               "Audio": "",
               "AnnounceDistance": 20.0
          },
          {
               "Name": "Spinney Drive",
               "Location": "51.449943672769706, -0.4444508771287992",
               "Audio": "",
               "AnnounceDistance": 20.0
          },
          {
               "Name": "Bedfont Green",
               "Location": "51.451188276544976, -0.43931382186206525",
               "Audio": "",
               "AnnounceDistance": 20.0
          },
          {
               "Name": "Bedfont Library",
               "Location": "51.45215636298514, -0.4350350883781906",
               "Audio": "",
               "AnnounceDistance": 20.0
          },
          {
               "Name": "New Road",
               "Location": "51.45287196843728, -0.4320601545919611",
               "Audio": "",
               "AnnounceDistance": 20.0
          },
          {
               "Name": "Bethany Waye",
               "Location": "51.45380942828758, -0.4281995498093714",
               "Audio": "",
               "AnnounceDistance": 20.0
          },
          {
               "Name": "Cassiobury Avenue",
               "Location": "51.45490883199306, -0.4236855165585222",
               "Audio": "",
               "AnnounceDistance": 20.0
          },
          {
               "Name": "Engleheart Drive",
               "Location": "51.456018724067796, -0.41796184508439854",
               "Audio": "",
               "AnnounceDistance": 20.0
          },
          {
               "Name": "Shaftesbury Avenue",
               "Location": "51.45687349348227, -0.4133406726970619",
               "Audio": "",
               "AnnounceDistance": 20.0
          },
          {
               "Name": "Faggs Road",
               "Location": "51.45778806639956, -0.4085013338086058",
               "Audio": "",
               "AnnounceDistance": 20.0
          },
          {
               "Name": "Hounslow Road",
               "Location": "51.45851429708155, -0.40437369134159523",
               "Audio": "",
               "AnnounceDistance": 20.0
          },
          {
               "Name": "Green Lane",
               "Location": "51.46091477074071, -0.394458128574581",
               "Audio": "",
               "AnnounceDistance": 20.0
          },
          {
               "Name": "Islay Gardens",
               "Location": "51.46182124030589, -0.39170559021955415",
               "Audio": "",
               "AnnounceDistance": 20.0
          },
          {
               "Name": "Frampton Road",
               "Location": "51.46315904406689, -0.38762773299384645",
               "Audio": "",
               "AnnounceDistance": 20.0
          },
          {
               "Name": "Martindale Road",
               "Location": "51.46379769414322, -0.3850283364011586",
               "Audio": "",
               "AnnounceDistance": 20.0
          },
          {
               "Name": "Cranbrook Road",
               "Location": "51.46461972335764, -0.3813858493800259",
               "Audio": "",
               "AnnounceDistance": 20.0
          },
          {
               "Name": "Wellington Road South",
               "Location": "51.465490787090545, -0.3773959730195689",
               "Audio": "",
               "AnnounceDistance": 20.0
          },
          {
               "Name": "Hibernia Road",
               "Location": "51.46675058981241, -0.37162129152536005",
               "Audio": "",
               "AnnounceDistance": 20.0
          },
          {
               "Name": "The Bell",
               "Location": "51.46717326703891, -0.36645207800958546",
               "Audio": "",
               "AnnounceDistance": 20.0
          },
          {
               "Name": "Treaty Centre",
               "Location": "51.467222413090575, -0.3635277041942919",
               "Audio": "",
               "AnnounceDistance": 20.0
          },
          {
               "Name": "Hounslow High Street",
               "Location": "51.46960439921745, -0.3576689269798172",
               "Audio": "",
               "AnnounceDistance": 20.0
          },
          {
               "Name": "Hounslow Bus Station",
               "Location": "51.47078235450986, -0.3544590095450773",
               "Audio": "",
               "AnnounceDistance": 20.0
          }
     ]
}