{
     "RouteNumber": "117",
     "Destination": "Staines Bus Station",
     "RouteAudio": "",
     "DestinationAudio": "",
     "Stops": [
          {
               "Name": "West Middlesex Hospital",
               "Location": "51.473989394073, -0.32564579381883885",
               "Audio": "",
               "AnnounceDistance": 20.0
          },
          {
               "Name": "Twickenham Rd / West Middlesex Hospital",
               "Location": "51.47436923659492, -0.32705743216529015",
               "Audio": "",
               "AnnounceDistance": 20.0
          },
          {
               "Name": "Mandeville Road",
               "Location": "51.472019641621614, -0.32813689097165494",
               "Audio": "",
               "AnnounceDistance": 20.0
          },
          {
               "Name": "Grainger Road",
               "Location": "51.47169202612954, -0.33418188009601374",
               "Audio": "",
               "AnnounceDistance": 20.0
          },
          {
               "Name": "Woodlands Road",
               "Location": "51.473124538834206, -0.3375422746898233",
               "Audio": "",
               "AnnounceDistance": 20.0
          },
          {
               "Name": "Isleworth Station / Rennels Way",
               "Location": "51.47463281794202, -0.33863940550508576",
               "Audio": "",
               "AnnounceDistance": 20.0
          },
          {
               "Name": "West Thames College",
               "Location": "51.474814043590285, -0.34254950396569694",
               "Audio": "",
               "AnnounceDistance": 20.0
          },
          {
               "Name": "Star Road",
               "Location": "51.47263109556518, -0.34716426249901555",
               "Audio": "",
               "AnnounceDistance": 20.0
          },
          {
               "Name": "Bridge Road",
               "Location": "51.47149435521696, -0.35073297753449184",
               "Audio": "",
               "AnnounceDistance": 20.0
          },
          {
               "Name": "Hounslow Bus Station",
               "Location": "51.47082496904609, -0.35365117217606273",
               "Audio": "",
               "AnnounceDistance": 20.0
          },
          {
               "Name": "Fair Street",
               "Location": "51.46944123850926, -0.3595033118707645",
               "Audio": "",
               "AnnounceDistance": 20.0
          },
          {
               "Name": "Douglas Road",
               "Location": "51.468890627118185, -0.36192747050777585",
               "Audio": "",
               "AnnounceDistance": 20.0
          },
          {
               "Name": "Treaty Centre",
               "Location": "51.46697717910788, -0.36399718337623715",
               "Audio": "",
               "AnnounceDistance": 20.0
          },
          {
               "Name": "The Bell",
               "Location": "51.4673922402696, -0.36797035997164024",
               "Audio": "",
               "AnnounceDistance": 20.0
          },
          {
               "Name": "Hibernia Road",
               "Location": "51.46636331439615, -0.3728732068901932",
               "Audio": "",
               "AnnounceDistance": 20.0
          },
          {
               "Name": "Wellington Road South",
               "Location": "51.464857518522535, -0.3797218536180039",
               "Audio": "",
               "AnnounceDistance": 20.0
          },
          {
               "Name": "Staines Road / Martindale Road",
               "Location": "51.46400296207651, -0.38361027326899655",
               "Audio": "",
               "AnnounceDistance": 20.0
          },
          {
               "Name": "Barrack Road",
               "Location": "51.46269613269908, -0.38862295293976196",
               "Audio": "",
               "AnnounceDistance": 20.0
          },
          {
               "Name": "Islay Gardens",
               "Location": "51.46152334464882, -0.3922774784041074",
               "Audio": "",
               "AnnounceDistance": 20.0
          },
          {
               "Name": "Green Lane",
               "Location": "51.459755645605185, -0.3978095909487982",
               "Audio": "",
               "AnnounceDistance": 20.0
          },
          {
               "Name": "The Vale",
               "Location": "51.45820359003636, -0.4033481408110907",
               "Audio": "",
               "AnnounceDistance": 20.0
          },
          {
               "Name": "Carlton Avenue",
               "Location": "51.4551197356356, -0.40404585913278174",
               "Audio": "",
               "AnnounceDistance": 20.0
          },
          {
               "Name": "Harlington Road West",
               "Location": "51.45294015966893, -0.40511495188506347",
               "Audio": "",
               "AnnounceDistance": 20.0
          },
          {
               "Name": "Feltham Assembly Hall",
               "Location": "51.45127426045233, -0.4062667974790997",
               "Audio": "",
               "AnnounceDistance": 20.0
          },
          {
               "Name": "Fern Grove",
               "Location": "51.45011617373085, -0.40706988035386826",
               "Audio": "",
               "AnnounceDistance": 20.0
          },
          {
               "Name": "Feltham Station / Victoria Road",
               "Location": "51.44632084287649, -0.40967711228436055",
               "Audio": "",
               "AnnounceDistance": 20.0
          },
          {
               "Name": "Browells Lane",
               "Location": "51.44362886600111, -0.41142543149365596",
               "Audio": "",
               "AnnounceDistance": 20.0
          },
          {
               "Name": "Elmwood Avenue",
               "Location": "51.441626768471885, -0.41365324721236696",
               "Audio": "",
               "AnnounceDistance": 20.0
          },
          {
               "Name": "Parkfield Crescent",
               "Location": "51.439853021261634, -0.41614634602134787",
               "Audio": "",
               "AnnounceDistance": 20.0
          },
          {
               "Name": "St Dunstans Road",
               "Location": "51.438265821833454, -0.4204744636124143",
               "Audio": "",
               "AnnounceDistance": 20.0
          },
          {
               "Name": "Chertsey Road",
               "Location": "51.43727417496386, -0.4263068799393262",
               "Audio": "",
               "AnnounceDistance": 20.0
          },
          {
               "Name": "Field View",
               "Location": "51.43496811085109, -0.43675906644845813",
               "Audio": "",
               "AnnounceDistance": 20.0
          },
          {
               "Name": "Challenge Road",
               "Location": "51.43416077470989, -0.4402825719853055",
               "Audio": "",
               "AnnounceDistance": 20.0
          },
          {
               "Name": "Anderson Drive",
               "Location": "51.43292685809443, -0.44419448747604146",
               "Audio": "",
               "AnnounceDistance": 20.0
          },
          {
               "Name": "Chalmers Road East",
               "Location": "51.43280952400042, -0.44687430370115494",
               "Audio": "",
               "AnnounceDistance": 20.0
          },
          {
               "Name": "Chattern Hill",
               "Location": "51.43264536994566, -0.45077851115532847",
               "Audio": "",
               "AnnounceDistance": 20.0
          },
          {
               "Name": "Convent Road",
               "Location": "51.43255951587361, -0.45449302802115765",
               "Audio": "",
               "AnnounceDistance": 20.0
          },
          {
               "Name": "Town Tree Road",
               "Location": "51.432009939443596, -0.45714419535793316",
               "Audio": "",
               "AnnounceDistance": 20.0
          },
          {
               "Name": "Ashford War Memorial",
               "Location": "51.43256790591517, -0.4612829800067326",
               "Audio": "",
               "AnnounceDistance": 20.0
          },
          {
               "Name": "Dudley Road",
               "Location": "51.434403388804945, -0.46547976535030294",
               "Audio": "",
               "AnnounceDistance": 20.0
          },
          {
               "Name": "Ashford Station",
               "Location": "51.4356832717919, -0.4684581627738019",
               "Audio": "",
               "AnnounceDistance": 20.0
          },
          {
               "Name": "Stanwell Road",
               "Location": "51.43481728681521, -0.4710048087399988",
               "Audio": "",
               "AnnounceDistance": 20.0
          },
          {
               "Name": "Chesterfield Road",
               "Location": "51.433904194612545, -0.47684743249983547",
               "Audio": "",
               "AnnounceDistance": 20.0
          },
          {
               "Name": "Ferndale Road",
               "Location": "51.43022297691243, -0.47935780730142497",
               "Audio": "",
               "AnnounceDistance": 20.0
          },
          {
               "Name": "Edinburgh Drive",
               "Location": "51.42660876525255, -0.4814915622462721",
               "Audio": "",
               "AnnounceDistance": 20.0
          },
          {
               "Name": "Petersfield Avenue",
               "Location": "51.42710785341969, -0.48531563732322447",
               "Audio": "",
               "AnnounceDistance": 20.0
          },
          {
               "Name": "Fenton Avenue",
               "Location": "51.42756057795794, -0.48904063193656183",
               "Audio": "",
               "AnnounceDistance": 20.0
          },
          {
               "Name": "Worple Road",
               "Location": "51.42842456976477, -0.49398925454001574",
               "Audio": "",
               "AnnounceDistance": 20.0
          },
          {
               "Name": "Knowle Green",
               "Location": "51.429791589504674, -0.4968069589619916",
               "Audio": "",
               "AnnounceDistance": 20.0
          },
          {
               "Name": "Staines Station",
               "Location": "51.43354444444471, -0.503373440101573",
               "Audio": "",
               "AnnounceDistance": 20.0
          },
          {
               "Name": "Staines Police Station",
               "Location": "51.43491326620341, -0.5056449784094778",
               "Audio": "",
               "AnnounceDistance": 20.0
          },
          {
               "Name": "South Street",
               "Location": "51.43452981113655, -0.5087218430697854",
               "Audio": "",
               "AnnounceDistance": 20.0
          },
          {
               "Name": "Staines Bus Station",
               "Location": "51.432792073972976, -0.5092531630746773",
               "Audio": "",
               "AnnounceDistance": 20.0
          }
     ]
}