{
     "RouteNumber": "117",
     "Destination": "West London Mental Health Trust",
     "RouteAudio": "",
     "DestinationAudio": "",
     "Stops": [
          {
               "Name": "Staines Bus Station",
               "Location": "51.432792073972976, -0.5092531630746773",
               "Audio": "",
               "AnnounceDistance": 20.0
          },
          {
               "Name": "High Street",
               "Location": "51.43511573436617, -0.5081272919594484",
               "Audio": "",
               "AnnounceDistance": 20.0
          },
          {
               "Name": "Staines Police Station",
               "Location": "51.43466214249674, -0.5049913848647897",
               "Audio": "",
               "AnnounceDistance": 20.0
          },
          {
               "Name": "Staines Station",
               "Location": "51.43307610116999, -0.5019069666411783",
               "Audio": "",
               "AnnounceDistance": 20.0
          },
          {
               "Name": "Knowle Green",
               "Location": "51.43039220288245, -0.49736266319884137",
               "Audio": "",
               "AnnounceDistance": 20.0
          },
          {
               "Name": "Worple Road",
               "Location": "51.428275513854175, -0.4928865336674392",
               "Audio": "",
               "AnnounceDistance": 20.0
          },
          {
               "Name": "Fenton Avenue",
               "Location": "51.427758043909215, -0.4897101920503862",
               "Audio": "",
               "AnnounceDistance": 20.0
          },
          {
               "Name": "Petersfield Avenue",
               "Location": "51.42722860414073, -0.4856137167197991",
               "Audio": "",
               "AnnounceDistance": 20.0
          },
          {
               "Name": "Kingston Crescent",
               "Location": "51.427227148561535, -0.48063677083418144",
               "Audio": "",
               "AnnounceDistance": 20.0
          },
          {
               "Name": "Ferndale Road",
               "Location": "51.43115403975133, -0.47903918553380803",
               "Audio": "",
               "AnnounceDistance": 20.0
          },
          {
               "Name": "Chesterfield Road",
               "Location": "51.43283284758743, -0.47813465516802806",
               "Audio": "",
               "AnnounceDistance": 20.0
          },
          {
               "Name": "Stanwell Road",
               "Location": "51.43454972117321, -0.47324367877579493",
               "Audio": "",
               "AnnounceDistance": 20.0
          },
          {
               "Name": "Ashford Station",
               "Location": "51.43559397922011, -0.469194887195291",
               "Audio": "",
               "AnnounceDistance": 20.0
          },
          {
               "Name": "Dudley Road",
               "Location": "51.43451873124396, -0.46536080720407647",
               "Audio": "",
               "AnnounceDistance": 20.0
          },
          {
               "Name": "Ashford War Memorial",
               "Location": "51.43248410484074, -0.46037947346793573",
               "Audio": "",
               "AnnounceDistance": 20.0
          },
          {
               "Name": "Convent Road",
               "Location": "51.43263377415331, -0.4539870081952501",
               "Audio": "",
               "AnnounceDistance": 20.0
          },
          {
               "Name": "Chattern Hill",
               "Location": "51.43268949294471, -0.4513956227269833",
               "Audio": "",
               "AnnounceDistance": 20.0
          },
          {
               "Name": "Chalmers Road East",
               "Location": "51.43286973959407, -0.44734700647014947",
               "Audio": "",
               "AnnounceDistance": 20.0
          },
          {
               "Name": "Anderson Drive",
               "Location": "51.433020193628025, -0.4437741156126294",
               "Audio": "",
               "AnnounceDistance": 20.0
          },
          {
               "Name": "Challenge Road",
               "Location": "51.434075866267776, -0.440659514962688",
               "Audio": "",
               "AnnounceDistance": 20.0
          },
          {
               "Name": "Field View",
               "Location": "51.43517404584772, -0.4360183030287868",
               "Audio": "",
               "AnnounceDistance": 20.0
          },
          {
               "Name": "Chertsey Road",
               "Location": "51.43750517711739, -0.4247594584900596",
               "Audio": "",
               "AnnounceDistance": 20.0
          },
          {
               "Name": "St Dunstans Road",
               "Location": "51.438366628959514, -0.4206148661215348",
               "Audio": "",
               "AnnounceDistance": 20.0
          },
          {
               "Name": "Vernon Road",
               "Location": "51.439293780529134, -0.4186836365525339",
               "Audio": "",
               "AnnounceDistance": 20.0
          },
          {
               "Name": "Parkfield Crescent",
               "Location": "51.440093368689745, -0.41596537009868384",
               "Audio": "",
               "AnnounceDistance": 20.0
          },
          {
               "Name": "Feltham Tesco",
               "Location": "51.44285349903183, -0.412603486042145",
               "Audio": "",
               "AnnounceDistance": 20.0
          },
          {
               "Name": "Feltham Station / Victoria Road",
               "Location": "51.44663718165265, -0.4097956380354532",
               "Audio": "",
               "AnnounceDistance": 20.0
          },
          {
               "Name": "Feltham Assembly Hall",
               "Location": "51.4509112245447, -0.40668241257707716",
               "Audio": "",
               "AnnounceDistance": 20.0
          },
          {
               "Name": "Harlington Road West",
               "Location": "51.45263086083223, -0.40551432703642815",
               "Audio": "",
               "AnnounceDistance": 20.0
          },
          {
               "Name": "Carlton Avenue",
               "Location": "51.455892315558614, -0.4039901288860775",
               "Audio": "",
               "AnnounceDistance": 20.0
          },
          {
               "Name": "The Vale",
               "Location": "51.45779288311349, -0.4035639888193639",
               "Audio": "",
               "AnnounceDistance": 20.0
          },
          {
               "Name": "Green Lane",
               "Location": "51.46091477074071, -0.394458128574581",
               "Audio": "",
               "AnnounceDistance": 20.0
          },
          {
               "Name": "Islay Gardens",
               "Location": "51.46182124030589, -0.39170559021955415",
               "Audio": "",
               "AnnounceDistance": 20.0
          },
          {
               "Name": "Frampton Road",
               "Location": "51.46315904406689, -0.38762773299384645",
               "Audio": "",
               "AnnounceDistance": 20.0
          },
          {
               "Name": "Martindale Road",
               "Location": "51.46379769414322, -0.3850283364011586",
               "Audio": "",
               "AnnounceDistance": 20.0
          },
          {
               "Name": "Cranbrook Road",
               "Location": "51.46461972335764, -0.3813858493800259",
               "Audio": "",
               "AnnounceDistance": 20.0
          },
          {
               "Name": "Wellington Road South",
               "Location": "51.465490787090545, -0.3773959730195689",
               "Audio": "",
               "AnnounceDistance": 20.0
          },
          {
               "Name": "Hibernia Road",
               "Location": "51.46675058981241, -0.37162129152536005",
               "Audio": "",
               "AnnounceDistance": 20.0
          },
          {
               "Name": "The Bell",
               "Location": "51.4673088867804, -0.3665048235077725",
               "Audio": "",
               "AnnounceDistance": 20.0
          },
          {
               "Name": "Treaty Centre",
               "Location": "51.467517498404405, -0.3621206157763458",
               "Audio": "",
               "AnnounceDistance": 20.0
          },
          {
               "Name": "Hounslow High Street",
               "Location": "51.46960439921745, -0.3576689269798172",
               "Audio": "",
               "AnnounceDistance": 20.0
          },
          {
               "Name": "Hounslow Bus Station",
               "Location": "51.47101330860795, -0.3536155959976823",
               "Audio": "",
               "AnnounceDistance": 20.0
          },
          {
               "Name": "Bridge Road",
               "Location": "51.47201499208551, -0.34938952513422566",
               "Audio": "",
               "AnnounceDistance": 20.0
          },
          {
               "Name": "Star Road",
               "Location": "51.472957962054785, -0.34674927816706524",
               "Audio": "",
               "AnnounceDistance": 20.0
          },
          {
               "Name": "Thornbury Road",
               "Location": "51.474025433769924, -0.34465158685224",
               "Audio": "",
               "AnnounceDistance": 20.0
          },
          {
               "Name": "West Thames College",
               "Location": "51.47496134191819, -0.3421553757777225",
               "Audio": "",
               "AnnounceDistance": 20.0
          },
          {
               "Name": "Isleworth Station / Rennels Way",
               "Location": "51.474377899062375, -0.33841827552539366",
               "Audio": "",
               "AnnounceDistance": 20.0
          },
          {
               "Name": "St John The Baptist",
               "Location": "51.47226275484116, -0.335744957113291",
               "Audio": "",
               "AnnounceDistance": 20.0
          },
          {
               "Name": "Grainger Road",
               "Location": "51.47148426339188, -0.3328503841135692",
               "Audio": "",
               "AnnounceDistance": 20.0
          },
          {
               "Name": "Mandeville Road",
               "Location": "51.472585865202944, -0.3281161919470878",
               "Audio": "",
               "AnnounceDistance": 20.0
          },
          {
               "Name": "West Middlesex Hospital",
               "Location": "51.473895818188076, -0.32539003243576153",
               "Audio": "",
               "AnnounceDistance": 20.0
          },
          {
               "Name": "West London Mental Health Trust",
               "Location": "51.47222816770988, -0.3251055252691324",
               "Audio": "",
               "AnnounceDistance": 20.0
          }
     ]
}