{
     "RouteNumber": "118",
     "Destination": "Brixton Station",
     "RouteAudio": "",
     "DestinationAudio": "",
     "Stops": [
          {
               "Name": "Morden Station",
               "Location": "51.40248869148944, -0.19409243963778106",
               "Audio": "",
               "AnnounceDistance": 20.0
          },
          {
               "Name": "Morden Hall",
               "Location": "51.402772902727406, -0.19094702205839387",
               "Audio": "",
               "AnnounceDistance": 20.0
          },
          {
               "Name": "Morden Hall Road / Central Road",
               "Location": "51.39970172443154, -0.18773291809529263",
               "Audio": "",
               "AnnounceDistance": 20.0
          },
          {
               "Name": "The Drive",
               "Location": "51.39722510771577, -0.18343191606121342",
               "Audio": "",
               "AnnounceDistance": 20.0
          },
          {
               "Name": "Milner Road",
               "Location": "51.39586334560307, -0.1797052313103094",
               "Audio": "",
               "AnnounceDistance": 20.0
          },
          {
               "Name": "Bishopsford Road",
               "Location": "51.394409471817546, -0.17411373441206635",
               "Audio": "",
               "AnnounceDistance": 20.0
          },
          {
               "Name": "Mitcham Tram Stop T",
               "Location": "51.39708562960501, -0.1733027796148539",
               "Audio": "",
               "AnnounceDistance": 20.0
          },
          {
               "Name": "Gedge Court",
               "Location": "51.39897567152639, -0.17167487368787232",
               "Audio": "",
               "AnnounceDistance": 20.0
          },
          {
               "Name": "Mitcham / Cricket Green",
               "Location": "51.400567781339376, -0.1693974027225458",
               "Audio": "",
               "AnnounceDistance": 20.0
          },
          {
               "Name": "Mitcham / Lower Green",
               "Location": "51.40265525471803, -0.1677469399358845",
               "Audio": "",
               "AnnounceDistance": 20.0
          },
          {
               "Name": "Glebe Court",
               "Location": "51.4038518560464, -0.16548497236813364",
               "Audio": "",
               "AnnounceDistance": 20.0
          },
          {
               "Name": "Upper Green East",
               "Location": "51.40509895574311, -0.16300519260843854",
               "Audio": "",
               "AnnounceDistance": 20.0
          },
          {
               "Name": "Three Kings Pond",
               "Location": "51.40355342028926, -0.15907018799653957",
               "Audio": "",
               "AnnounceDistance": 20.0
          },
          {
               "Name": "Cedars Avenue",
               "Location": "51.402334616512725, -0.15476287034432323",
               "Audio": "",
               "AnnounceDistance": 20.0
          },
          {
               "Name": "Tamworth Park",
               "Location": "51.40044917759435, -0.1498213513569407",
               "Audio": "",
               "AnnounceDistance": 20.0
          },
          {
               "Name": "Sherwood Park Road",
               "Location": "51.40043292403887, -0.1442439202748505",
               "Audio": "",
               "AnnounceDistance": 20.0
          },
          {
               "Name": "Robinhood Lane",
               "Location": "51.40249073347843, -0.1401781488515595",
               "Audio": "",
               "AnnounceDistance": 20.0
          },
          {
               "Name": "Northborough Road",
               "Location": "51.40432562855796, -0.13737193565288583",
               "Audio": "",
               "AnnounceDistance": 20.0
          },
          {
               "Name": "Stanford Way",
               "Location": "51.40671469693299, -0.14058191263981898",
               "Audio": "",
               "AnnounceDistance": 20.0
          },
          {
               "Name": "Longthornton Road",
               "Location": "51.40929386118159, -0.14217403962535383",
               "Audio": "",
               "AnnounceDistance": 20.0
          },
          {
               "Name": "Rowan Crescent",
               "Location": "51.411120769325294, -0.14056133744845561",
               "Audio": "",
               "AnnounceDistance": 20.0
          },
          {
               "Name": "Greyhound Terrace",
               "Location": "51.412751171109655, -0.14130048818215485",
               "Audio": "",
               "AnnounceDistance": 20.0
          },
          {
               "Name": "Braeside Road",
               "Location": "51.415017873355346, -0.14020187248515423",
               "Audio": "",
               "AnnounceDistance": 20.0
          },
          {
               "Name": "Streatham Common Station",
               "Location": "51.41779721191632, -0.1362778390185066",
               "Audio": "",
               "AnnounceDistance": 20.0
          },
          {
               "Name": "Tankerville Road",
               "Location": "51.418723061282265, -0.13455745295888327",
               "Audio": "",
               "AnnounceDistance": 20.0
          },
          {
               "Name": "Greyhound Lane / Streatham High Road",
               "Location": "51.42163016762615, -0.1296350965622763",
               "Audio": "",
               "AnnounceDistance": 20.0
          },
          {
               "Name": "Streatham Station",
               "Location": "51.42517454558851, -0.13084250566056768",
               "Audio": "",
               "AnnounceDistance": 20.0
          },
          {
               "Name": "St Leonards Church",
               "Location": "51.42854248192211, -0.13113662664200096",
               "Audio": "",
               "AnnounceDistance": 20.0
          },
          {
               "Name": "Becmead Avenue",
               "Location": "51.43255786368341, -0.12917443923772037",
               "Audio": "",
               "AnnounceDistance": 20.0
          },
          {
               "Name": "Kingscourt Road",
               "Location": "51.43448867688229, -0.128448131954129",
               "Audio": "",
               "AnnounceDistance": 20.0
          },
          {
               "Name": "Mount Ephraim Road",
               "Location": "51.43594131816063, -0.12818733162503565",
               "Audio": "",
               "AnnounceDistance": 20.0
          },
          {
               "Name": "Streatham Hill Stn / Streatham Hill",
               "Location": "51.4393819478648, -0.12627685041238107",
               "Audio": "",
               "AnnounceDistance": 20.0
          },
          {
               "Name": "Barrhill Road",
               "Location": "51.44078252098012, -0.1255720143858337",
               "Audio": "",
               "AnnounceDistance": 20.0
          },
          {
               "Name": "Telford Avenue",
               "Location": "51.442976912066136, -0.12502168741422945",
               "Audio": "",
               "AnnounceDistance": 20.0
          },
          {
               "Name": "Christchurch Road",
               "Location": "51.444591763368635, -0.12478285847693302",
               "Audio": "",
               "AnnounceDistance": 20.0
          },
          {
               "Name": "Holmewood Road",
               "Location": "51.446950440895534, -0.1243840132126781",
               "Audio": "",
               "AnnounceDistance": 20.0
          },
          {
               "Name": "New Park Road",
               "Location": "51.44885724787639, -0.12384533595377256",
               "Audio": "",
               "AnnounceDistance": 20.0
          },
          {
               "Name": "Jebb Avenue / Brixton Prison",
               "Location": "51.45107813340878, -0.12214233454146627",
               "Audio": "",
               "AnnounceDistance": 20.0
          },
          {
               "Name": "Blenheim Gardens",
               "Location": "51.45431816994901, -0.12006625310139096",
               "Audio": "",
               "AnnounceDistance": 20.0
          },
          {
               "Name": "Rush Common",
               "Location": "51.45710469359809, -0.11831080686967911",
               "Audio": "",
               "AnnounceDistance": 20.0
          },
          {
               "Name": "Lambeth Town Hall",
               "Location": "51.459911240779796, -0.11668387482266443",
               "Audio": "",
               "AnnounceDistance": 20.0
          },
          {
               "Name": "Brixton Station",
               "Location": "51.46223803355065, -0.11542201001244373",
               "Audio": "",
               "AnnounceDistance": 20.0
          }
     ]
}