{
     "RouteNumber": "118",
     "Destination": "Morden Station",
     "RouteAudio": "",
     "DestinationAudio": "",
     "Stops": [
          {
               "Name": "Brixton Road / Brixton Police Station",
               "Location": "51.465394087739284, -0.11372270862379846",
               "Audio": "",
               "AnnounceDistance": 20.0
          },
          {
               "Name": "Brixton Station",
               "Location": "51.46191173876967, -0.11526270124838871",
               "Audio": "",
               "AnnounceDistance": 20.0
          },
          {
               "Name": "Rush Common",
               "Location": "51.45846418083326, -0.11729044334737623",
               "Audio": "",
               "AnnounceDistance": 20.0
          },
          {
               "Name": "Brixton Water Lane",
               "Location": "51.456122161269214, -0.11872545844741297",
               "Audio": "",
               "AnnounceDistance": 20.0
          },
          {
               "Name": "Blenheim Gardens",
               "Location": "51.45406538926714, -0.12000467090280958",
               "Audio": "",
               "AnnounceDistance": 20.0
          },
          {
               "Name": "Jebb Avenue / Brixton Prison",
               "Location": "51.452214142987756, -0.1212033640290297",
               "Audio": "",
               "AnnounceDistance": 20.0
          },
          {
               "Name": "New Park Road",
               "Location": "51.44881830847337, -0.12365983931374573",
               "Audio": "",
               "AnnounceDistance": 20.0
          },
          {
               "Name": "Holmewood Road",
               "Location": "51.44706450683884, -0.12420664459301592",
               "Audio": "",
               "AnnounceDistance": 20.0
          },
          {
               "Name": "Streatham Hill / Christchurch Road",
               "Location": "51.44429152020265, -0.12456491263960204",
               "Audio": "",
               "AnnounceDistance": 20.0
          },
          {
               "Name": "Telford Avenue",
               "Location": "51.442013735746244, -0.12439921358890153",
               "Audio": "",
               "AnnounceDistance": 20.0
          },
          {
               "Name": "Streatham Hill Stn / Streatham Hill",
               "Location": "51.43940408075149, -0.1259737799906325",
               "Audio": "",
               "AnnounceDistance": 20.0
          },
          {
               "Name": "Leigham Court Road",
               "Location": "51.437490314861186, -0.12720316453096694",
               "Audio": "",
               "AnnounceDistance": 20.0
          },
          {
               "Name": "Mount Ephraim Road",
               "Location": "51.43595401018427, -0.127855895612534",
               "Audio": "",
               "AnnounceDistance": 20.0
          },
          {
               "Name": "Kingscourt Road",
               "Location": "51.43473502558154, -0.12810715514990795",
               "Audio": "",
               "AnnounceDistance": 20.0
          },
          {
               "Name": "Becmead Avenue",
               "Location": "51.432657672089384, -0.12866682858092351",
               "Audio": "",
               "AnnounceDistance": 20.0
          },
          {
               "Name": "St Leonards Church",
               "Location": "51.42846760755663, -0.13095267224536153",
               "Audio": "",
               "AnnounceDistance": 20.0
          },
          {
               "Name": "Streatham Station",
               "Location": "51.42555914350935, -0.1307117367371749",
               "Audio": "",
               "AnnounceDistance": 20.0
          },
          {
               "Name": "Streatham United Reformed Church",
               "Location": "51.42368397253237, -0.12985330448137236",
               "Audio": "",
               "AnnounceDistance": 20.0
          },
          {
               "Name": "Greyhound Lane / Streatham High Road",
               "Location": "51.42127757673239, -0.13008098379149183",
               "Audio": "",
               "AnnounceDistance": 20.0
          },
          {
               "Name": "Streatham Common Station",
               "Location": "51.41870234222251, -0.13438570926263457",
               "Audio": "",
               "AnnounceDistance": 20.0
          },
          {
               "Name": "Aberfoyle Road",
               "Location": "51.41724962620889, -0.1369041476970464",
               "Audio": "",
               "AnnounceDistance": 20.0
          },
          {
               "Name": "Braeside Road",
               "Location": "51.41561597625493, -0.13935786435393946",
               "Audio": "",
               "AnnounceDistance": 20.0
          },
          {
               "Name": "Greyhound Terrace",
               "Location": "51.41359958298242, -0.14149616808671928",
               "Audio": "",
               "AnnounceDistance": 20.0
          },
          {
               "Name": "Rowan Crescent",
               "Location": "51.411419937474946, -0.14014656036532439",
               "Audio": "",
               "AnnounceDistance": 20.0
          },
          {
               "Name": "Longthornton Road",
               "Location": "51.40986752653791, -0.14148933022496987",
               "Audio": "",
               "AnnounceDistance": 20.0
          },
          {
               "Name": "Streatham Park Cemetery",
               "Location": "51.40847605562369, -0.14220718754206016",
               "Audio": "",
               "AnnounceDistance": 20.0
          },
          {
               "Name": "Rosemead Avenue",
               "Location": "51.405825042177426, -0.13892137059500262",
               "Audio": "",
               "AnnounceDistance": 20.0
          },
          {
               "Name": "Northborough Road",
               "Location": "51.40363341216378, -0.13738568322720587",
               "Audio": "",
               "AnnounceDistance": 20.0
          },
          {
               "Name": "Robinhood Lane",
               "Location": "51.40210420289144, -0.1407545341239846",
               "Audio": "",
               "AnnounceDistance": 20.0
          },
          {
               "Name": "Sherwood Park Road",
               "Location": "51.39983990143387, -0.14484297607953692",
               "Audio": "",
               "AnnounceDistance": 20.0
          },
          {
               "Name": "Tamworth Park",
               "Location": "51.400640483039645, -0.15054683657947152",
               "Audio": "",
               "AnnounceDistance": 20.0
          },
          {
               "Name": "Pentlands Close",
               "Location": "51.401392526037576, -0.1526155133932583",
               "Audio": "",
               "AnnounceDistance": 20.0
          },
          {
               "Name": "Cedars Avenue",
               "Location": "51.40227532757865, -0.1549952898765601",
               "Audio": "",
               "AnnounceDistance": 20.0
          },
          {
               "Name": "Three Kings Pond",
               "Location": "51.403531499879485, -0.1605375693941263",
               "Audio": "",
               "AnnounceDistance": 20.0
          },
          {
               "Name": "Upper Green East",
               "Location": "51.40510368548377, -0.16330694001781296",
               "Audio": "",
               "AnnounceDistance": 20.0
          },
          {
               "Name": "Glebe Court",
               "Location": "51.40345014010543, -0.16567357671689542",
               "Audio": "",
               "AnnounceDistance": 20.0
          },
          {
               "Name": "Mitcham / Cricket Green",
               "Location": "51.40033322090061, -0.16934926212943502",
               "Audio": "",
               "AnnounceDistance": 20.0
          },
          {
               "Name": "Mitcham Tram Stop T",
               "Location": "51.39724336495818, -0.17303773757621146",
               "Audio": "",
               "AnnounceDistance": 20.0
          },
          {
               "Name": "Bishopsford Road",
               "Location": "51.394265868132585, -0.17470880767943606",
               "Audio": "",
               "AnnounceDistance": 20.0
          },
          {
               "Name": "Milner Road",
               "Location": "51.39561963714297, -0.17906803271847344",
               "Audio": "",
               "AnnounceDistance": 20.0
          },
          {
               "Name": "The Drive",
               "Location": "51.39691286411083, -0.18301302535378533",
               "Audio": "",
               "AnnounceDistance": 20.0
          },
          {
               "Name": "Morden Hall Road / Central Road",
               "Location": "51.399751325760484, -0.18803285834286843",
               "Audio": "",
               "AnnounceDistance": 20.0
          },
          {
               "Name": "Aberconway Road",
               "Location": "51.40146144716302, -0.19104189973112368",
               "Audio": "",
               "AnnounceDistance": 20.0
          },
          {
               "Name": "Morden Station",
               "Location": "51.40199780818843, -0.1949168829681006",
               "Audio": "",
               "AnnounceDistance": 20.0
          }
     ]
}