{
     "RouteNumber": "119",
     "Destination": "Bromley North Station",
     "RouteAudio": "",
     "DestinationAudio": "",
     "Stops": [
          {
               "Name": "The Colonnades / Croydon Airport",
               "Location": "51.356207923912464, -0.11502263707894606",
               "Audio": "",
               "AnnounceDistance": 20.0
          },
          {
               "Name": "Airport House",
               "Location": "51.356232627728836, -0.11655843390507671",
               "Audio": "",
               "AnnounceDistance": 20.0
          },
          {
               "Name": "Imperial Way",
               "Location": "51.35931167123973, -0.11733704801966897",
               "Audio": "",
               "AnnounceDistance": 20.0
          },
          {
               "Name": "Coldharbour Road",
               "Location": "51.36124453947196, -0.11786109126271228",
               "Audio": "",
               "AnnounceDistance": 20.0
          },
          {
               "Name": "Waddon Leisure Centre / Fiveways",
               "Location": "51.3634023063529, -0.11839032383234017",
               "Audio": "",
               "AnnounceDistance": 20.0
          },
          {
               "Name": "Stafford Road",
               "Location": "51.364763425136225, -0.11635211224922633",
               "Audio": "",
               "AnnounceDistance": 20.0
          },
          {
               "Name": "Crowley Crescent",
               "Location": "51.362933110477535, -0.11158626555184653",
               "Audio": "",
               "AnnounceDistance": 20.0
          },
          {
               "Name": "Bramley Hill",
               "Location": "51.362469289557126, -0.10680753969654705",
               "Audio": "",
               "AnnounceDistance": 20.0
          },
          {
               "Name": "Croydon Bowling Club",
               "Location": "51.36279402425788, -0.10353334090456946",
               "Audio": "",
               "AnnounceDistance": 20.0
          },
          {
               "Name": "Warham Road / Brighton Road",
               "Location": "51.363516550486274, -0.09984041264310736",
               "Audio": "",
               "AnnounceDistance": 20.0
          },
          {
               "Name": "Swan Sugar Loaf",
               "Location": "51.36446462113412, -0.0989679820068157",
               "Audio": "",
               "AnnounceDistance": 20.0
          },
          {
               "Name": "Coombe Road",
               "Location": "51.36724524447584, -0.09908268495540454",
               "Audio": "",
               "AnnounceDistance": 20.0
          },
          {
               "Name": "Croydon Flyover",
               "Location": "51.3703373337089, -0.10010399670032527",
               "Audio": "",
               "AnnounceDistance": 20.0
          },
          {
               "Name": "Croydon / St. Georges Walk",
               "Location": "51.373155471231435, -0.0986511035706139",
               "Audio": "",
               "AnnounceDistance": 20.0
          },
          {
               "Name": "East Croydon Bus Station",
               "Location": "51.37494053625137, -0.0917376835634951",
               "Audio": "",
               "AnnounceDistance": 20.0
          },
          {
               "Name": "Lebanon Road Tram Stop T",
               "Location": "51.37527780218901, -0.08540141653975065",
               "Audio": "",
               "AnnounceDistance": 20.0
          },
          {
               "Name": "Sandilands Tram Stop T",
               "Location": "51.37522641706715, -0.07896637043332488",
               "Audio": "",
               "AnnounceDistance": 20.0
          },
          {
               "Name": "Ashburton Road",
               "Location": "51.37504899928363, -0.07582705645532585",
               "Audio": "",
               "AnnounceDistance": 20.0
          },
          {
               "Name": "Mapledale Avenue",
               "Location": "51.374250026011495, -0.07098965689818751",
               "Audio": "",
               "AnnounceDistance": 20.0
          },
          {
               "Name": "Birch Tree Way",
               "Location": "51.375210533407284, -0.06543168110791148",
               "Audio": "",
               "AnnounceDistance": 20.0
          },
          {
               "Name": "Trinity School",
               "Location": "51.37624371121324, -0.06101992232750083",
               "Audio": "",
               "AnnounceDistance": 20.0
          },
          {
               "Name": "Valley Walk",
               "Location": "51.37508741602073, -0.05744786163467778",
               "Audio": "",
               "AnnounceDistance": 20.0
          },
          {
               "Name": "Upper Shirley Road",
               "Location": "51.37391597796402, -0.05459503924806859",
               "Audio": "",
               "AnnounceDistance": 20.0
          },
          {
               "Name": "Verdayne Avenue",
               "Location": "51.37468899992037, -0.04970567634484094",
               "Audio": "",
               "AnnounceDistance": 20.0
          },
          {
               "Name": "Shirley Library",
               "Location": "51.37525978529635, -0.04672144436646969",
               "Audio": "",
               "AnnounceDistance": 20.0
          },
          {
               "Name": "Cheston Avenue",
               "Location": "51.37586127643055, -0.04288805673069669",
               "Audio": "",
               "AnnounceDistance": 20.0
          },
          {
               "Name": "Langland Gardens",
               "Location": "51.37690315598382, -0.03797241529023507",
               "Audio": "",
               "AnnounceDistance": 20.0
          },
          {
               "Name": "West Wickham And Shirley Baptist Church",
               "Location": "51.37742758776153, -0.027431509104203698",
               "Audio": "",
               "AnnounceDistance": 20.0
          },
          {
               "Name": "High Street / Manor Road",
               "Location": "51.37732805587936, -0.02206159721542717",
               "Audio": "",
               "AnnounceDistance": 20.0
          },
          {
               "Name": "Sherwood Way",
               "Location": "51.37634909244328, -0.01787925266957548",
               "Audio": "",
               "AnnounceDistance": 20.0
          },
          {
               "Name": "High Street / The Grove",
               "Location": "51.375983301747155, -0.0159264885307693",
               "Audio": "",
               "AnnounceDistance": 20.0
          },
          {
               "Name": "Wickham Court Road",
               "Location": "51.373078928561554, -0.01276174627175559",
               "Audio": "",
               "AnnounceDistance": 20.0
          },
          {
               "Name": "West Wickham Playing Fields",
               "Location": "51.37174156542583, -0.010793801151433774",
               "Audio": "",
               "AnnounceDistance": 20.0
          },
          {
               "Name": "Courtfield Rise",
               "Location": "51.37017624996555, -0.0075859050837109995",
               "Audio": "",
               "AnnounceDistance": 20.0
          },
          {
               "Name": "Layhams Road",
               "Location": "51.369452372559806, -0.004154867183621853",
               "Audio": "",
               "AnnounceDistance": 20.0
          },
          {
               "Name": "Addington Road / Glebe Way",
               "Location": "51.37073834769685, -0.0020443954728271516",
               "Audio": "",
               "AnnounceDistance": 20.0
          },
          {
               "Name": "Tiepigs Lane",
               "Location": "51.37387836222166, 0.001555111833255789",
               "Audio": "",
               "AnnounceDistance": 20.0
          },
          {
               "Name": "Holland Way",
               "Location": "51.37585341838685, 0.006483645128154178",
               "Audio": "",
               "AnnounceDistance": 20.0
          },
          {
               "Name": "Hayes Station",
               "Location": "51.37625484084029, 0.010869442039496571",
               "Audio": "",
               "AnnounceDistance": 20.0
          },
          {
               "Name": "Hayes / Station Approach",
               "Location": "51.377486563122076, 0.01036300796333863",
               "Audio": "",
               "AnnounceDistance": 20.0
          },
          {
               "Name": "Hayes Library",
               "Location": "51.3775522588327, 0.017004659276547724",
               "Audio": "",
               "AnnounceDistance": 20.0
          },
          {
               "Name": "Hayes / The George",
               "Location": "51.378941228379624, 0.017812964716951412",
               "Audio": "",
               "AnnounceDistance": 20.0
          },
          {
               "Name": "Club Gardens Road",
               "Location": "51.383334506454275, 0.01701457323040635",
               "Audio": "",
               "AnnounceDistance": 20.0
          },
          {
               "Name": "Hayes Lane / Norman Park",
               "Location": "51.388733646814394, 0.017338244581923824",
               "Audio": "",
               "AnnounceDistance": 20.0
          },
          {
               "Name": "Hayes Road / Hayes Lane",
               "Location": "51.39231034399446, 0.01748120653729998",
               "Audio": "",
               "AnnounceDistance": 20.0
          },
          {
               "Name": "Hayes Road / Cameron Road",
               "Location": "51.39717729190456, 0.01476268799543522",
               "Audio": "",
               "AnnounceDistance": 20.0
          },
          {
               "Name": "St Marks Church",
               "Location": "51.398827534716965, 0.016589116412977414",
               "Audio": "",
               "AnnounceDistance": 20.0
          },
          {
               "Name": "Bromley South Station",
               "Location": "51.400733318007696, 0.01662981482884608",
               "Audio": "",
               "AnnounceDistance": 20.0
          },
          {
               "Name": "Elmfield Road / The Mall",
               "Location": "51.402769850123434, 0.016388719766501907",
               "Audio": "",
               "AnnounceDistance": 20.0
          },
          {
               "Name": "Bromley Civic Centre",
               "Location": "51.404799532659176, 0.01863473167278371",
               "Audio": "",
               "AnnounceDistance": 20.0
          },
          {
               "Name": "Bromley Town Hall",
               "Location": "51.40600581310172, 0.016473556354370606",
               "Audio": "",
               "AnnounceDistance": 20.0
          },
          {
               "Name": "West Street",
               "Location": "51.40797602011513, 0.01381381265496165",
               "Audio": "",
               "AnnounceDistance": 20.0
          },
          {
               "Name": "Bromley North Station",
               "Location": "51.4089984095507, 0.016590841870194186",
               "Audio": "",
               "AnnounceDistance": 20.0
          }
     ]
}