{
     "RouteNumber": "11",
     "Destination": "Waterloo Station / Upper Taxi Road",
     "RouteAudio": "",
     "DestinationAudio": "",
     "Stops": [
          {
               "Name": "Fulham Town Hall",
               "Location": "51.479322967324556, -0.19480350059865956",
               "Audio": "",
               "AnnounceDistance": 20.0
          },
          {
               "Name": "Tyrawley Road",
               "Location": "51.477657736686325, -0.19236352288514277",
               "Audio": "",
               "AnnounceDistance": 20.0
          },
          {
               "Name": "Rumbold Road",
               "Location": "51.478451216767546, -0.18900552843080537",
               "Audio": "",
               "AnnounceDistance": 20.0
          },
          {
               "Name": "Worlds End Health Centre",
               "Location": "51.480716091277515, -0.18485453595872123",
               "Audio": "",
               "AnnounceDistance": 20.0
          },
          {
               "Name": "Edith Grove / Worlds End",
               "Location": "51.48160183967334, -0.18224141439177433",
               "Audio": "",
               "AnnounceDistance": 20.0
          },
          {
               "Name": "Hobury Street / Worlds End",
               "Location": "51.48246218019417, -0.17915392763505866",
               "Audio": "",
               "AnnounceDistance": 20.0
          },
          {
               "Name": "Beaufort Street",
               "Location": "51.48427975399098, -0.17633058815064695",
               "Audio": "",
               "AnnounceDistance": 20.0
          },
          {
               "Name": "Old Church Street",
               "Location": "51.48553578931457, -0.1738319275389316",
               "Audio": "",
               "AnnounceDistance": 20.0
          },
          {
               "Name": "Carlyle Square",
               "Location": "51.48664483653672, -0.17113735836544225",
               "Audio": "",
               "AnnounceDistance": 20.0
          },
          {
               "Name": "Chelsea Old Town Hall",
               "Location": "51.48778414649256, -0.16808134527069912",
               "Audio": "",
               "AnnounceDistance": 20.0
          },
          {
               "Name": "Markham Street",
               "Location": "51.488953489076486, -0.1652256325821473",
               "Audio": "",
               "AnnounceDistance": 20.0
          },
          {
               "Name": "Duke Of York Square",
               "Location": "51.49087938238485, -0.16130219526932899",
               "Audio": "",
               "AnnounceDistance": 20.0
          },
          {
               "Name": "Cadogan Gardens / Sloane Square",
               "Location": "51.492056467073475, -0.1589499850520518",
               "Audio": "",
               "AnnounceDistance": 20.0
          },
          {
               "Name": "Sloane Square Stn / Lower Sloane St",
               "Location": "51.49166223057353, -0.1573236756101272",
               "Audio": "",
               "AnnounceDistance": 20.0
          },
          {
               "Name": "Chelsea Bridge Road",
               "Location": "51.49002167766347, -0.1553587633921256",
               "Audio": "",
               "AnnounceDistance": 20.0
          },
          {
               "Name": "Ebury Bridge Road",
               "Location": "51.49089010679787, -0.15111746284246927",
               "Audio": "",
               "AnnounceDistance": 20.0
          },
          {
               "Name": "Victoria Coach Station",
               "Location": "51.49221339571945, -0.1483557130573136",
               "Audio": "",
               "AnnounceDistance": 20.0
          },
          {
               "Name": "Eccleston Bridge",
               "Location": "51.49348236033353, -0.14728148293936047",
               "Audio": "",
               "AnnounceDistance": 20.0
          },
          {
               "Name": "Victoria Station",
               "Location": "51.496283129838375, -0.14412810970496134",
               "Audio": "",
               "AnnounceDistance": 20.0
          },
          {
               "Name": "Westminster Cathedral",
               "Location": "51.49692000083413, -0.14005390773546716",
               "Audio": "",
               "AnnounceDistance": 20.0
          },
          {
               "Name": "Westminster City Hall",
               "Location": "51.49741493764586, -0.1366769186289004",
               "Audio": "",
               "AnnounceDistance": 20.0
          },
          {
               "Name": "St Jamess Park Station",
               "Location": "51.49772507527659, -0.13469049134828517",
               "Audio": "",
               "AnnounceDistance": 20.0
          },
          {
               "Name": "Westminster Abbey",
               "Location": "51.499033055315216, -0.1309919753521042",
               "Audio": "",
               "AnnounceDistance": 20.0
          },
          {
               "Name": "Westminster Stn R",
               "Location": "51.5010536806639, -0.12518924827064876",
               "Audio": "",
               "AnnounceDistance": 20.0
          },
          {
               "Name": "St Thomas Hospital / County Hall",
               "Location": "51.50083099099779, -0.11802312789186468",
               "Audio": "",
               "AnnounceDistance": 20.0
          },
          {
               "Name": "Waterloo Station / Upper Taxi Road",
               "Location": "51.503596619652626, -0.11217438842027941",
               "Audio": "",
               "AnnounceDistance": 20.0
          }
     ]
}