{
     "RouteNumber": "122",
     "Destination": "Crystal Palace Parade",
     "RouteAudio": "",
     "DestinationAudio": "",
     "Stops": [
          {
               "Name": "Plumstead Road / Plumstead Station",
               "Location": "51.490364001600064, 0.0835189874935316",
               "Audio": "",
               "AnnounceDistance": 20.0
          },
          {
               "Name": "Greenwich Community College",
               "Location": "51.49088334157342, 0.08009977448241652",
               "Audio": "",
               "AnnounceDistance": 20.0
          },
          {
               "Name": "Maxey Road",
               "Location": "51.490868610139565, 0.07687229478112641",
               "Audio": "",
               "AnnounceDistance": 20.0
          },
          {
               "Name": "Woolwich",
               "Location": "51.491193221191764, 0.07072149865698509",
               "Audio": "",
               "AnnounceDistance": 20.0
          },
          {
               "Name": "Woolwich Arsenal Station",
               "Location": "51.48964747813184, 0.06811617549871274",
               "Audio": "",
               "AnnounceDistance": 20.0
          },
          {
               "Name": "Claydown Mews",
               "Location": "51.486125481804606, 0.06487436808956823",
               "Audio": "",
               "AnnounceDistance": 20.0
          },
          {
               "Name": "Gunner Lane",
               "Location": "51.484257256079594, 0.06270149029856877",
               "Audio": "",
               "AnnounceDistance": 20.0
          },
          {
               "Name": "Nightingale Place",
               "Location": "51.481661664534265, 0.06148977471747871",
               "Audio": "",
               "AnnounceDistance": 20.0
          },
          {
               "Name": "Woolwich Common",
               "Location": "51.477975199738495, 0.05838567403891934",
               "Audio": "",
               "AnnounceDistance": 20.0
          },
          {
               "Name": "Royal Garrison Church",
               "Location": "51.4746912929772, 0.05642339928849009",
               "Audio": "",
               "AnnounceDistance": 20.0
          },
          {
               "Name": "Well Hall Road / Shooters Hill Road",
               "Location": "51.47056285072314, 0.05492743461462819",
               "Audio": "",
               "AnnounceDistance": 20.0
          },
          {
               "Name": "Well Hall Road / Broad Walk",
               "Location": "51.468585919513956, 0.053816321386198546",
               "Audio": "",
               "AnnounceDistance": 20.0
          },
          {
               "Name": "Well Hall Road / Dunblane Road",
               "Location": "51.46690600931098, 0.05268984233989104",
               "Audio": "",
               "AnnounceDistance": 20.0
          },
          {
               "Name": "Arbroath Road",
               "Location": "51.463646432255686, 0.05087353500486034",
               "Audio": "",
               "AnnounceDistance": 20.0
          },
          {
               "Name": "Well Hall Road / Well Hall Roundabout",
               "Location": "51.46135445178842, 0.04977744945588566",
               "Audio": "",
               "AnnounceDistance": 20.0
          },
          {
               "Name": "Elmbrook Gardens",
               "Location": "51.45955479003909, 0.047782214612664416",
               "Audio": "",
               "AnnounceDistance": 20.0
          },
          {
               "Name": "Westhorne Avenue / Briset Road",
               "Location": "51.45793921449837, 0.04399600220444901",
               "Audio": "",
               "AnnounceDistance": 20.0
          },
          {
               "Name": "Haimo Road",
               "Location": "51.45532260725181, 0.03984875369382869",
               "Audio": "",
               "AnnounceDistance": 20.0
          },
          {
               "Name": "Green Way",
               "Location": "51.453656819496736, 0.037385156227885484",
               "Audio": "",
               "AnnounceDistance": 20.0
          },
          {
               "Name": "Eltham Road / Westhorne Avenue",
               "Location": "51.45285661682086, 0.03426935394346748",
               "Audio": "",
               "AnnounceDistance": 20.0
          },
          {
               "Name": "Cedarhurst Drive",
               "Location": "51.45287548653411, 0.02954918008319957",
               "Audio": "",
               "AnnounceDistance": 20.0
          },
          {
               "Name": "Eltham Road / Kidbrooke Park Road",
               "Location": "51.453523718359016, 0.0253462349602557",
               "Audio": "",
               "AnnounceDistance": 20.0
          },
          {
               "Name": "Courtlands Avenue",
               "Location": "51.454116206033504, 0.021759640224364392",
               "Audio": "",
               "AnnounceDistance": 20.0
          },
          {
               "Name": "Weigall Road",
               "Location": "51.45454803344717, 0.01966282682106797",
               "Audio": "",
               "AnnounceDistance": 20.0
          },
          {
               "Name": "Cambridge Drive",
               "Location": "51.4550681230467, 0.01713804662849248",
               "Audio": "",
               "AnnounceDistance": 20.0
          },
          {
               "Name": "Lee Green",
               "Location": "51.45609949890109, 0.012591730683445636",
               "Audio": "",
               "AnnounceDistance": 20.0
          },
          {
               "Name": "Lampmead Road",
               "Location": "51.45722645729457, 0.008754746287994773",
               "Audio": "",
               "AnnounceDistance": 20.0
          },
          {
               "Name": "Dacre Park",
               "Location": "51.458630756564745, 0.005519928278843934",
               "Audio": "",
               "AnnounceDistance": 20.0
          },
          {
               "Name": "Brandram Road",
               "Location": "51.45851530446697, 0.0012251421445603904",
               "Audio": "",
               "AnnounceDistance": 20.0
          },
          {
               "Name": "Belmont Park",
               "Location": "51.45924323881242, -0.003493454944686609",
               "Audio": "",
               "AnnounceDistance": 20.0
          },
          {
               "Name": "Marischal Road",
               "Location": "51.4608056407708, -0.0054694653534016514",
               "Audio": "",
               "AnnounceDistance": 20.0
          },
          {
               "Name": "Belmont Hill",
               "Location": "51.46203582924488, -0.0080071327457751",
               "Audio": "",
               "AnnounceDistance": 20.0
          },
          {
               "Name": "Lewisham Centre",
               "Location": "51.46064470828161, -0.010817286142982723",
               "Audio": "",
               "AnnounceDistance": 20.0
          },
          {
               "Name": "Morley Road",
               "Location": "51.45886265588817, -0.01231988804882738",
               "Audio": "",
               "AnnounceDistance": 20.0
          },
          {
               "Name": "Wearside Road",
               "Location": "51.45662655127686, -0.016749753997372194",
               "Audio": "",
               "AnnounceDistance": 20.0
          },
          {
               "Name": "Ladywell Station",
               "Location": "51.45645806318234, -0.02114733696050294",
               "Audio": "",
               "AnnounceDistance": 20.0
          },
          {
               "Name": "Prendergast School",
               "Location": "51.45803510295629, -0.026678722335872745",
               "Audio": "",
               "AnnounceDistance": 20.0
          },
          {
               "Name": "Adelaide Avenue / St Margarets Road",
               "Location": "51.4590371088679, -0.03118437134997874",
               "Audio": "",
               "AnnounceDistance": 20.0
          },
          {
               "Name": "Braxfield Road",
               "Location": "51.45866912870228, -0.03390647247409519",
               "Audio": "",
               "AnnounceDistance": 20.0
          },
          {
               "Name": "Dalrymple Road",
               "Location": "51.45694406158001, -0.035607178587603615",
               "Audio": "",
               "AnnounceDistance": 20.0
          },
          {
               "Name": "Crofton Park Station",
               "Location": "51.454457303560986, -0.03746996903570097",
               "Audio": "",
               "AnnounceDistance": 20.0
          },
          {
               "Name": "Brockley Jack",
               "Location": "51.453407999642174, -0.03817706673056487",
               "Audio": "",
               "AnnounceDistance": 20.0
          },
          {
               "Name": "Maclean Road",
               "Location": "51.45103417015864, -0.03980444914127364",
               "Audio": "",
               "AnnounceDistance": 20.0
          },
          {
               "Name": "Brockley Rise / Chandos",
               "Location": "51.44823555695272, -0.04130591962630896",
               "Audio": "",
               "AnnounceDistance": 20.0
          },
          {
               "Name": "Duncombe Hill",
               "Location": "51.447192330459984, -0.04183987205846032",
               "Audio": "",
               "AnnounceDistance": 20.0
          },
          {
               "Name": "Brockley Park",
               "Location": "51.445028695893456, -0.04259440600827578",
               "Audio": "",
               "AnnounceDistance": 20.0
          },
          {
               "Name": "Brockley Rise / Cranston Road",
               "Location": "51.44284872834891, -0.04237104171841899",
               "Audio": "",
               "AnnounceDistance": 20.0
          },
          {
               "Name": "Forest Hill Fire Station",
               "Location": "51.44222861960249, -0.045088458979599205",
               "Audio": "",
               "AnnounceDistance": 20.0
          },
          {
               "Name": "Waldram Park Road",
               "Location": "51.440984432513446, -0.048134592179259535",
               "Audio": "",
               "AnnounceDistance": 20.0
          },
          {
               "Name": "Forest Hill Station / Waldram Crescent",
               "Location": "51.44006926648435, -0.052044289411666035",
               "Audio": "",
               "AnnounceDistance": 20.0
          },
          {
               "Name": "Forest Hill Station / Devonshire Road",
               "Location": "51.439593260201626, -0.0537048873058289",
               "Audio": "",
               "AnnounceDistance": 20.0
          },
          {
               "Name": "Forest Hill Pools",
               "Location": "51.437592964623185, -0.054552501637108786",
               "Audio": "",
               "AnnounceDistance": 20.0
          },
          {
               "Name": "Dartmouth Road / Thorpewood Avenue",
               "Location": "51.435685149081294, -0.055554377149005005",
               "Audio": "",
               "AnnounceDistance": 20.0
          },
          {
               "Name": "Sydenham School",
               "Location": "51.432966734384195, -0.059194596350806795",
               "Audio": "",
               "AnnounceDistance": 20.0
          },
          {
               "Name": "Sydenham / The Woodman",
               "Location": "51.43156163786577, -0.0601461043148446",
               "Audio": "",
               "AnnounceDistance": 20.0
          },
          {
               "Name": "Peak Hill",
               "Location": "51.4295274370916, -0.05840526767530867",
               "Audio": "",
               "AnnounceDistance": 20.0
          },
          {
               "Name": "Sydenham Station / Kirkdale",
               "Location": "51.42749623842483, -0.056304826080949874",
               "Audio": "",
               "AnnounceDistance": 20.0
          },
          {
               "Name": "Sydenham Station / Westwood Hill",
               "Location": "51.42732587534768, -0.05741971019745846",
               "Audio": "",
               "AnnounceDistance": 20.0
          },
          {
               "Name": "Sydenham High School",
               "Location": "51.42723849929808, -0.06355146404127422",
               "Audio": "",
               "AnnounceDistance": 20.0
          },
          {
               "Name": "Charleville Circus",
               "Location": "51.42660059653329, -0.06576493461928921",
               "Audio": "",
               "AnnounceDistance": 20.0
          },
          {
               "Name": "Crystal Palace Park Road",
               "Location": "51.426307246710024, -0.06924405505927723",
               "Audio": "",
               "AnnounceDistance": 20.0
          },
          {
               "Name": "Crystal Palace Parade / Fountain Drive",
               "Location": "51.42525297322757, -0.07512857750098172",
               "Audio": "",
               "AnnounceDistance": 20.0
          },
          {
               "Name": "Crystal Palace Parade / College Road",
               "Location": "51.42319832970086, -0.07650945354051468",
               "Audio": "",
               "AnnounceDistance": 20.0
          },
          {
               "Name": "Crystal Palace Parade",
               "Location": "51.42082274600923, -0.0780618813708778",
               "Audio": "",
               "AnnounceDistance": 20.0
          }
     ]
}