{
     "RouteNumber": "122",
     "Destination": "Plumstead Bus Garage",
     "RouteAudio": "",
     "DestinationAudio": "",
     "Stops": [
          {
               "Name": "Crystal Palace Parade",
               "Location": "51.42178763276815, -0.0776762019180357",
               "Audio": "",
               "AnnounceDistance": 20.0
          },
          {
               "Name": "Crystal Palace Parade / College Road",
               "Location": "51.424608524236675, -0.07586048545296183",
               "Audio": "",
               "AnnounceDistance": 20.0
          },
          {
               "Name": "Crystal Palace Park Road",
               "Location": "51.426349369503924, -0.07234939424979027",
               "Audio": "",
               "AnnounceDistance": 20.0
          },
          {
               "Name": "Charleville Circus",
               "Location": "51.42661129450373, -0.0669584279969656",
               "Audio": "",
               "AnnounceDistance": 20.0
          },
          {
               "Name": "Sydenham High School",
               "Location": "51.428104586695376, -0.061544052799704686",
               "Audio": "",
               "AnnounceDistance": 20.0
          },
          {
               "Name": "Sydenham Station / Westwood Hill",
               "Location": "51.427300038986445, -0.05694609717562692",
               "Audio": "",
               "AnnounceDistance": 20.0
          },
          {
               "Name": "Sydenham Station / Kirkdale",
               "Location": "51.427718824823046, -0.056712552394693014",
               "Audio": "",
               "AnnounceDistance": 20.0
          },
          {
               "Name": "Peak Hill",
               "Location": "51.42991272412906, -0.05886366951113223",
               "Audio": "",
               "AnnounceDistance": 20.0
          },
          {
               "Name": "Sydenham / The Woodman",
               "Location": "51.431912162080934, -0.06067794558300733",
               "Audio": "",
               "AnnounceDistance": 20.0
          },
          {
               "Name": "Sydenham Police Station",
               "Location": "51.43390595857464, -0.05834910671853987",
               "Audio": "",
               "AnnounceDistance": 20.0
          },
          {
               "Name": "Dartmouth Road / Thorpewood Avenue",
               "Location": "51.43510166003145, -0.05670138528919215",
               "Audio": "",
               "AnnounceDistance": 20.0
          },
          {
               "Name": "Forest Hill Pools",
               "Location": "51.4365501486409, -0.05511477885631896",
               "Audio": "",
               "AnnounceDistance": 20.0
          },
          {
               "Name": "Forest Hill Station / Dartmouth Road",
               "Location": "51.43884413492969, -0.054082063360100525",
               "Audio": "",
               "AnnounceDistance": 20.0
          },
          {
               "Name": "Waldram Park Road",
               "Location": "51.44031112549018, -0.050364849346400245",
               "Audio": "",
               "AnnounceDistance": 20.0
          },
          {
               "Name": "Forest Hill Fire Station",
               "Location": "51.4423456904972, -0.04617708944924944",
               "Audio": "",
               "AnnounceDistance": 20.0
          },
          {
               "Name": "Stanstead Road / Colfe Road",
               "Location": "51.44230587789833, -0.04379007257010142",
               "Audio": "",
               "AnnounceDistance": 20.0
          },
          {
               "Name": "Brockley Park",
               "Location": "51.44433891202876, -0.042753417249708395",
               "Audio": "",
               "AnnounceDistance": 20.0
          },
          {
               "Name": "Duncombe Hill",
               "Location": "51.44678928947778, -0.0424759398396962",
               "Audio": "",
               "AnnounceDistance": 20.0
          },
          {
               "Name": "Stondon Park / Honor Oak Park",
               "Location": "51.44916652569553, -0.04105019625283111",
               "Audio": "",
               "AnnounceDistance": 20.0
          },
          {
               "Name": "Maclean Road",
               "Location": "51.45045847855549, -0.040332842622646435",
               "Audio": "",
               "AnnounceDistance": 20.0
          },
          {
               "Name": "Brockley Jack",
               "Location": "51.452577248614794, -0.03904748217158412",
               "Audio": "",
               "AnnounceDistance": 20.0
          },
          {
               "Name": "Crofton Park Station",
               "Location": "51.454477202389675, -0.03758426518104209",
               "Audio": "",
               "AnnounceDistance": 20.0
          },
          {
               "Name": "Beecroft Road",
               "Location": "51.456111885752335, -0.03639140594263461",
               "Audio": "",
               "AnnounceDistance": 20.0
          },
          {
               "Name": "Dalrymple Road",
               "Location": "51.457502480656736, -0.035122573847162754",
               "Audio": "",
               "AnnounceDistance": 20.0
          },
          {
               "Name": "Roundel Close",
               "Location": "51.45905873227229, -0.03354424579551392",
               "Audio": "",
               "AnnounceDistance": 20.0
          },
          {
               "Name": "Adelaide Avenue / Montague Avenue",
               "Location": "51.459024907916145, -0.028852882713405987",
               "Audio": "",
               "AnnounceDistance": 20.0
          },
          {
               "Name": "Prendergast School",
               "Location": "51.45806838415967, -0.02651894350321412",
               "Audio": "",
               "AnnounceDistance": 20.0
          },
          {
               "Name": "Ladywell Station",
               "Location": "51.45660038565238, -0.02052222227446706",
               "Audio": "",
               "AnnounceDistance": 20.0
          },
          {
               "Name": "Wearside Road",
               "Location": "51.45677201446138, -0.016311614780110582",
               "Audio": "",
               "AnnounceDistance": 20.0
          },
          {
               "Name": "Lewisham Fire Station",
               "Location": "51.457202976114175, -0.013615533769048317",
               "Audio": "",
               "AnnounceDistance": 20.0
          },
          {
               "Name": "Molesworth Street / Riverdale House",
               "Location": "51.4605491916575, -0.013139140871217769",
               "Audio": "",
               "AnnounceDistance": 20.0
          },
          {
               "Name": "Belmont Hill",
               "Location": "51.46181179002305, -0.006994767922184868",
               "Audio": "",
               "AnnounceDistance": 20.0
          },
          {
               "Name": "Belmont Park",
               "Location": "51.459881816355185, -0.004027009824639201",
               "Audio": "",
               "AnnounceDistance": 20.0
          },
          {
               "Name": "Manor Park",
               "Location": "51.45871665306419, -0.0016162815134020611",
               "Audio": "",
               "AnnounceDistance": 20.0
          },
          {
               "Name": "Brandram Road",
               "Location": "51.4586512598377, 0.0027425737385142162",
               "Audio": "",
               "AnnounceDistance": 20.0
          },
          {
               "Name": "Dacre Park",
               "Location": "51.45872209709859, 0.006488405463874087",
               "Audio": "",
               "AnnounceDistance": 20.0
          },
          {
               "Name": "Lampmead Road",
               "Location": "51.45703909573897, 0.009192752678288826",
               "Audio": "",
               "AnnounceDistance": 20.0
          },
          {
               "Name": "Lee Green",
               "Location": "51.456668772184315, 0.010860644699110585",
               "Audio": "",
               "AnnounceDistance": 20.0
          },
          {
               "Name": "Cambridge Drive",
               "Location": "51.45537497326347, 0.016028835453163467",
               "Audio": "",
               "AnnounceDistance": 20.0
          },
          {
               "Name": "Weigall Road",
               "Location": "51.4546067221034, 0.019910112815207822",
               "Audio": "",
               "AnnounceDistance": 20.0
          },
          {
               "Name": "Courtlands Avenue",
               "Location": "51.454131503018566, 0.02243682036996476",
               "Audio": "",
               "AnnounceDistance": 20.0
          },
          {
               "Name": "Eltham Road / Kidbrooke Park Road",
               "Location": "51.453655524938895, 0.025524791824253157",
               "Audio": "",
               "AnnounceDistance": 20.0
          },
          {
               "Name": "Sutcliffe Park",
               "Location": "51.452930685863656, 0.03051598248518995",
               "Audio": "",
               "AnnounceDistance": 20.0
          },
          {
               "Name": "Eltham Road / Westhorne Avenue",
               "Location": "51.45301137320754, 0.03416108686999068",
               "Audio": "",
               "AnnounceDistance": 20.0
          },
          {
               "Name": "Green Way",
               "Location": "51.45370799758275, 0.037027594880447955",
               "Audio": "",
               "AnnounceDistance": 20.0
          },
          {
               "Name": "Haimo Road",
               "Location": "51.45556597551106, 0.039816421152123915",
               "Audio": "",
               "AnnounceDistance": 20.0
          },
          {
               "Name": "Westhorne Avenue / Briset Road",
               "Location": "51.45765998390875, 0.042990281604558186",
               "Audio": "",
               "AnnounceDistance": 20.0
          },
          {
               "Name": "Westhorne Avenue / Kidbrooke Lane",
               "Location": "51.45862104060411, 0.04512049762612474",
               "Audio": "",
               "AnnounceDistance": 20.0
          },
          {
               "Name": "Elmbrook Gardens",
               "Location": "51.45945003385423, 0.04708654468702582",
               "Audio": "",
               "AnnounceDistance": 20.0
          },
          {
               "Name": "Dickson Road",
               "Location": "51.46167021116637, 0.0497196178988773",
               "Audio": "",
               "AnnounceDistance": 20.0
          },
          {
               "Name": "Arbroath Road",
               "Location": "51.463998135027666, 0.05081732013881656",
               "Audio": "",
               "AnnounceDistance": 20.0
          },
          {
               "Name": "Well Hall Road / Dunblane Road",
               "Location": "51.46660754653077, 0.052273311308655576",
               "Audio": "",
               "AnnounceDistance": 20.0
          },
          {
               "Name": "Well Hall Road / Broad Walk",
               "Location": "51.469546547056524, 0.05442101027232208",
               "Audio": "",
               "AnnounceDistance": 20.0
          },
          {
               "Name": "Academy Road / Shooters Hill Road",
               "Location": "51.472008290751894, 0.05506438805587651",
               "Audio": "",
               "AnnounceDistance": 20.0
          },
          {
               "Name": "Royal Garrison Church",
               "Location": "51.47550672068099, 0.0565896797356181",
               "Audio": "",
               "AnnounceDistance": 20.0
          },
          {
               "Name": "Ha Ha Road",
               "Location": "51.480466306203226, 0.06042772188048952",
               "Audio": "",
               "AnnounceDistance": 20.0
          },
          {
               "Name": "Gunner Lane",
               "Location": "51.483010401965416, 0.062011495603645786",
               "Audio": "",
               "AnnounceDistance": 20.0
          },
          {
               "Name": "Naafi Messing Store",
               "Location": "51.48637457887042, 0.06298430088981952",
               "Audio": "",
               "AnnounceDistance": 20.0
          },
          {
               "Name": "Woolwich Arsenal Station",
               "Location": "51.489800487508774, 0.06810869518988158",
               "Audio": "",
               "AnnounceDistance": 20.0
          },
          {
               "Name": "Woolwich",
               "Location": "51.49139743492912, 0.07137900264694615",
               "Audio": "",
               "AnnounceDistance": 20.0
          },
          {
               "Name": "Maxey Road",
               "Location": "51.491168000031536, 0.07723163406422061",
               "Audio": "",
               "AnnounceDistance": 20.0
          },
          {
               "Name": "Plumstead Bus Garage",
               "Location": "51.49116070857225, 0.081192812749612",
               "Audio": "",
               "AnnounceDistance": 20.0
          }
     ]
}