{
     "RouteNumber": "123",
     "Destination": "Hainault Street",
     "RouteAudio": "",
     "DestinationAudio": "",
     "Stops": [
          {
               "Name": "Lordship Lane",
               "Location": "51.596621696243034, -0.10924348528165151",
               "Audio": "",
               "AnnounceDistance": 20.0
          },
          {
               "Name": "Brampton Park Road",
               "Location": "51.5929430353129, -0.1064077231720321",
               "Audio": "",
               "AnnounceDistance": 20.0
          },
          {
               "Name": "Coleraine Road",
               "Location": "51.59137142433782, -0.10430755631474604",
               "Audio": "",
               "AnnounceDistance": 20.0
          },
          {
               "Name": "Turnpike Lane Bus Station",
               "Location": "51.59008232058905, -0.10244117790781677",
               "Audio": "",
               "AnnounceDistance": 20.0
          },
          {
               "Name": "Westbury Avenue Baptist Church",
               "Location": "51.59380928598581, -0.0976946924979103",
               "Audio": "",
               "AnnounceDistance": 20.0
          },
          {
               "Name": "Lordship Lane",
               "Location": "51.59760409760126, -0.09492269593030508",
               "Audio": "",
               "AnnounceDistance": 20.0
          },
          {
               "Name": "Westbury Avenue / Lordship Lane",
               "Location": "51.5982321369149, -0.0937268520549828",
               "Audio": "",
               "AnnounceDistance": 20.0
          },
          {
               "Name": "The Roundway / West Arm",
               "Location": "51.5980981139108, -0.09156661586490168",
               "Audio": "",
               "AnnounceDistance": 20.0
          },
          {
               "Name": "Waltheof Avenue",
               "Location": "51.59790329987367, -0.08678105676858225",
               "Audio": "",
               "AnnounceDistance": 20.0
          },
          {
               "Name": "Awlfield Avenue",
               "Location": "51.59800365902129, -0.08191090429413418",
               "Audio": "",
               "AnnounceDistance": 20.0
          },
          {
               "Name": "Mount Pleasant Road",
               "Location": "51.59830221148241, -0.07817304264221742",
               "Audio": "",
               "AnnounceDistance": 20.0
          },
          {
               "Name": "Bruce Castle Park Museum",
               "Location": "51.59810758526335, -0.07452818620172894",
               "Audio": "",
               "AnnounceDistance": 20.0
          },
          {
               "Name": "Elmhurst Road",
               "Location": "51.59608940136607, -0.07210126464638893",
               "Audio": "",
               "AnnounceDistance": 20.0
          },
          {
               "Name": "Bruce Grove Station",
               "Location": "51.59453895637048, -0.07023224007797127",
               "Audio": "",
               "AnnounceDistance": 20.0
          },
          {
               "Name": "Tottenham Police Station",
               "Location": "51.59183407606366, -0.06979827243376088",
               "Audio": "",
               "AnnounceDistance": 20.0
          },
          {
               "Name": "Tottenham High Road",
               "Location": "51.588801417607066, -0.06911839911641497",
               "Audio": "",
               "AnnounceDistance": 20.0
          },
          {
               "Name": "Park View Road",
               "Location": "51.5893469532208, -0.06565943695882295",
               "Audio": "",
               "AnnounceDistance": 20.0
          },
          {
               "Name": "Tottenham Hale Bus Station",
               "Location": "51.58834019214465, -0.06077954264834822",
               "Audio": "",
               "AnnounceDistance": 20.0
          },
          {
               "Name": "Mill Mead Road",
               "Location": "51.58804850775668, -0.05836673851956823",
               "Audio": "",
               "AnnounceDistance": 20.0
          },
          {
               "Name": "Walthamstow Wetlands / Ferry Boat Inn",
               "Location": "51.587124953370385, -0.05364237413224505",
               "Audio": "",
               "AnnounceDistance": 20.0
          },
          {
               "Name": "Blackhorse Rd Stn / Blackhorse Lane",
               "Location": "51.58716887317653, -0.04168781320401888",
               "Audio": "",
               "AnnounceDistance": 20.0
          },
          {
               "Name": "King Edward Road",
               "Location": "51.58781374938239, -0.03507734259729372",
               "Audio": "",
               "AnnounceDistance": 20.0
          },
          {
               "Name": "Higham Hill Road",
               "Location": "51.588756357214585, -0.031225528348593847",
               "Audio": "",
               "AnnounceDistance": 20.0
          },
          {
               "Name": "Wolsey Avenue",
               "Location": "51.58982512562795, -0.027396959565740533",
               "Audio": "",
               "AnnounceDistance": 20.0
          },
          {
               "Name": "Lloyd Park / William Morris Gallery",
               "Location": "51.590845642241966, -0.02124597391843879",
               "Audio": "",
               "AnnounceDistance": 20.0
          },
          {
               "Name": "Bromley Road",
               "Location": "51.59054245557074, -0.018732721144142293",
               "Audio": "",
               "AnnounceDistance": 20.0
          },
          {
               "Name": "Waltham Forest Town Hall",
               "Location": "51.58998065420923, -0.01422408540334057",
               "Audio": "",
               "AnnounceDistance": 20.0
          },
          {
               "Name": "Waltham Forest College",
               "Location": "51.590384639452026, -0.010467362488354346",
               "Audio": "",
               "AnnounceDistance": 20.0
          },
          {
               "Name": "St Johns Road",
               "Location": "51.591429850681195, -0.006350447650736082",
               "Audio": "",
               "AnnounceDistance": 20.0
          },
          {
               "Name": "Wood Street",
               "Location": "51.592033672340456, -0.0037830550076642863",
               "Audio": "",
               "AnnounceDistance": 20.0
          },
          {
               "Name": "Hale End Road",
               "Location": "51.59263279603083, 0.00011244469801556262",
               "Audio": "",
               "AnnounceDistance": 20.0
          },
          {
               "Name": "Beacontree Avenue",
               "Location": "51.59343806418103, 0.005619707899690652",
               "Audio": "",
               "AnnounceDistance": 20.0
          },
          {
               "Name": "Woodford New Road",
               "Location": "51.593943862185625, 0.008645065806473392",
               "Audio": "",
               "AnnounceDistance": 20.0
          },
          {
               "Name": "Waterworks Corner",
               "Location": "51.59556751954872, 0.01307709718116327",
               "Audio": "",
               "AnnounceDistance": 20.0
          },
          {
               "Name": "High Road South Woodford",
               "Location": "51.59602370081622, 0.021067347150900157",
               "Audio": "",
               "AnnounceDistance": 20.0
          },
          {
               "Name": "Maybank Road",
               "Location": "51.595752996335975, 0.03153766517882217",
               "Audio": "",
               "AnnounceDistance": 20.0
          },
          {
               "Name": "Charlie Browns Roundabout",
               "Location": "51.59461522995666, 0.03492316907774895",
               "Audio": "",
               "AnnounceDistance": 20.0
          },
          {
               "Name": "Lechmere Approach",
               "Location": "51.59333001341584, 0.03954354997682126",
               "Audio": "",
               "AnnounceDistance": 20.0
          },
          {
               "Name": "Northview Drive",
               "Location": "51.59244336548265, 0.042954384187021154",
               "Audio": "",
               "AnnounceDistance": 20.0
          },
          {
               "Name": "Woodford / Roding Lane North",
               "Location": "51.590991893118584, 0.04729254487754415",
               "Audio": "",
               "AnnounceDistance": 20.0
          },
          {
               "Name": "Claybury Broadway",
               "Location": "51.589522813662896, 0.050056055249416365",
               "Audio": "",
               "AnnounceDistance": 20.0
          },
          {
               "Name": "Lord Avenue",
               "Location": "51.58420495385432, 0.05589374903513592",
               "Audio": "",
               "AnnounceDistance": 20.0
          },
          {
               "Name": "Longwood Gardens",
               "Location": "51.58243319412966, 0.0574448497016508",
               "Audio": "",
               "AnnounceDistance": 20.0
          },
          {
               "Name": "Highwood Gardens",
               "Location": "51.580796449627805, 0.060012301436413236",
               "Audio": "",
               "AnnounceDistance": 20.0
          },
          {
               "Name": "Glenwood Gardens",
               "Location": "51.57927987022178, 0.06290254558755627",
               "Audio": "",
               "AnnounceDistance": 20.0
          },
          {
               "Name": "Gants Hill Station / Woodford Avenue",
               "Location": "51.57750416530776, 0.06569425211830447",
               "Audio": "",
               "AnnounceDistance": 20.0
          },
          {
               "Name": "Gants Hill Station / Cranbrook Road",
               "Location": "51.575648934979085, 0.06636060169552378",
               "Audio": "",
               "AnnounceDistance": 20.0
          },
          {
               "Name": "Mornington Avenue",
               "Location": "51.571878780255695, 0.06444346321921926",
               "Audio": "",
               "AnnounceDistance": 20.0
          },
          {
               "Name": "Bethell Avenue",
               "Location": "51.56958595198357, 0.06442616361171695",
               "Audio": "",
               "AnnounceDistance": 20.0
          },
          {
               "Name": "Valentines Park",
               "Location": "51.56703412216144, 0.06584008108364843",
               "Audio": "",
               "AnnounceDistance": 20.0
          },
          {
               "Name": "Northbrook Road",
               "Location": "51.56430450171571, 0.06662535065121118",
               "Audio": "",
               "AnnounceDistance": 20.0
          },
          {
               "Name": "Coventry Road",
               "Location": "51.563016715748724, 0.06775006841080713",
               "Audio": "",
               "AnnounceDistance": 20.0
          },
          {
               "Name": "Ilford Station",
               "Location": "51.56046467902135, 0.06968298329150575",
               "Audio": "",
               "AnnounceDistance": 20.0
          },
          {
               "Name": "Ilford / Chapel Road",
               "Location": "51.55769417640747, 0.0702352402520461",
               "Audio": "",
               "AnnounceDistance": 20.0
          },
          {
               "Name": "Redbridge Central Library",
               "Location": "51.55815200779665, 0.07435320184467469",
               "Audio": "",
               "AnnounceDistance": 20.0
          },
          {
               "Name": "Hainault Street",
               "Location": "51.55959063253158, 0.07589023518840078",
               "Audio": "",
               "AnnounceDistance": 20.0
          }
     ]
}