{
     "RouteNumber": "123",
     "Destination": "Wood Green Station",
     "RouteAudio": "",
     "DestinationAudio": "",
     "Stops": [
          {
               "Name": "Tottenham Hale Bus Station",
               "Location": "51.588247541339136, -0.061158822151467916",
               "Audio": "",
               "AnnounceDistance": 20.0
          },
          {
               "Name": "Park View Road",
               "Location": "51.589093723655616, -0.0661177154074161",
               "Audio": "",
               "AnnounceDistance": 20.0
          },
          {
               "Name": "Tottenham Police Station",
               "Location": "51.5903849515309, -0.07026392467541674",
               "Audio": "",
               "AnnounceDistance": 20.0
          },
          {
               "Name": "Bruce Grove Station",
               "Location": "51.59370320871869, -0.06971903296894391",
               "Audio": "",
               "AnnounceDistance": 20.0
          },
          {
               "Name": "Bruce Grove Station",
               "Location": "51.59480857022696, -0.07076945567661035",
               "Audio": "",
               "AnnounceDistance": 20.0
          },
          {
               "Name": "Elmhurst Road",
               "Location": "51.596680158522396, -0.07302919340385645",
               "Audio": "",
               "AnnounceDistance": 20.0
          },
          {
               "Name": "Bruce Castle Park Museum",
               "Location": "51.59787252291755, -0.0744514948470848",
               "Audio": "",
               "AnnounceDistance": 20.0
          },
          {
               "Name": "Mount Pleasant Road",
               "Location": "51.59803044690145, -0.08024929175306726",
               "Audio": "",
               "AnnounceDistance": 20.0
          },
          {
               "Name": "Awlfield Avenue",
               "Location": "51.59784373513115, -0.08313051252316257",
               "Audio": "",
               "AnnounceDistance": 20.0
          },
          {
               "Name": "Waltheof Avenue",
               "Location": "51.597817096005365, -0.08811305939594247",
               "Audio": "",
               "AnnounceDistance": 20.0
          },
          {
               "Name": "The Roundway / West Arm",
               "Location": "51.597912990744554, -0.09124228116594699",
               "Audio": "",
               "AnnounceDistance": 20.0
          },
          {
               "Name": "Boundary Road",
               "Location": "51.59685933692606, -0.09391428319581575",
               "Audio": "",
               "AnnounceDistance": 20.0
          },
          {
               "Name": "Westbury Avenue Baptist Church",
               "Location": "51.593517412799926, -0.0979956377140491",
               "Audio": "",
               "AnnounceDistance": 20.0
          },
          {
               "Name": "Turnpike Lane Station",
               "Location": "51.59091140100531, -0.10255099516270248",
               "Audio": "",
               "AnnounceDistance": 20.0
          },
          {
               "Name": "Coleraine Road",
               "Location": "51.59151274460868, -0.10470590538036997",
               "Audio": "",
               "AnnounceDistance": 20.0
          },
          {
               "Name": "Wood Green Station",
               "Location": "51.59577511355773, -0.10916313850777862",
               "Audio": "",
               "AnnounceDistance": 20.0
          }
     ]
}