{
     "RouteNumber": "123",
     "Destination": "Tottenham Hale Bus Station",
     "RouteAudio": "",
     "DestinationAudio": "",
     "Stops": [
          {
               "Name": "Lordship Lane",
               "Location": "51.596621696243034, -0.10924348528165151",
               "Audio": "",
               "AnnounceDistance": 20.0
          },
          {
               "Name": "Brampton Park Road",
               "Location": "51.5929430353129, -0.1064077231720321",
               "Audio": "",
               "AnnounceDistance": 20.0
          },
          {
               "Name": "Coleraine Road",
               "Location": "51.59137142433782, -0.10430755631474604",
               "Audio": "",
               "AnnounceDistance": 20.0
          },
          {
               "Name": "Turnpike Lane Bus Station",
               "Location": "51.59008232058905, -0.10244117790781677",
               "Audio": "",
               "AnnounceDistance": 20.0
          },
          {
               "Name": "Westbury Avenue Baptist Church",
               "Location": "51.59380928598581, -0.0976946924979103",
               "Audio": "",
               "AnnounceDistance": 20.0
          },
          {
               "Name": "Lordship Lane",
               "Location": "51.59760409760126, -0.09492269593030508",
               "Audio": "",
               "AnnounceDistance": 20.0
          },
          {
               "Name": "Westbury Avenue / Lordship Lane",
               "Location": "51.5982321369149, -0.0937268520549828",
               "Audio": "",
               "AnnounceDistance": 20.0
          },
          {
               "Name": "The Roundway / West Arm",
               "Location": "51.5980981139108, -0.09156661586490168",
               "Audio": "",
               "AnnounceDistance": 20.0
          },
          {
               "Name": "Waltheof Avenue",
               "Location": "51.59790329987367, -0.08678105676858225",
               "Audio": "",
               "AnnounceDistance": 20.0
          },
          {
               "Name": "Awlfield Avenue",
               "Location": "51.59800365902129, -0.08191090429413418",
               "Audio": "",
               "AnnounceDistance": 20.0
          },
          {
               "Name": "Mount Pleasant Road",
               "Location": "51.59830221148241, -0.07817304264221742",
               "Audio": "",
               "AnnounceDistance": 20.0
          },
          {
               "Name": "Bruce Castle Park Museum",
               "Location": "51.59810758526335, -0.07452818620172894",
               "Audio": "",
               "AnnounceDistance": 20.0
          },
          {
               "Name": "Elmhurst Road",
               "Location": "51.59608940136607, -0.07210126464638893",
               "Audio": "",
               "AnnounceDistance": 20.0
          },
          {
               "Name": "Bruce Grove Station",
               "Location": "51.59453895637048, -0.07023224007797127",
               "Audio": "",
               "AnnounceDistance": 20.0
          },
          {
               "Name": "Tottenham Police Station",
               "Location": "51.59183407606366, -0.06979827243376088",
               "Audio": "",
               "AnnounceDistance": 20.0
          },
          {
               "Name": "Tottenham High Road",
               "Location": "51.588801417607066, -0.06911839911641497",
               "Audio": "",
               "AnnounceDistance": 20.0
          },
          {
               "Name": "Park View Road",
               "Location": "51.5893469532208, -0.06565943695882295",
               "Audio": "",
               "AnnounceDistance": 20.0
          },
          {
               "Name": "Tottenham Hale Bus Station",
               "Location": "51.58834019214465, -0.06077954264834822",
               "Audio": "",
               "AnnounceDistance": 20.0
          }
     ]
}