{
     "RouteNumber": "124",
     "Destination": "Southend Crescent / Southend Close",
     "RouteAudio": "",
     "DestinationAudio": "",
     "Stops": [
          {
               "Name": "Stanstead Road / St Dunstans College",
               "Location": "51.44304193149787, -0.028145354472078655",
               "Audio": "",
               "AnnounceDistance": 20.0
          },
          {
               "Name": "Catford Catford Bridge Stations",
               "Location": "51.44449059806769, -0.02445652309985291",
               "Audio": "",
               "AnnounceDistance": 20.0
          },
          {
               "Name": "Catford Road / Lewisham Town Hall",
               "Location": "51.44500944119138, -0.020563018383768672",
               "Audio": "",
               "AnnounceDistance": 20.0
          },
          {
               "Name": "Plassy Road",
               "Location": "51.44524426080958, -0.01743005338751243",
               "Audio": "",
               "AnnounceDistance": 20.0
          },
          {
               "Name": "Holy Cross School",
               "Location": "51.44313385574848, -0.014413180178410553",
               "Audio": "",
               "AnnounceDistance": 20.0
          },
          {
               "Name": "Sangley Road / St Fillans Road",
               "Location": "51.44233238078991, -0.01063461390782014",
               "Audio": "",
               "AnnounceDistance": 20.0
          },
          {
               "Name": "Torridon Road / St Andrews Church",
               "Location": "51.44190559570033, -0.001932939197521656",
               "Audio": "",
               "AnnounceDistance": 20.0
          },
          {
               "Name": "Dowanhill Road",
               "Location": "51.44020452970296, -0.0018489006167940782",
               "Audio": "",
               "AnnounceDistance": 20.0
          },
          {
               "Name": "Ardoch Road",
               "Location": "51.436990859057914, -0.0016582231765735146",
               "Audio": "",
               "AnnounceDistance": 20.0
          },
          {
               "Name": "Baudwin Road",
               "Location": "51.43640150164668, 0.0007332526050431624",
               "Audio": "",
               "AnnounceDistance": 20.0
          },
          {
               "Name": "Castillon Road",
               "Location": "51.43523129899466, 0.0023798709713656664",
               "Audio": "",
               "AnnounceDistance": 20.0
          },
          {
               "Name": "Boundfield Road",
               "Location": "51.433741156957886, -0.0009368106202355031",
               "Audio": "",
               "AnnounceDistance": 20.0
          },
          {
               "Name": "Scarlet Road",
               "Location": "51.43249142249301, 0.00010203348274220052",
               "Audio": "",
               "AnnounceDistance": 20.0
          },
          {
               "Name": "Greenvale School",
               "Location": "51.43309156238506, 0.003926427282319429",
               "Audio": "",
               "AnnounceDistance": 20.0
          },
          {
               "Name": "Crutchley Road",
               "Location": "51.43410752122922, 0.0070929490921891125",
               "Audio": "",
               "AnnounceDistance": 20.0
          },
          {
               "Name": "Whitefoot Lane",
               "Location": "51.434265060893956, 0.009445005605789489",
               "Audio": "",
               "AnnounceDistance": 20.0
          },
          {
               "Name": "Northover / Shroffold Road",
               "Location": "51.430351638537296, 0.011632625288055141",
               "Audio": "",
               "AnnounceDistance": 20.0
          },
          {
               "Name": "Downham Way / Northover",
               "Location": "51.429086734756225, 0.013547921477402906",
               "Audio": "",
               "AnnounceDistance": 20.0
          },
          {
               "Name": "The Green",
               "Location": "51.43060548309485, 0.01726881579289013",
               "Audio": "",
               "AnnounceDistance": 20.0
          },
          {
               "Name": "Grove Park Station",
               "Location": "51.43078383236493, 0.019966920591742758",
               "Audio": "",
               "AnnounceDistance": 20.0
          },
          {
               "Name": "Chinbrook Road / Baring Road",
               "Location": "51.43160464254037, 0.02295238331361892",
               "Audio": "",
               "AnnounceDistance": 20.0
          },
          {
               "Name": "Amblecote Road",
               "Location": "51.431625833424505, 0.025370273544190886",
               "Audio": "",
               "AnnounceDistance": 20.0
          },
          {
               "Name": "Marvels Lane / Chinbrook Road",
               "Location": "51.43164411662056, 0.030550274339681768",
               "Audio": "",
               "AnnounceDistance": 20.0
          },
          {
               "Name": "Lambscroft Avenue",
               "Location": "51.430376166754385, 0.03262321930878433",
               "Audio": "",
               "AnnounceDistance": 20.0
          },
          {
               "Name": "Henry Cooper Way",
               "Location": "51.42833314796276, 0.03530896989564707",
               "Audio": "",
               "AnnounceDistance": 20.0
          },
          {
               "Name": "Duddington Close",
               "Location": "51.42916803783248, 0.038496582006884814",
               "Audio": "",
               "AnnounceDistance": 20.0
          },
          {
               "Name": "Court Farm Road",
               "Location": "51.42994334875502, 0.04303395315451204",
               "Audio": "",
               "AnnounceDistance": 20.0
          },
          {
               "Name": "Beaconsfield Road",
               "Location": "51.42972894161525, 0.04604546408845153",
               "Audio": "",
               "AnnounceDistance": 20.0
          },
          {
               "Name": "Dunkery Road / Ravensworth Road",
               "Location": "51.428769696801645, 0.05050535875964415",
               "Audio": "",
               "AnnounceDistance": 20.0
          },
          {
               "Name": "Dunkery Road / Mottingham Road",
               "Location": "51.42908038409985, 0.05279223924886963",
               "Audio": "",
               "AnnounceDistance": 20.0
          },
          {
               "Name": "Mottingham Road / Ravensworth Road",
               "Location": "51.43133981966234, 0.05112396998753516",
               "Audio": "",
               "AnnounceDistance": 20.0
          },
          {
               "Name": "Mottingham / Prince Of Wales",
               "Location": "51.433894495916995, 0.04748329374208841",
               "Audio": "",
               "AnnounceDistance": 20.0
          },
          {
               "Name": "Court Road / Mottingham Road",
               "Location": "51.43642147391835, 0.04542368026709078",
               "Audio": "",
               "AnnounceDistance": 20.0
          },
          {
               "Name": "Mottingham Station",
               "Location": "51.439713648355806, 0.051038673910301716",
               "Audio": "",
               "AnnounceDistance": 20.0
          },
          {
               "Name": "Middle Park Avenue / Court Road",
               "Location": "51.44113599795437, 0.04838275266691312",
               "Audio": "",
               "AnnounceDistance": 20.0
          },
          {
               "Name": "Eltham Gardens",
               "Location": "51.44162080033987, 0.04533941449696342",
               "Audio": "",
               "AnnounceDistance": 20.0
          },
          {
               "Name": "The Vista",
               "Location": "51.44284962799962, 0.04191189282780522",
               "Audio": "",
               "AnnounceDistance": 20.0
          },
          {
               "Name": "Newmarket Green",
               "Location": "51.44544064045417, 0.04030055920739751",
               "Audio": "",
               "AnnounceDistance": 20.0
          },
          {
               "Name": "Kingsground / Eltham Palace Road",
               "Location": "51.44785312183368, 0.04377578125562507",
               "Audio": "",
               "AnnounceDistance": 20.0
          },
          {
               "Name": "Kingsground / Eltham Hill",
               "Location": "51.451023818361456, 0.04708379687362137",
               "Audio": "",
               "AnnounceDistance": 20.0
          },
          {
               "Name": "Sherard Road",
               "Location": "51.451503215582086, 0.04795442537743304",
               "Audio": "",
               "AnnounceDistance": 20.0
          },
          {
               "Name": "Eltham High Street / Roper Street",
               "Location": "51.450759271113945, 0.05552048006743888",
               "Audio": "",
               "AnnounceDistance": 20.0
          },
          {
               "Name": "Eltham High Street / Pound Place",
               "Location": "51.45088537404139, 0.059095547839235554",
               "Audio": "",
               "AnnounceDistance": 20.0
          },
          {
               "Name": "Southend Crescent / Southend Close",
               "Location": "51.449850308231646, 0.0642590378732988",
               "Audio": "",
               "AnnounceDistance": 20.0
          }
     ]
}