{
     "RouteNumber": "125",
     "Destination": "Station Road",
     "RouteAudio": "",
     "DestinationAudio": "",
     "Stops": [
          {
               "Name": "Colindale Station",
               "Location": "51.59528064491098, -0.25066098104232526",
               "Audio": "",
               "AnnounceDistance": 20.0
          },
          {
               "Name": "Aerodrome Road / Colindale Gardens",
               "Location": "51.59590172982276, -0.24528061712719954",
               "Audio": "",
               "AnnounceDistance": 20.0
          },
          {
               "Name": "Heritage Avenue",
               "Location": "51.59500944250565, -0.2421387039578786",
               "Audio": "",
               "AnnounceDistance": 20.0
          },
          {
               "Name": "Rowan Drive",
               "Location": "51.59358455464048, -0.23706847657837077",
               "Audio": "",
               "AnnounceDistance": 20.0
          },
          {
               "Name": "Greyhound Hill",
               "Location": "51.59197956675535, -0.2313992098512729",
               "Audio": "",
               "AnnounceDistance": 20.0
          },
          {
               "Name": "Church End",
               "Location": "51.590011992425374, -0.2255567942660681",
               "Audio": "",
               "AnnounceDistance": 20.0
          },
          {
               "Name": "Hendon / The Quadrant",
               "Location": "51.58961397610407, -0.22064960752594237",
               "Audio": "",
               "AnnounceDistance": 20.0
          },
          {
               "Name": "Alexandra Road",
               "Location": "51.5900771798439, -0.21503025800251585",
               "Audio": "",
               "AnnounceDistance": 20.0
          },
          {
               "Name": "Great North Way",
               "Location": "51.59092364918301, -0.21274498611230286",
               "Audio": "",
               "AnnounceDistance": 20.0
          },
          {
               "Name": "Broughton Avenue",
               "Location": "51.59213523726365, -0.21022872581758012",
               "Audio": "",
               "AnnounceDistance": 20.0
          },
          {
               "Name": "Crooked Usage",
               "Location": "51.593565320058715, -0.20789141485007562",
               "Audio": "",
               "AnnounceDistance": 20.0
          },
          {
               "Name": "Arden Road",
               "Location": "51.595700184347606, -0.2046021445045296",
               "Audio": "",
               "AnnounceDistance": 20.0
          },
          {
               "Name": "St Marys Avenue",
               "Location": "51.597767621581454, -0.20102645196330762",
               "Audio": "",
               "AnnounceDistance": 20.0
          },
          {
               "Name": "St Marys Church",
               "Location": "51.59957388393716, -0.1974318936306749",
               "Audio": "",
               "AnnounceDistance": 20.0
          },
          {
               "Name": "Dollis Park / Finchley Central Stn",
               "Location": "51.600708577761985, -0.19461455354244006",
               "Audio": "",
               "AnnounceDistance": 20.0
          },
          {
               "Name": "Finchley Central Station",
               "Location": "51.60255039899249, -0.19217330669171676",
               "Audio": "",
               "AnnounceDistance": 20.0
          },
          {
               "Name": "Long Lane",
               "Location": "51.6051539800318, -0.1884018667898133",
               "Audio": "",
               "AnnounceDistance": 20.0
          },
          {
               "Name": "Victoria Park",
               "Location": "51.60730691992214, -0.18515342640829627",
               "Audio": "",
               "AnnounceDistance": 20.0
          },
          {
               "Name": "Granville Road",
               "Location": "51.60886051163166, -0.18269405830164795",
               "Audio": "",
               "AnnounceDistance": 20.0
          },
          {
               "Name": "Woodberry Grove",
               "Location": "51.611264692151416, -0.17942058122837592",
               "Audio": "",
               "AnnounceDistance": 20.0
          },
          {
               "Name": "Tally Ho Corner",
               "Location": "51.613709638794205, -0.17704063422526395",
               "Audio": "",
               "AnnounceDistance": 20.0
          },
          {
               "Name": "Torrington Park",
               "Location": "51.616728956428176, -0.1769052078531489",
               "Audio": "",
               "AnnounceDistance": 20.0
          },
          {
               "Name": "Ravensdale Avenue",
               "Location": "51.61799675764109, -0.17689773681523843",
               "Audio": "",
               "AnnounceDistance": 20.0
          },
          {
               "Name": "Finchley Park",
               "Location": "51.621016745438375, -0.1768055923954528",
               "Audio": "",
               "AnnounceDistance": 20.0
          },
          {
               "Name": "Derwent Crescent",
               "Location": "51.62390800232371, -0.1765307797566283",
               "Audio": "",
               "AnnounceDistance": 20.0
          },
          {
               "Name": "Swan Lane",
               "Location": "51.62604775195285, -0.17592487086138595",
               "Audio": "",
               "AnnounceDistance": 20.0
          },
          {
               "Name": "Whetstone High Road / Friern Barnet Lane",
               "Location": "51.62812504771409, -0.17477237006399823",
               "Audio": "",
               "AnnounceDistance": 20.0
          },
          {
               "Name": "Whetstone / The Griffin",
               "Location": "51.630256475137834, -0.17305407404717835",
               "Audio": "",
               "AnnounceDistance": 20.0
          },
          {
               "Name": "Ashcroft Court",
               "Location": "51.629909968152255, -0.16928237144616504",
               "Audio": "",
               "AnnounceDistance": 20.0
          },
          {
               "Name": "Myddelton Park",
               "Location": "51.62901376070385, -0.16486826133836774",
               "Audio": "",
               "AnnounceDistance": 20.0
          },
          {
               "Name": "Pollard Road",
               "Location": "51.62785695335001, -0.16219866147355835",
               "Audio": "",
               "AnnounceDistance": 20.0
          },
          {
               "Name": "Beresford Avenue",
               "Location": "51.629657826517686, -0.15776231536412857",
               "Audio": "",
               "AnnounceDistance": 20.0
          },
          {
               "Name": "Dene Road",
               "Location": "51.63092487881613, -0.15427204848355014",
               "Audio": "",
               "AnnounceDistance": 20.0
          },
          {
               "Name": "Osidge Library",
               "Location": "51.63105417105183, -0.14991754702333954",
               "Audio": "",
               "AnnounceDistance": 20.0
          },
          {
               "Name": "Hampden Square",
               "Location": "51.63208663670673, -0.14354657522717412",
               "Audio": "",
               "AnnounceDistance": 20.0
          },
          {
               "Name": "Manor Drive",
               "Location": "51.634728196957504, -0.13999948643600515",
               "Audio": "",
               "AnnounceDistance": 20.0
          },
          {
               "Name": "Avenue Road",
               "Location": "51.63617021799439, -0.13736821113827033",
               "Audio": "",
               "AnnounceDistance": 20.0
          },
          {
               "Name": "Southgate Asda",
               "Location": "51.63470105342298, -0.13432153705532954",
               "Audio": "",
               "AnnounceDistance": 20.0
          },
          {
               "Name": "Chase Side / Southgate High Street",
               "Location": "51.63323736976068, -0.13049452793718078",
               "Audio": "",
               "AnnounceDistance": 20.0
          },
          {
               "Name": "Southgate Station",
               "Location": "51.63217287595606, -0.12802404131403264",
               "Audio": "",
               "AnnounceDistance": 20.0
          },
          {
               "Name": "St Thomas Road",
               "Location": "51.63453117837013, -0.12253690301092948",
               "Audio": "",
               "AnnounceDistance": 20.0
          },
          {
               "Name": "Queen Elizabeths Drive",
               "Location": "51.635883829742106, -0.11940299197165533",
               "Audio": "",
               "AnnounceDistance": 20.0
          },
          {
               "Name": "Park Gate",
               "Location": "51.63692344248901, -0.11581942243021671",
               "Audio": "",
               "AnnounceDistance": 20.0
          },
          {
               "Name": "Church Hill",
               "Location": "51.63824393204183, -0.11125575787533658",
               "Audio": "",
               "AnnounceDistance": 20.0
          },
          {
               "Name": "Eversley Mount",
               "Location": "51.6416512299666, -0.11176454829277298",
               "Audio": "",
               "AnnounceDistance": 20.0
          },
          {
               "Name": "Eversley Park Road",
               "Location": "51.643799500290235, -0.10891468189200257",
               "Audio": "",
               "AnnounceDistance": 20.0
          },
          {
               "Name": "Bazile Road",
               "Location": "51.6415792339331, -0.10283572209980568",
               "Audio": "",
               "AnnounceDistance": 20.0
          },
          {
               "Name": "Hadley Way",
               "Location": "51.640907348348804, -0.10076814253209472",
               "Audio": "",
               "AnnounceDistance": 20.0
          },
          {
               "Name": "Old Park Ridings",
               "Location": "51.639673177985664, -0.09674419255873155",
               "Audio": "",
               "AnnounceDistance": 20.0
          },
          {
               "Name": "Green Dragon Lane",
               "Location": "51.63547495058811, -0.09183325233895834",
               "Audio": "",
               "AnnounceDistance": 20.0
          },
          {
               "Name": "Shrubbery Gardens",
               "Location": "51.633812668157645, -0.09412837141990271",
               "Audio": "",
               "AnnounceDistance": 20.0
          },
          {
               "Name": "Station Road",
               "Location": "51.632085581665706, -0.09464871029733232",
               "Audio": "",
               "AnnounceDistance": 20.0
          }
     ]
}