{
     "RouteNumber": "126",
     "Destination": "Eltham High Street / Foots Cray Road",
     "RouteAudio": "",
     "DestinationAudio": "",
     "Stops": [
          {
               "Name": "Ringers Road",
               "Location": "51.4018658796811, 0.015615717964013915",
               "Audio": "",
               "AnnounceDistance": 20.0
          },
          {
               "Name": "Elmfield Road / The Mall",
               "Location": "51.402790627009246, 0.016749072642131452",
               "Audio": "",
               "AnnounceDistance": 20.0
          },
          {
               "Name": "Bromley Civic Centre",
               "Location": "51.404799532659176, 0.01863473167278371",
               "Audio": "",
               "AnnounceDistance": 20.0
          },
          {
               "Name": "Bromley Town Hall",
               "Location": "51.40603532817609, 0.01684869783906262",
               "Audio": "",
               "AnnounceDistance": 20.0
          },
          {
               "Name": "West Street",
               "Location": "51.40692731205903, 0.014659224654875177",
               "Audio": "",
               "AnnounceDistance": 20.0
          },
          {
               "Name": "Hammelton Road",
               "Location": "51.40972311291813, 0.014192554881410639",
               "Audio": "",
               "AnnounceDistance": 20.0
          },
          {
               "Name": "Morgan Road",
               "Location": "51.41238884767482, 0.01501436860418319",
               "Audio": "",
               "AnnounceDistance": 20.0
          },
          {
               "Name": "Plaistow Green",
               "Location": "51.41382505830447, 0.016213624028373317",
               "Audio": "",
               "AnnounceDistance": 20.0
          },
          {
               "Name": "Park Avenue",
               "Location": "51.41746472765278, 0.01687716140743696",
               "Audio": "",
               "AnnounceDistance": 20.0
          },
          {
               "Name": "Burnt Ash Lane / Southover",
               "Location": "51.41973463453625, 0.01822840007074878",
               "Audio": "",
               "AnnounceDistance": 20.0
          },
          {
               "Name": "New Street Hill",
               "Location": "51.42266423045604, 0.02147875499560353",
               "Audio": "",
               "AnnounceDistance": 20.0
          },
          {
               "Name": "Treewall Gardens",
               "Location": "51.426232842885746, 0.021046467700228583",
               "Audio": "",
               "AnnounceDistance": 20.0
          },
          {
               "Name": "Launcelot Road",
               "Location": "51.428199284653715, 0.021219555213689446",
               "Audio": "",
               "AnnounceDistance": 20.0
          },
          {
               "Name": "Grove Park Station",
               "Location": "51.430402335746415, 0.02123046883893884",
               "Audio": "",
               "AnnounceDistance": 20.0
          },
          {
               "Name": "Chinbrook Road / Baring Road",
               "Location": "51.43160464254037, 0.02295238331361892",
               "Audio": "",
               "AnnounceDistance": 20.0
          },
          {
               "Name": "Amblecote Road",
               "Location": "51.431625833424505, 0.025370273544190886",
               "Audio": "",
               "AnnounceDistance": 20.0
          },
          {
               "Name": "Marvels Lane / Chinbrook Road",
               "Location": "51.43164411662056, 0.030550274339681768",
               "Audio": "",
               "AnnounceDistance": 20.0
          },
          {
               "Name": "Lambscroft Avenue",
               "Location": "51.430376166754385, 0.03262321930878433",
               "Audio": "",
               "AnnounceDistance": 20.0
          },
          {
               "Name": "Henry Cooper Way",
               "Location": "51.42833314796276, 0.03530896989564707",
               "Audio": "",
               "AnnounceDistance": 20.0
          },
          {
               "Name": "Duddington Close",
               "Location": "51.42916803783248, 0.038496582006884814",
               "Audio": "",
               "AnnounceDistance": 20.0
          },
          {
               "Name": "Court Farm Road",
               "Location": "51.42994334875502, 0.04303395315451204",
               "Audio": "",
               "AnnounceDistance": 20.0
          },
          {
               "Name": "Beaconsfield Road",
               "Location": "51.42972894161525, 0.04604546408845153",
               "Audio": "",
               "AnnounceDistance": 20.0
          },
          {
               "Name": "Dunkery Road / Ravensworth Road",
               "Location": "51.428769696801645, 0.05050535875964415",
               "Audio": "",
               "AnnounceDistance": 20.0
          },
          {
               "Name": "Dunkery Road / Mottingham Road",
               "Location": "51.42908038409985, 0.05279223924886963",
               "Audio": "",
               "AnnounceDistance": 20.0
          },
          {
               "Name": "Mottingham Road / Ravensworth Road",
               "Location": "51.43133981966234, 0.05112396998753516",
               "Audio": "",
               "AnnounceDistance": 20.0
          },
          {
               "Name": "Mottingham / Prince Of Wales",
               "Location": "51.433894495916995, 0.04748329374208841",
               "Audio": "",
               "AnnounceDistance": 20.0
          },
          {
               "Name": "Court Road / Mottingham Road",
               "Location": "51.43642147391835, 0.04542368026709078",
               "Audio": "",
               "AnnounceDistance": 20.0
          },
          {
               "Name": "Mottingham Station",
               "Location": "51.439713648355806, 0.051038673910301716",
               "Audio": "",
               "AnnounceDistance": 20.0
          },
          {
               "Name": "Royal Blackheath Golf Club",
               "Location": "51.4462423849327, 0.05258327238551112",
               "Audio": "",
               "AnnounceDistance": 20.0
          },
          {
               "Name": "Eltham High Street / Roper Street",
               "Location": "51.450759271113945, 0.05552048006743888",
               "Audio": "",
               "AnnounceDistance": 20.0
          },
          {
               "Name": "Eltham High Street / Pound Place",
               "Location": "51.45088537404139, 0.059095547839235554",
               "Audio": "",
               "AnnounceDistance": 20.0
          },
          {
               "Name": "Eltham High Street / Foots Cray Road",
               "Location": "51.45088264401719, 0.0612975174061906",
               "Audio": "",
               "AnnounceDistance": 20.0
          }
     ]
}