{
     "RouteNumber": "128",
     "Destination": "Claybury Broadway",
     "RouteAudio": "",
     "DestinationAudio": "",
     "Stops": [
          {
               "Name": "Romford Station",
               "Location": "51.57464337461352, 0.18345944448510412",
               "Audio": "",
               "AnnounceDistance": 20.0
          },
          {
               "Name": "Western Road",
               "Location": "51.577369785175236, 0.1843406458252307",
               "Audio": "",
               "AnnounceDistance": 20.0
          },
          {
               "Name": "Romford Market",
               "Location": "51.58039902666573, 0.18247960459728466",
               "Audio": "",
               "AnnounceDistance": 20.0
          },
          {
               "Name": "North Street",
               "Location": "51.57937829832772, 0.17788410807385466",
               "Audio": "",
               "AnnounceDistance": 20.0
          },
          {
               "Name": "Mawney Road",
               "Location": "51.57713246928054, 0.177271578827801",
               "Audio": "",
               "AnnounceDistance": 20.0
          },
          {
               "Name": "The Brewery",
               "Location": "51.57493565381797, 0.1783788864251506",
               "Audio": "",
               "AnnounceDistance": 20.0
          },
          {
               "Name": "Queens Hospital",
               "Location": "51.56849628119181, 0.18179400299588472",
               "Audio": "",
               "AnnounceDistance": 20.0
          },
          {
               "Name": "Norwood Avenue",
               "Location": "51.56562690103154, 0.18182977226680277",
               "Audio": "",
               "AnnounceDistance": 20.0
          },
          {
               "Name": "Rush Green Road / Dagenham Road",
               "Location": "51.565357914081574, 0.17500633019053588",
               "Audio": "",
               "AnnounceDistance": 20.0
          },
          {
               "Name": "Leonard Avenue",
               "Location": "51.564664942083596, 0.1696922693094847",
               "Audio": "",
               "AnnounceDistance": 20.0
          },
          {
               "Name": "Clayton Road",
               "Location": "51.56370572326012, 0.1656354476254063",
               "Audio": "",
               "AnnounceDistance": 20.0
          },
          {
               "Name": "Barton Avenue",
               "Location": "51.563192109504776, 0.16227807119892457",
               "Audio": "",
               "AnnounceDistance": 20.0
          },
          {
               "Name": "Cu London University / Wood Lane",
               "Location": "51.56186093401604, 0.1559387319491355",
               "Audio": "",
               "AnnounceDistance": 20.0
          },
          {
               "Name": "Becontree Heath Leisure Centre",
               "Location": "51.561311901981256, 0.14959337504330017",
               "Audio": "",
               "AnnounceDistance": 20.0
          },
          {
               "Name": "Whalebone Lane South",
               "Location": "51.560955580986054, 0.1459696452955872",
               "Audio": "",
               "AnnounceDistance": 20.0
          },
          {
               "Name": "Winifred Road",
               "Location": "51.561182274471435, 0.14094502985372678",
               "Audio": "",
               "AnnounceDistance": 20.0
          },
          {
               "Name": "Walnut Tree Road",
               "Location": "51.56124643346948, 0.13545106288548012",
               "Audio": "",
               "AnnounceDistance": 20.0
          },
          {
               "Name": "Valence Avenue",
               "Location": "51.561649664744586, 0.1315744254339452",
               "Audio": "",
               "AnnounceDistance": 20.0
          },
          {
               "Name": "Greenway",
               "Location": "51.56164463899593, 0.12590403477177084",
               "Audio": "",
               "AnnounceDistance": 20.0
          },
          {
               "Name": "Burnside Road",
               "Location": "51.562070834100325, 0.12322587752583998",
               "Audio": "",
               "AnnounceDistance": 20.0
          },
          {
               "Name": "Mayfield Road",
               "Location": "51.56301329683237, 0.11934528722733079",
               "Audio": "",
               "AnnounceDistance": 20.0
          },
          {
               "Name": "Goodmayes Primary School",
               "Location": "51.563031973383765, 0.11532066217069883",
               "Audio": "",
               "AnnounceDistance": 20.0
          },
          {
               "Name": "Goodmayes Lane",
               "Location": "51.56307435436418, 0.11147027379823571",
               "Audio": "",
               "AnnounceDistance": 20.0
          },
          {
               "Name": "Lynford Gardens",
               "Location": "51.56190564426262, 0.10394247097326847",
               "Audio": "",
               "AnnounceDistance": 20.0
          },
          {
               "Name": "Seven Kings Road",
               "Location": "51.56084744369539, 0.09875741090136947",
               "Audio": "",
               "AnnounceDistance": 20.0
          },
          {
               "Name": "South Park Drive",
               "Location": "51.55921014686661, 0.0917426201921494",
               "Audio": "",
               "AnnounceDistance": 20.0
          },
          {
               "Name": "Gordon Road",
               "Location": "51.55895288220843, 0.0859888923788479",
               "Audio": "",
               "AnnounceDistance": 20.0
          },
          {
               "Name": "Winston Way Primary School",
               "Location": "51.55975667741885, 0.0807309001585692",
               "Audio": "",
               "AnnounceDistance": 20.0
          },
          {
               "Name": "Hainault Street",
               "Location": "51.55967059264714, 0.07696148519984257",
               "Audio": "",
               "AnnounceDistance": 20.0
          },
          {
               "Name": "Redbridge Central Library",
               "Location": "51.55785159865737, 0.07405100054373803",
               "Audio": "",
               "AnnounceDistance": 20.0
          },
          {
               "Name": "High Road Ilford",
               "Location": "51.558198365752204, 0.07172965766300138",
               "Audio": "",
               "AnnounceDistance": 20.0
          },
          {
               "Name": "Ilford Station",
               "Location": "51.55893875395579, 0.0700320794785228",
               "Audio": "",
               "AnnounceDistance": 20.0
          },
          {
               "Name": "Beal Road",
               "Location": "51.56191235258239, 0.06816165776328685",
               "Audio": "",
               "AnnounceDistance": 20.0
          },
          {
               "Name": "Northbrook Road",
               "Location": "51.56406087710497, 0.06667201747850403",
               "Audio": "",
               "AnnounceDistance": 20.0
          },
          {
               "Name": "Valentines Park",
               "Location": "51.567665037028405, 0.06524820768919146",
               "Audio": "",
               "AnnounceDistance": 20.0
          },
          {
               "Name": "Bethell Avenue",
               "Location": "51.57027950504363, 0.06385150620875349",
               "Audio": "",
               "AnnounceDistance": 20.0
          },
          {
               "Name": "Beehive Lane",
               "Location": "51.572820333112894, 0.06510667138072339",
               "Audio": "",
               "AnnounceDistance": 20.0
          },
          {
               "Name": "Gants Hill Station / Cranbrook Road",
               "Location": "51.57589738387911, 0.06603992894421615",
               "Audio": "",
               "AnnounceDistance": 20.0
          },
          {
               "Name": "Gants Hill Station",
               "Location": "51.57728254155226, 0.06806559834229442",
               "Audio": "",
               "AnnounceDistance": 20.0
          },
          {
               "Name": "Shere Road",
               "Location": "51.57805622140134, 0.07059762396329776",
               "Audio": "",
               "AnnounceDistance": 20.0
          },
          {
               "Name": "Gantshill Crescent",
               "Location": "51.58053325879248, 0.07342377056891206",
               "Audio": "",
               "AnnounceDistance": 20.0
          },
          {
               "Name": "Beattyville Gardens",
               "Location": "51.58316578301488, 0.07609853769066792",
               "Audio": "",
               "AnnounceDistance": 20.0
          },
          {
               "Name": "Brandville Gardens",
               "Location": "51.585601584718376, 0.07870689837194644",
               "Audio": "",
               "AnnounceDistance": 20.0
          },
          {
               "Name": "Fremantle Road",
               "Location": "51.589705024812346, 0.08159388332138545",
               "Audio": "",
               "AnnounceDistance": 20.0
          },
          {
               "Name": "Barkingside High Street",
               "Location": "51.59024207073938, 0.08122864056073689",
               "Audio": "",
               "AnnounceDistance": 20.0
          },
          {
               "Name": "Mossford Lane",
               "Location": "51.59100555477461, 0.07518552889914554",
               "Audio": "",
               "AnnounceDistance": 20.0
          },
          {
               "Name": "Beaminster Gardens",
               "Location": "51.59113293442056, 0.07153874575201531",
               "Audio": "",
               "AnnounceDistance": 20.0
          },
          {
               "Name": "Berkeley Avenue",
               "Location": "51.59124342011235, 0.06884402770795056",
               "Audio": "",
               "AnnounceDistance": 20.0
          },
          {
               "Name": "Rushden Gardens",
               "Location": "51.591446192500946, 0.06447877119919272",
               "Audio": "",
               "AnnounceDistance": 20.0
          },
          {
               "Name": "Couchmore Avenue",
               "Location": "51.591685878074486, 0.057487568305566096",
               "Audio": "",
               "AnnounceDistance": 20.0
          },
          {
               "Name": "Peel Drive",
               "Location": "51.59179741088048, 0.054200907554354624",
               "Audio": "",
               "AnnounceDistance": 20.0
          },
          {
               "Name": "Claybury Broadway",
               "Location": "51.590955967540424, 0.050380448179402786",
               "Audio": "",
               "AnnounceDistance": 20.0
          },
          {
               "Name": "Claybury Broadway",
               "Location": "51.59101819739946, 0.04990682867302487",
               "Audio": "",
               "AnnounceDistance": 20.0
          }
     ]
}