{
     "RouteNumber": "12",
     "Destination": "Margaret Street / Oxford Circus",
     "RouteAudio": "",
     "DestinationAudio": "",
     "Stops": [
          {
               "Name": "Etherow Street",
               "Location": "51.45000553220793, -0.07267724629701225",
               "Audio": "",
               "AnnounceDistance": 20.0
          },
          {
               "Name": "Goodrich Road",
               "Location": "51.45198727327985, -0.07124085670750498",
               "Audio": "",
               "AnnounceDistance": 20.0
          },
          {
               "Name": "Underhill Road",
               "Location": "51.45490214723904, -0.06913165180831779",
               "Audio": "",
               "AnnounceDistance": 20.0
          },
          {
               "Name": "Upland Road",
               "Location": "51.45751499865534, -0.06725085122998384",
               "Audio": "",
               "AnnounceDistance": 20.0
          },
          {
               "Name": "Peckham Rye / Barry Road",
               "Location": "51.459502598721244, -0.06617361368810577",
               "Audio": "",
               "AnnounceDistance": 20.0
          },
          {
               "Name": "The Gardens",
               "Location": "51.460819121559965, -0.06639147997095214",
               "Audio": "",
               "AnnounceDistance": 20.0
          },
          {
               "Name": "Peckham Rye / East Dulwich Road",
               "Location": "51.46288317567037, -0.06667853746597711",
               "Audio": "",
               "AnnounceDistance": 20.0
          },
          {
               "Name": "Nigel Road",
               "Location": "51.46590165562562, -0.06649336549487651",
               "Audio": "",
               "AnnounceDistance": 20.0
          },
          {
               "Name": "Heaton Road",
               "Location": "51.46746223299011, -0.066787336740248",
               "Audio": "",
               "AnnounceDistance": 20.0
          },
          {
               "Name": "Peckham Rye Station",
               "Location": "51.47040253999343, -0.06895243127302231",
               "Audio": "",
               "AnnounceDistance": 20.0
          },
          {
               "Name": "Hanover Park",
               "Location": "51.47262031955677, -0.06983793496102673",
               "Audio": "",
               "AnnounceDistance": 20.0
          },
          {
               "Name": "Harris Academy",
               "Location": "51.473711268595956, -0.07329101075627412",
               "Audio": "",
               "AnnounceDistance": 20.0
          },
          {
               "Name": "Peckham Road / Southampton Way",
               "Location": "51.47419648556853, -0.07655372909959882",
               "Audio": "",
               "AnnounceDistance": 20.0
          },
          {
               "Name": "Vestry Road",
               "Location": "51.47369884100749, -0.08240653002513874",
               "Audio": "",
               "AnnounceDistance": 20.0
          },
          {
               "Name": "St Giles Church",
               "Location": "51.473492785903076, -0.08575587836410531",
               "Audio": "",
               "AnnounceDistance": 20.0
          },
          {
               "Name": "Camberwell Church St / Camberwell Grn",
               "Location": "51.47402766045836, -0.09153659048738236",
               "Audio": "",
               "AnnounceDistance": 20.0
          },
          {
               "Name": "Camberwell Green",
               "Location": "51.474748887201116, -0.09330648601521828",
               "Audio": "",
               "AnnounceDistance": 20.0
          },
          {
               "Name": "Medlar Street",
               "Location": "51.476820838564564, -0.09408412089226033",
               "Audio": "",
               "AnnounceDistance": 20.0
          },
          {
               "Name": "Wyndham Road",
               "Location": "51.47849584011971, -0.09423031269218889",
               "Audio": "",
               "AnnounceDistance": 20.0
          },
          {
               "Name": "Bowyer Place",
               "Location": "51.480576871697224, -0.09446040132275337",
               "Audio": "",
               "AnnounceDistance": 20.0
          },
          {
               "Name": "Camberwell Road / Albany Road",
               "Location": "51.48167533172898, -0.09454423303109678",
               "Audio": "",
               "AnnounceDistance": 20.0
          },
          {
               "Name": "Westmoreland Road",
               "Location": "51.48409560845931, -0.09406886786298256",
               "Audio": "",
               "AnnounceDistance": 20.0
          },
          {
               "Name": "East Street",
               "Location": "51.48693818837228, -0.0952322735600786",
               "Audio": "",
               "AnnounceDistance": 20.0
          },
          {
               "Name": "Larcom Street",
               "Location": "51.489968665009435, -0.0968921595218669",
               "Audio": "",
               "AnnounceDistance": 20.0
          },
          {
               "Name": "Heygate Street",
               "Location": "51.491404884278, -0.09784071406503092",
               "Audio": "",
               "AnnounceDistance": 20.0
          },
          {
               "Name": "Elephant Castle Station",
               "Location": "51.49446623560361, -0.10085382404820725",
               "Audio": "",
               "AnnounceDistance": 20.0
          },
          {
               "Name": "London College Of Communication",
               "Location": "51.495250135408185, -0.10206019488191995",
               "Audio": "",
               "AnnounceDistance": 20.0
          },
          {
               "Name": "St Georges Road / Imperial War Museum",
               "Location": "51.49663106425034, -0.10626726206754815",
               "Audio": "",
               "AnnounceDistance": 20.0
          },
          {
               "Name": "Lambeth North Station",
               "Location": "51.49855509620209, -0.11182082657127511",
               "Audio": "",
               "AnnounceDistance": 20.0
          },
          {
               "Name": "Lower Marsh",
               "Location": "51.49957193416667, -0.11409845158728957",
               "Audio": "",
               "AnnounceDistance": 20.0
          },
          {
               "Name": "St Thomas Hospital / County Hall",
               "Location": "51.50071767291337, -0.11936775143118084",
               "Audio": "",
               "AnnounceDistance": 20.0
          },
          {
               "Name": "Westminster Stn / Parliament Square",
               "Location": "51.50187282173163, -0.12636594188257094",
               "Audio": "",
               "AnnounceDistance": 20.0
          },
          {
               "Name": "Horse Guards Parade",
               "Location": "51.50404966100631, -0.12640633538423932",
               "Audio": "",
               "AnnounceDistance": 20.0
          },
          {
               "Name": "Trafalgar Square",
               "Location": "51.50752273712166, -0.12990965808838772",
               "Audio": "",
               "AnnounceDistance": 20.0
          },
          {
               "Name": "Regent Street / St Jamess",
               "Location": "51.50894046330803, -0.13423245618016283",
               "Audio": "",
               "AnnounceDistance": 20.0
          },
          {
               "Name": "Piccadilly Circus",
               "Location": "51.50988027615719, -0.1373500658733113",
               "Audio": "",
               "AnnounceDistance": 20.0
          },
          {
               "Name": "Beak Street / Hamleys Toy Store",
               "Location": "51.51126675811237, -0.13915258684614548",
               "Audio": "",
               "AnnounceDistance": 20.0
          },
          {
               "Name": "Oxford Circus Station",
               "Location": "51.514620217763564, -0.14194165582683937",
               "Audio": "",
               "AnnounceDistance": 20.0
          },
          {
               "Name": "Margaret Street / Oxford Circus",
               "Location": "51.51614809736557, -0.14245599782204274",
               "Audio": "",
               "AnnounceDistance": 20.0
          }
     ]
}