{
     "RouteNumber": "130",
     "Destination": "Vulcan Way",
     "RouteAudio": "",
     "DestinationAudio": "",
     "Stops": [
          {
               "Name": "Parchmore Road",
               "Location": "51.399304936568015, -0.09911953952152337",
               "Audio": "",
               "AnnounceDistance": 20.0
          },
          {
               "Name": "Thornton Heath Clock Tower",
               "Location": "51.39883847680407, -0.09752875490586861",
               "Audio": "",
               "AnnounceDistance": 20.0
          },
          {
               "Name": "High Street / Whitehorse Lane",
               "Location": "51.398148239828075, -0.09379091134804558",
               "Audio": "",
               "AnnounceDistance": 20.0
          },
          {
               "Name": "Clifton Road",
               "Location": "51.398737201765705, -0.08909419900615011",
               "Audio": "",
               "AnnounceDistance": 20.0
          },
          {
               "Name": "Park Road",
               "Location": "51.3982817110058, -0.08377970542618898",
               "Audio": "",
               "AnnounceDistance": 20.0
          },
          {
               "Name": "Russell Court",
               "Location": "51.39721289582233, -0.08001483267062666",
               "Audio": "",
               "AnnounceDistance": 20.0
          },
          {
               "Name": "South Norwood Clock Tower",
               "Location": "51.39801735432988, -0.07752287144005263",
               "Audio": "",
               "AnnounceDistance": 20.0
          },
          {
               "Name": "Portland Road",
               "Location": "51.399043807437714, -0.07540965883468383",
               "Audio": "",
               "AnnounceDistance": 20.0
          },
          {
               "Name": "Portland Road / Norwood Jct Station",
               "Location": "51.39830556218712, -0.07262295505047091",
               "Audio": "",
               "AnnounceDistance": 20.0
          },
          {
               "Name": "Harrington Road",
               "Location": "51.39513729741598, -0.06753800164140326",
               "Audio": "",
               "AnnounceDistance": 20.0
          },
          {
               "Name": "South Norwood Leisure Centre",
               "Location": "51.39266620821181, -0.06656406446745551",
               "Audio": "",
               "AnnounceDistance": 20.0
          },
          {
               "Name": "Croydon Arena",
               "Location": "51.390422356745475, -0.06519255915706233",
               "Audio": "",
               "AnnounceDistance": 20.0
          },
          {
               "Name": "Woodside Tram Stop T",
               "Location": "51.38832185979555, -0.06487872553228423",
               "Audio": "",
               "AnnounceDistance": 20.0
          },
          {
               "Name": "Ashburton Park",
               "Location": "51.38486860925701, -0.0637884298103993",
               "Audio": "",
               "AnnounceDistance": 20.0
          },
          {
               "Name": "Oasis Academy",
               "Location": "51.38294552767041, -0.0644157003660852",
               "Audio": "",
               "AnnounceDistance": 20.0
          },
          {
               "Name": "Bingham Road",
               "Location": "51.38042778273168, -0.0627974738000816",
               "Audio": "",
               "AnnounceDistance": 20.0
          },
          {
               "Name": "Shirley Clinic",
               "Location": "51.378191686972855, -0.06135432575887473",
               "Audio": "",
               "AnnounceDistance": 20.0
          },
          {
               "Name": "Valley Walk",
               "Location": "51.37508741602073, -0.05744786163467778",
               "Audio": "",
               "AnnounceDistance": 20.0
          },
          {
               "Name": "Shirley Church Road",
               "Location": "51.37299265800605, -0.05585546651351393",
               "Audio": "",
               "AnnounceDistance": 20.0
          },
          {
               "Name": "Shirley Windmill",
               "Location": "51.37012742677754, -0.054439549180166906",
               "Audio": "",
               "AnnounceDistance": 20.0
          },
          {
               "Name": "Oaks Road",
               "Location": "51.36697954184381, -0.0527915672586559",
               "Audio": "",
               "AnnounceDistance": 20.0
          },
          {
               "Name": "Pine Coombe",
               "Location": "51.36427253659958, -0.051699702816298695",
               "Audio": "",
               "AnnounceDistance": 20.0
          },
          {
               "Name": "Coombe Lane Tram Stop T",
               "Location": "51.3592524180477, -0.05536003641652993",
               "Audio": "",
               "AnnounceDistance": 20.0
          },
          {
               "Name": "Heathfield Farm",
               "Location": "51.35586361160634, -0.04949993290977769",
               "Audio": "",
               "AnnounceDistance": 20.0
          },
          {
               "Name": "Addington Park",
               "Location": "51.35391421269348, -0.03777706326803165",
               "Audio": "",
               "AnnounceDistance": 20.0
          },
          {
               "Name": "Addington Village Interchange T",
               "Location": "51.35636249395401, -0.03201345857165874",
               "Audio": "",
               "AnnounceDistance": 20.0
          },
          {
               "Name": "Applegarth",
               "Location": "51.3532718854917, -0.024175018993376943",
               "Audio": "",
               "AnnounceDistance": 20.0
          },
          {
               "Name": "The Coppins",
               "Location": "51.35504548731444, -0.020565527802970298",
               "Audio": "",
               "AnnounceDistance": 20.0
          },
          {
               "Name": "Foxcombe",
               "Location": "51.35626103530015, -0.021719613216989574",
               "Audio": "",
               "AnnounceDistance": 20.0
          },
          {
               "Name": "North Walk",
               "Location": "51.358316493345, -0.020955967935351403",
               "Audio": "",
               "AnnounceDistance": 20.0
          },
          {
               "Name": "The Lindens",
               "Location": "51.35771517378132, -0.016773420296313245",
               "Audio": "",
               "AnnounceDistance": 20.0
          },
          {
               "Name": "Castle Hill School",
               "Location": "51.355784798306026, -0.015363065278916486",
               "Audio": "",
               "AnnounceDistance": 20.0
          },
          {
               "Name": "Merrow Way",
               "Location": "51.35390806214848, -0.0134047437324414",
               "Audio": "",
               "AnnounceDistance": 20.0
          },
          {
               "Name": "Frensham Drive",
               "Location": "51.3524438625836, -0.017747874041993347",
               "Audio": "",
               "AnnounceDistance": 20.0
          },
          {
               "Name": "Dunley Drive",
               "Location": "51.35117456536319, -0.020861618363134292",
               "Audio": "",
               "AnnounceDistance": 20.0
          },
          {
               "Name": "Fieldway Tram Stop T",
               "Location": "51.35016629877494, -0.02346132309917036",
               "Audio": "",
               "AnnounceDistance": 20.0
          },
          {
               "Name": "Castle Hill Avenue",
               "Location": "51.347496213276074, -0.021910442273798465",
               "Audio": "",
               "AnnounceDistance": 20.0
          },
          {
               "Name": "Wolsey Crescent",
               "Location": "51.34618913800485, -0.019066058471443985",
               "Audio": "",
               "AnnounceDistance": 20.0
          },
          {
               "Name": "Grenville Road",
               "Location": "51.34439795578244, -0.017377116789292994",
               "Audio": "",
               "AnnounceDistance": 20.0
          },
          {
               "Name": "Salcot Crescent",
               "Location": "51.3427405844858, -0.01668763268588697",
               "Audio": "",
               "AnnounceDistance": 20.0
          },
          {
               "Name": "Central Parade",
               "Location": "51.340466028283124, -0.014072163867928644",
               "Audio": "",
               "AnnounceDistance": 20.0
          },
          {
               "Name": "St Edwards Church",
               "Location": "51.33984905967942, -0.012160530593651646",
               "Audio": "",
               "AnnounceDistance": 20.0
          },
          {
               "Name": "New Addington Baptist Church",
               "Location": "51.339254559443766, -0.008927075350106515",
               "Audio": "",
               "AnnounceDistance": 20.0
          },
          {
               "Name": "Calley Down Crescent",
               "Location": "51.338791044683234, -0.004941428598389859",
               "Audio": "",
               "AnnounceDistance": 20.0
          },
          {
               "Name": "Redstart Close",
               "Location": "51.34138861727387, -0.0053886050523621045",
               "Audio": "",
               "AnnounceDistance": 20.0
          },
          {
               "Name": "Vulcan Way",
               "Location": "51.34335812694428, -0.00592052671807015",
               "Audio": "",
               "AnnounceDistance": 20.0
          }
     ]
}