{
     "RouteNumber": "130",
     "Destination": "Parchmore Road",
     "RouteAudio": "",
     "DestinationAudio": "",
     "Stops": [
          {
               "Name": "Vulcan Way",
               "Location": "51.343703215984554, -0.005589649448629206",
               "Audio": "",
               "AnnounceDistance": 20.0
          },
          {
               "Name": "Redstart Close",
               "Location": "51.34108669471679, -0.005085832776015207",
               "Audio": "",
               "AnnounceDistance": 20.0
          },
          {
               "Name": "Calley Down Crescent",
               "Location": "51.33865435130328, -0.0053637292114322",
               "Audio": "",
               "AnnounceDistance": 20.0
          },
          {
               "Name": "New Addington Baptist Church",
               "Location": "51.33948900619038, -0.010022456873918536",
               "Audio": "",
               "AnnounceDistance": 20.0
          },
          {
               "Name": "Central Parade",
               "Location": "51.34013183197392, -0.013986104017929483",
               "Audio": "",
               "AnnounceDistance": 20.0
          },
          {
               "Name": "New Addington Tram Stop T",
               "Location": "51.34286396525034, -0.018132536782927956",
               "Audio": "",
               "AnnounceDistance": 20.0
          },
          {
               "Name": "King Henrys Drive Tram Stop T",
               "Location": "51.34581774285861, -0.02103498512783717",
               "Audio": "",
               "AnnounceDistance": 20.0
          },
          {
               "Name": "Castle Hill Avenue",
               "Location": "51.347317940587494, -0.022004280049024362",
               "Audio": "",
               "AnnounceDistance": 20.0
          },
          {
               "Name": "Ivers Way",
               "Location": "51.3508087136841, -0.023160813809975395",
               "Audio": "",
               "AnnounceDistance": 20.0
          },
          {
               "Name": "Netley Close",
               "Location": "51.35304350265045, -0.01598420109720624",
               "Audio": "",
               "AnnounceDistance": 20.0
          },
          {
               "Name": "Merrow Way",
               "Location": "51.35424858623564, -0.013863968119470443",
               "Audio": "",
               "AnnounceDistance": 20.0
          },
          {
               "Name": "Castle Hill School",
               "Location": "51.356053181525795, -0.015811076850786004",
               "Audio": "",
               "AnnounceDistance": 20.0
          },
          {
               "Name": "The Lindens",
               "Location": "51.35780212517613, -0.017128749504301606",
               "Audio": "",
               "AnnounceDistance": 20.0
          },
          {
               "Name": "North Walk",
               "Location": "51.358049571275835, -0.021125470784064498",
               "Audio": "",
               "AnnounceDistance": 20.0
          },
          {
               "Name": "Foxcombe",
               "Location": "51.35619184265673, -0.020817732665007496",
               "Audio": "",
               "AnnounceDistance": 20.0
          },
          {
               "Name": "Brierley",
               "Location": "51.354235234062244, -0.021577087518653323",
               "Audio": "",
               "AnnounceDistance": 20.0
          },
          {
               "Name": "Applegarth",
               "Location": "51.35322332224845, -0.02396167917102123",
               "Audio": "",
               "AnnounceDistance": 20.0
          },
          {
               "Name": "Addington Village Interchange T",
               "Location": "51.35649450526861, -0.03291266697056909",
               "Audio": "",
               "AnnounceDistance": 20.0
          },
          {
               "Name": "Addington Park",
               "Location": "51.35393368143653, -0.038939564899706944",
               "Audio": "",
               "AnnounceDistance": 20.0
          },
          {
               "Name": "Gravel Hill Tram Stop T",
               "Location": "51.35476222680719, -0.04331343817374713",
               "Audio": "",
               "AnnounceDistance": 20.0
          },
          {
               "Name": "Heathfield Farm",
               "Location": "51.356317659337535, -0.05084511882870416",
               "Audio": "",
               "AnnounceDistance": 20.0
          },
          {
               "Name": "Coombe Lane Tram Stop T",
               "Location": "51.35936383018828, -0.05557077486844712",
               "Audio": "",
               "AnnounceDistance": 20.0
          },
          {
               "Name": "Pine Coombe",
               "Location": "51.364438829123166, -0.05196558789837702",
               "Audio": "",
               "AnnounceDistance": 20.0
          },
          {
               "Name": "Oaks Road",
               "Location": "51.366412916776795, -0.05278687167649893",
               "Audio": "",
               "AnnounceDistance": 20.0
          },
          {
               "Name": "Shirley Windmill",
               "Location": "51.369359761071145, -0.05424221870229117",
               "Audio": "",
               "AnnounceDistance": 20.0
          },
          {
               "Name": "Shirley Church Road",
               "Location": "51.37277817382597, -0.05593639279023547",
               "Audio": "",
               "AnnounceDistance": 20.0
          },
          {
               "Name": "Shirley Park / Shirley Avenue",
               "Location": "51.37689354614605, -0.06061886103160993",
               "Audio": "",
               "AnnounceDistance": 20.0
          },
          {
               "Name": "Shirley Clinic",
               "Location": "51.378649565226155, -0.06185229370461524",
               "Audio": "",
               "AnnounceDistance": 20.0
          },
          {
               "Name": "Bingham Road",
               "Location": "51.38089179281253, -0.06312277443619616",
               "Audio": "",
               "AnnounceDistance": 20.0
          },
          {
               "Name": "Oasis Academy",
               "Location": "51.38278353323158, -0.06440816404288041",
               "Audio": "",
               "AnnounceDistance": 20.0
          },
          {
               "Name": "Ashburton Park",
               "Location": "51.38479247717626, -0.06407907841177732",
               "Audio": "",
               "AnnounceDistance": 20.0
          },
          {
               "Name": "Woodside Tram Stop T",
               "Location": "51.38698779445115, -0.06414452280000517",
               "Audio": "",
               "AnnounceDistance": 20.0
          },
          {
               "Name": "Croydon Arena",
               "Location": "51.39085940091628, -0.06551908952567598",
               "Audio": "",
               "AnnounceDistance": 20.0
          },
          {
               "Name": "South Norwood Leisure Centre",
               "Location": "51.392831994537566, -0.06680143762572656",
               "Audio": "",
               "AnnounceDistance": 20.0
          },
          {
               "Name": "Harrington Road",
               "Location": "51.39586878398565, -0.06881532009535991",
               "Audio": "",
               "AnnounceDistance": 20.0
          },
          {
               "Name": "Norwood Junction Station",
               "Location": "51.398608205793074, -0.07516917422217342",
               "Audio": "",
               "AnnounceDistance": 20.0
          },
          {
               "Name": "South Norwood Clock Tower",
               "Location": "51.397780609221705, -0.07789219292881082",
               "Audio": "",
               "AnnounceDistance": 20.0
          },
          {
               "Name": "Selhurst Road / Park Road",
               "Location": "51.3969614641535, -0.08058600704738714",
               "Audio": "",
               "AnnounceDistance": 20.0
          },
          {
               "Name": "Park Road",
               "Location": "51.3976969357192, -0.0832147375612892",
               "Audio": "",
               "AnnounceDistance": 20.0
          },
          {
               "Name": "Selhurst Park Stadium",
               "Location": "51.39919731332263, -0.0864297957729909",
               "Audio": "",
               "AnnounceDistance": 20.0
          },
          {
               "Name": "Clifton Road",
               "Location": "51.39814943901852, -0.09110256899285328",
               "Audio": "",
               "AnnounceDistance": 20.0
          },
          {
               "Name": "Thornton Heath Clock Tower",
               "Location": "51.398706365182115, -0.09714608293996814",
               "Audio": "",
               "AnnounceDistance": 20.0
          },
          {
               "Name": "Parchmore Road",
               "Location": "51.399304936568015, -0.09911953952152337",
               "Audio": "",
               "AnnounceDistance": 20.0
          }
     ]
}