{
     "RouteNumber": "131",
     "Destination": "Tooting Broadway Station",
     "RouteAudio": "",
     "DestinationAudio": "",
     "Stops": [
          {
               "Name": "Fairfield Bus Station",
               "Location": "51.410374989256205, -0.2998877530610282",
               "Audio": "",
               "AnnounceDistance": 20.0
          },
          {
               "Name": "Eden Street",
               "Location": "51.41041876818993, -0.3022874859615926",
               "Audio": "",
               "AnnounceDistance": 20.0
          },
          {
               "Name": "Tiffin School / London Road",
               "Location": "51.41075004184179, -0.2959913790992626",
               "Audio": "",
               "AnnounceDistance": 20.0
          },
          {
               "Name": "Vicarage House",
               "Location": "51.410084246173184, -0.2910265176853116",
               "Audio": "",
               "AnnounceDistance": 20.0
          },
          {
               "Name": "Cambridge Grove",
               "Location": "51.40882737296767, -0.28624206677700126",
               "Audio": "",
               "AnnounceDistance": 20.0
          },
          {
               "Name": "Waters Road",
               "Location": "51.407141781906276, -0.28289740748106623",
               "Audio": "",
               "AnnounceDistance": 20.0
          },
          {
               "Name": "Kingsmeadow",
               "Location": "51.40623508993244, -0.2811628633190433",
               "Audio": "",
               "AnnounceDistance": 20.0
          },
          {
               "Name": "Archdale Place",
               "Location": "51.40457685878116, -0.27724244456219604",
               "Audio": "",
               "AnnounceDistance": 20.0
          },
          {
               "Name": "California Road",
               "Location": "51.40347383575854, -0.2743940668044459",
               "Audio": "",
               "AnnounceDistance": 20.0
          },
          {
               "Name": "Wellington Crescent",
               "Location": "51.402178143727596, -0.2700722729657759",
               "Audio": "",
               "AnnounceDistance": 20.0
          },
          {
               "Name": "Elm Road / New Malden Baptist Church",
               "Location": "51.400901545091905, -0.26583625699352526",
               "Audio": "",
               "AnnounceDistance": 20.0
          },
          {
               "Name": "St Josephs Church",
               "Location": "51.399586747146714, -0.260854367770364",
               "Audio": "",
               "AnnounceDistance": 20.0
          },
          {
               "Name": "New Malden / The Fountain",
               "Location": "51.398792566281074, -0.2570317743021194",
               "Audio": "",
               "AnnounceDistance": 20.0
          },
          {
               "Name": "Walton Avenue",
               "Location": "51.39886662383903, -0.2535500076704883",
               "Audio": "",
               "AnnounceDistance": 20.0
          },
          {
               "Name": "Queens Road",
               "Location": "51.39908566387576, -0.250148950736197",
               "Audio": "",
               "AnnounceDistance": 20.0
          },
          {
               "Name": "Shannon Corner / Rookwood Avenue",
               "Location": "51.399511772043404, -0.24436789370862252",
               "Audio": "",
               "AnnounceDistance": 20.0
          },
          {
               "Name": "Shannon Corner / Burlington Road",
               "Location": "51.39981128469543, -0.24155307631407025",
               "Audio": "",
               "AnnounceDistance": 20.0
          },
          {
               "Name": "Cavendish Avenue",
               "Location": "51.40023274731348, -0.23907856765622995",
               "Audio": "",
               "AnnounceDistance": 20.0
          },
          {
               "Name": "West Barnes Level Crossing",
               "Location": "51.403002883464936, -0.2367149570788137",
               "Audio": "",
               "AnnounceDistance": 20.0
          },
          {
               "Name": "Trafalgar Court",
               "Location": "51.405119476658676, -0.2357421211273699",
               "Audio": "",
               "AnnounceDistance": 20.0
          },
          {
               "Name": "Farnham Gardens",
               "Location": "51.40765835085466, -0.2353424545781763",
               "Audio": "",
               "AnnounceDistance": 20.0
          },
          {
               "Name": "Durham Road",
               "Location": "51.40972198078772, -0.23383945786908583",
               "Audio": "",
               "AnnounceDistance": 20.0
          },
          {
               "Name": "Raynes Park Station",
               "Location": "51.409514472785105, -0.23081343967932288",
               "Audio": "",
               "AnnounceDistance": 20.0
          },
          {
               "Name": "Raynes Park Methodist Church",
               "Location": "51.41062525358446, -0.22874304490189215",
               "Audio": "",
               "AnnounceDistance": 20.0
          },
          {
               "Name": "Arterberry Road",
               "Location": "51.41242566605666, -0.22411496024222743",
               "Audio": "",
               "AnnounceDistance": 20.0
          },
          {
               "Name": "Lower Downs Road",
               "Location": "51.41359858186873, -0.22199871589768225",
               "Audio": "",
               "AnnounceDistance": 20.0
          },
          {
               "Name": "Albert Grove",
               "Location": "51.415634957080705, -0.21871270890361974",
               "Audio": "",
               "AnnounceDistance": 20.0
          },
          {
               "Name": "Darlaston Road",
               "Location": "51.417143818425394, -0.21622355872340343",
               "Audio": "",
               "AnnounceDistance": 20.0
          },
          {
               "Name": "Spencer Hill",
               "Location": "51.41922978432937, -0.2126618364826693",
               "Audio": "",
               "AnnounceDistance": 20.0
          },
          {
               "Name": "Francis Grove",
               "Location": "51.42121569777326, -0.20962148215511547",
               "Audio": "",
               "AnnounceDistance": 20.0
          },
          {
               "Name": "Wimbledon Station T",
               "Location": "51.42062870920168, -0.20534397886968966",
               "Audio": "",
               "AnnounceDistance": 20.0
          },
          {
               "Name": "Wimbledon Theatre",
               "Location": "51.41920343036556, -0.19977632318944546",
               "Audio": "",
               "AnnounceDistance": 20.0
          },
          {
               "Name": "The Polka Theatre",
               "Location": "51.41942235672434, -0.1958844778589176",
               "Audio": "",
               "AnnounceDistance": 20.0
          },
          {
               "Name": "Merton Road",
               "Location": "51.417463936512696, -0.19250996071111176",
               "Audio": "",
               "AnnounceDistance": 20.0
          },
          {
               "Name": "South Wimbledon Station",
               "Location": "51.415715461434765, -0.19050803063693938",
               "Audio": "",
               "AnnounceDistance": 20.0
          },
          {
               "Name": "Abbey Road",
               "Location": "51.416112444376566, -0.1853582084411689",
               "Audio": "",
               "AnnounceDistance": 20.0
          },
          {
               "Name": "Merton Abbey",
               "Location": "51.41641244647748, -0.18150647723229058",
               "Audio": "",
               "AnnounceDistance": 20.0
          },
          {
               "Name": "Colliers Wood Station",
               "Location": "51.41888696142536, -0.17755382658042562",
               "Audio": "",
               "AnnounceDistance": 20.0
          },
          {
               "Name": "Walpole Road",
               "Location": "51.42097748676209, -0.1755145954199201",
               "Audio": "",
               "AnnounceDistance": 20.0
          },
          {
               "Name": "Longley Road",
               "Location": "51.42339399613597, -0.17304505141880228",
               "Audio": "",
               "AnnounceDistance": 20.0
          },
          {
               "Name": "Nutwell Street",
               "Location": "51.42575990491553, -0.17021765294715188",
               "Audio": "",
               "AnnounceDistance": 20.0
          },
          {
               "Name": "Tooting Broadway Station",
               "Location": "51.42738364354238, -0.16881499073664824",
               "Audio": "",
               "AnnounceDistance": 20.0
          }
     ]
}