{
     "RouteNumber": "132",
     "Destination": "North Greenwich Station",
     "RouteAudio": "",
     "DestinationAudio": "",
     "Stops": [
          {
               "Name": "Bexleyheath Clock Tower",
               "Location": "51.456471411201036, 0.14673660320355816",
               "Audio": "",
               "AnnounceDistance": 20.0
          },
          {
               "Name": "Bexleyheath / Highland Road",
               "Location": "51.45577814004179, 0.15070574006306478",
               "Audio": "",
               "AnnounceDistance": 20.0
          },
          {
               "Name": "Halcot Avenue",
               "Location": "51.45276020369756, 0.15197445010443664",
               "Audio": "",
               "AnnounceDistance": 20.0
          },
          {
               "Name": "Broomfield Road",
               "Location": "51.45144785077894, 0.15292024973841511",
               "Audio": "",
               "AnnounceDistance": 20.0
          },
          {
               "Name": "Gravel Hill Close",
               "Location": "51.44867695022617, 0.15689168437472495",
               "Audio": "",
               "AnnounceDistance": 20.0
          },
          {
               "Name": "Hartford Road",
               "Location": "51.444813602770644, 0.15229156658956605",
               "Audio": "",
               "AnnounceDistance": 20.0
          },
          {
               "Name": "Bexley Library",
               "Location": "51.44233022148237, 0.15089406144116807",
               "Audio": "",
               "AnnounceDistance": 20.0
          },
          {
               "Name": "Bexley Station",
               "Location": "51.44147226066551, 0.14765917062661993",
               "Audio": "",
               "AnnounceDistance": 20.0
          },
          {
               "Name": "Bexley War Memorial",
               "Location": "51.44210790561883, 0.1448685197125439",
               "Audio": "",
               "AnnounceDistance": 20.0
          },
          {
               "Name": "Cross Lane",
               "Location": "51.44330612782353, 0.13983041484745143",
               "Audio": "",
               "AnnounceDistance": 20.0
          },
          {
               "Name": "Riverdale Road",
               "Location": "51.44469919391218, 0.13494504818823014",
               "Audio": "",
               "AnnounceDistance": 20.0
          },
          {
               "Name": "Bridgen / The Anchor",
               "Location": "51.445058094303135, 0.1335082903299863",
               "Audio": "",
               "AnnounceDistance": 20.0
          },
          {
               "Name": "Woodside Lane",
               "Location": "51.44733751128382, 0.12733973105636395",
               "Audio": "",
               "AnnounceDistance": 20.0
          },
          {
               "Name": "Beechway",
               "Location": "51.44805889792483, 0.12276782267511889",
               "Audio": "",
               "AnnounceDistance": 20.0
          },
          {
               "Name": "Blendon / Penhill Road",
               "Location": "51.44787139257549, 0.11772194786563686",
               "Audio": "",
               "AnnounceDistance": 20.0
          },
          {
               "Name": "Blackfen School For Girls",
               "Location": "51.44905783344144, 0.11327206121230234",
               "Audio": "",
               "AnnounceDistance": 20.0
          },
          {
               "Name": "Blackfen Road / Ramillies Road",
               "Location": "51.449700582457965, 0.10904156509504198",
               "Audio": "",
               "AnnounceDistance": 20.0
          },
          {
               "Name": "Blackfen Road / Wellington Avenue",
               "Location": "51.45040721192578, 0.10374883123460349",
               "Audio": "",
               "AnnounceDistance": 20.0
          },
          {
               "Name": "Sycamore Avenue",
               "Location": "51.45104623922091, 0.10020877084831908",
               "Audio": "",
               "AnnounceDistance": 20.0
          },
          {
               "Name": "Queenswood Road",
               "Location": "51.45144208136704, 0.09517499102278443",
               "Audio": "",
               "AnnounceDistance": 20.0
          },
          {
               "Name": "Blackfen Road / Boundary Road",
               "Location": "51.450862854138705, 0.0883262746436517",
               "Audio": "",
               "AnnounceDistance": 20.0
          },
          {
               "Name": "Rennets Wood Road",
               "Location": "51.45055318102309, 0.08298684038066317",
               "Audio": "",
               "AnnounceDistance": 20.0
          },
          {
               "Name": "Riefield Road",
               "Location": "51.45134205893898, 0.07755343019553525",
               "Audio": "",
               "AnnounceDistance": 20.0
          },
          {
               "Name": "Stationers Crown Woods Academy",
               "Location": "51.45187239147093, 0.07350425988179829",
               "Audio": "",
               "AnnounceDistance": 20.0
          },
          {
               "Name": "Bexley Road / Glenesk Road",
               "Location": "51.45140631566179, 0.0662866681808112",
               "Audio": "",
               "AnnounceDistance": 20.0
          },
          {
               "Name": "Eltham High Street / Foots Cray Road",
               "Location": "51.45070394126017, 0.06123189703455162",
               "Audio": "",
               "AnnounceDistance": 20.0
          },
          {
               "Name": "Eltham High Street / Pound Place",
               "Location": "51.4507390379254, 0.05821100780544754",
               "Audio": "",
               "AnnounceDistance": 20.0
          },
          {
               "Name": "Eltham High Street / Passey Place",
               "Location": "51.45071965093792, 0.053676435030767224",
               "Audio": "",
               "AnnounceDistance": 20.0
          },
          {
               "Name": "Eltham Church / Well Hall Road",
               "Location": "51.45140457621858, 0.05205198873684403",
               "Audio": "",
               "AnnounceDistance": 20.0
          },
          {
               "Name": "Eltham Station / Sherard Road",
               "Location": "51.45527162846657, 0.051016312442854234",
               "Audio": "",
               "AnnounceDistance": 20.0
          },
          {
               "Name": "Well Hall Road / Kidbrooke Lane",
               "Location": "51.457175245716925, 0.05015159839283274",
               "Audio": "",
               "AnnounceDistance": 20.0
          },
          {
               "Name": "Well Hall Road / Well Hall Roundabout",
               "Location": "51.459531598618305, 0.049623795453195174",
               "Audio": "",
               "AnnounceDistance": 20.0
          },
          {
               "Name": "Westhorne Avenue / St Barnabas Church",
               "Location": "51.46011101947113, 0.046828209898480105",
               "Audio": "",
               "AnnounceDistance": 20.0
          },
          {
               "Name": "Appleton Road",
               "Location": "51.46056181412866, 0.044185160971355705",
               "Audio": "",
               "AnnounceDistance": 20.0
          },
          {
               "Name": "Wendover Road",
               "Location": "51.462079995552756, 0.03911354415072792",
               "Audio": "",
               "AnnounceDistance": 20.0
          },
          {
               "Name": "Broad Walk",
               "Location": "51.464309339818996, 0.03450512866346978",
               "Audio": "",
               "AnnounceDistance": 20.0
          },
          {
               "Name": "Kidbrooke Way",
               "Location": "51.46559651851135, 0.030804679043992093",
               "Audio": "",
               "AnnounceDistance": 20.0
          },
          {
               "Name": "Brook Lane",
               "Location": "51.46744128577554, 0.028654916299438365",
               "Audio": "",
               "AnnounceDistance": 20.0
          },
          {
               "Name": "Wricklemarsh Road",
               "Location": "51.46980200331196, 0.02734856947694351",
               "Audio": "",
               "AnnounceDistance": 20.0
          },
          {
               "Name": "Millennium Leisure Park East",
               "Location": "51.48922047520034, 0.015692174612272538",
               "Audio": "",
               "AnnounceDistance": 20.0
          },
          {
               "Name": "Millennium Leisure Park West",
               "Location": "51.49001575899828, 0.01284625367273199",
               "Audio": "",
               "AnnounceDistance": 20.0
          },
          {
               "Name": "Millennium Village South",
               "Location": "51.491979316152005, 0.013710650009059942",
               "Audio": "",
               "AnnounceDistance": 20.0
          },
          {
               "Name": "Millennium Village / Oval Square",
               "Location": "51.494073441994125, 0.013255502410937453",
               "Audio": "",
               "AnnounceDistance": 20.0
          },
          {
               "Name": "North Greenwich Station",
               "Location": "51.50060942499107, 0.002852564638876403",
               "Audio": "",
               "AnnounceDistance": 20.0
          }
     ]
}