{
     "RouteNumber": "134",
     "Destination": "Tally Ho Corner",
     "RouteAudio": "",
     "DestinationAudio": "",
     "Stops": [
          {
               "Name": "University College Hospital / Euston Rd",
               "Location": "51.52519122857627, -0.13714337236691732",
               "Audio": "",
               "AnnounceDistance": 20.0
          },
          {
               "Name": "Warren Street Station",
               "Location": "51.52411116163939, -0.13764874712672606",
               "Audio": "",
               "AnnounceDistance": 20.0
          },
          {
               "Name": "Hampstead Road / Drummond Street",
               "Location": "51.526061589745474, -0.1387224512997303",
               "Audio": "",
               "AnnounceDistance": 20.0
          },
          {
               "Name": "Robert Street",
               "Location": "51.5273658006111, -0.13874134629653492",
               "Audio": "",
               "AnnounceDistance": 20.0
          },
          {
               "Name": "Mornington Crescent Station",
               "Location": "51.534065140774686, -0.13930436516830907",
               "Audio": "",
               "AnnounceDistance": 20.0
          },
          {
               "Name": "Camden High Street",
               "Location": "51.5361381688051, -0.1401714964414167",
               "Audio": "",
               "AnnounceDistance": 20.0
          },
          {
               "Name": "Camden Town Station",
               "Location": "51.537937543262785, -0.1419294645331479",
               "Audio": "",
               "AnnounceDistance": 20.0
          },
          {
               "Name": "Kentish Town Road",
               "Location": "51.5399502437533, -0.14239546669892997",
               "Audio": "",
               "AnnounceDistance": 20.0
          },
          {
               "Name": "Hawley Road",
               "Location": "51.542120910121305, -0.14204749157596563",
               "Audio": "",
               "AnnounceDistance": 20.0
          },
          {
               "Name": "Prince Of Wales Road",
               "Location": "51.54603932416544, -0.14190229719305872",
               "Audio": "",
               "AnnounceDistance": 20.0
          },
          {
               "Name": "Kentish Town Post Office",
               "Location": "51.54881559844635, -0.14118340676952712",
               "Audio": "",
               "AnnounceDistance": 20.0
          },
          {
               "Name": "Kentish Town Station",
               "Location": "51.55135745033331, -0.14099325080095715",
               "Audio": "",
               "AnnounceDistance": 20.0
          },
          {
               "Name": "Fortess Walk",
               "Location": "51.553424835888066, -0.14093781393131902",
               "Audio": "",
               "AnnounceDistance": 20.0
          },
          {
               "Name": "Lady Somerset Road",
               "Location": "51.55498218994839, -0.13990782505340157",
               "Audio": "",
               "AnnounceDistance": 20.0
          },
          {
               "Name": "Tufnell Park Station",
               "Location": "51.5562086292328, -0.13899225179868918",
               "Audio": "",
               "AnnounceDistance": 20.0
          },
          {
               "Name": "Fulbrook Road",
               "Location": "51.55783138719287, -0.13811814699020808",
               "Audio": "",
               "AnnounceDistance": 20.0
          },
          {
               "Name": "Monnery Road",
               "Location": "51.55964004925409, -0.13762590324236748",
               "Audio": "",
               "AnnounceDistance": 20.0
          },
          {
               "Name": "Pemberton Gardens",
               "Location": "51.561997407396376, -0.13657737874380266",
               "Audio": "",
               "AnnounceDistance": 20.0
          },
          {
               "Name": "Archway Station",
               "Location": "51.564930175433844, -0.13495692528986267",
               "Audio": "",
               "AnnounceDistance": 20.0
          },
          {
               "Name": "Waterlow Road",
               "Location": "51.56875367480054, -0.13676287808322207",
               "Audio": "",
               "AnnounceDistance": 20.0
          },
          {
               "Name": "Langdon Park Road",
               "Location": "51.57206127514915, -0.14006212596039283",
               "Audio": "",
               "AnnounceDistance": 20.0
          },
          {
               "Name": "Northwood Road",
               "Location": "51.574230704434115, -0.1419073668830783",
               "Audio": "",
               "AnnounceDistance": 20.0
          },
          {
               "Name": "Highgate Station",
               "Location": "51.57684017100184, -0.14542341319835853",
               "Audio": "",
               "AnnounceDistance": 20.0
          },
          {
               "Name": "Wood Lane / Highgate Station",
               "Location": "51.57865506248048, -0.14760103471571034",
               "Audio": "",
               "AnnounceDistance": 20.0
          },
          {
               "Name": "Highgate Wood",
               "Location": "51.58161779674947, -0.14673000351979687",
               "Audio": "",
               "AnnounceDistance": 20.0
          },
          {
               "Name": "Onslow Gardens",
               "Location": "51.584212551603365, -0.14704302684288012",
               "Audio": "",
               "AnnounceDistance": 20.0
          },
          {
               "Name": "Cranley Gardens",
               "Location": "51.586327825340604, -0.14717349454740386",
               "Audio": "",
               "AnnounceDistance": 20.0
          },
          {
               "Name": "Fortis Green Road",
               "Location": "51.58925515887516, -0.14576958164189682",
               "Audio": "",
               "AnnounceDistance": 20.0
          },
          {
               "Name": "Muswell Hill",
               "Location": "51.59081996444174, -0.14293403959108125",
               "Audio": "",
               "AnnounceDistance": 20.0
          },
          {
               "Name": "Queens Avenue",
               "Location": "51.59185639072116, -0.14307945031941388",
               "Audio": "",
               "AnnounceDistance": 20.0
          },
          {
               "Name": "Meadow Drive",
               "Location": "51.59414679794746, -0.14461749301221472",
               "Audio": "",
               "AnnounceDistance": 20.0
          },
          {
               "Name": "Alexandra Park Road",
               "Location": "51.596319316848394, -0.14552520133935498",
               "Audio": "",
               "AnnounceDistance": 20.0
          },
          {
               "Name": "Wilton Road",
               "Location": "51.59932327964148, -0.14726549568270464",
               "Audio": "",
               "AnnounceDistance": 20.0
          },
          {
               "Name": "Pembroke Road / St Peters Church",
               "Location": "51.602375555245885, -0.14807987418735477",
               "Audio": "",
               "AnnounceDistance": 20.0
          },
          {
               "Name": "Hampden Road",
               "Location": "51.604193473285726, -0.14874238799724648",
               "Audio": "",
               "AnnounceDistance": 20.0
          },
          {
               "Name": "North Circular Road",
               "Location": "51.60743100371213, -0.1527555004449816",
               "Audio": "",
               "AnnounceDistance": 20.0
          },
          {
               "Name": "Firs Avenue",
               "Location": "51.608954381285706, -0.1535602020509351",
               "Audio": "",
               "AnnounceDistance": 20.0
          },
          {
               "Name": "Hillside Avenue",
               "Location": "51.61142433099835, -0.15623305188679334",
               "Audio": "",
               "AnnounceDistance": 20.0
          },
          {
               "Name": "Friern Barnet Road",
               "Location": "51.61241920971802, -0.1583159201463912",
               "Audio": "",
               "AnnounceDistance": 20.0
          },
          {
               "Name": "Colney Hatch Lane",
               "Location": "51.61252311340915, -0.15920720814551304",
               "Audio": "",
               "AnnounceDistance": 20.0
          },
          {
               "Name": "Summers Lane",
               "Location": "51.61158077081476, -0.16276945725842043",
               "Audio": "",
               "AnnounceDistance": 20.0
          },
          {
               "Name": "Crescent Way",
               "Location": "51.61138124724305, -0.16553614008580347",
               "Audio": "",
               "AnnounceDistance": 20.0
          },
          {
               "Name": "Woodhouse College",
               "Location": "51.611095371933736, -0.16795964227090518",
               "Audio": "",
               "AnnounceDistance": 20.0
          },
          {
               "Name": "Churchfield Avenue",
               "Location": "51.61181598463395, -0.17265355470586025",
               "Audio": "",
               "AnnounceDistance": 20.0
          },
          {
               "Name": "North Finchley High Road",
               "Location": "51.6123198965114, -0.17498758407009085",
               "Audio": "",
               "AnnounceDistance": 20.0
          },
          {
               "Name": "Tally Ho Corner",
               "Location": "51.61387971423864, -0.17699048847533672",
               "Audio": "",
               "AnnounceDistance": 20.0
          }
     ]
}