{
     "RouteNumber": "134",
     "Destination": "University College Hospital / Euston Rd",
     "RouteAudio": "",
     "DestinationAudio": "",
     "Stops": [
          {
               "Name": "North Finchley Bus Station",
               "Location": "51.6132506773864, -0.1758602001787185",
               "Audio": "",
               "AnnounceDistance": 20.0
          },
          {
               "Name": "North Finchley High Road",
               "Location": "51.61242594186473, -0.17486778362625308",
               "Audio": "",
               "AnnounceDistance": 20.0
          },
          {
               "Name": "Grove Road",
               "Location": "51.61134887353934, -0.17037586867248858",
               "Audio": "",
               "AnnounceDistance": 20.0
          },
          {
               "Name": "Woodhouse College",
               "Location": "51.61140650006878, -0.16715274655184256",
               "Audio": "",
               "AnnounceDistance": 20.0
          },
          {
               "Name": "Lewes Road",
               "Location": "51.61159301200884, -0.16412661824201535",
               "Audio": "",
               "AnnounceDistance": 20.0
          },
          {
               "Name": "Colney Hatch Lane",
               "Location": "51.61242432629947, -0.15978894117594997",
               "Audio": "",
               "AnnounceDistance": 20.0
          },
          {
               "Name": "Friern Barnet Road",
               "Location": "51.61209085991382, -0.1574481683409461",
               "Audio": "",
               "AnnounceDistance": 20.0
          },
          {
               "Name": "Hillside Avenue",
               "Location": "51.611225775010865, -0.1550423251323743",
               "Audio": "",
               "AnnounceDistance": 20.0
          },
          {
               "Name": "North Circular Road",
               "Location": "51.607416338288814, -0.15239504986019303",
               "Audio": "",
               "AnnounceDistance": 20.0
          },
          {
               "Name": "Cromwell Road",
               "Location": "51.60541531340464, -0.14924145465373467",
               "Audio": "",
               "AnnounceDistance": 20.0
          },
          {
               "Name": "Pembroke Road / St Peters Church",
               "Location": "51.602039635324374, -0.14787693929792614",
               "Audio": "",
               "AnnounceDistance": 20.0
          },
          {
               "Name": "Wilton Road",
               "Location": "51.59996520074303, -0.14748484041822535",
               "Audio": "",
               "AnnounceDistance": 20.0
          },
          {
               "Name": "Alexandra Park Road",
               "Location": "51.59614378337414, -0.14522914772116252",
               "Audio": "",
               "AnnounceDistance": 20.0
          },
          {
               "Name": "Muswell Hill",
               "Location": "51.59163523342808, -0.14274198495052334",
               "Audio": "",
               "AnnounceDistance": 20.0
          },
          {
               "Name": "Queens Avenue",
               "Location": "51.59070245381129, -0.1428955222888445",
               "Audio": "",
               "AnnounceDistance": 20.0
          },
          {
               "Name": "Fortis Green Road",
               "Location": "51.58890696010853, -0.14592811908704337",
               "Audio": "",
               "AnnounceDistance": 20.0
          },
          {
               "Name": "Woodside Avenue",
               "Location": "51.58732169636309, -0.14690209265907656",
               "Audio": "",
               "AnnounceDistance": 20.0
          },
          {
               "Name": "Cranley Gardens",
               "Location": "51.58569602841181, -0.1470259777803072",
               "Audio": "",
               "AnnounceDistance": 20.0
          },
          {
               "Name": "Onslow Gardens",
               "Location": "51.58362158726009, -0.1466340394066521",
               "Audio": "",
               "AnnounceDistance": 20.0
          },
          {
               "Name": "Highgate Wood",
               "Location": "51.58132101012978, -0.14672764474267982",
               "Audio": "",
               "AnnounceDistance": 20.0
          },
          {
               "Name": "Wood Lane / Highgate Station",
               "Location": "51.578589196094605, -0.14741608789219993",
               "Audio": "",
               "AnnounceDistance": 20.0
          },
          {
               "Name": "Highgate Station",
               "Location": "51.57723639589489, -0.14602787154856722",
               "Audio": "",
               "AnnounceDistance": 20.0
          },
          {
               "Name": "Southwood Avenue",
               "Location": "51.575578531227315, -0.1429780763546086",
               "Audio": "",
               "AnnounceDistance": 20.0
          },
          {
               "Name": "Northwood Road",
               "Location": "51.57342412139919, -0.1409445150407748",
               "Audio": "",
               "AnnounceDistance": 20.0
          },
          {
               "Name": "Langdon Park Road",
               "Location": "51.57161665736007, -0.13924330493651882",
               "Audio": "",
               "AnnounceDistance": 20.0
          },
          {
               "Name": "Waterlow Road",
               "Location": "51.56879425695167, -0.13648705619164633",
               "Audio": "",
               "AnnounceDistance": 20.0
          },
          {
               "Name": "Archway Station",
               "Location": "51.5648288017386, -0.13480236147119787",
               "Audio": "",
               "AnnounceDistance": 20.0
          },
          {
               "Name": "Pemberton Gardens",
               "Location": "51.56203890559181, -0.1363592701921745",
               "Audio": "",
               "AnnounceDistance": 20.0
          },
          {
               "Name": "Monnery Road",
               "Location": "51.559753900207475, -0.13743370431889906",
               "Audio": "",
               "AnnounceDistance": 20.0
          },
          {
               "Name": "Tufnell Park Station",
               "Location": "51.55740855831239, -0.13810656297444665",
               "Audio": "",
               "AnnounceDistance": 20.0
          },
          {
               "Name": "Lady Somerset Road",
               "Location": "51.55473932219096, -0.1399033079168445",
               "Audio": "",
               "AnnounceDistance": 20.0
          },
          {
               "Name": "Fortess Walk",
               "Location": "51.552517184666804, -0.14097481911716397",
               "Audio": "",
               "AnnounceDistance": 20.0
          },
          {
               "Name": "Kentish Town Station",
               "Location": "51.55021089238492, -0.14070824548683777",
               "Audio": "",
               "AnnounceDistance": 20.0
          },
          {
               "Name": "Kentish Town Post Office",
               "Location": "51.548212579166616, -0.14115029256634112",
               "Audio": "",
               "AnnounceDistance": 20.0
          },
          {
               "Name": "Kentish Town Road / Prince Of Wales Road",
               "Location": "51.54592760335715, -0.14166166841376795",
               "Audio": "",
               "AnnounceDistance": 20.0
          },
          {
               "Name": "Royal College Street",
               "Location": "51.544233544848915, -0.1414422519633753",
               "Audio": "",
               "AnnounceDistance": 20.0
          },
          {
               "Name": "Camden Gardens",
               "Location": "51.541961142213246, -0.14104452125064995",
               "Audio": "",
               "AnnounceDistance": 20.0
          },
          {
               "Name": "Camden Town Station",
               "Location": "51.539798780943784, -0.14134894311298615",
               "Audio": "",
               "AnnounceDistance": 20.0
          },
          {
               "Name": "Pratt Street",
               "Location": "51.53716203850378, -0.13952413638169348",
               "Audio": "",
               "AnnounceDistance": 20.0
          },
          {
               "Name": "Mornington Crescent Station",
               "Location": "51.53344284639001, -0.1386232385047347",
               "Audio": "",
               "AnnounceDistance": 20.0
          },
          {
               "Name": "Silverdale",
               "Location": "51.53074478889823, -0.13860353319177598",
               "Audio": "",
               "AnnounceDistance": 20.0
          },
          {
               "Name": "William Road",
               "Location": "51.52706558253972, -0.13852292699256696",
               "Audio": "",
               "AnnounceDistance": 20.0
          },
          {
               "Name": "Euston Road",
               "Location": "51.52557036512033, -0.1383676688094239",
               "Audio": "",
               "AnnounceDistance": 20.0
          },
          {
               "Name": "University College Hospital / Euston Rd",
               "Location": "51.52519122857627, -0.13714337236691732",
               "Audio": "",
               "AnnounceDistance": 20.0
          }
     ]
}