{
     "RouteNumber": "136",
     "Destination": "Elephant Castle / Newington Causeway",
     "RouteAudio": "",
     "DestinationAudio": "",
     "Stops": [
          {
               "Name": "Grove Park Bus Station",
               "Location": "51.43202923053494, 0.020755579694941916",
               "Audio": "",
               "AnnounceDistance": 20.0
          },
          {
               "Name": "Grove Park Station",
               "Location": "51.430632870919936, 0.02037746495385813",
               "Audio": "",
               "AnnounceDistance": 20.0
          },
          {
               "Name": "The Green",
               "Location": "51.430277290601396, 0.01595960189397302",
               "Audio": "",
               "AnnounceDistance": 20.0
          },
          {
               "Name": "Northover",
               "Location": "51.42811525699658, 0.013562753043208553",
               "Audio": "",
               "AnnounceDistance": 20.0
          },
          {
               "Name": "Downham Way / Southover",
               "Location": "51.42546660335314, 0.013316853278800809",
               "Audio": "",
               "AnnounceDistance": 20.0
          },
          {
               "Name": "Headcorn Road",
               "Location": "51.42419155366213, 0.010585336267735853",
               "Audio": "",
               "AnnounceDistance": 20.0
          },
          {
               "Name": "Downham Way / Valeswood Road",
               "Location": "51.42470035619604, 0.007658862355986378",
               "Audio": "",
               "AnnounceDistance": 20.0
          },
          {
               "Name": "St Barnabas Hall",
               "Location": "51.425961568312275, 0.004376866106424292",
               "Audio": "",
               "AnnounceDistance": 20.0
          },
          {
               "Name": "Glenbow Road",
               "Location": "51.4256818964722, 0.0012719125491366865",
               "Audio": "",
               "AnnounceDistance": 20.0
          },
          {
               "Name": "Rangefield Road",
               "Location": "51.4246663411181, -0.0024548631137432347",
               "Audio": "",
               "AnnounceDistance": 20.0
          },
          {
               "Name": "Bromley Road / Downham Way",
               "Location": "51.42478852584854, -0.004348279331171495",
               "Audio": "",
               "AnnounceDistance": 20.0
          },
          {
               "Name": "Old Bromley Road",
               "Location": "51.4261607907447, -0.006777070449953174",
               "Audio": "",
               "AnnounceDistance": 20.0
          },
          {
               "Name": "Green Man Community Hub",
               "Location": "51.426808348839266, -0.00995675722680324",
               "Audio": "",
               "AnnounceDistance": 20.0
          },
          {
               "Name": "Southend Lane",
               "Location": "51.42896482335785, -0.014092459059888337",
               "Audio": "",
               "AnnounceDistance": 20.0
          },
          {
               "Name": "Catford Police Station",
               "Location": "51.4309787680928, -0.015659557056383527",
               "Audio": "",
               "AnnounceDistance": 20.0
          },
          {
               "Name": "Bellingham Road",
               "Location": "51.43258224676074, -0.01741720501417245",
               "Audio": "",
               "AnnounceDistance": 20.0
          },
          {
               "Name": "Newquay Road",
               "Location": "51.43659447811364, -0.01856718425046334",
               "Audio": "",
               "AnnounceDistance": 20.0
          },
          {
               "Name": "Inchmery Road",
               "Location": "51.43845025413282, -0.01929263725204963",
               "Audio": "",
               "AnnounceDistance": 20.0
          },
          {
               "Name": "Bargery Road",
               "Location": "51.440542579904594, -0.020712994299132963",
               "Audio": "",
               "AnnounceDistance": 20.0
          },
          {
               "Name": "Bromley Road / Lewisham Town Hall",
               "Location": "51.44380286470396, -0.02047129108394355",
               "Audio": "",
               "AnnounceDistance": 20.0
          },
          {
               "Name": "The Catford Centre",
               "Location": "51.447109766492616, -0.018730823204527368",
               "Audio": "",
               "AnnounceDistance": 20.0
          },
          {
               "Name": "Rosenthal Road",
               "Location": "51.449216142636395, -0.0172579965133382",
               "Audio": "",
               "AnnounceDistance": 20.0
          },
          {
               "Name": "Mount Pleasant Road",
               "Location": "51.45183620633118, -0.01691419052542205",
               "Audio": "",
               "AnnounceDistance": 20.0
          },
          {
               "Name": "Lewisham Hospital",
               "Location": "51.453277135807284, -0.016506304110970108",
               "Audio": "",
               "AnnounceDistance": 20.0
          },
          {
               "Name": "Lewisham Park",
               "Location": "51.454824923233, -0.01603618217635531",
               "Audio": "",
               "AnnounceDistance": 20.0
          },
          {
               "Name": "Lewisham Fire Station",
               "Location": "51.457202976114175, -0.013615533769048317",
               "Audio": "",
               "AnnounceDistance": 20.0
          },
          {
               "Name": "Molesworth Street / Riverdale House",
               "Location": "51.4605491916575, -0.013139140871217769",
               "Audio": "",
               "AnnounceDistance": 20.0
          },
          {
               "Name": "Lewisham Station",
               "Location": "51.46522994226628, -0.012345539010596575",
               "Audio": "",
               "AnnounceDistance": 20.0
          },
          {
               "Name": "Lewisham Station / Loampit Vale",
               "Location": "51.46447789486133, -0.01413464067829596",
               "Audio": "",
               "AnnounceDistance": 20.0
          },
          {
               "Name": "Loampit Vale / Jerrard Street",
               "Location": "51.46497494778854, -0.017467572491415423",
               "Audio": "",
               "AnnounceDistance": 20.0
          },
          {
               "Name": "Undercliff Road",
               "Location": "51.46644605373509, -0.020974387747912562",
               "Audio": "",
               "AnnounceDistance": 20.0
          },
          {
               "Name": "Lewisham College",
               "Location": "51.46832333587967, -0.02564452381301628",
               "Audio": "",
               "AnnounceDistance": 20.0
          },
          {
               "Name": "Lucas Street",
               "Location": "51.47075326769411, -0.02949929891289274",
               "Audio": "",
               "AnnounceDistance": 20.0
          },
          {
               "Name": "Malpas Road",
               "Location": "51.471736789503225, -0.030767241083103268",
               "Audio": "",
               "AnnounceDistance": 20.0
          },
          {
               "Name": "Amersham Road",
               "Location": "51.47354469654747, -0.03346852813552602",
               "Audio": "",
               "AnnounceDistance": 20.0
          },
          {
               "Name": "Marquis Of Granby / Goldsmiths",
               "Location": "51.47505076073893, -0.035333379329059805",
               "Audio": "",
               "AnnounceDistance": 20.0
          },
          {
               "Name": "New Cross Gate Station",
               "Location": "51.475047760960095, -0.03945195950095033",
               "Audio": "",
               "AnnounceDistance": 20.0
          },
          {
               "Name": "New Cross Bus Garage",
               "Location": "51.4742544679277, -0.04526034141469871",
               "Audio": "",
               "AnnounceDistance": 20.0
          },
          {
               "Name": "New Cross Fire Station",
               "Location": "51.47390617481872, -0.04864478416982331",
               "Audio": "",
               "AnnounceDistance": 20.0
          },
          {
               "Name": "Pomeroy Street",
               "Location": "51.47302902583554, -0.05213810000042943",
               "Audio": "",
               "AnnounceDistance": 20.0
          },
          {
               "Name": "Queens Road Peckham Station",
               "Location": "51.47341850563831, -0.058270151786545585",
               "Audio": "",
               "AnnounceDistance": 20.0
          },
          {
               "Name": "Carlton Grove",
               "Location": "51.47397727175057, -0.06214876948541914",
               "Audio": "",
               "AnnounceDistance": 20.0
          },
          {
               "Name": "Clayton Road",
               "Location": "51.472801980217206, -0.06558244011867209",
               "Audio": "",
               "AnnounceDistance": 20.0
          },
          {
               "Name": "Hanover Park",
               "Location": "51.47262031955677, -0.06983793496102673",
               "Audio": "",
               "AnnounceDistance": 20.0
          },
          {
               "Name": "Harris Academy",
               "Location": "51.473711268595956, -0.07329101075627412",
               "Audio": "",
               "AnnounceDistance": 20.0
          },
          {
               "Name": "Peckham Road / Southampton Way",
               "Location": "51.47419648556853, -0.07655372909959882",
               "Audio": "",
               "AnnounceDistance": 20.0
          },
          {
               "Name": "Southampton Way Estate",
               "Location": "51.4769367079276, -0.08024023739950506",
               "Audio": "",
               "AnnounceDistance": 20.0
          },
          {
               "Name": "Sedgmoor Place",
               "Location": "51.477671133155674, -0.08170709564367176",
               "Audio": "",
               "AnnounceDistance": 20.0
          },
          {
               "Name": "Cottage Green",
               "Location": "51.47960335558646, -0.08548563001550391",
               "Audio": "",
               "AnnounceDistance": 20.0
          },
          {
               "Name": "St Georges Way / Burgess Park",
               "Location": "51.482334245211746, -0.08586093985657123",
               "Audio": "",
               "AnnounceDistance": 20.0
          },
          {
               "Name": "Albany Road / Wells Way",
               "Location": "51.484239902972725, -0.08526263207923837",
               "Audio": "",
               "AnnounceDistance": 20.0
          },
          {
               "Name": "Alsace Road",
               "Location": "51.48708155875161, -0.08471147134275823",
               "Audio": "",
               "AnnounceDistance": 20.0
          },
          {
               "Name": "East Street",
               "Location": "51.48924542298889, -0.08670944960807235",
               "Audio": "",
               "AnnounceDistance": 20.0
          },
          {
               "Name": "Balfour Street",
               "Location": "51.49134784431709, -0.0899058169765688",
               "Audio": "",
               "AnnounceDistance": 20.0
          },
          {
               "Name": "Larcom Street",
               "Location": "51.49170917236159, -0.09166256968484778",
               "Audio": "",
               "AnnounceDistance": 20.0
          },
          {
               "Name": "Elephant Park",
               "Location": "51.49231809645706, -0.0959299846191844",
               "Audio": "",
               "AnnounceDistance": 20.0
          },
          {
               "Name": "Hampton Street",
               "Location": "51.49223199662513, -0.09838250444714373",
               "Audio": "",
               "AnnounceDistance": 20.0
          },
          {
               "Name": "Elephant Castle Station",
               "Location": "51.4939890169272, -0.10081603429371652",
               "Audio": "",
               "AnnounceDistance": 20.0
          },
          {
               "Name": "Elephant Castle / Newington Causeway",
               "Location": "51.49643044489784, -0.09997980683064916",
               "Audio": "",
               "AnnounceDistance": 20.0
          }
     ]
}