{
     "RouteNumber": "137",
     "Destination": "Marble Arch",
     "RouteAudio": "",
     "DestinationAudio": "",
     "Stops": [
          {
               "Name": "Telford Avenue",
               "Location": "51.44261307205023, -0.12476318307533683",
               "Audio": "",
               "AnnounceDistance": 20.0
          },
          {
               "Name": "Christchurch Road",
               "Location": "51.444591763368635, -0.12478285847693302",
               "Audio": "",
               "AnnounceDistance": 20.0
          },
          {
               "Name": "Streatham Place",
               "Location": "51.44608187380928, -0.12686605594395967",
               "Audio": "",
               "AnnounceDistance": 20.0
          },
          {
               "Name": "Atkins Road / New Park Road",
               "Location": "51.44715875169377, -0.12954192851360835",
               "Audio": "",
               "AnnounceDistance": 20.0
          },
          {
               "Name": "Kings Avenue / Atkins Road",
               "Location": "51.44839921338333, -0.1317651099828493",
               "Audio": "",
               "AnnounceDistance": 20.0
          },
          {
               "Name": "Thorncliffe Road",
               "Location": "51.45166218200842, -0.13055246063392606",
               "Audio": "",
               "AnnounceDistance": 20.0
          },
          {
               "Name": "Clarence Avenue",
               "Location": "51.45459560898511, -0.12954022012903815",
               "Audio": "",
               "AnnounceDistance": 20.0
          },
          {
               "Name": "Lyham Road",
               "Location": "51.457870258487176, -0.12906088237688154",
               "Audio": "",
               "AnnounceDistance": 20.0
          },
          {
               "Name": "Bedford Road",
               "Location": "51.459652580413575, -0.12973654524295233",
               "Audio": "",
               "AnnounceDistance": 20.0
          },
          {
               "Name": "Park Hill",
               "Location": "51.45956765873962, -0.13400097405004166",
               "Audio": "",
               "AnnounceDistance": 20.0
          },
          {
               "Name": "Clapham Common Station",
               "Location": "51.461513821236906, -0.13819712595889785",
               "Audio": "",
               "AnnounceDistance": 20.0
          },
          {
               "Name": "Long Road / Clapham Common",
               "Location": "51.46109850337788, -0.14035897144531456",
               "Audio": "",
               "AnnounceDistance": 20.0
          },
          {
               "Name": "Rookery Road",
               "Location": "51.46118280734042, -0.14454466859812742",
               "Audio": "",
               "AnnounceDistance": 20.0
          },
          {
               "Name": "Cedars Road / Clapham Common North Side",
               "Location": "51.46205699303694, -0.14921666649535237",
               "Audio": "",
               "AnnounceDistance": 20.0
          },
          {
               "Name": "Sacred Heart House",
               "Location": "51.464316870131476, -0.14996023588370835",
               "Audio": "",
               "AnnounceDistance": 20.0
          },
          {
               "Name": "Wandsworth Road",
               "Location": "51.46556386262799, -0.15034171067733643",
               "Audio": "",
               "AnnounceDistance": 20.0
          },
          {
               "Name": "Queenstown Road / Wandsworth Road",
               "Location": "51.46684680115127, -0.1507217520642874",
               "Audio": "",
               "AnnounceDistance": 20.0
          },
          {
               "Name": "Prairie Street",
               "Location": "51.47065747922718, -0.14944457752582885",
               "Audio": "",
               "AnnounceDistance": 20.0
          },
          {
               "Name": "Silverthorne Road",
               "Location": "51.47273913939672, -0.14858278090382093",
               "Audio": "",
               "AnnounceDistance": 20.0
          },
          {
               "Name": "Queenstown Road Station",
               "Location": "51.474359855455354, -0.14700518721915584",
               "Audio": "",
               "AnnounceDistance": 20.0
          },
          {
               "Name": "Battersea Park Station",
               "Location": "51.476954632500394, -0.14845529358809878",
               "Audio": "",
               "AnnounceDistance": 20.0
          },
          {
               "Name": "Sopwith Way",
               "Location": "51.47975099285628, -0.1490045130356393",
               "Audio": "",
               "AnnounceDistance": 20.0
          },
          {
               "Name": "Battersea Park / Chelsea Gate",
               "Location": "51.483223858285285, -0.14968483848087064",
               "Audio": "",
               "AnnounceDistance": 20.0
          },
          {
               "Name": "Lister Hospital",
               "Location": "51.48635281736493, -0.15079687965314328",
               "Audio": "",
               "AnnounceDistance": 20.0
          },
          {
               "Name": "Royal Hospital Chelsea",
               "Location": "51.488327250971, -0.15397233291591678",
               "Audio": "",
               "AnnounceDistance": 20.0
          },
          {
               "Name": "Royal Hospital Road",
               "Location": "51.48994924052996, -0.15647084562762534",
               "Audio": "",
               "AnnounceDistance": 20.0
          },
          {
               "Name": "Sloane Square Station",
               "Location": "51.491449034989294, -0.15749072842672354",
               "Audio": "",
               "AnnounceDistance": 20.0
          },
          {
               "Name": "Sloane Square Station",
               "Location": "51.49317347140369, -0.15621112262021764",
               "Audio": "",
               "AnnounceDistance": 20.0
          },
          {
               "Name": "Wilton Street",
               "Location": "51.499379262396786, -0.1482814118991058",
               "Audio": "",
               "AnnounceDistance": 20.0
          },
          {
               "Name": "Hyde Park Corner",
               "Location": "51.50134741234268, -0.15105447169783967",
               "Audio": "",
               "AnnounceDistance": 20.0
          },
          {
               "Name": "London Hilton Hotel",
               "Location": "51.505087228491035, -0.1521278944831175",
               "Audio": "",
               "AnnounceDistance": 20.0
          },
          {
               "Name": "Dorchester Hotel",
               "Location": "51.50830354775808, -0.15479339267024148",
               "Audio": "",
               "AnnounceDistance": 20.0
          },
          {
               "Name": "Marble Arch",
               "Location": "51.511596740456305, -0.1583496700574874",
               "Audio": "",
               "AnnounceDistance": 20.0
          }
     ]
}