{
     "RouteNumber": "137",
     "Destination": "Streatham Hill / Telford Avenue",
     "RouteAudio": "",
     "DestinationAudio": "",
     "Stops": [
          {
               "Name": "Marble Arch Station / Park Lane",
               "Location": "51.51245941224994, -0.15773840872965914",
               "Audio": "",
               "AnnounceDistance": 20.0
          },
          {
               "Name": "Dorchester Hotel",
               "Location": "51.50841848520999, -0.1540970456560131",
               "Audio": "",
               "AnnounceDistance": 20.0
          },
          {
               "Name": "London Hilton Hotel",
               "Location": "51.505738633047514, -0.15123696246312962",
               "Audio": "",
               "AnnounceDistance": 20.0
          },
          {
               "Name": "Hyde Park Corner Station",
               "Location": "51.502603955455164, -0.15375566624172218",
               "Audio": "",
               "AnnounceDistance": 20.0
          },
          {
               "Name": "Sloane Street / Knightsbridge Station",
               "Location": "51.50040646286252, -0.15983818306865757",
               "Audio": "",
               "AnnounceDistance": 20.0
          },
          {
               "Name": "Pont Street",
               "Location": "51.4976871929686, -0.15904005900296228",
               "Audio": "",
               "AnnounceDistance": 20.0
          },
          {
               "Name": "Sloane Square",
               "Location": "51.49313635615842, -0.1578548652743671",
               "Audio": "",
               "AnnounceDistance": 20.0
          },
          {
               "Name": "Sloane Square Stn / Lower Sloane St",
               "Location": "51.49166223057353, -0.1573236756101272",
               "Audio": "",
               "AnnounceDistance": 20.0
          },
          {
               "Name": "Royal Hospital Chelsea",
               "Location": "51.48910766820949, -0.1549923313522925",
               "Audio": "",
               "AnnounceDistance": 20.0
          },
          {
               "Name": "Ebury Bridge Road",
               "Location": "51.48769506578922, -0.1526582994973164",
               "Audio": "",
               "AnnounceDistance": 20.0
          },
          {
               "Name": "Lister Hospital",
               "Location": "51.486236802879496, -0.150283047459431",
               "Audio": "",
               "AnnounceDistance": 20.0
          },
          {
               "Name": "Battersea Park / Chelsea Gate",
               "Location": "51.48260730471663, -0.14936413786871838",
               "Audio": "",
               "AnnounceDistance": 20.0
          },
          {
               "Name": "Sopwith Way",
               "Location": "51.47949572717199, -0.14878442591973562",
               "Audio": "",
               "AnnounceDistance": 20.0
          },
          {
               "Name": "Battersea Park Station",
               "Location": "51.476915958145575, -0.14828405297429312",
               "Audio": "",
               "AnnounceDistance": 20.0
          },
          {
               "Name": "Queenstown Road Station",
               "Location": "51.47411368268506, -0.14736075507510035",
               "Audio": "",
               "AnnounceDistance": 20.0
          },
          {
               "Name": "Silverthorne Road",
               "Location": "51.47255781263161, -0.14848932774327978",
               "Audio": "",
               "AnnounceDistance": 20.0
          },
          {
               "Name": "Prairie Street",
               "Location": "51.469761295602375, -0.14963922115746864",
               "Audio": "",
               "AnnounceDistance": 20.0
          },
          {
               "Name": "Queenstown Road / Wandsworth Road",
               "Location": "51.466717581232736, -0.1505110163299947",
               "Audio": "",
               "AnnounceDistance": 20.0
          },
          {
               "Name": "Sacred Heart House",
               "Location": "51.463582352605904, -0.14957244738893646",
               "Audio": "",
               "AnnounceDistance": 20.0
          },
          {
               "Name": "Cedars Road / Clapham Common North Side",
               "Location": "51.461738592928015, -0.14898481951613882",
               "Audio": "",
               "AnnounceDistance": 20.0
          },
          {
               "Name": "Royal Trinity Hospice",
               "Location": "51.46167310855401, -0.14597875514900485",
               "Audio": "",
               "AnnounceDistance": 20.0
          },
          {
               "Name": "Clapham Common Old Town",
               "Location": "51.46304224386295, -0.14271291425079813",
               "Audio": "",
               "AnnounceDistance": 20.0
          },
          {
               "Name": "Clapham Common Station",
               "Location": "51.461939854767095, -0.13841012130936883",
               "Audio": "",
               "AnnounceDistance": 20.0
          },
          {
               "Name": "Park Hill",
               "Location": "51.4594976525184, -0.13355758118899064",
               "Audio": "",
               "AnnounceDistance": 20.0
          },
          {
               "Name": "Bedford Road",
               "Location": "51.45971774395094, -0.1304392450526095",
               "Audio": "",
               "AnnounceDistance": 20.0
          },
          {
               "Name": "Lyham Road",
               "Location": "51.45759859033316, -0.12894244056679563",
               "Audio": "",
               "AnnounceDistance": 20.0
          },
          {
               "Name": "Clarence Avenue",
               "Location": "51.45574984849987, -0.1291763713588672",
               "Audio": "",
               "AnnounceDistance": 20.0
          },
          {
               "Name": "Rosebery Road",
               "Location": "51.45326901360765, -0.12981034125125446",
               "Audio": "",
               "AnnounceDistance": 20.0
          },
          {
               "Name": "Thorncliffe Road",
               "Location": "51.450935172742994, -0.13063972770289695",
               "Audio": "",
               "AnnounceDistance": 20.0
          },
          {
               "Name": "Kings Avenue / Atkins Road",
               "Location": "51.44871838136918, -0.13147863944132793",
               "Audio": "",
               "AnnounceDistance": 20.0
          },
          {
               "Name": "Atkins Road / New Park Road",
               "Location": "51.44715993513039, -0.12905257847871957",
               "Audio": "",
               "AnnounceDistance": 20.0
          },
          {
               "Name": "Streatham Place",
               "Location": "51.446090193956636, -0.12626129791228685",
               "Audio": "",
               "AnnounceDistance": 20.0
          },
          {
               "Name": "Streatham Hill / Christchurch Road",
               "Location": "51.44429152020265, -0.12456491263960204",
               "Audio": "",
               "AnnounceDistance": 20.0
          },
          {
               "Name": "Streatham Hill / Telford Avenue",
               "Location": "51.442933833659716, -0.12457736476877299",
               "Audio": "",
               "AnnounceDistance": 20.0
          }
     ]
}