{
     "RouteNumber": "13",
     "Destination": "Victoria Station",
     "RouteAudio": "",
     "DestinationAudio": "",
     "Stops": [
          {
               "Name": "North Finchley Bus Station",
               "Location": "51.612664487523695, -0.17690918618559837",
               "Audio": "",
               "AnnounceDistance": 20.0
          },
          {
               "Name": "Christchurch Avenue",
               "Location": "51.60998354235802, -0.18088721259745122",
               "Audio": "",
               "AnnounceDistance": 20.0
          },
          {
               "Name": "Granville Road",
               "Location": "51.60903287203475, -0.18221057949597785",
               "Audio": "",
               "AnnounceDistance": 20.0
          },
          {
               "Name": "Victoria Park",
               "Location": "51.60676698109282, -0.1857092957956619",
               "Audio": "",
               "AnnounceDistance": 20.0
          },
          {
               "Name": "Long Lane",
               "Location": "51.60413630702127, -0.18946766415060326",
               "Audio": "",
               "AnnounceDistance": 20.0
          },
          {
               "Name": "Finchley Central Station",
               "Location": "51.602246847205585, -0.19231532380112537",
               "Audio": "",
               "AnnounceDistance": 20.0
          },
          {
               "Name": "Hendon Lane",
               "Location": "51.59945962717568, -0.19584810275475883",
               "Audio": "",
               "AnnounceDistance": 20.0
          },
          {
               "Name": "East End Road",
               "Location": "51.59790887734544, -0.19733899366441054",
               "Audio": "",
               "AnnounceDistance": 20.0
          },
          {
               "Name": "Mountfield Road",
               "Location": "51.59411949061342, -0.19886058977671583",
               "Audio": "",
               "AnnounceDistance": 20.0
          },
          {
               "Name": "Allandale Avenue",
               "Location": "51.591825713328355, -0.19939886147375654",
               "Audio": "",
               "AnnounceDistance": 20.0
          },
          {
               "Name": "Henlys Corner",
               "Location": "51.59050751919653, -0.19963865747812684",
               "Audio": "",
               "AnnounceDistance": 20.0
          },
          {
               "Name": "Addison Way",
               "Location": "51.5879287259469, -0.19976947514554122",
               "Audio": "",
               "AnnounceDistance": 20.0
          },
          {
               "Name": "Childs Way",
               "Location": "51.58461123602216, -0.19981399274723322",
               "Audio": "",
               "AnnounceDistance": 20.0
          },
          {
               "Name": "Temple Fortune Lane",
               "Location": "51.5815390929156, -0.19885288799654235",
               "Audio": "",
               "AnnounceDistance": 20.0
          },
          {
               "Name": "Clifton Gardens",
               "Location": "51.58006404424717, -0.1982472877729952",
               "Audio": "",
               "AnnounceDistance": 20.0
          },
          {
               "Name": "Hoop Lane",
               "Location": "51.576679686035625, -0.19686577036426142",
               "Audio": "",
               "AnnounceDistance": 20.0
          },
          {
               "Name": "Golders Green Station",
               "Location": "51.572956027537906, -0.19564219694005944",
               "Audio": "",
               "AnnounceDistance": 20.0
          },
          {
               "Name": "Golders Green / Finchley Road",
               "Location": "51.57096194087407, -0.19520166813201187",
               "Audio": "",
               "AnnounceDistance": 20.0
          },
          {
               "Name": "Dunstan Road",
               "Location": "51.567988502878244, -0.1948143979887396",
               "Audio": "",
               "AnnounceDistance": 20.0
          },
          {
               "Name": "Llanvanor Road",
               "Location": "51.56531194743382, -0.1961901063896256",
               "Audio": "",
               "AnnounceDistance": 20.0
          },
          {
               "Name": "Childs Hill / Cricklewood Lane",
               "Location": "51.563373090610305, -0.19700265049898852",
               "Audio": "",
               "AnnounceDistance": 20.0
          },
          {
               "Name": "Lyndale Avenue",
               "Location": "51.56006302625089, -0.1969460196872146",
               "Audio": "",
               "AnnounceDistance": 20.0
          },
          {
               "Name": "Fortune Green Road",
               "Location": "51.558657201638994, -0.1961648947846248",
               "Audio": "",
               "AnnounceDistance": 20.0
          },
          {
               "Name": "Burrard Road",
               "Location": "51.55594539315343, -0.19407951684709918",
               "Audio": "",
               "AnnounceDistance": 20.0
          },
          {
               "Name": "Lyncroft Gardens",
               "Location": "51.554679106858075, -0.19185051425632732",
               "Audio": "",
               "AnnounceDistance": 20.0
          },
          {
               "Name": "West End Lane",
               "Location": "51.553439294952625, -0.18959173361476106",
               "Audio": "",
               "AnnounceDistance": 20.0
          },
          {
               "Name": "Alvanley Gardens",
               "Location": "51.552624718996505, -0.18750368772191436",
               "Audio": "",
               "AnnounceDistance": 20.0
          },
          {
               "Name": "Langland Gardens",
               "Location": "51.55177913258085, -0.185157315083981",
               "Audio": "",
               "AnnounceDistance": 20.0
          },
          {
               "Name": "Finchley Road Frognal Station",
               "Location": "51.550092139988756, -0.18248396634892688",
               "Audio": "",
               "AnnounceDistance": 20.0
          },
          {
               "Name": "O2 Centre",
               "Location": "51.54794805642605, -0.18049251065602429",
               "Audio": "",
               "AnnounceDistance": 20.0
          },
          {
               "Name": "Finchley Road Station",
               "Location": "51.54634941604833, -0.17888328418811417",
               "Audio": "",
               "AnnounceDistance": 20.0
          },
          {
               "Name": "Finchley Road / College Crescent",
               "Location": "51.54452772925505, -0.17565341202031576",
               "Audio": "",
               "AnnounceDistance": 20.0
          },
          {
               "Name": "Swiss Cottage Station",
               "Location": "51.54299552107369, -0.1742725547379133",
               "Audio": "",
               "AnnounceDistance": 20.0
          },
          {
               "Name": "Boundary Road",
               "Location": "51.53933064753723, -0.17568820356940498",
               "Audio": "",
               "AnnounceDistance": 20.0
          },
          {
               "Name": "Queens Grove",
               "Location": "51.536783761196254, -0.1761361076200788",
               "Audio": "",
               "AnnounceDistance": 20.0
          },
          {
               "Name": "St Johns Wood Station",
               "Location": "51.534030502155936, -0.17372291526631417",
               "Audio": "",
               "AnnounceDistance": 20.0
          },
          {
               "Name": "Lords Cricket Ground",
               "Location": "51.530667658699905, -0.16970526070031525",
               "Audio": "",
               "AnnounceDistance": 20.0
          },
          {
               "Name": "London Central Mosque",
               "Location": "51.52943887869378, -0.16702970957881494",
               "Audio": "",
               "AnnounceDistance": 20.0
          },
          {
               "Name": "Alpha Close",
               "Location": "51.52755851094838, -0.16466883808833466",
               "Audio": "",
               "AnnounceDistance": 20.0
          },
          {
               "Name": "London Business School",
               "Location": "51.526169210716695, -0.16208656175113467",
               "Audio": "",
               "AnnounceDistance": 20.0
          },
          {
               "Name": "Baker Street Station",
               "Location": "51.52350830576954, -0.15812860367892556",
               "Audio": "",
               "AnnounceDistance": 20.0
          },
          {
               "Name": "Dorset Street",
               "Location": "51.51997494816716, -0.15645498169881566",
               "Audio": "",
               "AnnounceDistance": 20.0
          },
          {
               "Name": "Portman Square",
               "Location": "51.51712169276872, -0.1551432828134189",
               "Audio": "",
               "AnnounceDistance": 20.0
          },
          {
               "Name": "Orchard Street / Selfridges",
               "Location": "51.51437762448053, -0.15391380274388014",
               "Audio": "",
               "AnnounceDistance": 20.0
          },
          {
               "Name": "Marble Arch Station / Park Lane",
               "Location": "51.51245941224994, -0.15773840872965914",
               "Audio": "",
               "AnnounceDistance": 20.0
          },
          {
               "Name": "Dorchester Hotel",
               "Location": "51.50841848520999, -0.1540970456560131",
               "Audio": "",
               "AnnounceDistance": 20.0
          },
          {
               "Name": "London Hilton Hotel",
               "Location": "51.505373486710425, -0.15089150363159462",
               "Audio": "",
               "AnnounceDistance": 20.0
          },
          {
               "Name": "Hyde Park Corner",
               "Location": "51.50208786587628, -0.15067869848607152",
               "Audio": "",
               "AnnounceDistance": 20.0
          },
          {
               "Name": "Wilton Street",
               "Location": "51.499282801056566, -0.1478675007800942",
               "Audio": "",
               "AnnounceDistance": 20.0
          },
          {
               "Name": "Buckingham Palace Rd / Bressenden Place",
               "Location": "51.49724073747834, -0.14440616620991933",
               "Audio": "",
               "AnnounceDistance": 20.0
          },
          {
               "Name": "Victoria Station",
               "Location": "51.496283129838375, -0.14412810970496134",
               "Audio": "",
               "AnnounceDistance": 20.0
          }
     ]
}