{
     "RouteNumber": "13",
     "Destination": "North Finchley Bus Station",
     "RouteAudio": "",
     "DestinationAudio": "",
     "Stops": [
          {
               "Name": "Victoria Station",
               "Location": "51.49584639516527, -0.14323823678399927",
               "Audio": "",
               "AnnounceDistance": 20.0
          },
          {
               "Name": "Grosvenor Gardens",
               "Location": "51.49693816552794, -0.14574388744311928",
               "Audio": "",
               "AnnounceDistance": 20.0
          },
          {
               "Name": "Wilton Street",
               "Location": "51.499379262396786, -0.1482814118991058",
               "Audio": "",
               "AnnounceDistance": 20.0
          },
          {
               "Name": "Hyde Park Corner",
               "Location": "51.50134741234268, -0.15105447169783967",
               "Audio": "",
               "AnnounceDistance": 20.0
          },
          {
               "Name": "London Hilton Hotel",
               "Location": "51.505087228491035, -0.1521278944831175",
               "Audio": "",
               "AnnounceDistance": 20.0
          },
          {
               "Name": "Dorchester Hotel",
               "Location": "51.50830354775808, -0.15479339267024148",
               "Audio": "",
               "AnnounceDistance": 20.0
          },
          {
               "Name": "Marble Arch",
               "Location": "51.511596740456305, -0.1583496700574874",
               "Audio": "",
               "AnnounceDistance": 20.0
          },
          {
               "Name": "Marble Arch Station",
               "Location": "51.513684880688594, -0.15675217839192496",
               "Audio": "",
               "AnnounceDistance": 20.0
          },
          {
               "Name": "Orchard Street / Selfridges",
               "Location": "51.514607280736065, -0.1542215914474216",
               "Audio": "",
               "AnnounceDistance": 20.0
          },
          {
               "Name": "Portman Square",
               "Location": "51.51674379517732, -0.15512972603833963",
               "Audio": "",
               "AnnounceDistance": 20.0
          },
          {
               "Name": "York Street",
               "Location": "51.52065687951907, -0.15693194545568426",
               "Audio": "",
               "AnnounceDistance": 20.0
          },
          {
               "Name": "Baker Street Station",
               "Location": "51.52284910388063, -0.15795339183100499",
               "Audio": "",
               "AnnounceDistance": 20.0
          },
          {
               "Name": "Park Road / Ivor Place",
               "Location": "51.52508053967602, -0.16032843149703532",
               "Audio": "",
               "AnnounceDistance": 20.0
          },
          {
               "Name": "Alpha Close",
               "Location": "51.52709184229645, -0.1641541984341886",
               "Audio": "",
               "AnnounceDistance": 20.0
          },
          {
               "Name": "London Central Mosque",
               "Location": "51.52924925504955, -0.16697965740340212",
               "Audio": "",
               "AnnounceDistance": 20.0
          },
          {
               "Name": "Lords Cricket Ground",
               "Location": "51.53043265235044, -0.16962818157710324",
               "Audio": "",
               "AnnounceDistance": 20.0
          },
          {
               "Name": "St Johns Wood Station",
               "Location": "51.53371416807779, -0.17362022849979106",
               "Audio": "",
               "AnnounceDistance": 20.0
          },
          {
               "Name": "Queens Grove",
               "Location": "51.53685159757782, -0.17645062334092346",
               "Audio": "",
               "AnnounceDistance": 20.0
          },
          {
               "Name": "Boundary Road",
               "Location": "51.54027650687881, -0.17579458435016126",
               "Audio": "",
               "AnnounceDistance": 20.0
          },
          {
               "Name": "Swiss Cottage Stn / Finchley Road",
               "Location": "51.54314557101683, -0.17524720585627926",
               "Audio": "",
               "AnnounceDistance": 20.0
          },
          {
               "Name": "College Crescent",
               "Location": "51.544846053828394, -0.17646273172084204",
               "Audio": "",
               "AnnounceDistance": 20.0
          },
          {
               "Name": "Finchley Road Station",
               "Location": "51.54669333750317, -0.17960510131123175",
               "Audio": "",
               "AnnounceDistance": 20.0
          },
          {
               "Name": "Finchley Road / O2 Centre",
               "Location": "51.54790580448944, -0.18066727134347946",
               "Audio": "",
               "AnnounceDistance": 20.0
          },
          {
               "Name": "Finchley Road Frognal Station",
               "Location": "51.55042794589488, -0.18326388704144886",
               "Audio": "",
               "AnnounceDistance": 20.0
          },
          {
               "Name": "Langland Gardens",
               "Location": "51.55150707363909, -0.18500947794752967",
               "Audio": "",
               "AnnounceDistance": 20.0
          },
          {
               "Name": "West End Lane",
               "Location": "51.55246726514281, -0.18720703481614095",
               "Audio": "",
               "AnnounceDistance": 20.0
          },
          {
               "Name": "Lyncroft Gardens",
               "Location": "51.5547940580002, -0.19230755830898344",
               "Audio": "",
               "AnnounceDistance": 20.0
          },
          {
               "Name": "Fortune Green Road",
               "Location": "51.55691996485212, -0.19546906338961215",
               "Audio": "",
               "AnnounceDistance": 20.0
          },
          {
               "Name": "Lyndale Avenue",
               "Location": "51.56033529226441, -0.19710837297926825",
               "Audio": "",
               "AnnounceDistance": 20.0
          },
          {
               "Name": "Childs Hill / Cricklewood Lane",
               "Location": "51.56228244701109, -0.1974209029177972",
               "Audio": "",
               "AnnounceDistance": 20.0
          },
          {
               "Name": "Llanvanor Road",
               "Location": "51.56514474261083, -0.19642757715857323",
               "Audio": "",
               "AnnounceDistance": 20.0
          },
          {
               "Name": "Dunstan Road",
               "Location": "51.567553468663085, -0.19517792801985745",
               "Audio": "",
               "AnnounceDistance": 20.0
          },
          {
               "Name": "Golders Green / Finchley Road",
               "Location": "51.57109174949335, -0.19545627123172535",
               "Audio": "",
               "AnnounceDistance": 20.0
          },
          {
               "Name": "Golders Green Station",
               "Location": "51.57284119367226, -0.19577662126144388",
               "Audio": "",
               "AnnounceDistance": 20.0
          },
          {
               "Name": "Hoop Lane",
               "Location": "51.57509966625416, -0.1964520601494116",
               "Audio": "",
               "AnnounceDistance": 20.0
          },
          {
               "Name": "Clifton Gardens",
               "Location": "51.57955989248548, -0.1982094957000291",
               "Audio": "",
               "AnnounceDistance": 20.0
          },
          {
               "Name": "Temple Fortune Lane",
               "Location": "51.58306239247426, -0.19967312922584227",
               "Audio": "",
               "AnnounceDistance": 20.0
          },
          {
               "Name": "Childs Way",
               "Location": "51.5854054015045, -0.19999912538283415",
               "Audio": "",
               "AnnounceDistance": 20.0
          },
          {
               "Name": "Henlys Corner / Addison Way",
               "Location": "51.58880355189805, -0.19993699499707202",
               "Audio": "",
               "AnnounceDistance": 20.0
          },
          {
               "Name": "Henlys Corner",
               "Location": "51.59051194514797, -0.199927210163737",
               "Audio": "",
               "AnnounceDistance": 20.0
          },
          {
               "Name": "Allandale Avenue",
               "Location": "51.592421724752754, -0.19956297400242903",
               "Audio": "",
               "AnnounceDistance": 20.0
          },
          {
               "Name": "Mountfield Road",
               "Location": "51.59483122487897, -0.19894793656412743",
               "Audio": "",
               "AnnounceDistance": 20.0
          },
          {
               "Name": "East End Road",
               "Location": "51.596290105713116, -0.19850039336441733",
               "Audio": "",
               "AnnounceDistance": 20.0
          },
          {
               "Name": "Hendon Lane",
               "Location": "51.59965778148124, -0.19586912810769633",
               "Audio": "",
               "AnnounceDistance": 20.0
          },
          {
               "Name": "Dollis Park / Finchley Central Stn",
               "Location": "51.600708577761985, -0.19461455354244006",
               "Audio": "",
               "AnnounceDistance": 20.0
          },
          {
               "Name": "Finchley Central Station",
               "Location": "51.60255039899249, -0.19217330669171676",
               "Audio": "",
               "AnnounceDistance": 20.0
          },
          {
               "Name": "Long Lane",
               "Location": "51.6051539800318, -0.1884018667898133",
               "Audio": "",
               "AnnounceDistance": 20.0
          },
          {
               "Name": "Victoria Park",
               "Location": "51.60730691992214, -0.18515342640829627",
               "Audio": "",
               "AnnounceDistance": 20.0
          },
          {
               "Name": "Granville Road",
               "Location": "51.60886051163166, -0.18269405830164795",
               "Audio": "",
               "AnnounceDistance": 20.0
          },
          {
               "Name": "Woodberry Grove",
               "Location": "51.611264692151416, -0.17942058122837592",
               "Audio": "",
               "AnnounceDistance": 20.0
          },
          {
               "Name": "North Finchley Bus Station",
               "Location": "51.6125665486851, -0.17639314696824068",
               "Audio": "",
               "AnnounceDistance": 20.0
          }
     ]
}