{
     "RouteNumber": "142",
     "Destination": "Watford Junction Station",
     "RouteAudio": "",
     "DestinationAudio": "",
     "Stops": [
          {
               "Name": "Brent Cross Shopping Centre",
               "Location": "51.57589052713323, -0.2229462733903144",
               "Audio": "",
               "AnnounceDistance": 20.0
          },
          {
               "Name": "Tilling Road",
               "Location": "51.572665773640665, -0.22555411350406607",
               "Audio": "",
               "AnnounceDistance": 20.0
          },
          {
               "Name": "Priestley Way",
               "Location": "51.57292701825039, -0.23512596083825615",
               "Audio": "",
               "AnnounceDistance": 20.0
          },
          {
               "Name": "Station Road",
               "Location": "51.57702591844968, -0.23921020669424622",
               "Audio": "",
               "AnnounceDistance": 20.0
          },
          {
               "Name": "West Hendon Broadway",
               "Location": "51.57822269860715, -0.24046287028495006",
               "Audio": "",
               "AnnounceDistance": 20.0
          },
          {
               "Name": "West Hendon Broadway / Herbert Road",
               "Location": "51.5792469818559, -0.24160679443515104",
               "Audio": "",
               "AnnounceDistance": 20.0
          },
          {
               "Name": "Hendon Magistrates Court",
               "Location": "51.58198300130311, -0.2453693872843626",
               "Audio": "",
               "AnnounceDistance": 20.0
          },
          {
               "Name": "Kingsbury Road",
               "Location": "51.58391700046272, -0.24782087438562395",
               "Audio": "",
               "AnnounceDistance": 20.0
          },
          {
               "Name": "Sheaveshill Avenue",
               "Location": "51.58699773557676, -0.25119566907997726",
               "Audio": "",
               "AnnounceDistance": 20.0
          },
          {
               "Name": "Colindeep Lane",
               "Location": "51.5904051539015, -0.25538125932668654",
               "Audio": "",
               "AnnounceDistance": 20.0
          },
          {
               "Name": "Colindale Avenue",
               "Location": "51.59154271344724, -0.2568968314466941",
               "Audio": "",
               "AnnounceDistance": 20.0
          },
          {
               "Name": "The Greenway",
               "Location": "51.593866991752336, -0.25960869993336577",
               "Audio": "",
               "AnnounceDistance": 20.0
          },
          {
               "Name": "Carlisle Road",
               "Location": "51.595806269662496, -0.2618302070291923",
               "Audio": "",
               "AnnounceDistance": 20.0
          },
          {
               "Name": "Montrose Avenue / Unitas Youth Zone",
               "Location": "51.59745663625716, -0.263976286116446",
               "Audio": "",
               "AnnounceDistance": 20.0
          },
          {
               "Name": "Stag Lane",
               "Location": "51.59974310170341, -0.2665747852094805",
               "Audio": "",
               "AnnounceDistance": 20.0
          },
          {
               "Name": "Burnt Oak Broadway",
               "Location": "51.60125176351559, -0.268264537313855",
               "Audio": "",
               "AnnounceDistance": 20.0
          },
          {
               "Name": "North Road",
               "Location": "51.603204121716665, -0.2707750727188328",
               "Audio": "",
               "AnnounceDistance": 20.0
          },
          {
               "Name": "Edgware Community Hospital",
               "Location": "51.606124354299006, -0.2742888683985279",
               "Audio": "",
               "AnnounceDistance": 20.0
          },
          {
               "Name": "Deansbrook Road",
               "Location": "51.607337048256625, -0.2754270962763386",
               "Audio": "",
               "AnnounceDistance": 20.0
          },
          {
               "Name": "Spring Villa Road",
               "Location": "51.609819196859505, -0.27851035600956864",
               "Audio": "",
               "AnnounceDistance": 20.0
          },
          {
               "Name": "Manor Park Crescent",
               "Location": "51.61245560681642, -0.27739959211771864",
               "Audio": "",
               "AnnounceDistance": 20.0
          },
          {
               "Name": "Edgware Station",
               "Location": "51.613399098298515, -0.27551510419458686",
               "Audio": "",
               "AnnounceDistance": 20.0
          },
          {
               "Name": "Edgware Bus Station",
               "Location": "51.61270575328866, -0.2742270411036533",
               "Audio": "",
               "AnnounceDistance": 20.0
          },
          {
               "Name": "St Margarets Church",
               "Location": "51.61138709310557, -0.27811885606615605",
               "Audio": "",
               "AnnounceDistance": 20.0
          },
          {
               "Name": "Whitchurch Lane",
               "Location": "51.61141819821805, -0.28024078223881405",
               "Audio": "",
               "AnnounceDistance": 20.0
          },
          {
               "Name": "Mill Ridge",
               "Location": "51.614161698268475, -0.2833724888284067",
               "Audio": "",
               "AnnounceDistance": 20.0
          },
          {
               "Name": "Park Grove",
               "Location": "51.61669806049097, -0.2871045956553479",
               "Audio": "",
               "AnnounceDistance": 20.0
          },
          {
               "Name": "Farnsworth Drive",
               "Location": "51.619173180648964, -0.289727124819319",
               "Audio": "",
               "AnnounceDistance": 20.0
          },
          {
               "Name": "Canons Corner",
               "Location": "51.62143493693938, -0.29375921070888306",
               "Audio": "",
               "AnnounceDistance": 20.0
          },
          {
               "Name": "London Road / Reenglass Road",
               "Location": "51.620757290228205, -0.29787279408034406",
               "Audio": "",
               "AnnounceDistance": 20.0
          },
          {
               "Name": "Stanmore Station",
               "Location": "51.61966499875625, -0.30379296618657964",
               "Audio": "",
               "AnnounceDistance": 20.0
          },
          {
               "Name": "The Broadway",
               "Location": "51.61748742874244, -0.3099265073970211",
               "Audio": "",
               "AnnounceDistance": 20.0
          },
          {
               "Name": "Mosaic The Woodlands",
               "Location": "51.619792119618545, -0.3144923324244694",
               "Audio": "",
               "AnnounceDistance": 20.0
          },
          {
               "Name": "Hill Close",
               "Location": "51.620898159612075, -0.3163726468255662",
               "Audio": "",
               "AnnounceDistance": 20.0
          },
          {
               "Name": "Little Common",
               "Location": "51.62492136113217, -0.3216558378215939",
               "Audio": "",
               "AnnounceDistance": 20.0
          },
          {
               "Name": "Priory Drive",
               "Location": "51.62823761574149, -0.3271971299110717",
               "Audio": "",
               "AnnounceDistance": 20.0
          },
          {
               "Name": "Heathbourne Road / Bentley Priory Museum",
               "Location": "51.63005947555242, -0.33327081796361674",
               "Audio": "",
               "AnnounceDistance": 20.0
          },
          {
               "Name": "Common Road",
               "Location": "51.63155541557644, -0.337305106283683",
               "Audio": "",
               "AnnounceDistance": 20.0
          },
          {
               "Name": "Windmill Lane",
               "Location": "51.63426268206953, -0.34180122069874064",
               "Audio": "",
               "AnnounceDistance": 20.0
          },
          {
               "Name": "Bushey Heath Three Crowns",
               "Location": "51.637209267970945, -0.3479799221187434",
               "Audio": "",
               "AnnounceDistance": 20.0
          },
          {
               "Name": "Merry Hill Road",
               "Location": "51.637711342465835, -0.35043281894431916",
               "Audio": "",
               "AnnounceDistance": 20.0
          },
          {
               "Name": "The Royal Oak Public House",
               "Location": "51.63864866464196, -0.35443075183841855",
               "Audio": "",
               "AnnounceDistance": 20.0
          },
          {
               "Name": "Steeplands",
               "Location": "51.640708184553766, -0.35766572104661",
               "Audio": "",
               "AnnounceDistance": 20.0
          },
          {
               "Name": "Melbourne Road",
               "Location": "51.64322457129314, -0.36078333564767956",
               "Audio": "",
               "AnnounceDistance": 20.0
          },
          {
               "Name": "Bournehall Road",
               "Location": "51.64419386165549, -0.36258393042638914",
               "Audio": "",
               "AnnounceDistance": 20.0
          },
          {
               "Name": "The Red Lion Public House",
               "Location": "51.644870940012375, -0.3666498417556316",
               "Audio": "",
               "AnnounceDistance": 20.0
          },
          {
               "Name": "Grange Academy",
               "Location": "51.645745662951285, -0.3720096143078773",
               "Audio": "",
               "AnnounceDistance": 20.0
          },
          {
               "Name": "Grange Road",
               "Location": "51.646523474676506, -0.3775320421249729",
               "Audio": "",
               "AnnounceDistance": 20.0
          },
          {
               "Name": "Bushey Station",
               "Location": "51.64597678130299, -0.38418580281081777",
               "Audio": "",
               "AnnounceDistance": 20.0
          },
          {
               "Name": "Bushey Arches",
               "Location": "51.64757410988464, -0.38525644078071114",
               "Audio": "",
               "AnnounceDistance": 20.0
          },
          {
               "Name": "Dalton Way",
               "Location": "51.64924209482845, -0.38885421995509367",
               "Audio": "",
               "AnnounceDistance": 20.0
          },
          {
               "Name": "Watford High Street Station",
               "Location": "51.6516078904026, -0.3902303437034379",
               "Audio": "",
               "AnnounceDistance": 20.0
          },
          {
               "Name": "King Street",
               "Location": "51.653381999123894, -0.3950247187499245",
               "Audio": "",
               "AnnounceDistance": 20.0
          },
          {
               "Name": "St Marys Road",
               "Location": "51.65430946650471, -0.39775311512164596",
               "Audio": "",
               "AnnounceDistance": 20.0
          },
          {
               "Name": "St Johns Road",
               "Location": "51.660531830892076, -0.39708544998790957",
               "Audio": "",
               "AnnounceDistance": 20.0
          },
          {
               "Name": "Watford Junction Station",
               "Location": "51.66332849410095, -0.39643731122370257",
               "Audio": "",
               "AnnounceDistance": 20.0
          }
     ]
}