{
     "RouteNumber": "142",
     "Destination": "Brent Cross Shopping Centre",
     "RouteAudio": "",
     "DestinationAudio": "",
     "Stops": [
          {
               "Name": "Watford Junction Station",
               "Location": "51.66302657209037, -0.39605757439513534",
               "Audio": "",
               "AnnounceDistance": 20.0
          },
          {
               "Name": "St Johns Road",
               "Location": "51.659522644814615, -0.39693310481152055",
               "Audio": "",
               "AnnounceDistance": 20.0
          },
          {
               "Name": "Beechen Grove",
               "Location": "51.65725184182093, -0.39526390249571836",
               "Audio": "",
               "AnnounceDistance": 20.0
          },
          {
               "Name": "Water Lane",
               "Location": "51.65347866970958, -0.39223128468050894",
               "Audio": "",
               "AnnounceDistance": 20.0
          },
          {
               "Name": "Watford High Street Station",
               "Location": "51.652345397147506, -0.3908980906931935",
               "Audio": "",
               "AnnounceDistance": 20.0
          },
          {
               "Name": "Watford Field Road",
               "Location": "51.651623290901036, -0.3900418769691609",
               "Audio": "",
               "AnnounceDistance": 20.0
          },
          {
               "Name": "Waterfields Way",
               "Location": "51.649190142338476, -0.3870347691071065",
               "Audio": "",
               "AnnounceDistance": 20.0
          },
          {
               "Name": "Bushey Arches",
               "Location": "51.647542776051445, -0.38493956199992396",
               "Audio": "",
               "AnnounceDistance": 20.0
          },
          {
               "Name": "Bushey Station",
               "Location": "51.645576950625966, -0.38388203868870097",
               "Audio": "",
               "AnnounceDistance": 20.0
          },
          {
               "Name": "Grange Road",
               "Location": "51.646558030599756, -0.37612878174981323",
               "Audio": "",
               "AnnounceDistance": 20.0
          },
          {
               "Name": "Grange Academy",
               "Location": "51.64544773989442, -0.36933192677768056",
               "Audio": "",
               "AnnounceDistance": 20.0
          },
          {
               "Name": "The Red Lion Public House",
               "Location": "51.64515302232512, -0.36753581897295784",
               "Audio": "",
               "AnnounceDistance": 20.0
          },
          {
               "Name": "Bournehall Road",
               "Location": "51.64448496191714, -0.3634695450070043",
               "Audio": "",
               "AnnounceDistance": 20.0
          },
          {
               "Name": "Melbourne Road",
               "Location": "51.642547591375816, -0.3599550433747376",
               "Audio": "",
               "AnnounceDistance": 20.0
          },
          {
               "Name": "Steeplands",
               "Location": "51.64107172686571, -0.35794163024520737",
               "Audio": "",
               "AnnounceDistance": 20.0
          },
          {
               "Name": "The Royal Oak Public House",
               "Location": "51.63944413919275, -0.3553702187781547",
               "Audio": "",
               "AnnounceDistance": 20.0
          },
          {
               "Name": "Merry Hill Road",
               "Location": "51.63823654821019, -0.35197450062552615",
               "Audio": "",
               "AnnounceDistance": 20.0
          },
          {
               "Name": "St Peters Close",
               "Location": "51.636220220180604, -0.3447933656764427",
               "Audio": "",
               "AnnounceDistance": 20.0
          },
          {
               "Name": "Windmill Lane",
               "Location": "51.63342237442789, -0.3402423907600707",
               "Audio": "",
               "AnnounceDistance": 20.0
          },
          {
               "Name": "Common Road",
               "Location": "51.63150434214731, -0.33687349886811857",
               "Audio": "",
               "AnnounceDistance": 20.0
          },
          {
               "Name": "Heathbourne Road / Bentley Priory Museum",
               "Location": "51.63000449109518, -0.3325648472596234",
               "Audio": "",
               "AnnounceDistance": 20.0
          },
          {
               "Name": "Priory Drive",
               "Location": "51.628017939578086, -0.32629498154253866",
               "Audio": "",
               "AnnounceDistance": 20.0
          },
          {
               "Name": "Little Common",
               "Location": "51.62465122932163, -0.32100124306485056",
               "Audio": "",
               "AnnounceDistance": 20.0
          },
          {
               "Name": "Hill Close",
               "Location": "51.62063719348857, -0.31573224680542245",
               "Audio": "",
               "AnnounceDistance": 20.0
          },
          {
               "Name": "Mosaic The Woodlands",
               "Location": "51.619209118993865, -0.31334386375871054",
               "Audio": "",
               "AnnounceDistance": 20.0
          },
          {
               "Name": "The Broadway",
               "Location": "51.61779180038961, -0.3092074028197485",
               "Audio": "",
               "AnnounceDistance": 20.0
          },
          {
               "Name": "Stanmore Station",
               "Location": "51.62002890414591, -0.302840435346365",
               "Audio": "",
               "AnnounceDistance": 20.0
          },
          {
               "Name": "London Road / Reenglass Road",
               "Location": "51.620806622265285, -0.298174310596942",
               "Audio": "",
               "AnnounceDistance": 20.0
          },
          {
               "Name": "London Road / Rees Drive",
               "Location": "51.621436019716455, -0.2944525797860133",
               "Audio": "",
               "AnnounceDistance": 20.0
          },
          {
               "Name": "Willow Court",
               "Location": "51.62089053652003, -0.29156941298895694",
               "Audio": "",
               "AnnounceDistance": 20.0
          },
          {
               "Name": "Farnsworth Drive",
               "Location": "51.619271199317275, -0.28966565842364206",
               "Audio": "",
               "AnnounceDistance": 20.0
          },
          {
               "Name": "Park Grove",
               "Location": "51.616401619699865, -0.2865090893885507",
               "Audio": "",
               "AnnounceDistance": 20.0
          },
          {
               "Name": "Mill Ridge",
               "Location": "51.61406654793944, -0.2830149857823346",
               "Audio": "",
               "AnnounceDistance": 20.0
          },
          {
               "Name": "Grove Road",
               "Location": "51.61231078740376, -0.281015864986843",
               "Audio": "",
               "AnnounceDistance": 20.0
          },
          {
               "Name": "Manor Park Crescent",
               "Location": "51.61245560681642, -0.27739959211771864",
               "Audio": "",
               "AnnounceDistance": 20.0
          },
          {
               "Name": "Edgware Station",
               "Location": "51.613399098298515, -0.27551510419458686",
               "Audio": "",
               "AnnounceDistance": 20.0
          },
          {
               "Name": "Edgware Bus Station",
               "Location": "51.61294557415948, -0.27463680321974604",
               "Audio": "",
               "AnnounceDistance": 20.0
          },
          {
               "Name": "Whitchurch Lane",
               "Location": "51.61017847449187, -0.2784823224326726",
               "Audio": "",
               "AnnounceDistance": 20.0
          },
          {
               "Name": "Deansbrook Road",
               "Location": "51.60771726810807, -0.2756004306894003",
               "Audio": "",
               "AnnounceDistance": 20.0
          },
          {
               "Name": "Edgware Community Hospital",
               "Location": "51.6051718542112, -0.27311194670696554",
               "Audio": "",
               "AnnounceDistance": 20.0
          },
          {
               "Name": "North Road",
               "Location": "51.60366863425432, -0.27117619837317003",
               "Audio": "",
               "AnnounceDistance": 20.0
          },
          {
               "Name": "Burnt Oak Broadway",
               "Location": "51.60118352979131, -0.26790614184833766",
               "Audio": "",
               "AnnounceDistance": 20.0
          },
          {
               "Name": "Watling Avenue",
               "Location": "51.59928201824654, -0.2657981940821021",
               "Audio": "",
               "AnnounceDistance": 20.0
          },
          {
               "Name": "Montrose Avenue / Unitas Youth Zone",
               "Location": "51.59799349558517, -0.26440341264228434",
               "Audio": "",
               "AnnounceDistance": 20.0
          },
          {
               "Name": "Carlisle Road",
               "Location": "51.59588523098292, -0.26169725078119577",
               "Audio": "",
               "AnnounceDistance": 20.0
          },
          {
               "Name": "Annesley Avenue",
               "Location": "51.59362497988066, -0.25905489675934706",
               "Audio": "",
               "AnnounceDistance": 20.0
          },
          {
               "Name": "Colindale Avenue",
               "Location": "51.59162059776043, -0.2566917372547862",
               "Audio": "",
               "AnnounceDistance": 20.0
          },
          {
               "Name": "Colindeep Lane",
               "Location": "51.59018922586017, -0.2547687756984598",
               "Audio": "",
               "AnnounceDistance": 20.0
          },
          {
               "Name": "Sheaveshill Avenue",
               "Location": "51.58781474571767, -0.251712843610718",
               "Audio": "",
               "AnnounceDistance": 20.0
          },
          {
               "Name": "Kingsbury Road",
               "Location": "51.584727621487666, -0.24851141417130304",
               "Audio": "",
               "AnnounceDistance": 20.0
          },
          {
               "Name": "Hendon Magistrates Court",
               "Location": "51.58148281174301, -0.24439274633244457",
               "Audio": "",
               "AnnounceDistance": 20.0
          },
          {
               "Name": "West Hendon Broadway / Herbert Road",
               "Location": "51.57918895256549, -0.2413348125670768",
               "Audio": "",
               "AnnounceDistance": 20.0
          },
          {
               "Name": "Park Road",
               "Location": "51.576766704323134, -0.2387151060769861",
               "Audio": "",
               "AnnounceDistance": 20.0
          },
          {
               "Name": "Sutherland House",
               "Location": "51.5742534444682, -0.23602704167253277",
               "Audio": "",
               "AnnounceDistance": 20.0
          },
          {
               "Name": "Staples Corner",
               "Location": "51.57169549040265, -0.23276378803480718",
               "Audio": "",
               "AnnounceDistance": 20.0
          },
          {
               "Name": "Etheridge Road",
               "Location": "51.5734264433161, -0.22471635997374773",
               "Audio": "",
               "AnnounceDistance": 20.0
          },
          {
               "Name": "Brent Cross Shopping Centre",
               "Location": "51.57564740704349, -0.22351858921309795",
               "Audio": "",
               "AnnounceDistance": 20.0
          }
     ]
}