{
     "RouteNumber": "143",
     "Destination": "Archway Station",
     "RouteAudio": "",
     "DestinationAudio": "",
     "Stops": [
          {
               "Name": "Brent Cross Shopping Centre",
               "Location": "51.57569590213609, -0.22256420987201092",
               "Audio": "",
               "AnnounceDistance": 20.0
          },
          {
               "Name": "Spalding Road",
               "Location": "51.5769031022833, -0.22033787768601384",
               "Audio": "",
               "AnnounceDistance": 20.0
          },
          {
               "Name": "Graham Road",
               "Location": "51.58142645880612, -0.22688715736794554",
               "Audio": "",
               "AnnounceDistance": 20.0
          },
          {
               "Name": "Hendon Central Station",
               "Location": "51.583658618843536, -0.22821481477618072",
               "Audio": "",
               "AnnounceDistance": 20.0
          },
          {
               "Name": "Hendon Town Hall",
               "Location": "51.58750973624947, -0.22956627675194005",
               "Audio": "",
               "AnnounceDistance": 20.0
          },
          {
               "Name": "Middlesex University",
               "Location": "51.58936690619237, -0.22809378888310583",
               "Audio": "",
               "AnnounceDistance": 20.0
          },
          {
               "Name": "Church End",
               "Location": "51.590011992425374, -0.2255567942660681",
               "Audio": "",
               "AnnounceDistance": 20.0
          },
          {
               "Name": "Hendon / The Quadrant",
               "Location": "51.58961397610407, -0.22064960752594237",
               "Audio": "",
               "AnnounceDistance": 20.0
          },
          {
               "Name": "Alexandra Road",
               "Location": "51.5900771798439, -0.21503025800251585",
               "Audio": "",
               "AnnounceDistance": 20.0
          },
          {
               "Name": "Great North Way",
               "Location": "51.59092364918301, -0.21274498611230286",
               "Audio": "",
               "AnnounceDistance": 20.0
          },
          {
               "Name": "Broughton Avenue",
               "Location": "51.59213523726365, -0.21022872581758012",
               "Audio": "",
               "AnnounceDistance": 20.0
          },
          {
               "Name": "Crooked Usage",
               "Location": "51.593565320058715, -0.20789141485007562",
               "Audio": "",
               "AnnounceDistance": 20.0
          },
          {
               "Name": "Arden Road",
               "Location": "51.595700184347606, -0.2046021445045296",
               "Audio": "",
               "AnnounceDistance": 20.0
          },
          {
               "Name": "St Marys Avenue",
               "Location": "51.597767621581454, -0.20102645196330762",
               "Audio": "",
               "AnnounceDistance": 20.0
          },
          {
               "Name": "Gravel Hill",
               "Location": "51.59795776967143, -0.1987664938287902",
               "Audio": "",
               "AnnounceDistance": 20.0
          },
          {
               "Name": "Hendon Lane",
               "Location": "51.59965778148124, -0.19586912810769633",
               "Audio": "",
               "AnnounceDistance": 20.0
          },
          {
               "Name": "Dollis Park / Finchley Central Stn",
               "Location": "51.600708577761985, -0.19461455354244006",
               "Audio": "",
               "AnnounceDistance": 20.0
          },
          {
               "Name": "Finchley Central Station",
               "Location": "51.60255039899249, -0.19217330669171676",
               "Audio": "",
               "AnnounceDistance": 20.0
          },
          {
               "Name": "Long Lane",
               "Location": "51.60438586935123, -0.18815806429515536",
               "Audio": "",
               "AnnounceDistance": 20.0
          },
          {
               "Name": "Vines Avenue",
               "Location": "51.60231144224994, -0.18484720208109728",
               "Audio": "",
               "AnnounceDistance": 20.0
          },
          {
               "Name": "Squires Lane / Long Lane",
               "Location": "51.59981561734319, -0.18220324313099323",
               "Audio": "",
               "AnnounceDistance": 20.0
          },
          {
               "Name": "Hail Ride Manor View",
               "Location": "51.59676654232186, -0.1873928651108374",
               "Audio": "",
               "AnnounceDistance": 20.0
          },
          {
               "Name": "Hail Ride Section",
               "Location": "51.596033335508366, -0.18824503110229363",
               "Audio": "",
               "AnnounceDistance": 20.0
          },
          {
               "Name": "Basing Way",
               "Location": "51.59453773172638, -0.18631214419108205",
               "Audio": "",
               "AnnounceDistance": 20.0
          },
          {
               "Name": "East Finchley Cemetery",
               "Location": "51.59316025537578, -0.18213689803178815",
               "Audio": "",
               "AnnounceDistance": 20.0
          },
          {
               "Name": "Ossulton Way",
               "Location": "51.59178506670054, -0.17869808797308537",
               "Audio": "",
               "AnnounceDistance": 20.0
          },
          {
               "Name": "Trinity Avenue",
               "Location": "51.59100113201518, -0.17396537107016802",
               "Audio": "",
               "AnnounceDistance": 20.0
          },
          {
               "Name": "Stanley Road",
               "Location": "51.5898312858028, -0.171023984057895",
               "Audio": "",
               "AnnounceDistance": 20.0
          },
          {
               "Name": "High Road East Finchley",
               "Location": "51.589604795745736, -0.16458011990664145",
               "Audio": "",
               "AnnounceDistance": 20.0
          },
          {
               "Name": "Fairlawn Avenue",
               "Location": "51.58890198751222, -0.16391552089313913",
               "Audio": "",
               "AnnounceDistance": 20.0
          },
          {
               "Name": "East Finchley Station",
               "Location": "51.586671703957215, -0.1639043899367731",
               "Audio": "",
               "AnnounceDistance": 20.0
          },
          {
               "Name": "The Bishops Avenue",
               "Location": "51.58504926635075, -0.16251188965436816",
               "Audio": "",
               "AnnounceDistance": 20.0
          },
          {
               "Name": "Woodside Avenue",
               "Location": "51.58319767060962, -0.15912239350081256",
               "Audio": "",
               "AnnounceDistance": 20.0
          },
          {
               "Name": "North Hill Avenue",
               "Location": "51.57996367905863, -0.15474995219279092",
               "Audio": "",
               "AnnounceDistance": 20.0
          },
          {
               "Name": "Highgate Group Practice",
               "Location": "51.57757286231097, -0.15253761153171583",
               "Audio": "",
               "AnnounceDistance": 20.0
          },
          {
               "Name": "Hillcrest Estate",
               "Location": "51.57547253346146, -0.1505013184447005",
               "Audio": "",
               "AnnounceDistance": 20.0
          },
          {
               "Name": "St Michaels School",
               "Location": "51.574207472451896, -0.14954247862371575",
               "Audio": "",
               "AnnounceDistance": 20.0
          },
          {
               "Name": "Highgate School",
               "Location": "51.57209697209495, -0.14971477055993165",
               "Audio": "",
               "AnnounceDistance": 20.0
          },
          {
               "Name": "South Grove",
               "Location": "51.57094509107179, -0.14852053879326108",
               "Audio": "",
               "AnnounceDistance": 20.0
          },
          {
               "Name": "Channing School",
               "Location": "51.5700117525485, -0.14408516539463534",
               "Audio": "",
               "AnnounceDistance": 20.0
          },
          {
               "Name": "Highgate Hill / Hornsey Lane",
               "Location": "51.56872274938103, -0.14104972988031284",
               "Audio": "",
               "AnnounceDistance": 20.0
          },
          {
               "Name": "Whittington Hospital / Magdala Avenue",
               "Location": "51.5671889712861, -0.13789460259404127",
               "Audio": "",
               "AnnounceDistance": 20.0
          },
          {
               "Name": "Archway Station",
               "Location": "51.566436103526065, -0.13635261646317667",
               "Audio": "",
               "AnnounceDistance": 20.0
          }
     ]
}