{
     "RouteNumber": "144",
     "Destination": "Edmonton Green Bus Station",
     "RouteAudio": "",
     "DestinationAudio": "",
     "Stops": [
          {
               "Name": "Muswell Hill Broadway",
               "Location": "51.591300526718506, -0.1420482365624712",
               "Audio": "",
               "AnnounceDistance": 20.0
          },
          {
               "Name": "Muswell Hill Primary School",
               "Location": "51.590595226139286, -0.14009921114227566",
               "Audio": "",
               "AnnounceDistance": 20.0
          },
          {
               "Name": "Grosvenor Gardens",
               "Location": "51.58973735080813, -0.13817091977085785",
               "Audio": "",
               "AnnounceDistance": 20.0
          },
          {
               "Name": "Park Road",
               "Location": "51.58750109083158, -0.13269022344499368",
               "Audio": "",
               "AnnounceDistance": 20.0
          },
          {
               "Name": "Hornsey Fire Station",
               "Location": "51.586810239829916, -0.12827246593471006",
               "Audio": "",
               "AnnounceDistance": 20.0
          },
          {
               "Name": "Nightingale Lane",
               "Location": "51.58698354269796, -0.1239202880900294",
               "Audio": "",
               "AnnounceDistance": 20.0
          },
          {
               "Name": "Myddelton Road",
               "Location": "51.58767486409645, -0.11879603221689135",
               "Audio": "",
               "AnnounceDistance": 20.0
          },
          {
               "Name": "Tottenham Lane",
               "Location": "51.5880461575196, -0.11391584515689997",
               "Audio": "",
               "AnnounceDistance": 20.0
          },
          {
               "Name": "Wightman Road",
               "Location": "51.5888320780854, -0.11134255673026673",
               "Audio": "",
               "AnnounceDistance": 20.0
          },
          {
               "Name": "Wood Green High Road",
               "Location": "51.589869262939764, -0.10539507301377293",
               "Audio": "",
               "AnnounceDistance": 20.0
          },
          {
               "Name": "Turnpike Lane Bus Station",
               "Location": "51.59008232058905, -0.10244117790781677",
               "Audio": "",
               "AnnounceDistance": 20.0
          },
          {
               "Name": "Brampton Park Road",
               "Location": "51.59218249516547, -0.10552981561714465",
               "Audio": "",
               "AnnounceDistance": 20.0
          },
          {
               "Name": "Wood Green Shopping City",
               "Location": "51.59408689971062, -0.10819373660941267",
               "Audio": "",
               "AnnounceDistance": 20.0
          },
          {
               "Name": "Wood Green Station",
               "Location": "51.59577511355773, -0.10916313850777862",
               "Audio": "",
               "AnnounceDistance": 20.0
          },
          {
               "Name": "Redvers Road",
               "Location": "51.59743952879866, -0.10809773492564441",
               "Audio": "",
               "AnnounceDistance": 20.0
          },
          {
               "Name": "Wood Green Crown Court",
               "Location": "51.59863955032944, -0.10388939170319215",
               "Audio": "",
               "AnnounceDistance": 20.0
          },
          {
               "Name": "Perth Road",
               "Location": "51.59962363600856, -0.10023853727952253",
               "Audio": "",
               "AnnounceDistance": 20.0
          },
          {
               "Name": "Gladstone Avenue",
               "Location": "51.59854762720942, -0.09654370968972069",
               "Audio": "",
               "AnnounceDistance": 20.0
          },
          {
               "Name": "Westbury Avenue / Lordship Lane",
               "Location": "51.5982321369149, -0.0937268520549828",
               "Audio": "",
               "AnnounceDistance": 20.0
          },
          {
               "Name": "Granville Road",
               "Location": "51.5988649285714, -0.09227086941202757",
               "Audio": "",
               "AnnounceDistance": 20.0
          },
          {
               "Name": "Gospatrick Road",
               "Location": "51.601785389016776, -0.09103657587055912",
               "Audio": "",
               "AnnounceDistance": 20.0
          },
          {
               "Name": "Courtman Road",
               "Location": "51.60279093023902, -0.08872724665464946",
               "Audio": "",
               "AnnounceDistance": 20.0
          },
          {
               "Name": "White Hart Lane",
               "Location": "51.604892986793374, -0.08638615164433375",
               "Audio": "",
               "AnnounceDistance": 20.0
          },
          {
               "Name": "Empire Parade",
               "Location": "51.60951503721095, -0.08583071876193377",
               "Audio": "",
               "AnnounceDistance": 20.0
          },
          {
               "Name": "Pasteur Gardens",
               "Location": "51.61237211268402, -0.0867793453135379",
               "Audio": "",
               "AnnounceDistance": 20.0
          },
          {
               "Name": "Cambridge Roundabout / South Side",
               "Location": "51.6152086696973, -0.0870211714103595",
               "Audio": "",
               "AnnounceDistance": 20.0
          },
          {
               "Name": "Cambridge Roundabout / East Side",
               "Location": "51.61649909114924, -0.08454017544864105",
               "Audio": "",
               "AnnounceDistance": 20.0
          },
          {
               "Name": "North Middlesex Hospital",
               "Location": "51.61655040092812, -0.0788756261014349",
               "Audio": "",
               "AnnounceDistance": 20.0
          },
          {
               "Name": "Pymmes Park",
               "Location": "51.6153880242333, -0.0721502346033154",
               "Audio": "",
               "AnnounceDistance": 20.0
          },
          {
               "Name": "Victoria Road",
               "Location": "51.61501897275756, -0.06939254757381033",
               "Audio": "",
               "AnnounceDistance": 20.0
          },
          {
               "Name": "Angel Corner / Silver Street Station",
               "Location": "51.61487179308146, -0.06536881560747101",
               "Audio": "",
               "AnnounceDistance": 20.0
          },
          {
               "Name": "Angel Corner",
               "Location": "51.616156461601214, -0.06420193645763822",
               "Audio": "",
               "AnnounceDistance": 20.0
          },
          {
               "Name": "Brettenham Road",
               "Location": "51.61779800766659, -0.06340981760273962",
               "Audio": "",
               "AnnounceDistance": 20.0
          },
          {
               "Name": "Shrubbery Road",
               "Location": "51.620888152485236, -0.06212255065186048",
               "Audio": "",
               "AnnounceDistance": 20.0
          },
          {
               "Name": "Edmonton Police Station",
               "Location": "51.622686498602704, -0.061569182435357556",
               "Audio": "",
               "AnnounceDistance": 20.0
          },
          {
               "Name": "Edmonton Green Station",
               "Location": "51.6245072683729, -0.06074031110032244",
               "Audio": "",
               "AnnounceDistance": 20.0
          },
          {
               "Name": "Edmonton Green Bus Station",
               "Location": "51.625168895256564, -0.058877246666126766",
               "Audio": "",
               "AnnounceDistance": 20.0
          }
     ]
}