{
     "RouteNumber": "144",
     "Destination": "Muswell Hill Broadway",
     "RouteAudio": "",
     "DestinationAudio": "",
     "Stops": [
          {
               "Name": "Edmonton Green Bus Station",
               "Location": "51.625413668640114, -0.05899682859737025",
               "Audio": "",
               "AnnounceDistance": 20.0
          },
          {
               "Name": "Edmonton Police Station",
               "Location": "51.62263799194796, -0.06135454711196122",
               "Audio": "",
               "AnnounceDistance": 20.0
          },
          {
               "Name": "Shrubbery Road",
               "Location": "51.621134759090815, -0.06180867032830396",
               "Audio": "",
               "AnnounceDistance": 20.0
          },
          {
               "Name": "Brettenham Road",
               "Location": "51.61786584804397, -0.06316135902583837",
               "Audio": "",
               "AnnounceDistance": 20.0
          },
          {
               "Name": "Angel Corner",
               "Location": "51.61600744583995, -0.0638904932030053",
               "Audio": "",
               "AnnounceDistance": 20.0
          },
          {
               "Name": "Angel Corner / Silver Street Station",
               "Location": "51.61457834235018, -0.06556906977274662",
               "Audio": "",
               "AnnounceDistance": 20.0
          },
          {
               "Name": "Pymmes Park",
               "Location": "51.61519836592214, -0.07210049360894814",
               "Audio": "",
               "AnnounceDistance": 20.0
          },
          {
               "Name": "North Middlesex Hospital",
               "Location": "51.6162183993609, -0.07727183180834428",
               "Audio": "",
               "AnnounceDistance": 20.0
          },
          {
               "Name": "Millfield Theatre Arts Centre",
               "Location": "51.61660215519306, -0.08039015402193335",
               "Audio": "",
               "AnnounceDistance": 20.0
          },
          {
               "Name": "Cambridge Roundabout / East Side",
               "Location": "51.61603431862797, -0.08581643311698015",
               "Audio": "",
               "AnnounceDistance": 20.0
          },
          {
               "Name": "Cambridge Roundabout / South Side",
               "Location": "51.615247484317145, -0.0866439837294473",
               "Audio": "",
               "AnnounceDistance": 20.0
          },
          {
               "Name": "Pasteur Gardens",
               "Location": "51.61238326205159, -0.08636001392979074",
               "Audio": "",
               "AnnounceDistance": 20.0
          },
          {
               "Name": "Empire Parade",
               "Location": "51.60909460700643, -0.08541512943652717",
               "Audio": "",
               "AnnounceDistance": 20.0
          },
          {
               "Name": "White Hart Lane",
               "Location": "51.60493866857452, -0.08587878981826087",
               "Audio": "",
               "AnnounceDistance": 20.0
          },
          {
               "Name": "Courtman Road",
               "Location": "51.602648145240124, -0.08824226742765467",
               "Audio": "",
               "AnnounceDistance": 20.0
          },
          {
               "Name": "Gospatrick Road",
               "Location": "51.60155767998181, -0.09085840464862943",
               "Audio": "",
               "AnnounceDistance": 20.0
          },
          {
               "Name": "Granville Road",
               "Location": "51.59945075422292, -0.09179869618513264",
               "Audio": "",
               "AnnounceDistance": 20.0
          },
          {
               "Name": "Gladstone Avenue",
               "Location": "51.598081456700854, -0.0955235953152196",
               "Audio": "",
               "AnnounceDistance": 20.0
          },
          {
               "Name": "Morley Avenue",
               "Location": "51.59904368770678, -0.09829899879027561",
               "Audio": "",
               "AnnounceDistance": 20.0
          },
          {
               "Name": "Perth Road",
               "Location": "51.59919883151572, -0.10177239472463155",
               "Audio": "",
               "AnnounceDistance": 20.0
          },
          {
               "Name": "Wood Green Crown Court",
               "Location": "51.59832676149019, -0.10456661576867253",
               "Audio": "",
               "AnnounceDistance": 20.0
          },
          {
               "Name": "Wood Green Station",
               "Location": "51.597167775446444, -0.10909085746830335",
               "Audio": "",
               "AnnounceDistance": 20.0
          },
          {
               "Name": "Wood Green Shopping City",
               "Location": "51.59558198193645, -0.10889683457433948",
               "Audio": "",
               "AnnounceDistance": 20.0
          },
          {
               "Name": "Brampton Park Road",
               "Location": "51.5929430353129, -0.1064077231720321",
               "Audio": "",
               "AnnounceDistance": 20.0
          },
          {
               "Name": "Turnpike Lane Station",
               "Location": "51.59083949196439, -0.10366561490203252",
               "Audio": "",
               "AnnounceDistance": 20.0
          },
          {
               "Name": "Turnpike Lane Bus Station",
               "Location": "51.59008022117926, -0.10231133755314867",
               "Audio": "",
               "AnnounceDistance": 20.0
          },
          {
               "Name": "Wood Green High Road",
               "Location": "51.59009478659104, -0.10376880998180506",
               "Audio": "",
               "AnnounceDistance": 20.0
          },
          {
               "Name": "Wightman Road",
               "Location": "51.58865576339252, -0.1110034061273211",
               "Audio": "",
               "AnnounceDistance": 20.0
          },
          {
               "Name": "Tottenham Lane",
               "Location": "51.58788161913587, -0.1137494311570669",
               "Audio": "",
               "AnnounceDistance": 20.0
          },
          {
               "Name": "Myddelton Road",
               "Location": "51.58763657167752, -0.11809026857074795",
               "Audio": "",
               "AnnounceDistance": 20.0
          },
          {
               "Name": "Nightingale Lane",
               "Location": "51.58702730144365, -0.12272034571128808",
               "Audio": "",
               "AnnounceDistance": 20.0
          },
          {
               "Name": "Hornsey Fire Station",
               "Location": "51.586715093065955, -0.1273813870305727",
               "Audio": "",
               "AnnounceDistance": 20.0
          },
          {
               "Name": "Park Road",
               "Location": "51.587331953057905, -0.13279820698183012",
               "Audio": "",
               "AnnounceDistance": 20.0
          },
          {
               "Name": "Grosvenor Gardens",
               "Location": "51.58936896073323, -0.13762297216350125",
               "Audio": "",
               "AnnounceDistance": 20.0
          },
          {
               "Name": "Muswell Hill Broadway",
               "Location": "51.59091593032242, -0.14217942182167384",
               "Audio": "",
               "AnnounceDistance": 20.0
          }
     ]
}