{
     "RouteNumber": "145",
     "Destination": "Dagenham Asda",
     "RouteAudio": "",
     "DestinationAudio": "",
     "Stops": [
          {
               "Name": "Leytonstone Station",
               "Location": "51.568491309306495, 0.008850489315864327",
               "Audio": "",
               "AnnounceDistance": 20.0
          },
          {
               "Name": "Kirkdale Road",
               "Location": "51.56915854090029, 0.011895776466022006",
               "Audio": "",
               "AnnounceDistance": 20.0
          },
          {
               "Name": "Green Man Roundabout",
               "Location": "51.57055297388225, 0.014482675604883954",
               "Audio": "",
               "AnnounceDistance": 20.0
          },
          {
               "Name": "Cambridge Road",
               "Location": "51.57262007138505, 0.019783703876701204",
               "Audio": "",
               "AnnounceDistance": 20.0
          },
          {
               "Name": "Blake Hall Road",
               "Location": "51.57348764530387, 0.02214562091969971",
               "Audio": "",
               "AnnounceDistance": 20.0
          },
          {
               "Name": "Wanstead Station",
               "Location": "51.57529928365624, 0.02711847574608586",
               "Audio": "",
               "AnnounceDistance": 20.0
          },
          {
               "Name": "Nutter Lane",
               "Location": "51.57730833602264, 0.034698413835431006",
               "Audio": "",
               "AnnounceDistance": 20.0
          },
          {
               "Name": "Redbridge Station",
               "Location": "51.576178030226096, 0.04746381271563641",
               "Audio": "",
               "AnnounceDistance": 20.0
          },
          {
               "Name": "The Drive Methodist Church",
               "Location": "51.57569120513906, 0.05268080883731455",
               "Audio": "",
               "AnnounceDistance": 20.0
          },
          {
               "Name": "Wanstead Lane",
               "Location": "51.57282415435665, 0.0546441697693481",
               "Audio": "",
               "AnnounceDistance": 20.0
          },
          {
               "Name": "Cranbrook Primary School",
               "Location": "51.57149952615316, 0.055825489065488045",
               "Audio": "",
               "AnnounceDistance": 20.0
          },
          {
               "Name": "St Andrews Church",
               "Location": "51.569771684911196, 0.05743587793980636",
               "Audio": "",
               "AnnounceDistance": 20.0
          },
          {
               "Name": "Seymour Gardens",
               "Location": "51.56762150346041, 0.06005156702084487",
               "Audio": "",
               "AnnounceDistance": 20.0
          },
          {
               "Name": "De Vere Gardens",
               "Location": "51.5665773846543, 0.06215433285687371",
               "Audio": "",
               "AnnounceDistance": 20.0
          },
          {
               "Name": "Cranbrook Road",
               "Location": "51.56546764567489, 0.06491776317924858",
               "Audio": "",
               "AnnounceDistance": 20.0
          },
          {
               "Name": "Coventry Road",
               "Location": "51.56321617543691, 0.06765811985781141",
               "Audio": "",
               "AnnounceDistance": 20.0
          },
          {
               "Name": "Ilford Station",
               "Location": "51.55942990411062, 0.07022750836776483",
               "Audio": "",
               "AnnounceDistance": 20.0
          },
          {
               "Name": "Redbridge Central Library",
               "Location": "51.55815200779665, 0.07435320184467469",
               "Audio": "",
               "AnnounceDistance": 20.0
          },
          {
               "Name": "Hainault Street",
               "Location": "51.55989681297213, 0.07739018224204297",
               "Audio": "",
               "AnnounceDistance": 20.0
          },
          {
               "Name": "Park Road",
               "Location": "51.5590644719312, 0.08375781900063176",
               "Audio": "",
               "AnnounceDistance": 20.0
          },
          {
               "Name": "Buckingham Road",
               "Location": "51.5590484212432, 0.08769564651126653",
               "Audio": "",
               "AnnounceDistance": 20.0
          },
          {
               "Name": "South Park Drive",
               "Location": "51.55960727847408, 0.09266975506711196",
               "Audio": "",
               "AnnounceDistance": 20.0
          },
          {
               "Name": "South Park Crescent",
               "Location": "51.55835570742771, 0.09376643851105357",
               "Audio": "",
               "AnnounceDistance": 20.0
          },
          {
               "Name": "Frimley Road",
               "Location": "51.555779697425336, 0.09449925716612538",
               "Audio": "",
               "AnnounceDistance": 20.0
          },
          {
               "Name": "Eton Road",
               "Location": "51.553165727268784, 0.09433589536554306",
               "Audio": "",
               "AnnounceDistance": 20.0
          },
          {
               "Name": "Loxford Lane",
               "Location": "51.5503697827463, 0.09277947274848067",
               "Audio": "",
               "AnnounceDistance": 20.0
          },
          {
               "Name": "Abbey School",
               "Location": "51.547499587989996, 0.09286410009777252",
               "Audio": "",
               "AnnounceDistance": 20.0
          },
          {
               "Name": "Longbridge Road",
               "Location": "51.54620413479674, 0.09339598802730897",
               "Audio": "",
               "AnnounceDistance": 20.0
          },
          {
               "Name": "Barking Bus Garage",
               "Location": "51.546607109597694, 0.0955058275613941",
               "Audio": "",
               "AnnounceDistance": 20.0
          },
          {
               "Name": "Thurlestone Avenue",
               "Location": "51.54831921682789, 0.09933463773102938",
               "Audio": "",
               "AnnounceDistance": 20.0
          },
          {
               "Name": "Capel Gardens",
               "Location": "51.549490582781026, 0.10272050340248957",
               "Audio": "",
               "AnnounceDistance": 20.0
          },
          {
               "Name": "St. Thomas More Catholic Church",
               "Location": "51.55180516560923, 0.10703926032065007",
               "Audio": "",
               "AnnounceDistance": 20.0
          },
          {
               "Name": "Becontree Avenue",
               "Location": "51.55187131722118, 0.11336035463027636",
               "Audio": "",
               "AnnounceDistance": 20.0
          },
          {
               "Name": "Lindsey Road",
               "Location": "51.551338755651315, 0.11845639808255853",
               "Audio": "",
               "AnnounceDistance": 20.0
          },
          {
               "Name": "Bennetts Castle Lane",
               "Location": "51.5514976473321, 0.12508469434681416",
               "Audio": "",
               "AnnounceDistance": 20.0
          },
          {
               "Name": "Martins Corner / Valence Avenue",
               "Location": "51.55175229417617, 0.12839982847145553",
               "Audio": "",
               "AnnounceDistance": 20.0
          },
          {
               "Name": "Parsloes Avenue",
               "Location": "51.55085248161834, 0.12991566676623298",
               "Audio": "",
               "AnnounceDistance": 20.0
          },
          {
               "Name": "Marlborough Road",
               "Location": "51.54834165085354, 0.1270434667609717",
               "Audio": "",
               "AnnounceDistance": 20.0
          },
          {
               "Name": "Wroxall Road / Future Youth Zone",
               "Location": "51.54544658110363, 0.12452868268447048",
               "Audio": "",
               "AnnounceDistance": 20.0
          },
          {
               "Name": "Rusper Road",
               "Location": "51.54346687093601, 0.12658535665038537",
               "Audio": "",
               "AnnounceDistance": 20.0
          },
          {
               "Name": "Becontree Station",
               "Location": "51.53983156538588, 0.12769933490550653",
               "Audio": "",
               "AnnounceDistance": 20.0
          },
          {
               "Name": "Gale Street",
               "Location": "51.53891203615346, 0.12831979491540443",
               "Audio": "",
               "AnnounceDistance": 20.0
          },
          {
               "Name": "Lullington Road",
               "Location": "51.53928233773688, 0.13318246201768186",
               "Audio": "",
               "AnnounceDistance": 20.0
          },
          {
               "Name": "Hatfield Road",
               "Location": "51.539620228364285, 0.13833211098866757",
               "Audio": "",
               "AnnounceDistance": 20.0
          },
          {
               "Name": "Talbot Road / Goresbrook Park",
               "Location": "51.53986556479011, 0.14213633684744179",
               "Audio": "",
               "AnnounceDistance": 20.0
          },
          {
               "Name": "Heathway",
               "Location": "51.54016683865301, 0.14680850439468637",
               "Audio": "",
               "AnnounceDistance": 20.0
          },
          {
               "Name": "Heathway",
               "Location": "51.5402543894393, 0.1498843292852817",
               "Audio": "",
               "AnnounceDistance": 20.0
          },
          {
               "Name": "Rectory Road",
               "Location": "51.54021815636401, 0.15430991242760397",
               "Audio": "",
               "AnnounceDistance": 20.0
          },
          {
               "Name": "Hollidge Way",
               "Location": "51.53992975299423, 0.15679113430819763",
               "Audio": "",
               "AnnounceDistance": 20.0
          },
          {
               "Name": "St Giles Avenue",
               "Location": "51.5385498321883, 0.1599416880636043",
               "Audio": "",
               "AnnounceDistance": 20.0
          },
          {
               "Name": "Church Lane",
               "Location": "51.538151107784586, 0.16498440758429161",
               "Audio": "",
               "AnnounceDistance": 20.0
          },
          {
               "Name": "Farm Close",
               "Location": "51.53654468986404, 0.16187996720049422",
               "Audio": "",
               "AnnounceDistance": 20.0
          },
          {
               "Name": "Ridgewell Close",
               "Location": "51.53462265034496, 0.15881849133298445",
               "Audio": "",
               "AnnounceDistance": 20.0
          },
          {
               "Name": "Oval Road North",
               "Location": "51.53246267946088, 0.15597673451971855",
               "Audio": "",
               "AnnounceDistance": 20.0
          },
          {
               "Name": "Oval Road South",
               "Location": "51.52958614077536, 0.15591290664524118",
               "Audio": "",
               "AnnounceDistance": 20.0
          },
          {
               "Name": "Ballards Road",
               "Location": "51.52964592555523, 0.15363771819362118",
               "Audio": "",
               "AnnounceDistance": 20.0
          },
          {
               "Name": "Chequers Lane",
               "Location": "51.530659667230005, 0.15083077838396355",
               "Audio": "",
               "AnnounceDistance": 20.0
          },
          {
               "Name": "Merrielands Crescent",
               "Location": "51.530581646344594, 0.14772721151490764",
               "Audio": "",
               "AnnounceDistance": 20.0
          },
          {
               "Name": "Dagenham Dock Station",
               "Location": "51.527566873407885, 0.14735464480526406",
               "Audio": "",
               "AnnounceDistance": 20.0
          },
          {
               "Name": "Dagenham Asda",
               "Location": "51.53019903957709, 0.1435712478823028",
               "Audio": "",
               "AnnounceDistance": 20.0
          }
     ]
}