{
     "RouteNumber": "146",
     "Destination": "Bromley North Station",
     "RouteAudio": "",
     "DestinationAudio": "",
     "Stops": [
          {
               "Name": "Downe Church",
               "Location": "51.33593533822464, 0.05412698088040521",
               "Audio": "",
               "AnnounceDistance": 20.0
          },
          {
               "Name": "North End Lane",
               "Location": "51.338152055144846, 0.05284777198434948",
               "Audio": "",
               "AnnounceDistance": 20.0
          },
          {
               "Name": "Farthing Street",
               "Location": "51.34247253497638, 0.051088041210799316",
               "Audio": "",
               "AnnounceDistance": 20.0
          },
          {
               "Name": "Downe Court Riding Centre",
               "Location": "51.345112848995974, 0.04666831465756139",
               "Audio": "",
               "AnnounceDistance": 20.0
          },
          {
               "Name": "Holwood Farm",
               "Location": "51.34670554481978, 0.04403959269595702",
               "Audio": "",
               "AnnounceDistance": 20.0
          },
          {
               "Name": "Keston Church",
               "Location": "51.348571570051334, 0.036037609653554854",
               "Audio": "",
               "AnnounceDistance": 20.0
          },
          {
               "Name": "Westerham Road / Heathfield Road",
               "Location": "51.353993038824946, 0.03248632745928062",
               "Audio": "",
               "AnnounceDistance": 20.0
          },
          {
               "Name": "Keston Village Hall",
               "Location": "51.35643646957346, 0.03212050047550211",
               "Audio": "",
               "AnnounceDistance": 20.0
          },
          {
               "Name": "Leafy Grove",
               "Location": "51.35959621272993, 0.030378660430706566",
               "Audio": "",
               "AnnounceDistance": 20.0
          },
          {
               "Name": "Keston / The Fox",
               "Location": "51.362030468081834, 0.027426614506926766",
               "Audio": "",
               "AnnounceDistance": 20.0
          },
          {
               "Name": "Baston Road / Croydon Road",
               "Location": "51.368427996915536, 0.024620334840774475",
               "Audio": "",
               "AnnounceDistance": 20.0
          },
          {
               "Name": "Five Elms Road",
               "Location": "51.37158434869346, 0.022546939519167145",
               "Audio": "",
               "AnnounceDistance": 20.0
          },
          {
               "Name": "Baston School",
               "Location": "51.375267402336554, 0.019131408371381414",
               "Audio": "",
               "AnnounceDistance": 20.0
          },
          {
               "Name": "Hayes Street",
               "Location": "51.37639396543302, 0.017945223158068117",
               "Audio": "",
               "AnnounceDistance": 20.0
          },
          {
               "Name": "Hayes / The George",
               "Location": "51.378941228379624, 0.017812964716951412",
               "Audio": "",
               "AnnounceDistance": 20.0
          },
          {
               "Name": "Club Gardens Road",
               "Location": "51.383334506454275, 0.01701457323040635",
               "Audio": "",
               "AnnounceDistance": 20.0
          },
          {
               "Name": "Hayes Lane / Norman Park",
               "Location": "51.388733646814394, 0.017338244581923824",
               "Audio": "",
               "AnnounceDistance": 20.0
          },
          {
               "Name": "Hayes Road / Hayes Lane",
               "Location": "51.39231034399446, 0.01748120653729998",
               "Audio": "",
               "AnnounceDistance": 20.0
          },
          {
               "Name": "Hayes Road / Cameron Road",
               "Location": "51.39717729190456, 0.01476268799543522",
               "Audio": "",
               "AnnounceDistance": 20.0
          },
          {
               "Name": "St Marks Church",
               "Location": "51.398827534716965, 0.016589116412977414",
               "Audio": "",
               "AnnounceDistance": 20.0
          },
          {
               "Name": "Bromley South Station",
               "Location": "51.400733318007696, 0.01662981482884608",
               "Audio": "",
               "AnnounceDistance": 20.0
          },
          {
               "Name": "Elmfield Road / The Mall",
               "Location": "51.402769850123434, 0.016388719766501907",
               "Audio": "",
               "AnnounceDistance": 20.0
          },
          {
               "Name": "Bromley Civic Centre",
               "Location": "51.404799532659176, 0.01863473167278371",
               "Audio": "",
               "AnnounceDistance": 20.0
          },
          {
               "Name": "Bromley Town Hall",
               "Location": "51.40600581310172, 0.016473556354370606",
               "Audio": "",
               "AnnounceDistance": 20.0
          },
          {
               "Name": "West Street",
               "Location": "51.40797602011513, 0.01381381265496165",
               "Audio": "",
               "AnnounceDistance": 20.0
          },
          {
               "Name": "Bromley North Station",
               "Location": "51.4089984095507, 0.016590841870194186",
               "Audio": "",
               "AnnounceDistance": 20.0
          }
     ]
}