{
     "RouteNumber": "146",
     "Destination": "Downe Church",
     "RouteAudio": "",
     "DestinationAudio": "",
     "Stops": [
          {
               "Name": "Bromley North Station",
               "Location": "51.40824679721085, 0.016370840806998854",
               "Audio": "",
               "AnnounceDistance": 20.0
          },
          {
               "Name": "Bromley Civic Centre",
               "Location": "51.405309260894505, 0.01880096316097585",
               "Audio": "",
               "AnnounceDistance": 20.0
          },
          {
               "Name": "Bromley High Street / The Mall",
               "Location": "51.40196827495233, 0.015936520667110213",
               "Audio": "",
               "AnnounceDistance": 20.0
          },
          {
               "Name": "Bromley South Station",
               "Location": "51.40065598974819, 0.01694270487881424",
               "Audio": "",
               "AnnounceDistance": 20.0
          },
          {
               "Name": "St Marks Church",
               "Location": "51.39878936531544, 0.016716824293663505",
               "Audio": "",
               "AnnounceDistance": 20.0
          },
          {
               "Name": "Cameron Road",
               "Location": "51.39605289198036, 0.015302674537167063",
               "Audio": "",
               "AnnounceDistance": 20.0
          },
          {
               "Name": "Hayes Road / Hayes Lane",
               "Location": "51.392509768378495, 0.017389359614004115",
               "Audio": "",
               "AnnounceDistance": 20.0
          },
          {
               "Name": "Hayes Lane / Norman Park",
               "Location": "51.38754254094313, 0.017573311485025316",
               "Audio": "",
               "AnnounceDistance": 20.0
          },
          {
               "Name": "Club Gardens Road",
               "Location": "51.38378158459772, 0.01716357549350719",
               "Audio": "",
               "AnnounceDistance": 20.0
          },
          {
               "Name": "Hayes / George Lane",
               "Location": "51.37933743888008, 0.018304606902572393",
               "Audio": "",
               "AnnounceDistance": 20.0
          },
          {
               "Name": "Hayes Street",
               "Location": "51.37663832068933, 0.01785538408272195",
               "Audio": "",
               "AnnounceDistance": 20.0
          },
          {
               "Name": "Baston School",
               "Location": "51.37453465605713, 0.019903813759963567",
               "Audio": "",
               "AnnounceDistance": 20.0
          },
          {
               "Name": "Five Elms Road",
               "Location": "51.371975706305626, 0.022276829171813086",
               "Audio": "",
               "AnnounceDistance": 20.0
          },
          {
               "Name": "Baston Road / Croydon Road",
               "Location": "51.368018662030444, 0.02488961214946528",
               "Audio": "",
               "AnnounceDistance": 20.0
          },
          {
               "Name": "Keston / The Fox",
               "Location": "51.36139403048637, 0.028346572217527802",
               "Audio": "",
               "AnnounceDistance": 20.0
          },
          {
               "Name": "Leafy Grove",
               "Location": "51.35911823951462, 0.030975170883066016",
               "Audio": "",
               "AnnounceDistance": 20.0
          },
          {
               "Name": "Keston Village Hall",
               "Location": "51.3566501421457, 0.03224486184174313",
               "Audio": "",
               "AnnounceDistance": 20.0
          },
          {
               "Name": "Heathfield Road / Keston Common",
               "Location": "51.35506687897411, 0.03279238455902899",
               "Audio": "",
               "AnnounceDistance": 20.0
          },
          {
               "Name": "Keston Church",
               "Location": "51.347508981642335, 0.037153690090405284",
               "Audio": "",
               "AnnounceDistance": 20.0
          },
          {
               "Name": "Holwood Farm",
               "Location": "51.347294418040825, 0.04327598592839008",
               "Audio": "",
               "AnnounceDistance": 20.0
          },
          {
               "Name": "Downe Court Riding Centre",
               "Location": "51.34533975464559, 0.046549187955226556",
               "Audio": "",
               "AnnounceDistance": 20.0
          },
          {
               "Name": "Farthing Street",
               "Location": "51.34377335177658, 0.05024149557744821",
               "Audio": "",
               "AnnounceDistance": 20.0
          },
          {
               "Name": "Downe High Street",
               "Location": "51.337822022566264, 0.053206315992820316",
               "Audio": "",
               "AnnounceDistance": 20.0
          },
          {
               "Name": "Downe Church",
               "Location": "51.33593533822464, 0.05412698088040521",
               "Audio": "",
               "AnnounceDistance": 20.0
          }
     ]
}