{
     "RouteNumber": "147",
     "Destination": "Hainault Street",
     "RouteAudio": "",
     "DestinationAudio": "",
     "Stops": [
          {
               "Name": "Canning Town Bus Station",
               "Location": "51.51391510135747, 0.008840866877010928",
               "Audio": "",
               "AnnounceDistance": 20.0
          },
          {
               "Name": "Hallsville Road",
               "Location": "51.513243880582934, 0.011275843190353003",
               "Audio": "",
               "AnnounceDistance": 20.0
          },
          {
               "Name": "Rogers Road",
               "Location": "51.51369757143075, 0.01523043312967678",
               "Audio": "",
               "AnnounceDistance": 20.0
          },
          {
               "Name": "Keir Hardie Recreation Ground",
               "Location": "51.51251935307404, 0.014717245237915441",
               "Audio": "",
               "AnnounceDistance": 20.0
          },
          {
               "Name": "Tarling Road",
               "Location": "51.511261329485215, 0.01466173910529948",
               "Audio": "",
               "AnnounceDistance": 20.0
          },
          {
               "Name": "The Appleby Centre",
               "Location": "51.510941745821775, 0.01755878397900414",
               "Audio": "",
               "AnnounceDistance": 20.0
          },
          {
               "Name": "Bridgeland Road",
               "Location": "51.50986941937224, 0.02186361223753795",
               "Audio": "",
               "AnnounceDistance": 20.0
          },
          {
               "Name": "Custom House Station",
               "Location": "51.50998175941715, 0.025255246306540517",
               "Audio": "",
               "AnnounceDistance": 20.0
          },
          {
               "Name": "Chauntler Close / Cundy Park",
               "Location": "51.51001086803648, 0.02825409500634472",
               "Audio": "",
               "AnnounceDistance": 20.0
          },
          {
               "Name": "Victoria Dock Road",
               "Location": "51.51022860657892, 0.03385539423957244",
               "Audio": "",
               "AnnounceDistance": 20.0
          },
          {
               "Name": "Tree Road",
               "Location": "51.51237146981997, 0.03214932984628147",
               "Audio": "",
               "AnnounceDistance": 20.0
          },
          {
               "Name": "Newham Way",
               "Location": "51.51517652817442, 0.03166883463261833",
               "Audio": "",
               "AnnounceDistance": 20.0
          },
          {
               "Name": "Bennett Road",
               "Location": "51.5194507649196, 0.032032030028608056",
               "Audio": "",
               "AnnounceDistance": 20.0
          },
          {
               "Name": "Newham University Hosp / New Vic College",
               "Location": "51.5227640071922, 0.030766823084343448",
               "Audio": "",
               "AnnounceDistance": 20.0
          },
          {
               "Name": "Wigston Road",
               "Location": "51.524231423306404, 0.0301545691567481",
               "Audio": "",
               "AnnounceDistance": 20.0
          },
          {
               "Name": "Plaistow / Prince Regent Lane",
               "Location": "51.52646363581266, 0.03003761725081783",
               "Audio": "",
               "AnnounceDistance": 20.0
          },
          {
               "Name": "New City Road",
               "Location": "51.52790088075931, 0.03220643215830653",
               "Audio": "",
               "AnnounceDistance": 20.0
          },
          {
               "Name": "Samson Street",
               "Location": "51.52905603642781, 0.03404562785045017",
               "Audio": "",
               "AnnounceDistance": 20.0
          },
          {
               "Name": "Upton Park / Green Street",
               "Location": "51.530210644411056, 0.03643276760260281",
               "Audio": "",
               "AnnounceDistance": 20.0
          },
          {
               "Name": "Upton Park / Priory Road",
               "Location": "51.53062630608006, 0.03994044302481949",
               "Audio": "",
               "AnnounceDistance": 20.0
          },
          {
               "Name": "Arragon Road",
               "Location": "51.53115546264521, 0.043121651727081996",
               "Audio": "",
               "AnnounceDistance": 20.0
          },
          {
               "Name": "Katherine Road",
               "Location": "51.53170300608133, 0.04627492399163315",
               "Audio": "",
               "AnnounceDistance": 20.0
          },
          {
               "Name": "Bartle Avenue",
               "Location": "51.53244748705556, 0.05050408623871767",
               "Audio": "",
               "AnnounceDistance": 20.0
          },
          {
               "Name": "Ron Leighton Way",
               "Location": "51.534511583986884, 0.05126013214228931",
               "Audio": "",
               "AnnounceDistance": 20.0
          },
          {
               "Name": "Bendish Road",
               "Location": "51.53794435085379, 0.05140006420198976",
               "Audio": "",
               "AnnounceDistance": 20.0
          },
          {
               "Name": "East Ham Station",
               "Location": "51.53938037432103, 0.051046443406380884",
               "Audio": "",
               "AnnounceDistance": 20.0
          },
          {
               "Name": "High Street North",
               "Location": "51.54118942519222, 0.05147389797401023",
               "Audio": "",
               "AnnounceDistance": 20.0
          },
          {
               "Name": "Browning Road",
               "Location": "51.54166030606549, 0.05488410366723792",
               "Audio": "",
               "AnnounceDistance": 20.0
          },
          {
               "Name": "St Barnabas Church",
               "Location": "51.54402528874373, 0.05488970080785267",
               "Audio": "",
               "AnnounceDistance": 20.0
          },
          {
               "Name": "Sheridan Road",
               "Location": "51.54581083246783, 0.056657609839958864",
               "Audio": "",
               "AnnounceDistance": 20.0
          },
          {
               "Name": "Church Road",
               "Location": "51.548082419023615, 0.05686102157328607",
               "Audio": "",
               "AnnounceDistance": 20.0
          },
          {
               "Name": "St Stephens Church",
               "Location": "51.549422961681984, 0.059387968849421297",
               "Audio": "",
               "AnnounceDistance": 20.0
          },
          {
               "Name": "Wolferton Road",
               "Location": "51.552472228824854, 0.05883330169492104",
               "Audio": "",
               "AnnounceDistance": 20.0
          },
          {
               "Name": "Little Ilford Lane",
               "Location": "51.55508640226539, 0.060523750725687386",
               "Audio": "",
               "AnnounceDistance": 20.0
          },
          {
               "Name": "North Circular Road",
               "Location": "51.55600856558189, 0.0638256958467454",
               "Audio": "",
               "AnnounceDistance": 20.0
          },
          {
               "Name": "Ilford Hill",
               "Location": "51.55815811485951, 0.0689146315253392",
               "Audio": "",
               "AnnounceDistance": 20.0
          },
          {
               "Name": "Ilford / Chapel Road",
               "Location": "51.55769417640747, 0.0702352402520461",
               "Audio": "",
               "AnnounceDistance": 20.0
          },
          {
               "Name": "Redbridge Central Library",
               "Location": "51.55815200779665, 0.07435320184467469",
               "Audio": "",
               "AnnounceDistance": 20.0
          },
          {
               "Name": "Hainault Street",
               "Location": "51.55959063253158, 0.07589023518840078",
               "Audio": "",
               "AnnounceDistance": 20.0
          }
     ]
}