{
     "RouteNumber": "148",
     "Destination": "White City Bus Station",
     "RouteAudio": "",
     "DestinationAudio": "",
     "Stops": [
          {
               "Name": "Denmark Hill / Camberwell Green",
               "Location": "51.47305801705655, -0.09329059309893237",
               "Audio": "",
               "AnnounceDistance": 20.0
          },
          {
               "Name": "Camberwell Green",
               "Location": "51.474748887201116, -0.09330648601521828",
               "Audio": "",
               "AnnounceDistance": 20.0
          },
          {
               "Name": "Medlar Street",
               "Location": "51.476820838564564, -0.09408412089226033",
               "Audio": "",
               "AnnounceDistance": 20.0
          },
          {
               "Name": "Wyndham Road",
               "Location": "51.47849584011971, -0.09423031269218889",
               "Audio": "",
               "AnnounceDistance": 20.0
          },
          {
               "Name": "Bowyer Place",
               "Location": "51.480576871697224, -0.09446040132275337",
               "Audio": "",
               "AnnounceDistance": 20.0
          },
          {
               "Name": "Camberwell Road / Albany Road",
               "Location": "51.48167533172898, -0.09454423303109678",
               "Audio": "",
               "AnnounceDistance": 20.0
          },
          {
               "Name": "Westmoreland Road",
               "Location": "51.48409560845931, -0.09406886786298256",
               "Audio": "",
               "AnnounceDistance": 20.0
          },
          {
               "Name": "East Street",
               "Location": "51.48693818837228, -0.0952322735600786",
               "Audio": "",
               "AnnounceDistance": 20.0
          },
          {
               "Name": "Larcom Street",
               "Location": "51.489968665009435, -0.0968921595218669",
               "Audio": "",
               "AnnounceDistance": 20.0
          },
          {
               "Name": "Heygate Street",
               "Location": "51.491404884278, -0.09784071406503092",
               "Audio": "",
               "AnnounceDistance": 20.0
          },
          {
               "Name": "Elephant Castle Station",
               "Location": "51.49446623560361, -0.10085382404820725",
               "Audio": "",
               "AnnounceDistance": 20.0
          },
          {
               "Name": "London College Of Communication",
               "Location": "51.495250135408185, -0.10206019488191995",
               "Audio": "",
               "AnnounceDistance": 20.0
          },
          {
               "Name": "St Georges Road / Imperial War Museum",
               "Location": "51.49663106425034, -0.10626726206754815",
               "Audio": "",
               "AnnounceDistance": 20.0
          },
          {
               "Name": "Lambeth North Station",
               "Location": "51.49855509620209, -0.11182082657127511",
               "Audio": "",
               "AnnounceDistance": 20.0
          },
          {
               "Name": "Lower Marsh",
               "Location": "51.49957193416667, -0.11409845158728957",
               "Audio": "",
               "AnnounceDistance": 20.0
          },
          {
               "Name": "St Thomas Hospital / County Hall",
               "Location": "51.50071767291337, -0.11936775143118084",
               "Audio": "",
               "AnnounceDistance": 20.0
          },
          {
               "Name": "Parliament Square / Westminster Abbey",
               "Location": "51.50016373128699, -0.1268970907604904",
               "Audio": "",
               "AnnounceDistance": 20.0
          },
          {
               "Name": "Great Smith Street / Westminster Abbey",
               "Location": "51.49868945792022, -0.13143825537608544",
               "Audio": "",
               "AnnounceDistance": 20.0
          },
          {
               "Name": "St Jamess Park Station",
               "Location": "51.49758289108594, -0.13479714594304154",
               "Audio": "",
               "AnnounceDistance": 20.0
          },
          {
               "Name": "Westminster City Hall",
               "Location": "51.497081379283586, -0.13775663542210503",
               "Audio": "",
               "AnnounceDistance": 20.0
          },
          {
               "Name": "Westminster Cathedral / Victoria Stn",
               "Location": "51.49657231686355, -0.14137907739826364",
               "Audio": "",
               "AnnounceDistance": 20.0
          },
          {
               "Name": "Grosvenor Gardens",
               "Location": "51.49693816552794, -0.14574388744311928",
               "Audio": "",
               "AnnounceDistance": 20.0
          },
          {
               "Name": "Wilton Street",
               "Location": "51.499379262396786, -0.1482814118991058",
               "Audio": "",
               "AnnounceDistance": 20.0
          },
          {
               "Name": "Hyde Park Corner",
               "Location": "51.50134741234268, -0.15105447169783967",
               "Audio": "",
               "AnnounceDistance": 20.0
          },
          {
               "Name": "London Hilton Hotel",
               "Location": "51.505087228491035, -0.1521278944831175",
               "Audio": "",
               "AnnounceDistance": 20.0
          },
          {
               "Name": "Dorchester Hotel",
               "Location": "51.50830354775808, -0.15479339267024148",
               "Audio": "",
               "AnnounceDistance": 20.0
          },
          {
               "Name": "Marble Arch",
               "Location": "51.511596740456305, -0.1583496700574874",
               "Audio": "",
               "AnnounceDistance": 20.0
          },
          {
               "Name": "Marble Arch / Bayswater Road",
               "Location": "51.51283463208848, -0.16331507643065765",
               "Audio": "",
               "AnnounceDistance": 20.0
          },
          {
               "Name": "Hyde Park Street",
               "Location": "51.512459593496274, -0.1669330965579132",
               "Audio": "",
               "AnnounceDistance": 20.0
          },
          {
               "Name": "Victoria Gate",
               "Location": "51.51204849290728, -0.171128964311328",
               "Audio": "",
               "AnnounceDistance": 20.0
          },
          {
               "Name": "Lancaster Gate Station",
               "Location": "51.51159972541033, -0.17522537904045815",
               "Audio": "",
               "AnnounceDistance": 20.0
          },
          {
               "Name": "Leinster Terrace",
               "Location": "51.51079526503648, -0.18074818834908082",
               "Audio": "",
               "AnnounceDistance": 20.0
          },
          {
               "Name": "Porchester Terrace",
               "Location": "51.5104069081712, -0.1841214367096325",
               "Audio": "",
               "AnnounceDistance": 20.0
          },
          {
               "Name": "Queensway Station",
               "Location": "51.510102810014494, -0.18829829577216473",
               "Audio": "",
               "AnnounceDistance": 20.0
          },
          {
               "Name": "Palace Court",
               "Location": "51.50993024765432, -0.19110085587391915",
               "Audio": "",
               "AnnounceDistance": 20.0
          },
          {
               "Name": "Notting Hill Gate Station",
               "Location": "51.509283850956905, -0.1946714878653732",
               "Audio": "",
               "AnnounceDistance": 20.0
          },
          {
               "Name": "Notting Hill Gate Stn / Hillgate St",
               "Location": "51.50864810134079, -0.19835688072972324",
               "Audio": "",
               "AnnounceDistance": 20.0
          },
          {
               "Name": "Holland Park",
               "Location": "51.50759046581187, -0.20386004393744817",
               "Audio": "",
               "AnnounceDistance": 20.0
          },
          {
               "Name": "Holland Park Station",
               "Location": "51.506959588075745, -0.20611839292215522",
               "Audio": "",
               "AnnounceDistance": 20.0
          },
          {
               "Name": "Norland Square",
               "Location": "51.50568719505083, -0.21112524159051968",
               "Audio": "",
               "AnnounceDistance": 20.0
          },
          {
               "Name": "Royal Crescent",
               "Location": "51.50510440556934, -0.21418843515108268",
               "Audio": "",
               "AnnounceDistance": 20.0
          },
          {
               "Name": "Shepherds Bush Station",
               "Location": "51.5039543989086, -0.21957912000194135",
               "Audio": "",
               "AnnounceDistance": 20.0
          },
          {
               "Name": "Shepherds Bush Green",
               "Location": "51.503872352951745, -0.2242508113388048",
               "Audio": "",
               "AnnounceDistance": 20.0
          },
          {
               "Name": "Uxbridge Rd / Westfield Shopping Centre",
               "Location": "51.506343112385345, -0.22470232643591662",
               "Audio": "",
               "AnnounceDistance": 20.0
          },
          {
               "Name": "White City Bus Station",
               "Location": "51.50903951765256, -0.22402109483101718",
               "Audio": "",
               "AnnounceDistance": 20.0
          }
     ]
}