{
     "RouteNumber": "149",
     "Destination": "Edmonton Green Bus Station",
     "RouteAudio": "",
     "DestinationAudio": "",
     "Stops": [
          {
               "Name": "London Bridge Bus Station",
               "Location": "51.50530344565455, -0.08654120554541472",
               "Audio": "",
               "AnnounceDistance": 20.0
          },
          {
               "Name": "London Bridge",
               "Location": "51.50669944347019, -0.08832720955068722",
               "Audio": "",
               "AnnounceDistance": 20.0
          },
          {
               "Name": "Monument Station",
               "Location": "51.50955156074633, -0.08731434207068356",
               "Audio": "",
               "AnnounceDistance": 20.0
          },
          {
               "Name": "Gracechurch Street / Monument Station",
               "Location": "51.51140340826182, -0.08562268416421674",
               "Audio": "",
               "AnnounceDistance": 20.0
          },
          {
               "Name": "Camomile Street",
               "Location": "51.51586211721183, -0.0822216495165721",
               "Audio": "",
               "AnnounceDistance": 20.0
          },
          {
               "Name": "Liverpool Street Station",
               "Location": "51.51807336793914, -0.0799667126989727",
               "Audio": "",
               "AnnounceDistance": 20.0
          },
          {
               "Name": "Primrose Street",
               "Location": "51.51993949342196, -0.07915309883521524",
               "Audio": "",
               "AnnounceDistance": 20.0
          },
          {
               "Name": "Shoreditch High Street Station",
               "Location": "51.52223388950427, -0.07813399201814543",
               "Audio": "",
               "AnnounceDistance": 20.0
          },
          {
               "Name": "Shoreditch High St / Bethnal Green Road",
               "Location": "51.52438827139321, -0.07735132879023075",
               "Audio": "",
               "AnnounceDistance": 20.0
          },
          {
               "Name": "Shoreditch Church",
               "Location": "51.525982855792, -0.07807704661303762",
               "Audio": "",
               "AnnounceDistance": 20.0
          },
          {
               "Name": "Waterson Street",
               "Location": "51.52825852927494, -0.07811096466507722",
               "Audio": "",
               "AnnounceDistance": 20.0
          },
          {
               "Name": "Hoxton Station / Museum Of The Home",
               "Location": "51.52970700031306, -0.07760302567223676",
               "Audio": "",
               "AnnounceDistance": 20.0
          },
          {
               "Name": "Pearson Street",
               "Location": "51.53286712567193, -0.07728245260152829",
               "Audio": "",
               "AnnounceDistance": 20.0
          },
          {
               "Name": "St Leonards Hospital",
               "Location": "51.53403440589269, -0.07717558982912595",
               "Audio": "",
               "AnnounceDistance": 20.0
          },
          {
               "Name": "Laburnum Street",
               "Location": "51.53561458504268, -0.07702248021778083",
               "Audio": "",
               "AnnounceDistance": 20.0
          },
          {
               "Name": "Haggerston Station",
               "Location": "51.538220150840466, -0.07688381422743978",
               "Audio": "",
               "AnnounceDistance": 20.0
          },
          {
               "Name": "Middleton Road",
               "Location": "51.541442936763566, -0.07654605228734765",
               "Audio": "",
               "AnnounceDistance": 20.0
          },
          {
               "Name": "Dalston Junction Station",
               "Location": "51.544538965657935, -0.07615589469209633",
               "Audio": "",
               "AnnounceDistance": 20.0
          },
          {
               "Name": "Kingsland High Street",
               "Location": "51.54689764039737, -0.0757679434221194",
               "Audio": "",
               "AnnounceDistance": 20.0
          },
          {
               "Name": "Dalston Kingsland Station",
               "Location": "51.54844896309109, -0.0755005611353842",
               "Audio": "",
               "AnnounceDistance": 20.0
          },
          {
               "Name": "Rio Cinema",
               "Location": "51.55026230639104, -0.07530864282668986",
               "Audio": "",
               "AnnounceDistance": 20.0
          },
          {
               "Name": "Princess May Road",
               "Location": "51.55285603818176, -0.07499721505389154",
               "Audio": "",
               "AnnounceDistance": 20.0
          },
          {
               "Name": "Amhurst Road",
               "Location": "51.55562098046951, -0.07470736892071962",
               "Audio": "",
               "AnnounceDistance": 20.0
          },
          {
               "Name": "Stoke Newington Police Station",
               "Location": "51.55787559447136, -0.07455444871219566",
               "Audio": "",
               "AnnounceDistance": 20.0
          },
          {
               "Name": "Brooke Road",
               "Location": "51.56043928488494, -0.07405663126112513",
               "Audio": "",
               "AnnounceDistance": 20.0
          },
          {
               "Name": "Stoke Newington Church Street",
               "Location": "51.562697201270524, -0.07355724944703468",
               "Audio": "",
               "AnnounceDistance": 20.0
          },
          {
               "Name": "Stoke Newington Station",
               "Location": "51.56460725400085, -0.07323123468956978",
               "Audio": "",
               "AnnounceDistance": 20.0
          },
          {
               "Name": "Lynmouth Road",
               "Location": "51.56786856091138, -0.07305006311200352",
               "Audio": "",
               "AnnounceDistance": 20.0
          },
          {
               "Name": "Stamford Hill Library",
               "Location": "51.570052460981316, -0.07297214452657577",
               "Audio": "",
               "AnnounceDistance": 20.0
          },
          {
               "Name": "Stamford Hill Broadway",
               "Location": "51.57301579647566, -0.07271693909230209",
               "Audio": "",
               "AnnounceDistance": 20.0
          },
          {
               "Name": "Egerton Road",
               "Location": "51.57436018217893, -0.07244359873691102",
               "Audio": "",
               "AnnounceDistance": 20.0
          },
          {
               "Name": "St Anns Road",
               "Location": "51.57663395682357, -0.07291025313645925",
               "Audio": "",
               "AnnounceDistance": 20.0
          },
          {
               "Name": "Lealand Road",
               "Location": "51.578527464890605, -0.07321983970380293",
               "Audio": "",
               "AnnounceDistance": 20.0
          },
          {
               "Name": "South Tottenham Station",
               "Location": "51.58105519295947, -0.07272321144913145",
               "Audio": "",
               "AnnounceDistance": 20.0
          },
          {
               "Name": "Seven Sisters Road",
               "Location": "51.58240052409915, -0.07250751278701811",
               "Audio": "",
               "AnnounceDistance": 20.0
          },
          {
               "Name": "Seven Sisters Station",
               "Location": "51.583792681129786, -0.0724052943396738",
               "Audio": "",
               "AnnounceDistance": 20.0
          },
          {
               "Name": "College Of North East London",
               "Location": "51.58475018077108, -0.07211937855441304",
               "Audio": "",
               "AnnounceDistance": 20.0
          },
          {
               "Name": "Tottenham Town Hall",
               "Location": "51.58797690675004, -0.07092896499406441",
               "Audio": "",
               "AnnounceDistance": 20.0
          },
          {
               "Name": "Tottenham Police Station",
               "Location": "51.5903849515309, -0.07026392467541674",
               "Audio": "",
               "AnnounceDistance": 20.0
          },
          {
               "Name": "St Loys Road",
               "Location": "51.59207080216242, -0.06997591977619468",
               "Audio": "",
               "AnnounceDistance": 20.0
          },
          {
               "Name": "Lordship Lane",
               "Location": "51.59794910386103, -0.06816729799621184",
               "Audio": "",
               "AnnounceDistance": 20.0
          },
          {
               "Name": "Tottenham Sports Centre",
               "Location": "51.60179353251968, -0.06790305387997014",
               "Audio": "",
               "AnnounceDistance": 20.0
          },
          {
               "Name": "Tottenham Hotspur Football Club",
               "Location": "51.603657711941615, -0.06806941202796954",
               "Audio": "",
               "AnnounceDistance": 20.0
          },
          {
               "Name": "White Hart Lane Station",
               "Location": "51.60508180503462, -0.06826890295238658",
               "Audio": "",
               "AnnounceDistance": 20.0
          },
          {
               "Name": "Brantwood Road",
               "Location": "51.6082226938915, -0.06787561447793819",
               "Audio": "",
               "AnnounceDistance": 20.0
          },
          {
               "Name": "Nutfield Close",
               "Location": "51.609753773857484, -0.06638077276619449",
               "Audio": "",
               "AnnounceDistance": 20.0
          },
          {
               "Name": "Colyton Way",
               "Location": "51.612859314780856, -0.06493441500460974",
               "Audio": "",
               "AnnounceDistance": 20.0
          },
          {
               "Name": "Angel Corner",
               "Location": "51.616156461601214, -0.06420193645763822",
               "Audio": "",
               "AnnounceDistance": 20.0
          },
          {
               "Name": "Brettenham Road",
               "Location": "51.61779800766659, -0.06340981760273962",
               "Audio": "",
               "AnnounceDistance": 20.0
          },
          {
               "Name": "Shrubbery Road",
               "Location": "51.620888152485236, -0.06212255065186048",
               "Audio": "",
               "AnnounceDistance": 20.0
          },
          {
               "Name": "Edmonton Police Station",
               "Location": "51.622686498602704, -0.061569182435357556",
               "Audio": "",
               "AnnounceDistance": 20.0
          },
          {
               "Name": "Edmonton Green Station",
               "Location": "51.6245072683729, -0.06074031110032244",
               "Audio": "",
               "AnnounceDistance": 20.0
          },
          {
               "Name": "Edmonton Green Bus Station",
               "Location": "51.625168895256564, -0.058877246666126766",
               "Audio": "",
               "AnnounceDistance": 20.0
          }
     ]
}