{
     "RouteNumber": "150",
     "Destination": "Becontree Heath Leisure Centre",
     "RouteAudio": "",
     "DestinationAudio": "",
     "Stops": [
          {
               "Name": "Lambourne Road",
               "Location": "51.61924269567406, 0.11397558672165466",
               "Audio": "",
               "AnnounceDistance": 20.0
          },
          {
               "Name": "Brocket Way",
               "Location": "51.61570078918035, 0.1169022150461246",
               "Audio": "",
               "AnnounceDistance": 20.0
          },
          {
               "Name": "Coppice Path",
               "Location": "51.61356398972081, 0.11521390805340737",
               "Audio": "",
               "AnnounceDistance": 20.0
          },
          {
               "Name": "Coppice Primary School",
               "Location": "51.610659785581774, 0.11369232214289013",
               "Audio": "",
               "AnnounceDistance": 20.0
          },
          {
               "Name": "Tunstall Avenue",
               "Location": "51.607581794590494, 0.10933215714789585",
               "Audio": "",
               "AnnounceDistance": 20.0
          },
          {
               "Name": "Staggart Green",
               "Location": "51.60704795461638, 0.10701109560439895",
               "Audio": "",
               "AnnounceDistance": 20.0
          },
          {
               "Name": "Hainault Fire Station",
               "Location": "51.606029651902375, 0.10261693245212394",
               "Audio": "",
               "AnnounceDistance": 20.0
          },
          {
               "Name": "Beech Grove",
               "Location": "51.605188520324106, 0.09886656994151545",
               "Audio": "",
               "AnnounceDistance": 20.0
          },
          {
               "Name": "Hainault Station",
               "Location": "51.60415322519446, 0.09439978680530793",
               "Audio": "",
               "AnnounceDistance": 20.0
          },
          {
               "Name": "Trelawney Road",
               "Location": "51.60291110638869, 0.08891285128385201",
               "Audio": "",
               "AnnounceDistance": 20.0
          },
          {
               "Name": "New North Road",
               "Location": "51.600875746353715, 0.08453068791576304",
               "Audio": "",
               "AnnounceDistance": 20.0
          },
          {
               "Name": "Neville Road",
               "Location": "51.59789364899486, 0.08484174011253136",
               "Audio": "",
               "AnnounceDistance": 20.0
          },
          {
               "Name": "Tomswood Hill",
               "Location": "51.59548222535919, 0.08441365495155725",
               "Audio": "",
               "AnnounceDistance": 20.0
          },
          {
               "Name": "Fullwell Cross",
               "Location": "51.59255478985867, 0.08417856298588106",
               "Audio": "",
               "AnnounceDistance": 20.0
          },
          {
               "Name": "Waverley Gardens",
               "Location": "51.59102260260578, 0.08285239888328211",
               "Audio": "",
               "AnnounceDistance": 20.0
          },
          {
               "Name": "Barkingside Police Station",
               "Location": "51.588858576532616, 0.08115096862276058",
               "Audio": "",
               "AnnounceDistance": 20.0
          },
          {
               "Name": "Brandville Gardens",
               "Location": "51.586153354130026, 0.07954047513456253",
               "Audio": "",
               "AnnounceDistance": 20.0
          },
          {
               "Name": "Fullwood Primary School",
               "Location": "51.58478361284168, 0.078178768595211",
               "Audio": "",
               "AnnounceDistance": 20.0
          },
          {
               "Name": "Hamilton Avenue",
               "Location": "51.58217829245793, 0.07498538839866085",
               "Audio": "",
               "AnnounceDistance": 20.0
          },
          {
               "Name": "Icknield Drive",
               "Location": "51.57979645200841, 0.073390230760055",
               "Audio": "",
               "AnnounceDistance": 20.0
          },
          {
               "Name": "Martley Drive",
               "Location": "51.57817005523503, 0.07128114901109209",
               "Audio": "",
               "AnnounceDistance": 20.0
          },
          {
               "Name": "Gants Hill Station",
               "Location": "51.5772571989365, 0.06848299607729183",
               "Audio": "",
               "AnnounceDistance": 20.0
          },
          {
               "Name": "Gants Hill Station / Cranbrook Road",
               "Location": "51.575648934979085, 0.06636060169552378",
               "Audio": "",
               "AnnounceDistance": 20.0
          },
          {
               "Name": "Mornington Avenue",
               "Location": "51.571878780255695, 0.06444346321921926",
               "Audio": "",
               "AnnounceDistance": 20.0
          },
          {
               "Name": "Bethell Avenue",
               "Location": "51.56958595198357, 0.06442616361171695",
               "Audio": "",
               "AnnounceDistance": 20.0
          },
          {
               "Name": "Valentines Park",
               "Location": "51.56703412216144, 0.06584008108364843",
               "Audio": "",
               "AnnounceDistance": 20.0
          },
          {
               "Name": "Northbrook Road",
               "Location": "51.56430450171571, 0.06662535065121118",
               "Audio": "",
               "AnnounceDistance": 20.0
          },
          {
               "Name": "Coventry Road",
               "Location": "51.56321617543691, 0.06765811985781141",
               "Audio": "",
               "AnnounceDistance": 20.0
          },
          {
               "Name": "Ilford Station",
               "Location": "51.55942990411062, 0.07022750836776483",
               "Audio": "",
               "AnnounceDistance": 20.0
          },
          {
               "Name": "Pioneer Point",
               "Location": "51.55698643886216, 0.07059260920977495",
               "Audio": "",
               "AnnounceDistance": 20.0
          },
          {
               "Name": "Redbridge Central Library",
               "Location": "51.55815200779665, 0.07435320184467469",
               "Audio": "",
               "AnnounceDistance": 20.0
          },
          {
               "Name": "Hainault Street",
               "Location": "51.55989681297213, 0.07739018224204297",
               "Audio": "",
               "AnnounceDistance": 20.0
          },
          {
               "Name": "Park Road",
               "Location": "51.5590644719312, 0.08375781900063176",
               "Audio": "",
               "AnnounceDistance": 20.0
          },
          {
               "Name": "Buckingham Road",
               "Location": "51.5590484212432, 0.08769564651126653",
               "Audio": "",
               "AnnounceDistance": 20.0
          },
          {
               "Name": "South Park Drive",
               "Location": "51.55960727847408, 0.09266975506711196",
               "Audio": "",
               "AnnounceDistance": 20.0
          },
          {
               "Name": "Seven Kings Road",
               "Location": "51.561175945032424, 0.09999888875303811",
               "Audio": "",
               "AnnounceDistance": 20.0
          },
          {
               "Name": "Nutfield Gardens",
               "Location": "51.56221127262635, 0.10495211164242225",
               "Audio": "",
               "AnnounceDistance": 20.0
          },
          {
               "Name": "Goodmayes Lane",
               "Location": "51.562962401552376, 0.1086948622559261",
               "Audio": "",
               "AnnounceDistance": 20.0
          },
          {
               "Name": "Goodmayes Primary School",
               "Location": "51.56314495207046, 0.11404178517074819",
               "Audio": "",
               "AnnounceDistance": 20.0
          },
          {
               "Name": "Colinton Road",
               "Location": "51.56319220079588, 0.11740577994719073",
               "Audio": "",
               "AnnounceDistance": 20.0
          },
          {
               "Name": "Greenside",
               "Location": "51.56246699196037, 0.12220550779513346",
               "Audio": "",
               "AnnounceDistance": 20.0
          },
          {
               "Name": "Greenway",
               "Location": "51.56179143090387, 0.1252471974708669",
               "Audio": "",
               "AnnounceDistance": 20.0
          },
          {
               "Name": "Valence Avenue",
               "Location": "51.561817600393574, 0.13074545910115873",
               "Audio": "",
               "AnnounceDistance": 20.0
          },
          {
               "Name": "Walnut Tree Road",
               "Location": "51.56136736056975, 0.1367119476081876",
               "Audio": "",
               "AnnounceDistance": 20.0
          },
          {
               "Name": "Winifred Road",
               "Location": "51.56123254087823, 0.14163992411404924",
               "Audio": "",
               "AnnounceDistance": 20.0
          },
          {
               "Name": "Whalebone Lane South",
               "Location": "51.56107003180125, 0.14659542645339582",
               "Audio": "",
               "AnnounceDistance": 20.0
          },
          {
               "Name": "Becontree Heath Leisure Centre",
               "Location": "51.56147548150408, 0.14950009489054847",
               "Audio": "",
               "AnnounceDistance": 20.0
          }
     ]
}