{
     "RouteNumber": "150",
     "Destination": "Lambourne Road",
     "RouteAudio": "",
     "DestinationAudio": "",
     "Stops": [
          {
               "Name": "Becontree Heath Leisure Centre",
               "Location": "51.561311901981256, 0.14959337504330017",
               "Audio": "",
               "AnnounceDistance": 20.0
          },
          {
               "Name": "Whalebone Lane South",
               "Location": "51.560955580986054, 0.1459696452955872",
               "Audio": "",
               "AnnounceDistance": 20.0
          },
          {
               "Name": "Winifred Road",
               "Location": "51.561182274471435, 0.14094502985372678",
               "Audio": "",
               "AnnounceDistance": 20.0
          },
          {
               "Name": "Walnut Tree Road",
               "Location": "51.56124643346948, 0.13545106288548012",
               "Audio": "",
               "AnnounceDistance": 20.0
          },
          {
               "Name": "Valence Avenue",
               "Location": "51.561649664744586, 0.1315744254339452",
               "Audio": "",
               "AnnounceDistance": 20.0
          },
          {
               "Name": "Greenway",
               "Location": "51.56164463899593, 0.12590403477177084",
               "Audio": "",
               "AnnounceDistance": 20.0
          },
          {
               "Name": "Burnside Road",
               "Location": "51.562070834100325, 0.12322587752583998",
               "Audio": "",
               "AnnounceDistance": 20.0
          },
          {
               "Name": "Mayfield Road",
               "Location": "51.56301329683237, 0.11934528722733079",
               "Audio": "",
               "AnnounceDistance": 20.0
          },
          {
               "Name": "Goodmayes Primary School",
               "Location": "51.563031973383765, 0.11532066217069883",
               "Audio": "",
               "AnnounceDistance": 20.0
          },
          {
               "Name": "Goodmayes Lane",
               "Location": "51.56307435436418, 0.11147027379823571",
               "Audio": "",
               "AnnounceDistance": 20.0
          },
          {
               "Name": "Lynford Gardens",
               "Location": "51.56190564426262, 0.10394247097326847",
               "Audio": "",
               "AnnounceDistance": 20.0
          },
          {
               "Name": "Seven Kings Road",
               "Location": "51.56084744369539, 0.09875741090136947",
               "Audio": "",
               "AnnounceDistance": 20.0
          },
          {
               "Name": "South Park Drive",
               "Location": "51.55921014686661, 0.0917426201921494",
               "Audio": "",
               "AnnounceDistance": 20.0
          },
          {
               "Name": "Gordon Road",
               "Location": "51.55895288220843, 0.0859888923788479",
               "Audio": "",
               "AnnounceDistance": 20.0
          },
          {
               "Name": "Winston Way Primary School",
               "Location": "51.55975667741885, 0.0807309001585692",
               "Audio": "",
               "AnnounceDistance": 20.0
          },
          {
               "Name": "Hainault Street",
               "Location": "51.55967059264714, 0.07696148519984257",
               "Audio": "",
               "AnnounceDistance": 20.0
          },
          {
               "Name": "Redbridge Central Library",
               "Location": "51.55785159865737, 0.07405100054373803",
               "Audio": "",
               "AnnounceDistance": 20.0
          },
          {
               "Name": "High Road Ilford",
               "Location": "51.558198365752204, 0.07172965766300138",
               "Audio": "",
               "AnnounceDistance": 20.0
          },
          {
               "Name": "Ilford Station",
               "Location": "51.55893875395579, 0.0700320794785228",
               "Audio": "",
               "AnnounceDistance": 20.0
          },
          {
               "Name": "Beal Road",
               "Location": "51.56191235258239, 0.06816165776328685",
               "Audio": "",
               "AnnounceDistance": 20.0
          },
          {
               "Name": "Northbrook Road",
               "Location": "51.56406087710497, 0.06667201747850403",
               "Audio": "",
               "AnnounceDistance": 20.0
          },
          {
               "Name": "Valentines Park",
               "Location": "51.567665037028405, 0.06524820768919146",
               "Audio": "",
               "AnnounceDistance": 20.0
          },
          {
               "Name": "Bethell Avenue",
               "Location": "51.57027950504363, 0.06385150620875349",
               "Audio": "",
               "AnnounceDistance": 20.0
          },
          {
               "Name": "Beehive Lane",
               "Location": "51.572820333112894, 0.06510667138072339",
               "Audio": "",
               "AnnounceDistance": 20.0
          },
          {
               "Name": "Gants Hill Station / Cranbrook Road",
               "Location": "51.57589738387911, 0.06603992894421615",
               "Audio": "",
               "AnnounceDistance": 20.0
          },
          {
               "Name": "Gants Hill Station",
               "Location": "51.57728254155226, 0.06806559834229442",
               "Audio": "",
               "AnnounceDistance": 20.0
          },
          {
               "Name": "Shere Road",
               "Location": "51.57805622140134, 0.07059762396329776",
               "Audio": "",
               "AnnounceDistance": 20.0
          },
          {
               "Name": "Gantshill Crescent",
               "Location": "51.58053325879248, 0.07342377056891206",
               "Audio": "",
               "AnnounceDistance": 20.0
          },
          {
               "Name": "Beattyville Gardens",
               "Location": "51.58316578301488, 0.07609853769066792",
               "Audio": "",
               "AnnounceDistance": 20.0
          },
          {
               "Name": "Brandville Gardens",
               "Location": "51.585601584718376, 0.07870689837194644",
               "Audio": "",
               "AnnounceDistance": 20.0
          },
          {
               "Name": "Fremantle Road",
               "Location": "51.589705024812346, 0.08159388332138545",
               "Audio": "",
               "AnnounceDistance": 20.0
          },
          {
               "Name": "Fullwell Cross",
               "Location": "51.59294886498796, 0.08426879155377773",
               "Audio": "",
               "AnnounceDistance": 20.0
          },
          {
               "Name": "Tomswood Hill",
               "Location": "51.59574485075348, 0.0843101712590176",
               "Audio": "",
               "AnnounceDistance": 20.0
          },
          {
               "Name": "Neville Road",
               "Location": "51.5974305110027, 0.08458950210598046",
               "Audio": "",
               "AnnounceDistance": 20.0
          },
          {
               "Name": "New North Road",
               "Location": "51.60128469996277, 0.08428949143676115",
               "Audio": "",
               "AnnounceDistance": 20.0
          },
          {
               "Name": "Trelawney Road",
               "Location": "51.60317655117303, 0.08966152423934119",
               "Audio": "",
               "AnnounceDistance": 20.0
          },
          {
               "Name": "Hainault Station",
               "Location": "51.60434472107017, 0.09475519214199277",
               "Audio": "",
               "AnnounceDistance": 20.0
          },
          {
               "Name": "Beech Grove",
               "Location": "51.60545390042685, 0.0996153369811871",
               "Audio": "",
               "AnnounceDistance": 20.0
          },
          {
               "Name": "Hainault Fire Station",
               "Location": "51.606221380836146, 0.10295795652429605",
               "Audio": "",
               "AnnounceDistance": 20.0
          },
          {
               "Name": "Staggart Green",
               "Location": "51.607155000001306, 0.10705937902416572",
               "Audio": "",
               "AnnounceDistance": 20.0
          },
          {
               "Name": "Manford Way",
               "Location": "51.60816823865032, 0.11022589831022295",
               "Audio": "",
               "AnnounceDistance": 20.0
          },
          {
               "Name": "Manford Cross",
               "Location": "51.609184565386215, 0.11171732521013346",
               "Audio": "",
               "AnnounceDistance": 20.0
          },
          {
               "Name": "Coppice Primary School",
               "Location": "51.61140986134368, 0.11398715439329098",
               "Audio": "",
               "AnnounceDistance": 20.0
          },
          {
               "Name": "Coppice Path",
               "Location": "51.61390516558599, 0.11524421564853103",
               "Audio": "",
               "AnnounceDistance": 20.0
          },
          {
               "Name": "Brocket Way",
               "Location": "51.61592997742399, 0.11715844687265559",
               "Audio": "",
               "AnnounceDistance": 20.0
          },
          {
               "Name": "Lambourne Road",
               "Location": "51.6187168771617, 0.11421117563348093",
               "Audio": "",
               "AnnounceDistance": 20.0
          }
     ]
}