{
     "RouteNumber": "151",
     "Destination": "Worcester Park Station",
     "RouteAudio": "",
     "DestinationAudio": "",
     "Stops": [
          {
               "Name": "Shotfield",
               "Location": "51.35728743490734, -0.15115876475492251",
               "Audio": "",
               "AnnounceDistance": 20.0
          },
          {
               "Name": "Wallington Town Centre",
               "Location": "51.3589565929304, -0.14979884163315402",
               "Audio": "",
               "AnnounceDistance": 20.0
          },
          {
               "Name": "Wallington Station",
               "Location": "51.360786018700445, -0.1506156953572613",
               "Audio": "",
               "AnnounceDistance": 20.0
          },
          {
               "Name": "Queens Road",
               "Location": "51.36418393237923, -0.1516711237901437",
               "Audio": "",
               "AnnounceDistance": 20.0
          },
          {
               "Name": "Manor Road / Acre Lane",
               "Location": "51.366647482137296, -0.1533533048229978",
               "Audio": "",
               "AnnounceDistance": 20.0
          },
          {
               "Name": "Butter Hill",
               "Location": "51.36890130837317, -0.1542826618900455",
               "Audio": "",
               "AnnounceDistance": 20.0
          },
          {
               "Name": "Bowmans Meadow",
               "Location": "51.37079781968795, -0.1525110662700539",
               "Audio": "",
               "AnnounceDistance": 20.0
          },
          {
               "Name": "Beddington Park",
               "Location": "51.373759297666304, -0.1509837718304315",
               "Audio": "",
               "AnnounceDistance": 20.0
          },
          {
               "Name": "Park Road",
               "Location": "51.375291536912854, -0.15234452891958095",
               "Audio": "",
               "AnnounceDistance": 20.0
          },
          {
               "Name": "Hackbridge Corner / Hackbridge Station",
               "Location": "51.3786720970184, -0.1551541899624896",
               "Audio": "",
               "AnnounceDistance": 20.0
          },
          {
               "Name": "Corbet Close",
               "Location": "51.37755849609902, -0.15925111093486183",
               "Audio": "",
               "AnnounceDistance": 20.0
          },
          {
               "Name": "Nightingale Close",
               "Location": "51.375691971944256, -0.16064790607252172",
               "Audio": "",
               "AnnounceDistance": 20.0
          },
          {
               "Name": "Strawberry Lane",
               "Location": "51.37339656946203, -0.16336924994822155",
               "Audio": "",
               "AnnounceDistance": 20.0
          },
          {
               "Name": "Wrythe Green",
               "Location": "51.37195015429963, -0.1669040794448736",
               "Audio": "",
               "AnnounceDistance": 20.0
          },
          {
               "Name": "St Johns Road",
               "Location": "51.37344760370884, -0.16892763081996276",
               "Audio": "",
               "AnnounceDistance": 20.0
          },
          {
               "Name": "Muschamp Road",
               "Location": "51.377690129600644, -0.17052577025155785",
               "Audio": "",
               "AnnounceDistance": 20.0
          },
          {
               "Name": "Green Wrythe Lane / Waltham Road",
               "Location": "51.38015120107615, -0.17149103012768774",
               "Audio": "",
               "AnnounceDistance": 20.0
          },
          {
               "Name": "Welbeck Road",
               "Location": "51.38206696549035, -0.1726649308859228",
               "Audio": "",
               "AnnounceDistance": 20.0
          },
          {
               "Name": "Thornton Road / Green Wrythe Lane",
               "Location": "51.38333181017329, -0.17419537293931814",
               "Audio": "",
               "AnnounceDistance": 20.0
          },
          {
               "Name": "Waltham Road",
               "Location": "51.38220525953103, -0.17750236450908058",
               "Audio": "",
               "AnnounceDistance": 20.0
          },
          {
               "Name": "St Helier Hospital",
               "Location": "51.380792433432546, -0.18380956287227995",
               "Audio": "",
               "AnnounceDistance": 20.0
          },
          {
               "Name": "Wrythe Lane / Rose Hill Roundabout",
               "Location": "51.383767548136056, -0.1895264995964221",
               "Audio": "",
               "AnnounceDistance": 20.0
          },
          {
               "Name": "Rose Hill / Rose Hill Roundabout",
               "Location": "51.38306233179167, -0.19044533072020312",
               "Audio": "",
               "AnnounceDistance": 20.0
          },
          {
               "Name": "Rosehill Park West",
               "Location": "51.37899534317005, -0.19204269538518948",
               "Audio": "",
               "AnnounceDistance": 20.0
          },
          {
               "Name": "Cranleigh Gardens",
               "Location": "51.375799327873025, -0.19297326057678602",
               "Audio": "",
               "AnnounceDistance": 20.0
          },
          {
               "Name": "Sutton Green",
               "Location": "51.36981434494101, -0.19499037822477727",
               "Audio": "",
               "AnnounceDistance": 20.0
          },
          {
               "Name": "High Street / Marshalls Road",
               "Location": "51.367871561012095, -0.19496620968613035",
               "Audio": "",
               "AnnounceDistance": 20.0
          },
          {
               "Name": "Benhill Avenue",
               "Location": "51.36717162748754, -0.1933129097541142",
               "Audio": "",
               "AnnounceDistance": 20.0
          },
          {
               "Name": "Manor Place",
               "Location": "51.36548017097121, -0.19267556964941837",
               "Audio": "",
               "AnnounceDistance": 20.0
          },
          {
               "Name": "Times Square",
               "Location": "51.36374155933835, -0.19189648254992847",
               "Audio": "",
               "AnnounceDistance": 20.0
          },
          {
               "Name": "Sutton Police Station",
               "Location": "51.361654556870434, -0.19068588576698342",
               "Audio": "",
               "AnnounceDistance": 20.0
          },
          {
               "Name": "Sutton / Grove Road",
               "Location": "51.35996189947161, -0.19346733380320433",
               "Audio": "",
               "AnnounceDistance": 20.0
          },
          {
               "Name": "Sutton Park Road",
               "Location": "51.36070964026444, -0.19530523156264087",
               "Audio": "",
               "AnnounceDistance": 20.0
          },
          {
               "Name": "Sherwood Park Road",
               "Location": "51.360967888320616, -0.19923083248941473",
               "Audio": "",
               "AnnounceDistance": 20.0
          },
          {
               "Name": "Cheam Road / Gander Green Lane",
               "Location": "51.360040202028955, -0.20440944048586232",
               "Audio": "",
               "AnnounceDistance": 20.0
          },
          {
               "Name": "St Dunstans Hill",
               "Location": "51.358980772920475, -0.21157512299088754",
               "Audio": "",
               "AnnounceDistance": 20.0
          },
          {
               "Name": "Cheam Broadway",
               "Location": "51.35825727767413, -0.2166160504257319",
               "Audio": "",
               "AnnounceDistance": 20.0
          },
          {
               "Name": "Lumley Road",
               "Location": "51.36108906395918, -0.21833029888902256",
               "Audio": "",
               "AnnounceDistance": 20.0
          },
          {
               "Name": "Tilehurst Road",
               "Location": "51.363239751666804, -0.22020044253618531",
               "Audio": "",
               "AnnounceDistance": 20.0
          },
          {
               "Name": "Malden Road / Priory Road",
               "Location": "51.36643820845411, -0.22415630650309207",
               "Audio": "",
               "AnnounceDistance": 20.0
          },
          {
               "Name": "North Cheam / London Road",
               "Location": "51.37055702109552, -0.2277323777593418",
               "Audio": "",
               "AnnounceDistance": 20.0
          },
          {
               "Name": "Wellington Avenue",
               "Location": "51.37153907868941, -0.22904498509775434",
               "Audio": "",
               "AnnounceDistance": 20.0
          },
          {
               "Name": "Woodbine Lane",
               "Location": "51.37372556931001, -0.23329974896474107",
               "Audio": "",
               "AnnounceDistance": 20.0
          },
          {
               "Name": "Lindsay Road",
               "Location": "51.37564180049412, -0.23574048283039525",
               "Audio": "",
               "AnnounceDistance": 20.0
          },
          {
               "Name": "Brabham Court",
               "Location": "51.3774789803265, -0.2395064153442058",
               "Audio": "",
               "AnnounceDistance": 20.0
          },
          {
               "Name": "Longfellow Road",
               "Location": "51.37889890027934, -0.24244081464657277",
               "Audio": "",
               "AnnounceDistance": 20.0
          },
          {
               "Name": "Worcester Park Station",
               "Location": "51.38123206988269, -0.2457140978469359",
               "Audio": "",
               "AnnounceDistance": 20.0
          }
     ]
}