{
     "RouteNumber": "153",
     "Destination": "Finsbury Park Interchange",
     "RouteAudio": "",
     "DestinationAudio": "",
     "Stops": [
          {
               "Name": "Liverpool Street Station",
               "Location": "51.51820493893098, -0.08251240650000033",
               "Audio": "",
               "AnnounceDistance": 20.0
          },
          {
               "Name": "Moorgate Station",
               "Location": "51.51862109109002, -0.08817397931119546",
               "Audio": "",
               "AnnounceDistance": 20.0
          },
          {
               "Name": "Finsbury Street",
               "Location": "51.52051504862046, -0.08851267997768503",
               "Audio": "",
               "AnnounceDistance": 20.0
          },
          {
               "Name": "Silk Street",
               "Location": "51.520946190095195, -0.09179556151694565",
               "Audio": "",
               "AnnounceDistance": 20.0
          },
          {
               "Name": "Barbican Station",
               "Location": "51.520455666501604, -0.09758182514936724",
               "Audio": "",
               "AnnounceDistance": 20.0
          },
          {
               "Name": "Clerkenwell Road / Old Street",
               "Location": "51.522846192264424, -0.09804438724430022",
               "Audio": "",
               "AnnounceDistance": 20.0
          },
          {
               "Name": "Clerkenwell Road / St John Street",
               "Location": "51.52260857139897, -0.10113911304316764",
               "Audio": "",
               "AnnounceDistance": 20.0
          },
          {
               "Name": "Aylesbury Street",
               "Location": "51.52374141612808, -0.10279300644054976",
               "Audio": "",
               "AnnounceDistance": 20.0
          },
          {
               "Name": "Percival Street",
               "Location": "51.52526545335804, -0.10417124839331779",
               "Audio": "",
               "AnnounceDistance": 20.0
          },
          {
               "Name": "Spencer Street / City University",
               "Location": "51.527379003325954, -0.10474661611520604",
               "Audio": "",
               "AnnounceDistance": 20.0
          },
          {
               "Name": "Rosebery Avenue / Sadlers Wells Theatre",
               "Location": "51.529495718417515, -0.10496147221130515",
               "Audio": "",
               "AnnounceDistance": 20.0
          },
          {
               "Name": "St John Street / Goswell Road",
               "Location": "51.531414439511835, -0.10628032298997467",
               "Audio": "",
               "AnnounceDistance": 20.0
          },
          {
               "Name": "Chapel Market",
               "Location": "51.53440145614934, -0.10804521401101194",
               "Audio": "",
               "AnnounceDistance": 20.0
          },
          {
               "Name": "Penton Street / Islington Police Station",
               "Location": "51.534025301060886, -0.11093012441697463",
               "Audio": "",
               "AnnounceDistance": 20.0
          },
          {
               "Name": "Copenhagen Street",
               "Location": "51.53553324252776, -0.11131468436260628",
               "Audio": "",
               "AnnounceDistance": 20.0
          },
          {
               "Name": "Hemingford Road",
               "Location": "51.537320677234895, -0.11398043205835098",
               "Audio": "",
               "AnnounceDistance": 20.0
          },
          {
               "Name": "Richmond Avenue",
               "Location": "51.53938479862145, -0.11372205384846797",
               "Audio": "",
               "AnnounceDistance": 20.0
          },
          {
               "Name": "The Hemingford Arms",
               "Location": "51.542851511089495, -0.11344890535671108",
               "Audio": "",
               "AnnounceDistance": 20.0
          },
          {
               "Name": "Westbourne Road / Arundel Square",
               "Location": "51.544447398846714, -0.11091674430661307",
               "Audio": "",
               "AnnounceDistance": 20.0
          },
          {
               "Name": "Ellington Street",
               "Location": "51.54572407036043, -0.11201765505975465",
               "Audio": "",
               "AnnounceDistance": 20.0
          },
          {
               "Name": "Westbourne Road / Jupiter Way",
               "Location": "51.54768381004394, -0.11421535750410479",
               "Audio": "",
               "AnnounceDistance": 20.0
          },
          {
               "Name": "Lough Road",
               "Location": "51.548848066286276, -0.11335950753939196",
               "Audio": "",
               "AnnounceDistance": 20.0
          },
          {
               "Name": "Lowther Road",
               "Location": "51.54943085714232, -0.11157572676444075",
               "Audio": "",
               "AnnounceDistance": 20.0
          },
          {
               "Name": "Liverpool Road",
               "Location": "51.551417505792145, -0.11097418540505889",
               "Audio": "",
               "AnnounceDistance": 20.0
          },
          {
               "Name": "Holloway Road Station",
               "Location": "51.55288596645715, -0.11281740044194942",
               "Audio": "",
               "AnnounceDistance": 20.0
          },
          {
               "Name": "Camden Road",
               "Location": "51.5553206757887, -0.11603446545263947",
               "Audio": "",
               "AnnounceDistance": 20.0
          },
          {
               "Name": "Holloway / Nags Head",
               "Location": "51.55654596065421, -0.1178591842268817",
               "Audio": "",
               "AnnounceDistance": 20.0
          },
          {
               "Name": "Seven Sisters Road / Nags Head",
               "Location": "51.55902967538021, -0.11741040541127215",
               "Audio": "",
               "AnnounceDistance": 20.0
          },
          {
               "Name": "Hornsey Road",
               "Location": "51.559806565025845, -0.11595006853882985",
               "Audio": "",
               "AnnounceDistance": 20.0
          },
          {
               "Name": "Durham Road",
               "Location": "51.562081976992, -0.11093623299338697",
               "Audio": "",
               "AnnounceDistance": 20.0
          },
          {
               "Name": "Fonthill Road",
               "Location": "51.56299528746785, -0.1084600790239011",
               "Audio": "",
               "AnnounceDistance": 20.0
          },
          {
               "Name": "Finsbury Park Station",
               "Location": "51.5637572599413, -0.10663937656737213",
               "Audio": "",
               "AnnounceDistance": 20.0
          },
          {
               "Name": "Finsbury Park Interchange",
               "Location": "51.564318895341266, -0.10577920737162076",
               "Audio": "",
               "AnnounceDistance": 20.0
          }
     ]
}