{
     "RouteNumber": "153",
     "Destination": "Liverpool Street Station",
     "RouteAudio": "",
     "DestinationAudio": "",
     "Stops": [
          {
               "Name": "Finsbury Park Interchange",
               "Location": "51.56499311161823, -0.10576561529817267",
               "Audio": "",
               "AnnounceDistance": 20.0
          },
          {
               "Name": "Rock Street",
               "Location": "51.563885960317826, -0.10458523773011627",
               "Audio": "",
               "AnnounceDistance": 20.0
          },
          {
               "Name": "Finsbury Park Station",
               "Location": "51.56379660784435, -0.10629146797186222",
               "Audio": "",
               "AnnounceDistance": 20.0
          },
          {
               "Name": "Isledon Road",
               "Location": "51.56232788448442, -0.10778082138686168",
               "Audio": "",
               "AnnounceDistance": 20.0
          },
          {
               "Name": "Berriman Road",
               "Location": "51.559663618218636, -0.11041609835459561",
               "Audio": "",
               "AnnounceDistance": 20.0
          },
          {
               "Name": "Sobell Centre",
               "Location": "51.55798814954905, -0.11191374181318169",
               "Audio": "",
               "AnnounceDistance": 20.0
          },
          {
               "Name": "Holloway Road / Camden Road",
               "Location": "51.556819991055676, -0.11532334614222334",
               "Audio": "",
               "AnnounceDistance": 20.0
          },
          {
               "Name": "Tollington Road",
               "Location": "51.555517221673576, -0.11595421673748124",
               "Audio": "",
               "AnnounceDistance": 20.0
          },
          {
               "Name": "Holloway Road Station",
               "Location": "51.55208140998593, -0.11143711048992558",
               "Audio": "",
               "AnnounceDistance": 20.0
          },
          {
               "Name": "Liverpool Road",
               "Location": "51.55015057621973, -0.11047856454515134",
               "Audio": "",
               "AnnounceDistance": 20.0
          },
          {
               "Name": "Lough Road",
               "Location": "51.548920367519145, -0.11282285193607973",
               "Audio": "",
               "AnnounceDistance": 20.0
          },
          {
               "Name": "Westbourne Road / Jupiter Way",
               "Location": "51.54767181156042, -0.11402835505067442",
               "Audio": "",
               "AnnounceDistance": 20.0
          },
          {
               "Name": "Ellington Street / Arundel Square",
               "Location": "51.54585794019663, -0.11195442394763763",
               "Audio": "",
               "AnnounceDistance": 20.0
          },
          {
               "Name": "Offord Road",
               "Location": "51.543972441334944, -0.11046049579543413",
               "Audio": "",
               "AnnounceDistance": 20.0
          },
          {
               "Name": "The Hemingford Arms",
               "Location": "51.542741355195595, -0.11330924718664398",
               "Audio": "",
               "AnnounceDistance": 20.0
          },
          {
               "Name": "Richmond Avenue",
               "Location": "51.53983134422408, -0.11353054404863917",
               "Audio": "",
               "AnnounceDistance": 20.0
          },
          {
               "Name": "Copenhagen Street",
               "Location": "51.53696626382767, -0.11374995015568337",
               "Audio": "",
               "AnnounceDistance": 20.0
          },
          {
               "Name": "Barnsbury Road",
               "Location": "51.535028373374935, -0.11123465026694543",
               "Audio": "",
               "AnnounceDistance": 20.0
          },
          {
               "Name": "Liverpool Road / Chapel Market",
               "Location": "51.534511850446506, -0.10819924347980038",
               "Audio": "",
               "AnnounceDistance": 20.0
          },
          {
               "Name": "St John Street / Goswell Road",
               "Location": "51.53100423146943, -0.10593690332777943",
               "Audio": "",
               "AnnounceDistance": 20.0
          },
          {
               "Name": "Friend Street / Sadlers Wells Theatre",
               "Location": "51.52898781916478, -0.10469422104375857",
               "Audio": "",
               "AnnounceDistance": 20.0
          },
          {
               "Name": "Spencer Street / City University",
               "Location": "51.5269657641988, -0.10421595179977522",
               "Audio": "",
               "AnnounceDistance": 20.0
          },
          {
               "Name": "Percival Street",
               "Location": "51.5247517299538, -0.10354387799472829",
               "Audio": "",
               "AnnounceDistance": 20.0
          },
          {
               "Name": "St John Street / Clerkenwell Road",
               "Location": "51.523256043523894, -0.10225098482201793",
               "Audio": "",
               "AnnounceDistance": 20.0
          },
          {
               "Name": "Goswell Road",
               "Location": "51.52315115694767, -0.09966060256704821",
               "Audio": "",
               "AnnounceDistance": 20.0
          },
          {
               "Name": "Baltic Street West",
               "Location": "51.522342124374326, -0.09745996041485858",
               "Audio": "",
               "AnnounceDistance": 20.0
          },
          {
               "Name": "Barbican Station",
               "Location": "51.52090195265283, -0.09737583761497262",
               "Audio": "",
               "AnnounceDistance": 20.0
          },
          {
               "Name": "Beech Street",
               "Location": "51.52071828207562, -0.09437086654716341",
               "Audio": "",
               "AnnounceDistance": 20.0
          },
          {
               "Name": "Finsbury Street",
               "Location": "51.52064773217722, -0.08837739392126172",
               "Audio": "",
               "AnnounceDistance": 20.0
          },
          {
               "Name": "Finsbury Square / Moorgate",
               "Location": "51.520091169600676, -0.08733404205570289",
               "Audio": "",
               "AnnounceDistance": 20.0
          },
          {
               "Name": "Eldon Street",
               "Location": "51.518449985639, -0.08485156140214764",
               "Audio": "",
               "AnnounceDistance": 20.0
          },
          {
               "Name": "All Hallows Church",
               "Location": "51.5166860621725, -0.08476700815624609",
               "Audio": "",
               "AnnounceDistance": 20.0
          },
          {
               "Name": "Liverpool Street Station",
               "Location": "51.51802140462943, -0.08283721535794425",
               "Audio": "",
               "AnnounceDistance": 20.0
          }
     ]
}