{
     "RouteNumber": "155",
     "Destination": "Blackshaw Road",
     "RouteAudio": "",
     "DestinationAudio": "",
     "Stops": [
          {
               "Name": "Elephant Castle / London Road",
               "Location": "51.496817520209746, -0.10222559702494691",
               "Audio": "",
               "AnnounceDistance": 20.0
          },
          {
               "Name": "Elephant Castle Station",
               "Location": "51.49423550993053, -0.10048885479512779",
               "Audio": "",
               "AnnounceDistance": 20.0
          },
          {
               "Name": "Newington Butts",
               "Location": "51.49191659598135, -0.1022274600261202",
               "Audio": "",
               "AnnounceDistance": 20.0
          },
          {
               "Name": "Penton Place",
               "Location": "51.49001359519637, -0.10410708222233578",
               "Audio": "",
               "AnnounceDistance": 20.0
          },
          {
               "Name": "Kennington Station",
               "Location": "51.488748990913365, -0.10542712720473185",
               "Audio": "",
               "AnnounceDistance": 20.0
          },
          {
               "Name": "Kennington Road",
               "Location": "51.48501497187877, -0.10919710207200692",
               "Audio": "",
               "AnnounceDistance": 20.0
          },
          {
               "Name": "Camberwell New Road",
               "Location": "51.482333547942304, -0.11188603219398117",
               "Audio": "",
               "AnnounceDistance": 20.0
          },
          {
               "Name": "Oval Station",
               "Location": "51.481216295392535, -0.11286830579057733",
               "Audio": "",
               "AnnounceDistance": 20.0
          },
          {
               "Name": "Fentiman Road",
               "Location": "51.48003315957821, -0.11422769039218714",
               "Audio": "",
               "AnnounceDistance": 20.0
          },
          {
               "Name": "Dorset Road",
               "Location": "51.47843272334396, -0.11592102743199122",
               "Audio": "",
               "AnnounceDistance": 20.0
          },
          {
               "Name": "Albert Square",
               "Location": "51.4769460837558, -0.1174223508566391",
               "Audio": "",
               "AnnounceDistance": 20.0
          },
          {
               "Name": "Lansdowne Way",
               "Location": "51.47395799889625, -0.12062690403764476",
               "Audio": "",
               "AnnounceDistance": 20.0
          },
          {
               "Name": "Clapham Road / Stockwell Station",
               "Location": "51.47180996716393, -0.12294702680376242",
               "Audio": "",
               "AnnounceDistance": 20.0
          },
          {
               "Name": "Union Road",
               "Location": "51.46949850080264, -0.12573437205487992",
               "Audio": "",
               "AnnounceDistance": 20.0
          },
          {
               "Name": "Clapham North High Street Stns",
               "Location": "51.464955631508026, -0.13013879109349588",
               "Audio": "",
               "AnnounceDistance": 20.0
          },
          {
               "Name": "St Lukes Avenue",
               "Location": "51.46323425317179, -0.1338514132893716",
               "Audio": "",
               "AnnounceDistance": 20.0
          },
          {
               "Name": "Nelsons Row",
               "Location": "51.462561668660825, -0.1356639623113715",
               "Audio": "",
               "AnnounceDistance": 20.0
          },
          {
               "Name": "Clapham Common Station",
               "Location": "51.461135384995735, -0.13871637320950944",
               "Audio": "",
               "AnnounceDistance": 20.0
          },
          {
               "Name": "Elms Road / Windmill On The Common",
               "Location": "51.45658564479638, -0.14385304911750116",
               "Audio": "",
               "AnnounceDistance": 20.0
          },
          {
               "Name": "Lynette Avenue",
               "Location": "51.454796487302055, -0.1455808882376001",
               "Audio": "",
               "AnnounceDistance": 20.0
          },
          {
               "Name": "Clapham South Station",
               "Location": "51.45242634054704, -0.14753361088904696",
               "Audio": "",
               "AnnounceDistance": 20.0
          },
          {
               "Name": "Alderbrook Road",
               "Location": "51.44919494240782, -0.1479090647363691",
               "Audio": "",
               "AnnounceDistance": 20.0
          },
          {
               "Name": "Balham New Road",
               "Location": "51.44650362791671, -0.14945706258910443",
               "Audio": "",
               "AnnounceDistance": 20.0
          },
          {
               "Name": "Balham Station",
               "Location": "51.44390617975707, -0.1523969281937224",
               "Audio": "",
               "AnnounceDistance": 20.0
          },
          {
               "Name": "Du Cane Court",
               "Location": "51.441571854601925, -0.15434737241465832",
               "Audio": "",
               "AnnounceDistance": 20.0
          },
          {
               "Name": "Upper Tooting Park",
               "Location": "51.439107606145825, -0.15604385027031312",
               "Audio": "",
               "AnnounceDistance": 20.0
          },
          {
               "Name": "Tooting Bec Station",
               "Location": "51.43596132754141, -0.15897614409807398",
               "Audio": "",
               "AnnounceDistance": 20.0
          },
          {
               "Name": "Dafforne Road",
               "Location": "51.43472287307327, -0.1614286069290124",
               "Audio": "",
               "AnnounceDistance": 20.0
          },
          {
               "Name": "Lynwood Road",
               "Location": "51.432912331751176, -0.1635298188421485",
               "Audio": "",
               "AnnounceDistance": 20.0
          },
          {
               "Name": "Broadwater Road",
               "Location": "51.4302738253048, -0.1655920944594369",
               "Audio": "",
               "AnnounceDistance": 20.0
          },
          {
               "Name": "Tooting Broadway Station",
               "Location": "51.428478256501556, -0.16750532419366837",
               "Audio": "",
               "AnnounceDistance": 20.0
          },
          {
               "Name": "Garratt Lane / Tooting Broadway",
               "Location": "51.42839490163873, -0.16907665185789927",
               "Audio": "",
               "AnnounceDistance": 20.0
          },
          {
               "Name": "Fountain Road / Garratt Lane",
               "Location": "51.42958416999797, -0.1744093336652029",
               "Audio": "",
               "AnnounceDistance": 20.0
          },
          {
               "Name": "Cranmer Terrace",
               "Location": "51.428049482962386, -0.1769159745104533",
               "Audio": "",
               "AnnounceDistance": 20.0
          },
          {
               "Name": "Lambeth Cemetery",
               "Location": "51.42663877230497, -0.1793024402740296",
               "Audio": "",
               "AnnounceDistance": 20.0
          },
          {
               "Name": "Blackshaw Road",
               "Location": "51.42491211772129, -0.17698329971774304",
               "Audio": "",
               "AnnounceDistance": 20.0
          }
     ]
}