{
     "RouteNumber": "156",
     "Destination": "Vauxhall Bus Station",
     "RouteAudio": "",
     "DestinationAudio": "",
     "Stops": [
          {
               "Name": "Wimbledon Bus Station",
               "Location": "51.418873003342355, -0.20344238554235916",
               "Audio": "",
               "AnnounceDistance": 20.0
          },
          {
               "Name": "Wimbledon Station T",
               "Location": "51.42082979427111, -0.20673123499625953",
               "Audio": "",
               "AnnounceDistance": 20.0
          },
          {
               "Name": "Alexandra Road / Wimbledon T",
               "Location": "51.42202816790874, -0.20688569329299572",
               "Audio": "",
               "AnnounceDistance": 20.0
          },
          {
               "Name": "Wimbledon Magistrates Court",
               "Location": "51.424274507436046, -0.20324494678028965",
               "Audio": "",
               "AnnounceDistance": 20.0
          },
          {
               "Name": "Strathearn Road",
               "Location": "51.426505309836955, -0.20094221751223532",
               "Audio": "",
               "AnnounceDistance": 20.0
          },
          {
               "Name": "Avondale Road",
               "Location": "51.42775164655143, -0.19544135113925104",
               "Audio": "",
               "AnnounceDistance": 20.0
          },
          {
               "Name": "Gap Road / Plough Lane",
               "Location": "51.427777362918356, -0.19185846898429815",
               "Audio": "",
               "AnnounceDistance": 20.0
          },
          {
               "Name": "Pitt Crescent",
               "Location": "51.430971312787975, -0.1931278202416974",
               "Audio": "",
               "AnnounceDistance": 20.0
          },
          {
               "Name": "Wimbledon Park / Arthur Road",
               "Location": "51.434785848455924, -0.19615688832207667",
               "Audio": "",
               "AnnounceDistance": 20.0
          },
          {
               "Name": "Stroud Road",
               "Location": "51.43737629003151, -0.19736415108815344",
               "Audio": "",
               "AnnounceDistance": 20.0
          },
          {
               "Name": "Penwith Road",
               "Location": "51.43997967532339, -0.19707459753413473",
               "Audio": "",
               "AnnounceDistance": 20.0
          },
          {
               "Name": "Lavenham Road",
               "Location": "51.44269430196329, -0.1975864488046081",
               "Audio": "",
               "AnnounceDistance": 20.0
          },
          {
               "Name": "Southfields Academy",
               "Location": "51.44458233370376, -0.1981452839756803",
               "Audio": "",
               "AnnounceDistance": 20.0
          },
          {
               "Name": "Standen Road",
               "Location": "51.44718410020385, -0.19892072473710654",
               "Audio": "",
               "AnnounceDistance": 20.0
          },
          {
               "Name": "The Park Tavern",
               "Location": "51.45044494205322, -0.19928173715405906",
               "Audio": "",
               "AnnounceDistance": 20.0
          },
          {
               "Name": "Broomhill Road",
               "Location": "51.45488389202694, -0.1973078733306521",
               "Audio": "",
               "AnnounceDistance": 20.0
          },
          {
               "Name": "Wandsworth / Southside",
               "Location": "51.45628884596826, -0.19510782112759378",
               "Audio": "",
               "AnnounceDistance": 20.0
          },
          {
               "Name": "Wandsworth Plain",
               "Location": "51.45836552240752, -0.1950690868418046",
               "Audio": "",
               "AnnounceDistance": 20.0
          },
          {
               "Name": "Wandsworth Town Hall",
               "Location": "51.45763861011766, -0.1899157741169119",
               "Audio": "",
               "AnnounceDistance": 20.0
          },
          {
               "Name": "East Hill / Alma Road",
               "Location": "51.45770559111896, -0.18552282036903936",
               "Audio": "",
               "AnnounceDistance": 20.0
          },
          {
               "Name": "Marcilly Road",
               "Location": "51.459570086970615, -0.1804969858898499",
               "Audio": "",
               "AnnounceDistance": 20.0
          },
          {
               "Name": "Plough Road",
               "Location": "51.46133556330821, -0.1743230370827609",
               "Audio": "",
               "AnnounceDistance": 20.0
          },
          {
               "Name": "Clapham Junction Station",
               "Location": "51.46361745931469, -0.1684158519405359",
               "Audio": "",
               "AnnounceDistance": 20.0
          },
          {
               "Name": "Lavender Hill Police Station",
               "Location": "51.46421410465541, -0.16459127964466855",
               "Audio": "",
               "AnnounceDistance": 20.0
          },
          {
               "Name": "Battersea Arts Centre",
               "Location": "51.464649802594025, -0.16140653043150918",
               "Audio": "",
               "AnnounceDistance": 20.0
          },
          {
               "Name": "Tipthorpe Road",
               "Location": "51.46551547729525, -0.15640478729168483",
               "Audio": "",
               "AnnounceDistance": 20.0
          },
          {
               "Name": "Cedars Road",
               "Location": "51.46632588124957, -0.1513330988249154",
               "Audio": "",
               "AnnounceDistance": 20.0
          },
          {
               "Name": "Queenstown Road / Wandsworth Road",
               "Location": "51.46684680115127, -0.1507217520642874",
               "Audio": "",
               "AnnounceDistance": 20.0
          },
          {
               "Name": "Prairie Street",
               "Location": "51.47065747922718, -0.14944457752582885",
               "Audio": "",
               "AnnounceDistance": 20.0
          },
          {
               "Name": "Silverthorne Road",
               "Location": "51.47273913939672, -0.14858278090382093",
               "Audio": "",
               "AnnounceDistance": 20.0
          },
          {
               "Name": "Queenstown Road Station",
               "Location": "51.474359855455354, -0.14700518721915584",
               "Audio": "",
               "AnnounceDistance": 20.0
          },
          {
               "Name": "Battersea Park Station",
               "Location": "51.47700265563294, -0.14694128705319445",
               "Audio": "",
               "AnnounceDistance": 20.0
          },
          {
               "Name": "Battersea Dogs Cats Home",
               "Location": "51.47850412101388, -0.1446482677188616",
               "Audio": "",
               "AnnounceDistance": 20.0
          },
          {
               "Name": "Battersea Power Station R",
               "Location": "51.479872062320695, -0.14130921138259425",
               "Audio": "",
               "AnnounceDistance": 20.0
          },
          {
               "Name": "Riverlight Quay",
               "Location": "51.48165611136875, -0.1375641480792556",
               "Audio": "",
               "AnnounceDistance": 20.0
          },
          {
               "Name": "United States Embassy",
               "Location": "51.48316425036544, -0.13344118351825213",
               "Audio": "",
               "AnnounceDistance": 20.0
          },
          {
               "Name": "St George Wharf Pier R",
               "Location": "51.48462363356048, -0.12908949019806587",
               "Audio": "",
               "AnnounceDistance": 20.0
          },
          {
               "Name": "Vauxhall Bus Station",
               "Location": "51.4848585936462, -0.12465812045686894",
               "Audio": "",
               "AnnounceDistance": 20.0
          }
     ]
}