{
     "RouteNumber": "157",
     "Destination": "Crystal Palace Parade",
     "RouteAudio": "",
     "DestinationAudio": "",
     "Stops": [
          {
               "Name": "Morden Station",
               "Location": "51.40248869148944, -0.19409243963778106",
               "Audio": "",
               "AnnounceDistance": 20.0
          },
          {
               "Name": "Morden Hall",
               "Location": "51.402772902727406, -0.19094702205839387",
               "Audio": "",
               "AnnounceDistance": 20.0
          },
          {
               "Name": "Morden Hall Road / Central Road",
               "Location": "51.39970172443154, -0.18773291809529263",
               "Audio": "",
               "AnnounceDistance": 20.0
          },
          {
               "Name": "Connaught Gardens",
               "Location": "51.39725497672606, -0.18652145420889174",
               "Audio": "",
               "AnnounceDistance": 20.0
          },
          {
               "Name": "Langdon Walk",
               "Location": "51.3949892384181, -0.18712854478891022",
               "Audio": "",
               "AnnounceDistance": 20.0
          },
          {
               "Name": "Leominster Walk",
               "Location": "51.39276820899922, -0.18771943171731725",
               "Audio": "",
               "AnnounceDistance": 20.0
          },
          {
               "Name": "St Helier Avenue / Middleton Road",
               "Location": "51.39035034663654, -0.18837552649977873",
               "Audio": "",
               "AnnounceDistance": 20.0
          },
          {
               "Name": "Netley Gardens",
               "Location": "51.38778868468616, -0.189037225985592",
               "Audio": "",
               "AnnounceDistance": 20.0
          },
          {
               "Name": "St Helier Avenue / Rose Hill Roundabout",
               "Location": "51.3855483353491, -0.18954245041597342",
               "Audio": "",
               "AnnounceDistance": 20.0
          },
          {
               "Name": "Wrythe Lane / Rose Hill Roundabout",
               "Location": "51.38335413180974, -0.18837875657254627",
               "Audio": "",
               "AnnounceDistance": 20.0
          },
          {
               "Name": "St Helier Hospital",
               "Location": "51.38053152045495, -0.18264153371318195",
               "Audio": "",
               "AnnounceDistance": 20.0
          },
          {
               "Name": "Welbeck Road",
               "Location": "51.37871860217643, -0.17881916446995286",
               "Audio": "",
               "AnnounceDistance": 20.0
          },
          {
               "Name": "Muschamp Road",
               "Location": "51.375798850180765, -0.1772682663096331",
               "Audio": "",
               "AnnounceDistance": 20.0
          },
          {
               "Name": "Poulton Avenue",
               "Location": "51.37236603707609, -0.17395636362834174",
               "Audio": "",
               "AnnounceDistance": 20.0
          },
          {
               "Name": "Wrythe Green",
               "Location": "51.371328646929165, -0.17029086211327002",
               "Audio": "",
               "AnnounceDistance": 20.0
          },
          {
               "Name": "Wrythe Green Road",
               "Location": "51.37148910624105, -0.16847417297782102",
               "Audio": "",
               "AnnounceDistance": 20.0
          },
          {
               "Name": "Carshalton College",
               "Location": "51.37145631489456, -0.16637784219395582",
               "Audio": "",
               "AnnounceDistance": 20.0
          },
          {
               "Name": "Carshalton Station",
               "Location": "51.36830296669465, -0.1648516728429716",
               "Audio": "",
               "AnnounceDistance": 20.0
          },
          {
               "Name": "Carshalton Ponds",
               "Location": "51.36573242207939, -0.1637908206161707",
               "Audio": "",
               "AnnounceDistance": 20.0
          },
          {
               "Name": "Carshalton High Street",
               "Location": "51.36549930089215, -0.16039551303435887",
               "Audio": "",
               "AnnounceDistance": 20.0
          },
          {
               "Name": "Park Lane",
               "Location": "51.3652234050078, -0.15714561034661903",
               "Audio": "",
               "AnnounceDistance": 20.0
          },
          {
               "Name": "Parkgate Road",
               "Location": "51.363556725966575, -0.15238589274562134",
               "Audio": "",
               "AnnounceDistance": 20.0
          },
          {
               "Name": "Wallington Station / Manor Road",
               "Location": "51.361393734430635, -0.15037575257191702",
               "Audio": "",
               "AnnounceDistance": 20.0
          },
          {
               "Name": "Wallington Town Centre",
               "Location": "51.35904306183456, -0.14957990435921367",
               "Audio": "",
               "AnnounceDistance": 20.0
          },
          {
               "Name": "Stafford Road / Woodcote Road",
               "Location": "51.357682452542804, -0.14827023798856395",
               "Audio": "",
               "AnnounceDistance": 20.0
          },
          {
               "Name": "Elgin Road",
               "Location": "51.358494103857325, -0.14500574827923662",
               "Audio": "",
               "AnnounceDistance": 20.0
          },
          {
               "Name": "Milton Road",
               "Location": "51.35922068135583, -0.14148603942893642",
               "Audio": "",
               "AnnounceDistance": 20.0
          },
          {
               "Name": "Stafford Road / Sandy Lane South",
               "Location": "51.35974518952532, -0.1371413127172853",
               "Audio": "",
               "AnnounceDistance": 20.0
          },
          {
               "Name": "Mellows Park",
               "Location": "51.36006832752837, -0.1331494065244811",
               "Audio": "",
               "AnnounceDistance": 20.0
          },
          {
               "Name": "Plough Lane",
               "Location": "51.36048142695493, -0.12916814047410433",
               "Audio": "",
               "AnnounceDistance": 20.0
          },
          {
               "Name": "Hannibal Way",
               "Location": "51.36098032591391, -0.12549930926104885",
               "Audio": "",
               "AnnounceDistance": 20.0
          },
          {
               "Name": "The Chase",
               "Location": "51.361827268833935, -0.1227929417663657",
               "Audio": "",
               "AnnounceDistance": 20.0
          },
          {
               "Name": "Waddon Leisure Centre / Fiveways",
               "Location": "51.364196839504736, -0.11914784510798396",
               "Audio": "",
               "AnnounceDistance": 20.0
          },
          {
               "Name": "Waddon Station",
               "Location": "51.36707511236688, -0.11638654797322748",
               "Audio": "",
               "AnnounceDistance": 20.0
          },
          {
               "Name": "Epsom Road",
               "Location": "51.36972610238144, -0.11347620318269086",
               "Audio": "",
               "AnnounceDistance": 20.0
          },
          {
               "Name": "Rectory Grove",
               "Location": "51.373320762978445, -0.10942032334958841",
               "Audio": "",
               "AnnounceDistance": 20.0
          },
          {
               "Name": "Reeves Corner",
               "Location": "51.37456834304686, -0.10537449043561958",
               "Audio": "",
               "AnnounceDistance": 20.0
          },
          {
               "Name": "Tamworth Road / Centrale Tram Stop",
               "Location": "51.37598182775484, -0.10380739428650275",
               "Audio": "",
               "AnnounceDistance": 20.0
          },
          {
               "Name": "Ruskin Road",
               "Location": "51.37728435915679, -0.10316442631278026",
               "Audio": "",
               "AnnounceDistance": 20.0
          },
          {
               "Name": "West Croydon Bus Station",
               "Location": "51.37915767397375, -0.10111830356320584",
               "Audio": "",
               "AnnounceDistance": 20.0
          },
          {
               "Name": "Bedford Hall",
               "Location": "51.38137757088413, -0.09937380473887278",
               "Audio": "",
               "AnnounceDistance": 20.0
          },
          {
               "Name": "Hogarth Crescent",
               "Location": "51.383702660938766, -0.09967987512910409",
               "Audio": "",
               "AnnounceDistance": 20.0
          },
          {
               "Name": "Devonshire Road",
               "Location": "51.38635600716253, -0.09693984554618086",
               "Audio": "",
               "AnnounceDistance": 20.0
          },
          {
               "Name": "Beaconsfield Road",
               "Location": "51.38814690717802, -0.09370353637343333",
               "Audio": "",
               "AnnounceDistance": 20.0
          },
          {
               "Name": "Selhurst New Road",
               "Location": "51.38934360337149, -0.08932748546677159",
               "Audio": "",
               "AnnounceDistance": 20.0
          },
          {
               "Name": "Selhurst Station",
               "Location": "51.39211571455746, -0.08781771698145725",
               "Audio": "",
               "AnnounceDistance": 20.0
          },
          {
               "Name": "Clifton Road",
               "Location": "51.39483542946929, -0.08530370685705027",
               "Audio": "",
               "AnnounceDistance": 20.0
          },
          {
               "Name": "Park Road",
               "Location": "51.396385889815114, -0.08278077994932127",
               "Audio": "",
               "AnnounceDistance": 20.0
          },
          {
               "Name": "Russell Court",
               "Location": "51.39721289582233, -0.08001483267062666",
               "Audio": "",
               "AnnounceDistance": 20.0
          },
          {
               "Name": "South Norwood Clock Tower",
               "Location": "51.39801735432988, -0.07752287144005263",
               "Audio": "",
               "AnnounceDistance": 20.0
          },
          {
               "Name": "Portland Road",
               "Location": "51.399043807437714, -0.07540965883468383",
               "Audio": "",
               "AnnounceDistance": 20.0
          },
          {
               "Name": "Sunnybank",
               "Location": "51.40228541644659, -0.07074474834645811",
               "Audio": "",
               "AnnounceDistance": 20.0
          },
          {
               "Name": "Selby Road",
               "Location": "51.40495882982764, -0.06708084971716187",
               "Audio": "",
               "AnnounceDistance": 20.0
          },
          {
               "Name": "Anerley / The Mitre",
               "Location": "51.40626743452894, -0.06463883793081371",
               "Audio": "",
               "AnnounceDistance": 20.0
          },
          {
               "Name": "Samos Road",
               "Location": "51.40703355417875, -0.06311110125406873",
               "Audio": "",
               "AnnounceDistance": 20.0
          },
          {
               "Name": "Croydon Road / Elmers End Road",
               "Location": "51.40832785485399, -0.060353126511401324",
               "Audio": "",
               "AnnounceDistance": 20.0
          },
          {
               "Name": "Maple Road",
               "Location": "51.40938811646543, -0.061386717057935164",
               "Audio": "",
               "AnnounceDistance": 20.0
          },
          {
               "Name": "Seymour Villas",
               "Location": "51.41011103359671, -0.06431835766308225",
               "Audio": "",
               "AnnounceDistance": 20.0
          },
          {
               "Name": "Anerley Road / Anerley Station",
               "Location": "51.41188812015426, -0.0668317447720391",
               "Audio": "",
               "AnnounceDistance": 20.0
          },
          {
               "Name": "Anerley Park",
               "Location": "51.413251054081414, -0.06877316472653483",
               "Audio": "",
               "AnnounceDistance": 20.0
          },
          {
               "Name": "Thicket Road",
               "Location": "51.41437320948821, -0.0702934050237369",
               "Audio": "",
               "AnnounceDistance": 20.0
          },
          {
               "Name": "Crystal Palace Station",
               "Location": "51.417288370642325, -0.07366544597947755",
               "Audio": "",
               "AnnounceDistance": 20.0
          },
          {
               "Name": "Anerley Hill / Crystal Palace",
               "Location": "51.41977182283546, -0.07758818983774995",
               "Audio": "",
               "AnnounceDistance": 20.0
          },
          {
               "Name": "Crystal Palace Parade",
               "Location": "51.42083550364114, -0.07829147488218373",
               "Audio": "",
               "AnnounceDistance": 20.0
          }
     ]
}