{
     "RouteNumber": "158",
     "Destination": "Stratford Bus Station",
     "RouteAudio": "",
     "DestinationAudio": "",
     "Stops": [
          {
               "Name": "Chingford Mount",
               "Location": "51.617142032883756, -0.018181126954168726",
               "Audio": "",
               "AnnounceDistance": 20.0
          },
          {
               "Name": "Hall Lane",
               "Location": "51.6166244409971, -0.017351419784324622",
               "Audio": "",
               "AnnounceDistance": 20.0
          },
          {
               "Name": "Larkswood Road",
               "Location": "51.61388374169771, -0.01747085867406751",
               "Audio": "",
               "AnnounceDistance": 20.0
          },
          {
               "Name": "Ainslie Wood Road",
               "Location": "51.61214657005751, -0.01790764419281514",
               "Audio": "",
               "AnnounceDistance": 20.0
          },
          {
               "Name": "Leonard Road",
               "Location": "51.60957729914519, -0.01752850885004336",
               "Audio": "",
               "AnnounceDistance": 20.0
          },
          {
               "Name": "Higham Station Avenue",
               "Location": "51.607317169212145, -0.01681821672619093",
               "Audio": "",
               "AnnounceDistance": 20.0
          },
          {
               "Name": "Rowden Park Gardens",
               "Location": "51.60518917895628, -0.01647770783416553",
               "Audio": "",
               "AnnounceDistance": 20.0
          },
          {
               "Name": "Walthamstow Stadium",
               "Location": "51.603470431212344, -0.016408206374935907",
               "Audio": "",
               "AnnounceDistance": 20.0
          },
          {
               "Name": "Waltham Park Way",
               "Location": "51.60048988644846, -0.018299764335202428",
               "Audio": "",
               "AnnounceDistance": 20.0
          },
          {
               "Name": "Cecil Road",
               "Location": "51.600316346208004, -0.020805411310289883",
               "Audio": "",
               "AnnounceDistance": 20.0
          },
          {
               "Name": "Walthamstow Academy",
               "Location": "51.599884583448805, -0.022932380175152308",
               "Audio": "",
               "AnnounceDistance": 20.0
          },
          {
               "Name": "North Countess Road",
               "Location": "51.599512996784846, -0.026500653919379894",
               "Audio": "",
               "AnnounceDistance": 20.0
          },
          {
               "Name": "Guildsway",
               "Location": "51.59959718777935, -0.029370482379305327",
               "Audio": "",
               "AnnounceDistance": 20.0
          },
          {
               "Name": "Higham Hill Road",
               "Location": "51.598931248140225, -0.03631576993496258",
               "Audio": "",
               "AnnounceDistance": 20.0
          },
          {
               "Name": "Lawrence Avenue",
               "Location": "51.598697135921675, -0.03844844422515046",
               "Audio": "",
               "AnnounceDistance": 20.0
          },
          {
               "Name": "Worcester Road",
               "Location": "51.59663047757991, -0.041237516661442375",
               "Audio": "",
               "AnnounceDistance": 20.0
          },
          {
               "Name": "Shakespeare Road",
               "Location": "51.59375708719986, -0.03987405439201092",
               "Audio": "",
               "AnnounceDistance": 20.0
          },
          {
               "Name": "Priestley Way",
               "Location": "51.591597301417416, -0.03977935071337836",
               "Audio": "",
               "AnnounceDistance": 20.0
          },
          {
               "Name": "Blenheim Road",
               "Location": "51.58940959282708, -0.0396281099405295",
               "Audio": "",
               "AnnounceDistance": 20.0
          },
          {
               "Name": "Forest Road",
               "Location": "51.58765772108422, -0.04026652107256154",
               "Audio": "",
               "AnnounceDistance": 20.0
          },
          {
               "Name": "Blackhorse Road Station",
               "Location": "51.58621127758029, -0.039809093384456824",
               "Audio": "",
               "AnnounceDistance": 20.0
          },
          {
               "Name": "Longfield Avenue",
               "Location": "51.584309937115684, -0.03742258924538494",
               "Audio": "",
               "AnnounceDistance": 20.0
          },
          {
               "Name": "Walthamstow Market",
               "Location": "51.58189083704309, -0.03419258022441844",
               "Audio": "",
               "AnnounceDistance": 20.0
          },
          {
               "Name": "St Jamess Street Station",
               "Location": "51.580301161712406, -0.032702371844951804",
               "Audio": "",
               "AnnounceDistance": 20.0
          },
          {
               "Name": "Markhouse Avenue",
               "Location": "51.57877757855001, -0.030328997442126443",
               "Audio": "",
               "AnnounceDistance": 20.0
          },
          {
               "Name": "Queens Road",
               "Location": "51.57587294088986, -0.02979070491711153",
               "Audio": "",
               "AnnounceDistance": 20.0
          },
          {
               "Name": "St Saviours Church",
               "Location": "51.57305432741877, -0.027949949728807544",
               "Audio": "",
               "AnnounceDistance": 20.0
          },
          {
               "Name": "Lea Bridge Road",
               "Location": "51.57086787084854, -0.02573570119510796",
               "Audio": "",
               "AnnounceDistance": 20.0
          },
          {
               "Name": "Gloucester Road",
               "Location": "51.56984202534179, -0.024091818328031676",
               "Audio": "",
               "AnnounceDistance": 20.0
          },
          {
               "Name": "Capworth Street",
               "Location": "51.56717802515708, -0.021826487661174763",
               "Audio": "",
               "AnnounceDistance": 20.0
          },
          {
               "Name": "Park Road",
               "Location": "51.56561856226273, -0.020537866980964874",
               "Audio": "",
               "AnnounceDistance": 20.0
          },
          {
               "Name": "Villiers Close",
               "Location": "51.564377665877394, -0.01787921461177926",
               "Audio": "",
               "AnnounceDistance": 20.0
          },
          {
               "Name": "Oliver Road",
               "Location": "51.563463131935336, -0.015379631115840085",
               "Audio": "",
               "AnnounceDistance": 20.0
          },
          {
               "Name": "Grange Park Road",
               "Location": "51.56322325577069, -0.010773088437450186",
               "Audio": "",
               "AnnounceDistance": 20.0
          },
          {
               "Name": "Buckingham Road",
               "Location": "51.56057008133003, -0.009691412850364406",
               "Audio": "",
               "AnnounceDistance": 20.0
          },
          {
               "Name": "Leyton Library",
               "Location": "51.559066222498494, -0.007448789330555905",
               "Audio": "",
               "AnnounceDistance": 20.0
          },
          {
               "Name": "Leyton Station",
               "Location": "51.55592034884841, -0.005422416491238094",
               "Audio": "",
               "AnnounceDistance": 20.0
          },
          {
               "Name": "Millais Road",
               "Location": "51.55391959127906, -0.0051637408887869485",
               "Audio": "",
               "AnnounceDistance": 20.0
          },
          {
               "Name": "Drapers Field",
               "Location": "51.55183811991732, -0.0043893352549152255",
               "Audio": "",
               "AnnounceDistance": 20.0
          },
          {
               "Name": "Chobham Road",
               "Location": "51.54945234835697, -0.003700438497078751",
               "Audio": "",
               "AnnounceDistance": 20.0
          },
          {
               "Name": "Thornham Grove",
               "Location": "51.547814179860836, -0.0020269397372355336",
               "Audio": "",
               "AnnounceDistance": 20.0
          },
          {
               "Name": "Windmill Lane",
               "Location": "51.54593779022482, -0.0006236117032631579",
               "Audio": "",
               "AnnounceDistance": 20.0
          },
          {
               "Name": "Stratford Bus Station",
               "Location": "51.5414354000925, -0.002378460023495198",
               "Audio": "",
               "AnnounceDistance": 20.0
          }
     ]
}