{
     "RouteNumber": "158",
     "Destination": "Chingford Mount",
     "RouteAudio": "",
     "DestinationAudio": "",
     "Stops": [
          {
               "Name": "Stratford Bus Station",
               "Location": "51.5412376148228, -0.0018535393133698322",
               "Audio": "",
               "AnnounceDistance": 20.0
          },
          {
               "Name": "Angel Lane",
               "Location": "51.54285021702903, -0.00044168117372023826",
               "Audio": "",
               "AnnounceDistance": 20.0
          },
          {
               "Name": "Windmill Lane",
               "Location": "51.545322817870314, -0.00041981229374383393",
               "Audio": "",
               "AnnounceDistance": 20.0
          },
          {
               "Name": "Thornham Grove",
               "Location": "51.54781835239485, -0.002271951845846584",
               "Audio": "",
               "AnnounceDistance": 20.0
          },
          {
               "Name": "Chobham Road",
               "Location": "51.54963507457823, -0.0028125871414926363",
               "Audio": "",
               "AnnounceDistance": 20.0
          },
          {
               "Name": "Drapers Field",
               "Location": "51.55167784429477, -0.004482896574634159",
               "Audio": "",
               "AnnounceDistance": 20.0
          },
          {
               "Name": "Millais Road",
               "Location": "51.554363577947115, -0.005360694526938008",
               "Audio": "",
               "AnnounceDistance": 20.0
          },
          {
               "Name": "Leyton Station",
               "Location": "51.55714038909895, -0.006306739127038644",
               "Audio": "",
               "AnnounceDistance": 20.0
          },
          {
               "Name": "Leyton Library",
               "Location": "51.55913499944311, -0.0077920263032225795",
               "Audio": "",
               "AnnounceDistance": 20.0
          },
          {
               "Name": "Buckingham Road",
               "Location": "51.560781404328004, -0.009956304736627989",
               "Audio": "",
               "AnnounceDistance": 20.0
          },
          {
               "Name": "Grange Park Road",
               "Location": "51.562413298637566, -0.010736298214770118",
               "Audio": "",
               "AnnounceDistance": 20.0
          },
          {
               "Name": "Goldsmith Road",
               "Location": "51.56381175315548, -0.013661915035257838",
               "Audio": "",
               "AnnounceDistance": 20.0
          },
          {
               "Name": "Oliver Road",
               "Location": "51.563270317654094, -0.01567658874957296",
               "Audio": "",
               "AnnounceDistance": 20.0
          },
          {
               "Name": "Villiers Close",
               "Location": "51.56443674065012, -0.019247349138569486",
               "Audio": "",
               "AnnounceDistance": 20.0
          },
          {
               "Name": "Park Road",
               "Location": "51.56550296054763, -0.020615031897173786",
               "Audio": "",
               "AnnounceDistance": 20.0
          },
          {
               "Name": "Capworth Street",
               "Location": "51.56756467333008, -0.022358022929020907",
               "Audio": "",
               "AnnounceDistance": 20.0
          },
          {
               "Name": "Gloucester Road",
               "Location": "51.569636318474096, -0.024158458488421946",
               "Audio": "",
               "AnnounceDistance": 20.0
          },
          {
               "Name": "Lea Bridge Road",
               "Location": "51.57114521432512, -0.026185462809883892",
               "Audio": "",
               "AnnounceDistance": 20.0
          },
          {
               "Name": "St Saviours Church",
               "Location": "51.57364082186422, -0.02860283837429154",
               "Audio": "",
               "AnnounceDistance": 20.0
          },
          {
               "Name": "Queens Road",
               "Location": "51.57673947356691, -0.029984147247482575",
               "Audio": "",
               "AnnounceDistance": 20.0
          },
          {
               "Name": "Markhouse Avenue",
               "Location": "51.57923317350852, -0.03068455909786696",
               "Audio": "",
               "AnnounceDistance": 20.0
          },
          {
               "Name": "St Jamess Street Station",
               "Location": "51.58109430965006, -0.03334650023524057",
               "Audio": "",
               "AnnounceDistance": 20.0
          },
          {
               "Name": "Hazelwood Road",
               "Location": "51.582315066213134, -0.034823805101508246",
               "Audio": "",
               "AnnounceDistance": 20.0
          },
          {
               "Name": "Longfield Avenue",
               "Location": "51.58460279758807, -0.03772753527432778",
               "Audio": "",
               "AnnounceDistance": 20.0
          },
          {
               "Name": "Blackhorse Road Station",
               "Location": "51.586581801876186, -0.04045717523261612",
               "Audio": "",
               "AnnounceDistance": 20.0
          },
          {
               "Name": "Forest Road",
               "Location": "51.58813325982607, -0.040202748611619515",
               "Audio": "",
               "AnnounceDistance": 20.0
          },
          {
               "Name": "Priestley Way",
               "Location": "51.59106416146208, -0.0401632240096435",
               "Audio": "",
               "AnnounceDistance": 20.0
          },
          {
               "Name": "Shakespeare Road",
               "Location": "51.593617165468316, -0.04011108101250637",
               "Audio": "",
               "AnnounceDistance": 20.0
          },
          {
               "Name": "Clarence Road",
               "Location": "51.59524325340495, -0.04109506733023287",
               "Audio": "",
               "AnnounceDistance": 20.0
          },
          {
               "Name": "Worcester Road",
               "Location": "51.59690511579611, -0.0415289127097041",
               "Audio": "",
               "AnnounceDistance": 20.0
          },
          {
               "Name": "Lawrence Avenue",
               "Location": "51.59879808748793, -0.03910830261862281",
               "Audio": "",
               "AnnounceDistance": 20.0
          },
          {
               "Name": "Higham Hill Road",
               "Location": "51.5990135708456, -0.03639885498699926",
               "Audio": "",
               "AnnounceDistance": 20.0
          },
          {
               "Name": "Folly Lane",
               "Location": "51.59946854748345, -0.03242279530225845",
               "Audio": "",
               "AnnounceDistance": 20.0
          },
          {
               "Name": "Guildsway",
               "Location": "51.599688522358356, -0.02891890015232138",
               "Audio": "",
               "AnnounceDistance": 20.0
          },
          {
               "Name": "North Countess Road",
               "Location": "51.59961694623515, -0.02626511355600456",
               "Audio": "",
               "AnnounceDistance": 20.0
          },
          {
               "Name": "Walthamstow Academy",
               "Location": "51.59998731773548, -0.023158953568945966",
               "Audio": "",
               "AnnounceDistance": 20.0
          },
          {
               "Name": "Waltham Park Way",
               "Location": "51.600577824481014, -0.01871469346905323",
               "Audio": "",
               "AnnounceDistance": 20.0
          },
          {
               "Name": "Walthamstow Stadium",
               "Location": "51.602441196729764, -0.0166985512492117",
               "Audio": "",
               "AnnounceDistance": 20.0
          },
          {
               "Name": "Rowden Road",
               "Location": "51.60559915360853, -0.01679199402837822",
               "Audio": "",
               "AnnounceDistance": 20.0
          },
          {
               "Name": "Higham Station Avenue",
               "Location": "51.60706848969683, -0.01700235799765025",
               "Audio": "",
               "AnnounceDistance": 20.0
          },
          {
               "Name": "Leonard Road",
               "Location": "51.60970773300819, -0.0177972396656744",
               "Audio": "",
               "AnnounceDistance": 20.0
          },
          {
               "Name": "Hampton Road",
               "Location": "51.61281615762732, -0.018152906124741543",
               "Audio": "",
               "AnnounceDistance": 20.0
          },
          {
               "Name": "Hall Lane",
               "Location": "51.6160699970562, -0.017534477098049953",
               "Audio": "",
               "AnnounceDistance": 20.0
          },
          {
               "Name": "Chingford Mount",
               "Location": "51.61719737846205, -0.01773091456890108",
               "Audio": "",
               "AnnounceDistance": 20.0
          }
     ]
}