{
     "RouteNumber": "159",
     "Destination": "Streatham Station",
     "RouteAudio": "",
     "DestinationAudio": "",
     "Stops": [
          {
               "Name": "Lower Marsh",
               "Location": "51.50002014853145, -0.11456981775584876",
               "Audio": "",
               "AnnounceDistance": 20.0
          },
          {
               "Name": "Lambeth North Station",
               "Location": "51.49811823075399, -0.11205499119416511",
               "Audio": "",
               "AnnounceDistance": 20.0
          },
          {
               "Name": "Kennington Road / Imperial War Museum",
               "Location": "51.494743281852976, -0.11076822218076966",
               "Audio": "",
               "AnnounceDistance": 20.0
          },
          {
               "Name": "Fitzalan Street",
               "Location": "51.49202979765616, -0.11090921657435976",
               "Audio": "",
               "AnnounceDistance": 20.0
          },
          {
               "Name": "Kennington Lane",
               "Location": "51.48968568963565, -0.11109254133166459",
               "Audio": "",
               "AnnounceDistance": 20.0
          },
          {
               "Name": "Windmill Row",
               "Location": "51.48757476799314, -0.1112373998090159",
               "Audio": "",
               "AnnounceDistance": 20.0
          },
          {
               "Name": "Kennington Park Post Office",
               "Location": "51.48494459571638, -0.11040987887436986",
               "Audio": "",
               "AnnounceDistance": 20.0
          },
          {
               "Name": "St Marks Church",
               "Location": "51.480369314739356, -0.11108865228422479",
               "Audio": "",
               "AnnounceDistance": 20.0
          },
          {
               "Name": "Vassall Road",
               "Location": "51.47605630900662, -0.11241886286711011",
               "Audio": "",
               "AnnounceDistance": 20.0
          },
          {
               "Name": "Groveway",
               "Location": "51.4734614922118, -0.11266997038226774",
               "Audio": "",
               "AnnounceDistance": 20.0
          },
          {
               "Name": "Loughborough Road",
               "Location": "51.469752748257605, -0.11243426907662188",
               "Audio": "",
               "AnnounceDistance": 20.0
          },
          {
               "Name": "Villa Road",
               "Location": "51.46750011528183, -0.11271440479165948",
               "Audio": "",
               "AnnounceDistance": 20.0
          },
          {
               "Name": "Brixton Road / Brixton Police Station",
               "Location": "51.465394087739284, -0.11372270862379846",
               "Audio": "",
               "AnnounceDistance": 20.0
          },
          {
               "Name": "Brixton Station",
               "Location": "51.46191173876967, -0.11526270124838871",
               "Audio": "",
               "AnnounceDistance": 20.0
          },
          {
               "Name": "Rush Common",
               "Location": "51.45846418083326, -0.11729044334737623",
               "Audio": "",
               "AnnounceDistance": 20.0
          },
          {
               "Name": "Brixton Water Lane",
               "Location": "51.456122161269214, -0.11872545844741297",
               "Audio": "",
               "AnnounceDistance": 20.0
          },
          {
               "Name": "Blenheim Gardens",
               "Location": "51.45406538926714, -0.12000467090280958",
               "Audio": "",
               "AnnounceDistance": 20.0
          },
          {
               "Name": "Jebb Avenue / Brixton Prison",
               "Location": "51.452214142987756, -0.1212033640290297",
               "Audio": "",
               "AnnounceDistance": 20.0
          },
          {
               "Name": "New Park Road",
               "Location": "51.44881830847337, -0.12365983931374573",
               "Audio": "",
               "AnnounceDistance": 20.0
          },
          {
               "Name": "Holmewood Road",
               "Location": "51.44706450683884, -0.12420664459301592",
               "Audio": "",
               "AnnounceDistance": 20.0
          },
          {
               "Name": "Streatham Hill / Christchurch Road",
               "Location": "51.44429152020265, -0.12456491263960204",
               "Audio": "",
               "AnnounceDistance": 20.0
          },
          {
               "Name": "Telford Avenue",
               "Location": "51.442013735746244, -0.12439921358890153",
               "Audio": "",
               "AnnounceDistance": 20.0
          },
          {
               "Name": "Streatham Hill Stn / Streatham Hill",
               "Location": "51.43940408075149, -0.1259737799906325",
               "Audio": "",
               "AnnounceDistance": 20.0
          },
          {
               "Name": "Leigham Court Road",
               "Location": "51.437186143599725, -0.12730193419958782",
               "Audio": "",
               "AnnounceDistance": 20.0
          },
          {
               "Name": "Mount Ephraim Road",
               "Location": "51.43595401018427, -0.127855895612534",
               "Audio": "",
               "AnnounceDistance": 20.0
          },
          {
               "Name": "Kingscourt Road",
               "Location": "51.43473502558154, -0.12810715514990795",
               "Audio": "",
               "AnnounceDistance": 20.0
          },
          {
               "Name": "Becmead Avenue",
               "Location": "51.43234588951511, -0.12885220763670732",
               "Audio": "",
               "AnnounceDistance": 20.0
          },
          {
               "Name": "St Leonards Church",
               "Location": "51.42846760755663, -0.13095267224536153",
               "Audio": "",
               "AnnounceDistance": 20.0
          },
          {
               "Name": "Streatham Station",
               "Location": "51.425218236560085, -0.13189077847119263",
               "Audio": "",
               "AnnounceDistance": 20.0
          }
     ]
}