{
     "RouteNumber": "159",
     "Destination": "Lower Marsh",
     "RouteAudio": "",
     "DestinationAudio": "",
     "Stops": [
          {
               "Name": "Streatham Station",
               "Location": "51.42545955449018, -0.13123363913151526",
               "Audio": "",
               "AnnounceDistance": 20.0
          },
          {
               "Name": "St Leonards Church",
               "Location": "51.42854248192211, -0.13113662664200096",
               "Audio": "",
               "AnnounceDistance": 20.0
          },
          {
               "Name": "Becmead Avenue",
               "Location": "51.43281549664888, -0.12897688711734906",
               "Audio": "",
               "AnnounceDistance": 20.0
          },
          {
               "Name": "Kingscourt Road",
               "Location": "51.43448867688229, -0.128448131954129",
               "Audio": "",
               "AnnounceDistance": 20.0
          },
          {
               "Name": "Mount Ephraim Road",
               "Location": "51.43594131816063, -0.12818733162503565",
               "Audio": "",
               "AnnounceDistance": 20.0
          },
          {
               "Name": "Streatham Hill Stn / Streatham Hill",
               "Location": "51.4393819478648, -0.12627685041238107",
               "Audio": "",
               "AnnounceDistance": 20.0
          },
          {
               "Name": "Barrhill Road",
               "Location": "51.44078252098012, -0.1255720143858337",
               "Audio": "",
               "AnnounceDistance": 20.0
          },
          {
               "Name": "Telford Avenue",
               "Location": "51.442976912066136, -0.12502168741422945",
               "Audio": "",
               "AnnounceDistance": 20.0
          },
          {
               "Name": "Christchurch Road",
               "Location": "51.444591763368635, -0.12478285847693302",
               "Audio": "",
               "AnnounceDistance": 20.0
          },
          {
               "Name": "Holmewood Road",
               "Location": "51.446950440895534, -0.1243840132126781",
               "Audio": "",
               "AnnounceDistance": 20.0
          },
          {
               "Name": "New Park Road",
               "Location": "51.44885724787639, -0.12384533595377256",
               "Audio": "",
               "AnnounceDistance": 20.0
          },
          {
               "Name": "Jebb Avenue / Brixton Prison",
               "Location": "51.45107813340878, -0.12214233454146627",
               "Audio": "",
               "AnnounceDistance": 20.0
          },
          {
               "Name": "Blenheim Gardens",
               "Location": "51.45431816994901, -0.12006625310139096",
               "Audio": "",
               "AnnounceDistance": 20.0
          },
          {
               "Name": "Rush Common",
               "Location": "51.45710469359809, -0.11831080686967911",
               "Audio": "",
               "AnnounceDistance": 20.0
          },
          {
               "Name": "Lambeth Town Hall",
               "Location": "51.459911240779796, -0.11668387482266443",
               "Audio": "",
               "AnnounceDistance": 20.0
          },
          {
               "Name": "Brixton Station",
               "Location": "51.46241637904573, -0.11532828650423158",
               "Audio": "",
               "AnnounceDistance": 20.0
          },
          {
               "Name": "Brixton Road / Brixton Police Station",
               "Location": "51.4656125447434, -0.11388646458363436",
               "Audio": "",
               "AnnounceDistance": 20.0
          },
          {
               "Name": "Villa Road",
               "Location": "51.46742247791722, -0.11291917523453011",
               "Audio": "",
               "AnnounceDistance": 20.0
          },
          {
               "Name": "Loughborough Road",
               "Location": "51.46958478197982, -0.11261398125550735",
               "Audio": "",
               "AnnounceDistance": 20.0
          },
          {
               "Name": "Groveway",
               "Location": "51.472691653554286, -0.11288893407069463",
               "Audio": "",
               "AnnounceDistance": 20.0
          },
          {
               "Name": "Hillyard Street",
               "Location": "51.474712949010225, -0.11276231642716354",
               "Audio": "",
               "AnnounceDistance": 20.0
          },
          {
               "Name": "Vassall Road",
               "Location": "51.47730660711649, -0.11243924948465076",
               "Audio": "",
               "AnnounceDistance": 20.0
          },
          {
               "Name": "St Marks Church",
               "Location": "51.48071103754071, -0.11108893470567588",
               "Audio": "",
               "AnnounceDistance": 20.0
          },
          {
               "Name": "Kennington Park Post Office",
               "Location": "51.48506032002074, -0.11089480356595346",
               "Audio": "",
               "AnnounceDistance": 20.0
          },
          {
               "Name": "Windmill Row",
               "Location": "51.487704057919, -0.11144811728046274",
               "Audio": "",
               "AnnounceDistance": 20.0
          },
          {
               "Name": "Kennington Lane",
               "Location": "51.48992258710768, -0.11128441611441556",
               "Audio": "",
               "AnnounceDistance": 20.0
          },
          {
               "Name": "Fitzalan Street",
               "Location": "51.49280612244824, -0.11109320784655066",
               "Audio": "",
               "AnnounceDistance": 20.0
          },
          {
               "Name": "Kennington Road / Imperial War Museum",
               "Location": "51.495694293927386, -0.11118990992382376",
               "Audio": "",
               "AnnounceDistance": 20.0
          },
          {
               "Name": "Lambeth North Station",
               "Location": "51.49793159852079, -0.11219236865850479",
               "Audio": "",
               "AnnounceDistance": 20.0
          },
          {
               "Name": "Lower Marsh",
               "Location": "51.49957193416667, -0.11409845158728957",
               "Audio": "",
               "AnnounceDistance": 20.0
          }
     ]
}