{
     "RouteNumber": "15",
     "Destination": "Charing Cross Station",
     "RouteAudio": "",
     "DestinationAudio": "",
     "Stops": [
          {
               "Name": "Blackwall Station",
               "Location": "51.5083296848805, -0.007444000554760776",
               "Audio": "",
               "AnnounceDistance": 20.0
          },
          {
               "Name": "Poplar High Street / Blackwall",
               "Location": "51.50872537177477, -0.010092745056764925",
               "Audio": "",
               "AnnounceDistance": 20.0
          },
          {
               "Name": "Bazely Street",
               "Location": "51.51116029689483, -0.0120907363879267",
               "Audio": "",
               "AnnounceDistance": 20.0
          },
          {
               "Name": "Poplar Recreation Ground",
               "Location": "51.51093934303315, -0.016567934810361534",
               "Audio": "",
               "AnnounceDistance": 20.0
          },
          {
               "Name": "Upper North Street",
               "Location": "51.51075123906318, -0.020337501236348504",
               "Audio": "",
               "AnnounceDistance": 20.0
          },
          {
               "Name": "University Of Cumbria In London",
               "Location": "51.511248129833625, -0.024740329625674108",
               "Audio": "",
               "AnnounceDistance": 20.0
          },
          {
               "Name": "Burdett Road",
               "Location": "51.511632020781335, -0.02724577874141956",
               "Audio": "",
               "AnnounceDistance": 20.0
          },
          {
               "Name": "Limehouse Town Hall",
               "Location": "51.51223459512481, -0.030995670780529495",
               "Audio": "",
               "AnnounceDistance": 20.0
          },
          {
               "Name": "Lowell Street",
               "Location": "51.512416205793734, -0.03431700639838622",
               "Audio": "",
               "AnnounceDistance": 20.0
          },
          {
               "Name": "Limehouse Station",
               "Location": "51.51268936812277, -0.04043037045201361",
               "Audio": "",
               "AnnounceDistance": 20.0
          },
          {
               "Name": "Stepney Methodist Church",
               "Location": "51.513099068183855, -0.043424932761033444",
               "Audio": "",
               "AnnounceDistance": 20.0
          },
          {
               "Name": "Marion Richardson School",
               "Location": "51.513114367827214, -0.04596081996043565",
               "Audio": "",
               "AnnounceDistance": 20.0
          },
          {
               "Name": "Exmouth Estate",
               "Location": "51.51354010032633, -0.04938714146222733",
               "Audio": "",
               "AnnounceDistance": 20.0
          },
          {
               "Name": "St Marys St Michaels Church",
               "Location": "51.51403475386905, -0.05263763666179757",
               "Audio": "",
               "AnnounceDistance": 20.0
          },
          {
               "Name": "Watney Market",
               "Location": "51.514404869373685, -0.057060920769712566",
               "Audio": "",
               "AnnounceDistance": 20.0
          },
          {
               "Name": "New Road",
               "Location": "51.5146487117996, -0.060927542541576785",
               "Audio": "",
               "AnnounceDistance": 20.0
          },
          {
               "Name": "Henriques Street",
               "Location": "51.51473708924083, -0.0651899343222879",
               "Audio": "",
               "AnnounceDistance": 20.0
          },
          {
               "Name": "Aldgate East Station",
               "Location": "51.514653245116286, -0.07320690056427852",
               "Audio": "",
               "AnnounceDistance": 20.0
          },
          {
               "Name": "Aldgate Station",
               "Location": "51.51413038399895, -0.07477109559964983",
               "Audio": "",
               "AnnounceDistance": 20.0
          },
          {
               "Name": "Minories",
               "Location": "51.512749551881434, -0.07556432692374501",
               "Audio": "",
               "AnnounceDistance": 20.0
          },
          {
               "Name": "Tower Of London",
               "Location": "51.50957594499973, -0.07561159920879712",
               "Audio": "",
               "AnnounceDistance": 20.0
          },
          {
               "Name": "Great Tower Street",
               "Location": "51.50992429737014, -0.08150547201118266",
               "Audio": "",
               "AnnounceDistance": 20.0
          },
          {
               "Name": "Monument Station",
               "Location": "51.510659938890825, -0.08525033431559871",
               "Audio": "",
               "AnnounceDistance": 20.0
          },
          {
               "Name": "Cannon Street Station",
               "Location": "51.511353580179815, -0.08918442276968501",
               "Audio": "",
               "AnnounceDistance": 20.0
          },
          {
               "Name": "St Pauls Churchyard",
               "Location": "51.51290981129165, -0.0969594387456556",
               "Audio": "",
               "AnnounceDistance": 20.0
          },
          {
               "Name": "St Pauls Cathedral",
               "Location": "51.51328598005349, -0.09963882914974688",
               "Audio": "",
               "AnnounceDistance": 20.0
          },
          {
               "Name": "City Thameslink Stn / Ludgate Circus",
               "Location": "51.514122228426366, -0.10352419424545951",
               "Audio": "",
               "AnnounceDistance": 20.0
          },
          {
               "Name": "Fetter Lane",
               "Location": "51.51413793662683, -0.10839492685576034",
               "Audio": "",
               "AnnounceDistance": 20.0
          },
          {
               "Name": "Chancery Lane",
               "Location": "51.513865360818194, -0.11045276385788497",
               "Audio": "",
               "AnnounceDistance": 20.0
          },
          {
               "Name": "The Royal Courts Of Justice",
               "Location": "51.51296077782887, -0.11347347970398981",
               "Audio": "",
               "AnnounceDistance": 20.0
          },
          {
               "Name": "Aldwych / Australia House",
               "Location": "51.51306415975049, -0.11542924420908553",
               "Audio": "",
               "AnnounceDistance": 20.0
          },
          {
               "Name": "Aldwych / Drury Lane",
               "Location": "51.512786659938094, -0.11830867189533169",
               "Audio": "",
               "AnnounceDistance": 20.0
          },
          {
               "Name": "Savoy Street",
               "Location": "51.510768892048375, -0.12033733935529861",
               "Audio": "",
               "AnnounceDistance": 20.0
          },
          {
               "Name": "Bedford Street",
               "Location": "51.50964606655591, -0.1232225076982425",
               "Audio": "",
               "AnnounceDistance": 20.0
          },
          {
               "Name": "Charing Cross Station",
               "Location": "51.508459583110294, -0.12550490103442286",
               "Audio": "",
               "AnnounceDistance": 20.0
          }
     ]
}