{
     "RouteNumber": "160",
     "Destination": "Sidcup Station",
     "RouteAudio": "",
     "DestinationAudio": "",
     "Stops": [
          {
               "Name": "Thomas Lane",
               "Location": "51.44606201437007, -0.022719334223059447",
               "Audio": "",
               "AnnounceDistance": 20.0
          },
          {
               "Name": "Catford Road / Lewisham Town Hall",
               "Location": "51.44500944119138, -0.020563018383768672",
               "Audio": "",
               "AnnounceDistance": 20.0
          },
          {
               "Name": "Plassy Road",
               "Location": "51.44524426080958, -0.01743005338751243",
               "Audio": "",
               "AnnounceDistance": 20.0
          },
          {
               "Name": "Holy Cross School",
               "Location": "51.44313385574848, -0.014413180178410553",
               "Audio": "",
               "AnnounceDistance": 20.0
          },
          {
               "Name": "Sangley Road / St Fillans Road",
               "Location": "51.44233238078991, -0.01063461390782014",
               "Audio": "",
               "AnnounceDistance": 20.0
          },
          {
               "Name": "Sandhurst Road / St Andrews Church",
               "Location": "51.44217730030309, -0.0015181627288215014",
               "Audio": "",
               "AnnounceDistance": 20.0
          },
          {
               "Name": "Minard Road",
               "Location": "51.44221794410146, 0.0008435576365353532",
               "Audio": "",
               "AnnounceDistance": 20.0
          },
          {
               "Name": "Sandhurst Road / Verdant Lane",
               "Location": "51.442269983672006, 0.0030618822622305204",
               "Audio": "",
               "AnnounceDistance": 20.0
          },
          {
               "Name": "Parkcroft Road",
               "Location": "51.44568239069347, 0.008075377800340627",
               "Audio": "",
               "AnnounceDistance": 20.0
          },
          {
               "Name": "Baring Road",
               "Location": "51.44599168962149, 0.013111449518359393",
               "Audio": "",
               "AnnounceDistance": 20.0
          },
          {
               "Name": "Woodyates Road",
               "Location": "51.44802299590538, 0.021533635417531293",
               "Audio": "",
               "AnnounceDistance": 20.0
          },
          {
               "Name": "Horn Park Lane",
               "Location": "51.44926994000615, 0.025877585017958053",
               "Audio": "",
               "AnnounceDistance": 20.0
          },
          {
               "Name": "Sidcup Road",
               "Location": "51.450740139292414, 0.030821778600141417",
               "Audio": "",
               "AnnounceDistance": 20.0
          },
          {
               "Name": "Westhorne Avenue / Eltham Road",
               "Location": "51.452380365546794, 0.0347663362819049",
               "Audio": "",
               "AnnounceDistance": 20.0
          },
          {
               "Name": "Eltham Green School",
               "Location": "51.451958015430584, 0.03630200542693849",
               "Audio": "",
               "AnnounceDistance": 20.0
          },
          {
               "Name": "Churchbury Road",
               "Location": "51.4488234498072, 0.036076178993372135",
               "Audio": "",
               "AnnounceDistance": 20.0
          },
          {
               "Name": "Campfield Road",
               "Location": "51.44739865402972, 0.03785492013145539",
               "Audio": "",
               "AnnounceDistance": 20.0
          },
          {
               "Name": "Newmarket Green",
               "Location": "51.44544064045417, 0.04030055920739751",
               "Audio": "",
               "AnnounceDistance": 20.0
          },
          {
               "Name": "Kingsground / Eltham Palace Road",
               "Location": "51.44785312183368, 0.04377578125562507",
               "Audio": "",
               "AnnounceDistance": 20.0
          },
          {
               "Name": "Kingsground / Eltham Hill",
               "Location": "51.451023818361456, 0.04708379687362137",
               "Audio": "",
               "AnnounceDistance": 20.0
          },
          {
               "Name": "Sherard Road",
               "Location": "51.451503215582086, 0.04795442537743304",
               "Audio": "",
               "AnnounceDistance": 20.0
          },
          {
               "Name": "Eltham High Street / Passey Place",
               "Location": "51.45073710515679, 0.05524602301618048",
               "Audio": "",
               "AnnounceDistance": 20.0
          },
          {
               "Name": "Eltham High Street / Pound Place",
               "Location": "51.45089194180252, 0.05872163157437243",
               "Audio": "",
               "AnnounceDistance": 20.0
          },
          {
               "Name": "Southend Crescent / Wythens Walk",
               "Location": "51.45004128722969, 0.06413812000030229",
               "Audio": "",
               "AnnounceDistance": 20.0
          },
          {
               "Name": "Holy Trinity Church",
               "Location": "51.448110502954876, 0.06347536037753955",
               "Audio": "",
               "AnnounceDistance": 20.0
          },
          {
               "Name": "Halons Road",
               "Location": "51.44681871172838, 0.06278389319076175",
               "Audio": "",
               "AnnounceDistance": 20.0
          },
          {
               "Name": "Inca Drive",
               "Location": "51.44471947234932, 0.06300588337478356",
               "Audio": "",
               "AnnounceDistance": 20.0
          },
          {
               "Name": "Green Lane",
               "Location": "51.443004202369735, 0.06491443656912167",
               "Audio": "",
               "AnnounceDistance": 20.0
          },
          {
               "Name": "Footscray Rugby Club",
               "Location": "51.44168840393216, 0.06813597472220376",
               "Audio": "",
               "AnnounceDistance": 20.0
          },
          {
               "Name": "New Eltham Station / Footscray Road",
               "Location": "51.43835718609878, 0.07141003110900475",
               "Audio": "",
               "AnnounceDistance": 20.0
          },
          {
               "Name": "New Eltham Station / Southwood Road",
               "Location": "51.43664098508394, 0.07031081534665777",
               "Audio": "",
               "AnnounceDistance": 20.0
          },
          {
               "Name": "Fiveways",
               "Location": "51.43508246866667, 0.06485930557812632",
               "Audio": "",
               "AnnounceDistance": 20.0
          },
          {
               "Name": "William Barefoot Drive",
               "Location": "51.432858190888645, 0.06401087491832985",
               "Audio": "",
               "AnnounceDistance": 20.0
          },
          {
               "Name": "Montbelle Road",
               "Location": "51.43024030520219, 0.06406551870334463",
               "Audio": "",
               "AnnounceDistance": 20.0
          },
          {
               "Name": "Edgebury / Domonic Drive",
               "Location": "51.425785015520894, 0.065303224824075",
               "Audio": "",
               "AnnounceDistance": 20.0
          },
          {
               "Name": "Edgebury Primary School",
               "Location": "51.424550779908024, 0.07205144007442187",
               "Audio": "",
               "AnnounceDistance": 20.0
          },
          {
               "Name": "Chislehurst / Gordon Arms",
               "Location": "51.42092082945792, 0.06932701126741525",
               "Audio": "",
               "AnnounceDistance": 20.0
          },
          {
               "Name": "Loop Road",
               "Location": "51.41688152180632, 0.06992120354614738",
               "Audio": "",
               "AnnounceDistance": 20.0
          },
          {
               "Name": "Centre Common Road / War Memorial",
               "Location": "51.41302324366731, 0.07350032367550906",
               "Audio": "",
               "AnnounceDistance": 20.0
          },
          {
               "Name": "Bromley Lane / Chislehurst War Memorial",
               "Location": "51.412697287606086, 0.075657072788258",
               "Audio": "",
               "AnnounceDistance": 20.0
          },
          {
               "Name": "Ashfield Lane",
               "Location": "51.41514190251481, 0.08182245016240328",
               "Audio": "",
               "AnnounceDistance": 20.0
          },
          {
               "Name": "Beaverwood Road",
               "Location": "51.41661170017053, 0.08968429732242958",
               "Audio": "",
               "AnnounceDistance": 20.0
          },
          {
               "Name": "Leas Green",
               "Location": "51.41830207971344, 0.09373099015280671",
               "Audio": "",
               "AnnounceDistance": 20.0
          },
          {
               "Name": "Queen Marys Hospital",
               "Location": "51.42031009068587, 0.09911578763420947",
               "Audio": "",
               "AnnounceDistance": 20.0
          },
          {
               "Name": "The Green",
               "Location": "51.423403093163714, 0.10065279354329575",
               "Audio": "",
               "AnnounceDistance": 20.0
          },
          {
               "Name": "Sidcup / Carlton Road",
               "Location": "51.42613443721847, 0.10079244833706774",
               "Audio": "",
               "AnnounceDistance": 20.0
          },
          {
               "Name": "Crescent Road",
               "Location": "51.43114674071047, 0.1021157688544202",
               "Audio": "",
               "AnnounceDistance": 20.0
          },
          {
               "Name": "Sidcup Station",
               "Location": "51.4336069972227, 0.10483283663943557",
               "Audio": "",
               "AnnounceDistance": 20.0
          }
     ]
}