{
     "RouteNumber": "160",
     "Destination": "Catford Bridge Station",
     "RouteAudio": "",
     "DestinationAudio": "",
     "Stops": [
          {
               "Name": "Sidcup Station",
               "Location": "51.43358794146823, 0.10539306972139238",
               "Audio": "",
               "AnnounceDistance": 20.0
          },
          {
               "Name": "Hatherley Crescent / Sidcup Station",
               "Location": "51.43284926135595, 0.10345999806880295",
               "Audio": "",
               "AnnounceDistance": 20.0
          },
          {
               "Name": "Station Road / Crescent Road",
               "Location": "51.43053495222056, 0.10213084460365604",
               "Audio": "",
               "AnnounceDistance": 20.0
          },
          {
               "Name": "Sidcup / Carlton Road",
               "Location": "51.42542995861547, 0.10096152391217283",
               "Audio": "",
               "AnnounceDistance": 20.0
          },
          {
               "Name": "The Green",
               "Location": "51.42420483437447, 0.10107794260064992",
               "Audio": "",
               "AnnounceDistance": 20.0
          },
          {
               "Name": "Queen Marys Hospital",
               "Location": "51.41950267838597, 0.09900687681914555",
               "Audio": "",
               "AnnounceDistance": 20.0
          },
          {
               "Name": "Leas Green",
               "Location": "51.4179115908943, 0.0929364919625939",
               "Audio": "",
               "AnnounceDistance": 20.0
          },
          {
               "Name": "Beaverwood Road",
               "Location": "51.416393209654835, 0.0893291647690145",
               "Audio": "",
               "AnnounceDistance": 20.0
          },
          {
               "Name": "Ashfield Lane",
               "Location": "51.414044724998924, 0.08030571679722392",
               "Audio": "",
               "AnnounceDistance": 20.0
          },
          {
               "Name": "Bromley Lane / Chislehurst War Memorial",
               "Location": "51.41292036873677, 0.07727783378092476",
               "Audio": "",
               "AnnounceDistance": 20.0
          },
          {
               "Name": "Centre Common Road / War Memorial",
               "Location": "51.41344285327052, 0.0726564502620415",
               "Audio": "",
               "AnnounceDistance": 20.0
          },
          {
               "Name": "Chislehurst / Ashfield Lane",
               "Location": "51.416617430249744, 0.06908949819938064",
               "Audio": "",
               "AnnounceDistance": 20.0
          },
          {
               "Name": "Chislehurst Sainsburys",
               "Location": "51.41884356700493, 0.06677374171675544",
               "Audio": "",
               "AnnounceDistance": 20.0
          },
          {
               "Name": "St Patricks Church",
               "Location": "51.42025840110477, 0.06558623745852185",
               "Audio": "",
               "AnnounceDistance": 20.0
          },
          {
               "Name": "Albany Road / Green Lane",
               "Location": "51.42123374180382, 0.06790280072745",
               "Audio": "",
               "AnnounceDistance": 20.0
          },
          {
               "Name": "Chislehurst / Gordon Arms",
               "Location": "51.421099528661394, 0.06939261708260203",
               "Audio": "",
               "AnnounceDistance": 20.0
          },
          {
               "Name": "Edgebury Primary School",
               "Location": "51.42458383552353, 0.07170770709253657",
               "Audio": "",
               "AnnounceDistance": 20.0
          },
          {
               "Name": "Mainridge Road",
               "Location": "51.42628999767997, 0.0642039628152823",
               "Audio": "",
               "AnnounceDistance": 20.0
          },
          {
               "Name": "Montbelle Road",
               "Location": "51.429855437630174, 0.06396185534648777",
               "Audio": "",
               "AnnounceDistance": 20.0
          },
          {
               "Name": "William Barefoot Drive",
               "Location": "51.433132572694326, 0.063749886192569",
               "Audio": "",
               "AnnounceDistance": 20.0
          },
          {
               "Name": "Fiveways",
               "Location": "51.4350581748326, 0.06419637160692475",
               "Audio": "",
               "AnnounceDistance": 20.0
          },
          {
               "Name": "New Eltham Station / Southwood Road",
               "Location": "51.43726093319634, 0.07136043228287418",
               "Audio": "",
               "AnnounceDistance": 20.0
          },
          {
               "Name": "New Eltham Station / Footscray Road",
               "Location": "51.43874500116842, 0.0708376306280894",
               "Audio": "",
               "AnnounceDistance": 20.0
          },
          {
               "Name": "Footscray Rugby Club",
               "Location": "51.441000774629714, 0.0688819508697571",
               "Audio": "",
               "AnnounceDistance": 20.0
          },
          {
               "Name": "Green Lane",
               "Location": "51.44320176725671, 0.06441968659891315",
               "Audio": "",
               "AnnounceDistance": 20.0
          },
          {
               "Name": "Halons Road",
               "Location": "51.44568954814934, 0.06256030931934763",
               "Audio": "",
               "AnnounceDistance": 20.0
          },
          {
               "Name": "Footscray Road / Southend Crescent",
               "Location": "51.44768336477758, 0.06270773042615475",
               "Audio": "",
               "AnnounceDistance": 20.0
          },
          {
               "Name": "Southend Crescent / Southend Close",
               "Location": "51.44923978700594, 0.0642027146692683",
               "Audio": "",
               "AnnounceDistance": 20.0
          },
          {
               "Name": "Eltham High Street / Foots Cray Road",
               "Location": "51.45070394126017, 0.06123189703455162",
               "Audio": "",
               "AnnounceDistance": 20.0
          },
          {
               "Name": "Eltham High Street / St Marys Place",
               "Location": "51.45066685261548, 0.05720027299397082",
               "Audio": "",
               "AnnounceDistance": 20.0
          },
          {
               "Name": "Eltham High Street / Passey Place",
               "Location": "51.450743669086435, 0.05333208802053702",
               "Audio": "",
               "AnnounceDistance": 20.0
          },
          {
               "Name": "Eltham Church / High Street",
               "Location": "51.450913707441394, 0.051324732021226616",
               "Audio": "",
               "AnnounceDistance": 20.0
          },
          {
               "Name": "Kingsground / Eltham Hill",
               "Location": "51.45112040163369, 0.0472176527147307",
               "Audio": "",
               "AnnounceDistance": 20.0
          },
          {
               "Name": "Kingsground / Eltham Palace Road",
               "Location": "51.447529883048254, 0.043746955029453694",
               "Audio": "",
               "AnnounceDistance": 20.0
          },
          {
               "Name": "Newmarket Green",
               "Location": "51.445486594633344, 0.039726966794592734",
               "Audio": "",
               "AnnounceDistance": 20.0
          },
          {
               "Name": "Campfield Road",
               "Location": "51.447007011744866, 0.03813970341730958",
               "Audio": "",
               "AnnounceDistance": 20.0
          },
          {
               "Name": "Churchbury Road",
               "Location": "51.448321732790646, 0.036485615350689636",
               "Audio": "",
               "AnnounceDistance": 20.0
          },
          {
               "Name": "Eltham Green School",
               "Location": "51.450930387551, 0.035925245097187294",
               "Audio": "",
               "AnnounceDistance": 20.0
          },
          {
               "Name": "Middle Park Avenue / Westhorne Avenue",
               "Location": "51.45179901811979, 0.03613660714074071",
               "Audio": "",
               "AnnounceDistance": 20.0
          },
          {
               "Name": "Westhorne Avenue / Eltham Road",
               "Location": "51.45205662481575, 0.03476633384389315",
               "Audio": "",
               "AnnounceDistance": 20.0
          },
          {
               "Name": "Sidcup Road",
               "Location": "51.45057291138102, 0.03113099475357759",
               "Audio": "",
               "AnnounceDistance": 20.0
          },
          {
               "Name": "Alwold Crescent",
               "Location": "51.44879687703235, 0.02515143439626809",
               "Audio": "",
               "AnnounceDistance": 20.0
          },
          {
               "Name": "Woodyates Road",
               "Location": "51.44783881255656, 0.021784551108920542",
               "Audio": "",
               "AnnounceDistance": 20.0
          },
          {
               "Name": "Baring Road",
               "Location": "51.44586465083803, 0.013177817455215079",
               "Audio": "",
               "AnnounceDistance": 20.0
          },
          {
               "Name": "Parkcroft Road",
               "Location": "51.44557037018544, 0.008315109989267558",
               "Audio": "",
               "AnnounceDistance": 20.0
          },
          {
               "Name": "Sandhurst Road / Verdant Lane",
               "Location": "51.442189600633405, 0.0030295851093858103",
               "Audio": "",
               "AnnounceDistance": 20.0
          },
          {
               "Name": "Minard Road",
               "Location": "51.442144582811636, 0.0009266904861292552",
               "Audio": "",
               "AnnounceDistance": 20.0
          },
          {
               "Name": "Sandhurst Road / St Andrews Church",
               "Location": "51.44205215040088, -0.0026172556494663502",
               "Audio": "",
               "AnnounceDistance": 20.0
          },
          {
               "Name": "Sandhurst Road / St Fillans Road",
               "Location": "51.44205200958133, -0.00948122081374659",
               "Audio": "",
               "AnnounceDistance": 20.0
          },
          {
               "Name": "Holy Cross School",
               "Location": "51.44290844337036, -0.01384735350547213",
               "Audio": "",
               "AnnounceDistance": 20.0
          },
          {
               "Name": "Catford Road / Lewisham Town Hall",
               "Location": "51.444756369087536, -0.021020073250675113",
               "Audio": "",
               "AnnounceDistance": 20.0
          },
          {
               "Name": "Catford Bridge Station",
               "Location": "51.44473833366816, -0.02421558044455412",
               "Audio": "",
               "AnnounceDistance": 20.0
          }
     ]
}