{
     "RouteNumber": "161",
     "Destination": "North Greenwich Station",
     "RouteAudio": "",
     "DestinationAudio": "",
     "Stops": [
          {
               "Name": "Chislehurst War Memorial",
               "Location": "51.41232489886609, 0.07484926827961218",
               "Audio": "",
               "AnnounceDistance": 20.0
          },
          {
               "Name": "Centre Common Road / War Memorial",
               "Location": "51.41344285327052, 0.0726564502620415",
               "Audio": "",
               "AnnounceDistance": 20.0
          },
          {
               "Name": "Chislehurst / Ashfield Lane",
               "Location": "51.416617430249744, 0.06908949819938064",
               "Audio": "",
               "AnnounceDistance": 20.0
          },
          {
               "Name": "Chislehurst Sainsburys",
               "Location": "51.41884356700493, 0.06677374171675544",
               "Audio": "",
               "AnnounceDistance": 20.0
          },
          {
               "Name": "Ingleby Way",
               "Location": "51.42186646745373, 0.06210598660834037",
               "Audio": "",
               "AnnounceDistance": 20.0
          },
          {
               "Name": "Oakdene Avenue",
               "Location": "51.42470306191517, 0.058306711210894424",
               "Audio": "",
               "AnnounceDistance": 20.0
          },
          {
               "Name": "Elmstead Lane",
               "Location": "51.427875539055876, 0.054320642105236266",
               "Audio": "",
               "AnnounceDistance": 20.0
          },
          {
               "Name": "Mottingham Road / Ravensworth Road",
               "Location": "51.43133981966234, 0.05112396998753516",
               "Audio": "",
               "AnnounceDistance": 20.0
          },
          {
               "Name": "Mottingham / Prince Of Wales",
               "Location": "51.433894495916995, 0.04748329374208841",
               "Audio": "",
               "AnnounceDistance": 20.0
          },
          {
               "Name": "Court Road / Mottingham Road",
               "Location": "51.43642147391835, 0.04542368026709078",
               "Audio": "",
               "AnnounceDistance": 20.0
          },
          {
               "Name": "Mottingham Station",
               "Location": "51.439713648355806, 0.051038673910301716",
               "Audio": "",
               "AnnounceDistance": 20.0
          },
          {
               "Name": "Royal Blackheath Golf Club",
               "Location": "51.4462423849327, 0.05258327238551112",
               "Audio": "",
               "AnnounceDistance": 20.0
          },
          {
               "Name": "Eltham Church / Court Yard",
               "Location": "51.45025968430841, 0.0516984063580921",
               "Audio": "",
               "AnnounceDistance": 20.0
          },
          {
               "Name": "Eltham Church / Well Hall Road",
               "Location": "51.45140457621858, 0.05205198873684403",
               "Audio": "",
               "AnnounceDistance": 20.0
          },
          {
               "Name": "Eltham Station / Sherard Road",
               "Location": "51.45527162846657, 0.051016312442854234",
               "Audio": "",
               "AnnounceDistance": 20.0
          },
          {
               "Name": "Well Hall Road / Kidbrooke Lane",
               "Location": "51.457175245716925, 0.05015159839283274",
               "Audio": "",
               "AnnounceDistance": 20.0
          },
          {
               "Name": "Well Hall Road / Well Hall Roundabout",
               "Location": "51.459531598618305, 0.049623795453195174",
               "Audio": "",
               "AnnounceDistance": 20.0
          },
          {
               "Name": "Dickson Road",
               "Location": "51.46167021116637, 0.0497196178988773",
               "Audio": "",
               "AnnounceDistance": 20.0
          },
          {
               "Name": "Arbroath Road",
               "Location": "51.463998135027666, 0.05081732013881656",
               "Audio": "",
               "AnnounceDistance": 20.0
          },
          {
               "Name": "Well Hall Road / Dunblane Road",
               "Location": "51.46660754653077, 0.052273311308655576",
               "Audio": "",
               "AnnounceDistance": 20.0
          },
          {
               "Name": "Well Hall Road / Broad Walk",
               "Location": "51.469546547056524, 0.05442101027232208",
               "Audio": "",
               "AnnounceDistance": 20.0
          },
          {
               "Name": "Shooters Hill Road / Well Hall Road",
               "Location": "51.47126643937979, 0.053778320593704104",
               "Audio": "",
               "AnnounceDistance": 20.0
          },
          {
               "Name": "Greenwich Heights",
               "Location": "51.47479345547614, 0.04801823322955814",
               "Audio": "",
               "AnnounceDistance": 20.0
          },
          {
               "Name": "Queen Elizabeth Hospital / West Entrance",
               "Location": "51.47691424958834, 0.05067660186588505",
               "Audio": "",
               "AnnounceDistance": 20.0
          },
          {
               "Name": "Queen Elizabeth Hospital / Main Entrance",
               "Location": "51.47822676698176, 0.051729169526816964",
               "Audio": "",
               "AnnounceDistance": 20.0
          },
          {
               "Name": "Haha Road / Repository Road",
               "Location": "51.480640721866514, 0.05458831884492253",
               "Audio": "",
               "AnnounceDistance": 20.0
          },
          {
               "Name": "Gunner Lane",
               "Location": "51.483010401965416, 0.062011495603645786",
               "Audio": "",
               "AnnounceDistance": 20.0
          },
          {
               "Name": "Naafi Messing Store",
               "Location": "51.48637457887042, 0.06298430088981952",
               "Audio": "",
               "AnnounceDistance": 20.0
          },
          {
               "Name": "Woolwich Arsenal Station",
               "Location": "51.48922266540203, 0.06721825386439506",
               "Audio": "",
               "AnnounceDistance": 20.0
          },
          {
               "Name": "Vincent Road / Woolwich Arsenal Station",
               "Location": "51.489782458275364, 0.06913063673259041",
               "Audio": "",
               "AnnounceDistance": 20.0
          },
          {
               "Name": "Burrage Road",
               "Location": "51.49039002458341, 0.07291791275329253",
               "Audio": "",
               "AnnounceDistance": 20.0
          },
          {
               "Name": "Woolwich Station",
               "Location": "51.491113963985114, 0.07113566535602746",
               "Audio": "",
               "AnnounceDistance": 20.0
          },
          {
               "Name": "Beresford Sq / Woolwich Arsenal Stn",
               "Location": "51.49157821433356, 0.06877978318789477",
               "Audio": "",
               "AnnounceDistance": 20.0
          },
          {
               "Name": "Woolwich Ferry",
               "Location": "51.493542094196826, 0.06245793595337011",
               "Audio": "",
               "AnnounceDistance": 20.0
          },
          {
               "Name": "Kingsman Street",
               "Location": "51.49277182043852, 0.055623554809868664",
               "Audio": "",
               "AnnounceDistance": 20.0
          },
          {
               "Name": "Prospect Vale",
               "Location": "51.49222365418891, 0.05149324847987964",
               "Audio": "",
               "AnnounceDistance": 20.0
          },
          {
               "Name": "Warspite Road",
               "Location": "51.49240802066792, 0.0466035459251359",
               "Audio": "",
               "AnnounceDistance": 20.0
          },
          {
               "Name": "Cleveley Close",
               "Location": "51.491413506371345, 0.04226616381366927",
               "Audio": "",
               "AnnounceDistance": 20.0
          },
          {
               "Name": "Greenwich Trust School",
               "Location": "51.490756902074885, 0.040724263359621996",
               "Audio": "",
               "AnnounceDistance": 20.0
          },
          {
               "Name": "Woolwich Road / Charlton Lane",
               "Location": "51.48959812063353, 0.03806522556023945",
               "Audio": "",
               "AnnounceDistance": 20.0
          },
          {
               "Name": "Stone Lake Retail Park",
               "Location": "51.488912515417326, 0.0361188245975494",
               "Audio": "",
               "AnnounceDistance": 20.0
          },
          {
               "Name": "Charlton Station / Woolwich Road",
               "Location": "51.488076114100075, 0.032494857482924154",
               "Audio": "",
               "AnnounceDistance": 20.0
          },
          {
               "Name": "Woolwich Road / Gallions Road",
               "Location": "51.48741777764615, 0.027928252542803542",
               "Audio": "",
               "AnnounceDistance": 20.0
          },
          {
               "Name": "Woolwich Road / Victoria Way",
               "Location": "51.48718275186354, 0.02539710100584893",
               "Audio": "",
               "AnnounceDistance": 20.0
          },
          {
               "Name": "Rainton Road",
               "Location": "51.48662889707587, 0.022578189792136025",
               "Audio": "",
               "AnnounceDistance": 20.0
          },
          {
               "Name": "Millennium Leisure Park East",
               "Location": "51.48922047520034, 0.015692174612272538",
               "Audio": "",
               "AnnounceDistance": 20.0
          },
          {
               "Name": "Millennium Leisure Park West",
               "Location": "51.49001575899828, 0.01284625367273199",
               "Audio": "",
               "AnnounceDistance": 20.0
          },
          {
               "Name": "Millennium Village South",
               "Location": "51.491979316152005, 0.013710650009059942",
               "Audio": "",
               "AnnounceDistance": 20.0
          },
          {
               "Name": "Millennium Village / Oval Square",
               "Location": "51.494073441994125, 0.013255502410937453",
               "Audio": "",
               "AnnounceDistance": 20.0
          },
          {
               "Name": "North Greenwich Station",
               "Location": "51.50060942499107, 0.002852564638876403",
               "Audio": "",
               "AnnounceDistance": 20.0
          }
     ]
}