{
     "RouteNumber": "161",
     "Destination": "Chislehurst War Memorial",
     "RouteAudio": "",
     "DestinationAudio": "",
     "Stops": [
          {
               "Name": "North Greenwich Station",
               "Location": "51.49971552985959, 0.004643194291924688",
               "Audio": "",
               "AnnounceDistance": 20.0
          },
          {
               "Name": "Millennium Village / Oval Square",
               "Location": "51.494029588527376, 0.01371457059400912",
               "Audio": "",
               "AnnounceDistance": 20.0
          },
          {
               "Name": "Millennium Village South",
               "Location": "51.49186249920524, 0.013705502056782162",
               "Audio": "",
               "AnnounceDistance": 20.0
          },
          {
               "Name": "Millennium Leisure Park West",
               "Location": "51.490066956465434, 0.013006963895422732",
               "Audio": "",
               "AnnounceDistance": 20.0
          },
          {
               "Name": "Millennium Leisure Park East",
               "Location": "51.48917463272364, 0.016266342109730044",
               "Audio": "",
               "AnnounceDistance": 20.0
          },
          {
               "Name": "Rainton Road",
               "Location": "51.486743078104865, 0.02117165255459744",
               "Audio": "",
               "AnnounceDistance": 20.0
          },
          {
               "Name": "Woolwich Road / Victoria Way",
               "Location": "51.48738299460168, 0.026299035132649702",
               "Audio": "",
               "AnnounceDistance": 20.0
          },
          {
               "Name": "Woolwich Road / Gallions Road",
               "Location": "51.48779899931785, 0.02980332710499102",
               "Audio": "",
               "AnnounceDistance": 20.0
          },
          {
               "Name": "Charlton Station / Woolwich Road",
               "Location": "51.4883671568267, 0.032824700758951886",
               "Audio": "",
               "AnnounceDistance": 20.0
          },
          {
               "Name": "Stone Lake Retail Park",
               "Location": "51.489419692, 0.036948093927065766",
               "Audio": "",
               "AnnounceDistance": 20.0
          },
          {
               "Name": "Woolwich Road / Charlton Lane",
               "Location": "51.4901040315637, 0.03896649831168284",
               "Audio": "",
               "AnnounceDistance": 20.0
          },
          {
               "Name": "Greenwich Trust School",
               "Location": "51.49133768539251, 0.041456068724841866",
               "Audio": "",
               "AnnounceDistance": 20.0
          },
          {
               "Name": "Yateley Street",
               "Location": "51.49223404422869, 0.04420439717462485",
               "Audio": "",
               "AnnounceDistance": 20.0
          },
          {
               "Name": "Warspite Road",
               "Location": "51.492459298871275, 0.04778712123715939",
               "Audio": "",
               "AnnounceDistance": 20.0
          },
          {
               "Name": "Frances Street",
               "Location": "51.4929371270638, 0.053887865418577284",
               "Audio": "",
               "AnnounceDistance": 20.0
          },
          {
               "Name": "Kingsman Street",
               "Location": "51.49306471392153, 0.05635703389019702",
               "Audio": "",
               "AnnounceDistance": 20.0
          },
          {
               "Name": "Woolwich Ferry",
               "Location": "51.49369241274891, 0.059021626860948494",
               "Audio": "",
               "AnnounceDistance": 20.0
          },
          {
               "Name": "John Wilson Street / Powis Street",
               "Location": "51.49291740112311, 0.061162009497123145",
               "Audio": "",
               "AnnounceDistance": 20.0
          },
          {
               "Name": "Calderwood Street",
               "Location": "51.4908047415529, 0.06419267387300852",
               "Audio": "",
               "AnnounceDistance": 20.0
          },
          {
               "Name": "Woolwich Arsenal Station",
               "Location": "51.489724083926134, 0.06734177163230978",
               "Audio": "",
               "AnnounceDistance": 20.0
          },
          {
               "Name": "Claydown Mews",
               "Location": "51.486125481804606, 0.06487436808956823",
               "Audio": "",
               "AnnounceDistance": 20.0
          },
          {
               "Name": "Gunner Lane",
               "Location": "51.484257256079594, 0.06270149029856877",
               "Audio": "",
               "AnnounceDistance": 20.0
          },
          {
               "Name": "Haha Road / Grand Depot Road",
               "Location": "51.48214131578696, 0.06080567873106778",
               "Audio": "",
               "AnnounceDistance": 20.0
          },
          {
               "Name": "Queen Elizabeth Hospital / Main Entrance",
               "Location": "51.478623065473386, 0.0522078027733663",
               "Audio": "",
               "AnnounceDistance": 20.0
          },
          {
               "Name": "Queen Elizabeth Hospital / West Entrance",
               "Location": "51.47625861603548, 0.05011436737876716",
               "Audio": "",
               "AnnounceDistance": 20.0
          },
          {
               "Name": "Greenwich Heights",
               "Location": "51.474965880536594, 0.04844356596291141",
               "Audio": "",
               "AnnounceDistance": 20.0
          },
          {
               "Name": "Shooters Hill Road / Baker Road",
               "Location": "51.47223407873369, 0.04935794634715303",
               "Audio": "",
               "AnnounceDistance": 20.0
          },
          {
               "Name": "Shooters Hill Road / Academy Road",
               "Location": "51.471414999625374, 0.053511407840467026",
               "Audio": "",
               "AnnounceDistance": 20.0
          },
          {
               "Name": "Well Hall Road / Shooters Hill Road",
               "Location": "51.47056285072314, 0.05492743461462819",
               "Audio": "",
               "AnnounceDistance": 20.0
          },
          {
               "Name": "Well Hall Road / Broad Walk",
               "Location": "51.468585919513956, 0.053816321386198546",
               "Audio": "",
               "AnnounceDistance": 20.0
          },
          {
               "Name": "Well Hall Road / Dunblane Road",
               "Location": "51.46690600931098, 0.05268984233989104",
               "Audio": "",
               "AnnounceDistance": 20.0
          },
          {
               "Name": "Arbroath Road",
               "Location": "51.463646432255686, 0.05087353500486034",
               "Audio": "",
               "AnnounceDistance": 20.0
          },
          {
               "Name": "Well Hall Road / Well Hall Roundabout",
               "Location": "51.46135445178842, 0.04977744945588566",
               "Audio": "",
               "AnnounceDistance": 20.0
          },
          {
               "Name": "Well Hall Road / Kidbrooke Lane",
               "Location": "51.45824631308542, 0.05009882993687412",
               "Audio": "",
               "AnnounceDistance": 20.0
          },
          {
               "Name": "Eltham Station / Sherard Road",
               "Location": "51.455212932137705, 0.05128716929178366",
               "Audio": "",
               "AnnounceDistance": 20.0
          },
          {
               "Name": "Eltham Station / Lassa Road",
               "Location": "51.45376866522653, 0.05159665674973277",
               "Audio": "",
               "AnnounceDistance": 20.0
          },
          {
               "Name": "Eltham Church / Well Hall Road",
               "Location": "51.45139156195434, 0.05228169161445907",
               "Audio": "",
               "AnnounceDistance": 20.0
          },
          {
               "Name": "Eltham Church / Court Yard",
               "Location": "51.45029109614903, 0.05195888070592314",
               "Audio": "",
               "AnnounceDistance": 20.0
          },
          {
               "Name": "Royal Blackheath Golf Club",
               "Location": "51.4459351059245, 0.052670230452136944",
               "Audio": "",
               "AnnounceDistance": 20.0
          },
          {
               "Name": "Mottingham Station",
               "Location": "51.44045443646646, 0.05135965276977211",
               "Audio": "",
               "AnnounceDistance": 20.0
          },
          {
               "Name": "Mottingham Road / Court Road",
               "Location": "51.435794927825306, 0.045769777990339496",
               "Audio": "",
               "AnnounceDistance": 20.0
          },
          {
               "Name": "Mottingham / Prince Of Wales",
               "Location": "51.433152266608204, 0.048788111401017034",
               "Audio": "",
               "AnnounceDistance": 20.0
          },
          {
               "Name": "Mottingham Road / Ravensworth Road",
               "Location": "51.43078632853133, 0.051919205259774996",
               "Audio": "",
               "AnnounceDistance": 20.0
          },
          {
               "Name": "Elmstead Lane",
               "Location": "51.42714600345359, 0.0554099717635589",
               "Audio": "",
               "AnnounceDistance": 20.0
          },
          {
               "Name": "Oakdene Avenue",
               "Location": "51.42455171553387, 0.05873144450178665",
               "Audio": "",
               "AnnounceDistance": 20.0
          },
          {
               "Name": "Ingleby Way",
               "Location": "51.42147490082944, 0.06289383730092807",
               "Audio": "",
               "AnnounceDistance": 20.0
          },
          {
               "Name": "Albany Road",
               "Location": "51.419694191756804, 0.06596352139360108",
               "Audio": "",
               "AnnounceDistance": 20.0
          },
          {
               "Name": "Chislehurst / Ashfield Lane",
               "Location": "51.417366183594346, 0.06844734692042045",
               "Audio": "",
               "AnnounceDistance": 20.0
          },
          {
               "Name": "Centre Common Road / War Memorial",
               "Location": "51.41302324366731, 0.07350032367550906",
               "Audio": "",
               "AnnounceDistance": 20.0
          },
          {
               "Name": "Chislehurst War Memorial",
               "Location": "51.41232489886609, 0.07484926827961218",
               "Audio": "",
               "AnnounceDistance": 20.0
          }
     ]
}