{
     "RouteNumber": "162",
     "Destination": "Eltham Bus Station",
     "RouteAudio": "",
     "DestinationAudio": "",
     "Stops": [
          {
               "Name": "Beckenham Junction Stn T/ Rectory Rd",
               "Location": "51.41078569636891, -0.025521515620943798",
               "Audio": "",
               "AnnounceDistance": 20.0
          },
          {
               "Name": "Beckenham Junction Station T",
               "Location": "51.40971781156364, -0.025121753139085518",
               "Audio": "",
               "AnnounceDistance": 20.0
          },
          {
               "Name": "Bromley Road / St Georges Church",
               "Location": "51.408797362760815, -0.024399308385641635",
               "Audio": "",
               "AnnounceDistance": 20.0
          },
          {
               "Name": "Chancery Lane",
               "Location": "51.406530271262, -0.019550766257780277",
               "Audio": "",
               "AnnounceDistance": 20.0
          },
          {
               "Name": "Overbury Avenue",
               "Location": "51.40289473261187, -0.018873935117085874",
               "Audio": "",
               "AnnounceDistance": 20.0
          },
          {
               "Name": "The Chinese Garage",
               "Location": "51.400382954497054, -0.018177380044527937",
               "Audio": "",
               "AnnounceDistance": 20.0
          },
          {
               "Name": "Kenwood Drive",
               "Location": "51.39943390888273, -0.01311476659318534",
               "Audio": "",
               "AnnounceDistance": 20.0
          },
          {
               "Name": "Scotts Lane",
               "Location": "51.399231571425396, -0.00914127555442278",
               "Audio": "",
               "AnnounceDistance": 20.0
          },
          {
               "Name": "Den Close",
               "Location": "51.39852898427847, -0.006957852708037855",
               "Audio": "",
               "AnnounceDistance": 20.0
          },
          {
               "Name": "Hayes Lane / Kingswood Road",
               "Location": "51.39721211768674, -0.004614341617119685",
               "Audio": "",
               "AnnounceDistance": 20.0
          },
          {
               "Name": "Brabourne Rise",
               "Location": "51.39507656013932, -0.002781009629090163",
               "Audio": "",
               "AnnounceDistance": 20.0
          },
          {
               "Name": "Westmoreland Road / Barnfield Wood Road",
               "Location": "51.3928146372378, 0.0022377626035385845",
               "Audio": "",
               "AnnounceDistance": 20.0
          },
          {
               "Name": "Broadoaks Way",
               "Location": "51.39382833029909, 0.005013220484082049",
               "Audio": "",
               "AnnounceDistance": 20.0
          },
          {
               "Name": "Westmoreland Road / Cumberland Road",
               "Location": "51.39611440353113, 0.009627072868111645",
               "Audio": "",
               "AnnounceDistance": 20.0
          },
          {
               "Name": "Queen Anne Avenue",
               "Location": "51.39803630540111, 0.013966623896205465",
               "Audio": "",
               "AnnounceDistance": 20.0
          },
          {
               "Name": "St Marks Church",
               "Location": "51.398827534716965, 0.016589116412977414",
               "Audio": "",
               "AnnounceDistance": 20.0
          },
          {
               "Name": "Bromley South Station",
               "Location": "51.40019844343493, 0.01687944519748438",
               "Audio": "",
               "AnnounceDistance": 20.0
          },
          {
               "Name": "Elmfield Road / The Mall",
               "Location": "51.402790627009246, 0.016749072642131452",
               "Audio": "",
               "AnnounceDistance": 20.0
          },
          {
               "Name": "Bromley Civic Centre",
               "Location": "51.404799532659176, 0.01863473167278371",
               "Audio": "",
               "AnnounceDistance": 20.0
          },
          {
               "Name": "Bromley / Widmore Road",
               "Location": "51.406648818035485, 0.019866477643774364",
               "Audio": "",
               "AnnounceDistance": 20.0
          },
          {
               "Name": "Freelands Road",
               "Location": "51.4071532121839, 0.0234690614295806",
               "Audio": "",
               "AnnounceDistance": 20.0
          },
          {
               "Name": "Wanstead Road",
               "Location": "51.40663474981682, 0.029528399010937983",
               "Audio": "",
               "AnnounceDistance": 20.0
          },
          {
               "Name": "Plaistow Lane",
               "Location": "51.40571684642136, 0.03475029004756481",
               "Audio": "",
               "AnnounceDistance": 20.0
          },
          {
               "Name": "Bird In Hand Lane",
               "Location": "51.40380752898657, 0.03956840699399958",
               "Audio": "",
               "AnnounceDistance": 20.0
          },
          {
               "Name": "Southborough Road / Bickley Station",
               "Location": "51.40151200269066, 0.04589288925695535",
               "Audio": "",
               "AnnounceDistance": 20.0
          },
          {
               "Name": "Bickley Park Road / St Georges Church",
               "Location": "51.40163459592691, 0.04814121239838386",
               "Audio": "",
               "AnnounceDistance": 20.0
          },
          {
               "Name": "Blackbrook Lane",
               "Location": "51.40192752704669, 0.05298509136695825",
               "Audio": "",
               "AnnounceDistance": 20.0
          },
          {
               "Name": "Chislehurst Station",
               "Location": "51.40524574906349, 0.059143883053700504",
               "Audio": "",
               "AnnounceDistance": 20.0
          },
          {
               "Name": "Susan Wood",
               "Location": "51.407488615402045, 0.06200543875159991",
               "Audio": "",
               "AnnounceDistance": 20.0
          },
          {
               "Name": "Camden Park Road",
               "Location": "51.4092270675676, 0.06439878258668226",
               "Audio": "",
               "AnnounceDistance": 20.0
          },
          {
               "Name": "Chislehurst Common",
               "Location": "51.41161507315586, 0.07074746447800773",
               "Audio": "",
               "AnnounceDistance": 20.0
          },
          {
               "Name": "Centre Common Road / War Memorial",
               "Location": "51.41344285327052, 0.0726564502620415",
               "Audio": "",
               "AnnounceDistance": 20.0
          },
          {
               "Name": "Chislehurst / Ashfield Lane",
               "Location": "51.416617430249744, 0.06908949819938064",
               "Audio": "",
               "AnnounceDistance": 20.0
          },
          {
               "Name": "Chislehurst Sainsburys",
               "Location": "51.41884356700493, 0.06677374171675544",
               "Audio": "",
               "AnnounceDistance": 20.0
          },
          {
               "Name": "St Patricks Church",
               "Location": "51.42025840110477, 0.06558623745852185",
               "Audio": "",
               "AnnounceDistance": 20.0
          },
          {
               "Name": "Albany Road / Green Lane",
               "Location": "51.42123374180382, 0.06790280072745",
               "Audio": "",
               "AnnounceDistance": 20.0
          },
          {
               "Name": "Chislehurst / Gordon Arms",
               "Location": "51.421099528661394, 0.06939261708260203",
               "Audio": "",
               "AnnounceDistance": 20.0
          },
          {
               "Name": "Belmont Lane / Edgebury",
               "Location": "51.42470591452285, 0.07243245629009616",
               "Audio": "",
               "AnnounceDistance": 20.0
          },
          {
               "Name": "Belmont Lane / Imperial Way",
               "Location": "51.42626985323275, 0.07349578890400106",
               "Audio": "",
               "AnnounceDistance": 20.0
          },
          {
               "Name": "Slades Drive",
               "Location": "51.427656080624644, 0.07596092373563863",
               "Audio": "",
               "AnnounceDistance": 20.0
          },
          {
               "Name": "Brownspring Drive",
               "Location": "51.431174424854014, 0.07330064583747876",
               "Audio": "",
               "AnnounceDistance": 20.0
          },
          {
               "Name": "Kelby Path",
               "Location": "51.42970321400984, 0.06851539204050967",
               "Audio": "",
               "AnnounceDistance": 20.0
          },
          {
               "Name": "Domonic Drive / Edgebury",
               "Location": "51.42620366311378, 0.06604135299822332",
               "Audio": "",
               "AnnounceDistance": 20.0
          },
          {
               "Name": "Mainridge Road",
               "Location": "51.42628999767997, 0.0642039628152823",
               "Audio": "",
               "AnnounceDistance": 20.0
          },
          {
               "Name": "Montbelle Road",
               "Location": "51.429855437630174, 0.06396185534648777",
               "Audio": "",
               "AnnounceDistance": 20.0
          },
          {
               "Name": "William Barefoot Drive",
               "Location": "51.433132572694326, 0.063749886192569",
               "Audio": "",
               "AnnounceDistance": 20.0
          },
          {
               "Name": "Fiveways",
               "Location": "51.4350581748326, 0.06419637160692475",
               "Audio": "",
               "AnnounceDistance": 20.0
          },
          {
               "Name": "New Eltham Station / Southwood Road",
               "Location": "51.43726093319634, 0.07136043228287418",
               "Audio": "",
               "AnnounceDistance": 20.0
          },
          {
               "Name": "Merchland Road",
               "Location": "51.43957015500537, 0.07553706590802586",
               "Audio": "",
               "AnnounceDistance": 20.0
          },
          {
               "Name": "Sidewood Road",
               "Location": "51.4415590562449, 0.07951250590731819",
               "Audio": "",
               "AnnounceDistance": 20.0
          },
          {
               "Name": "Avery Hill Road / Halfway Street",
               "Location": "51.44488828534231, 0.08143384256974362",
               "Audio": "",
               "AnnounceDistance": 20.0
          },
          {
               "Name": "University Of Greenwich / Southwood Site",
               "Location": "51.44806863163625, 0.08110354956088296",
               "Audio": "",
               "AnnounceDistance": 20.0
          },
          {
               "Name": "Riefield Road",
               "Location": "51.45134205893898, 0.07755343019553525",
               "Audio": "",
               "AnnounceDistance": 20.0
          },
          {
               "Name": "Stationers Crown Woods Academy",
               "Location": "51.45187239147093, 0.07350425988179829",
               "Audio": "",
               "AnnounceDistance": 20.0
          },
          {
               "Name": "Bexley Road / Glenesk Road",
               "Location": "51.45140631566179, 0.0662866681808112",
               "Audio": "",
               "AnnounceDistance": 20.0
          },
          {
               "Name": "Eltham High Street / Foots Cray Road",
               "Location": "51.45070394126017, 0.06123189703455162",
               "Audio": "",
               "AnnounceDistance": 20.0
          },
          {
               "Name": "Eltham High Street / Pound Place",
               "Location": "51.4507390379254, 0.05821100780544754",
               "Audio": "",
               "AnnounceDistance": 20.0
          },
          {
               "Name": "Eltham High Street / Passey Place",
               "Location": "51.45071965093792, 0.053676435030767224",
               "Audio": "",
               "AnnounceDistance": 20.0
          },
          {
               "Name": "Eltham Church / Well Hall Road",
               "Location": "51.45140457621858, 0.05205198873684403",
               "Audio": "",
               "AnnounceDistance": 20.0
          },
          {
               "Name": "Eltham Station / Lassa Road",
               "Location": "51.45421425357667, 0.051314366223223114",
               "Audio": "",
               "AnnounceDistance": 20.0
          },
          {
               "Name": "Eltham Bus Station",
               "Location": "51.45525468457847, 0.052498147274331046",
               "Audio": "",
               "AnnounceDistance": 20.0
          }
     ]
}