{
     "RouteNumber": "163",
     "Destination": "Francis Grove",
     "RouteAudio": "",
     "DestinationAudio": "",
     "Stops": [
          {
               "Name": "London Road / Morden Station",
               "Location": "51.40276099742568, -0.19308968921039243",
               "Audio": "",
               "AnnounceDistance": 20.0
          },
          {
               "Name": "Morden Civic Centre",
               "Location": "51.401028387415394, -0.19561637392391293",
               "Audio": "",
               "AnnounceDistance": 20.0
          },
          {
               "Name": "Links Avenue",
               "Location": "51.401252253781315, -0.19964741077735967",
               "Audio": "",
               "AnnounceDistance": 20.0
          },
          {
               "Name": "Maycross Avenue",
               "Location": "51.399006925389216, -0.20393335613421124",
               "Audio": "",
               "AnnounceDistance": 20.0
          },
          {
               "Name": "Ashridge Way",
               "Location": "51.39815902495484, -0.20728735395878675",
               "Audio": "",
               "AnnounceDistance": 20.0
          },
          {
               "Name": "Monkleigh Road",
               "Location": "51.39742127897546, -0.21020566377935784",
               "Audio": "",
               "AnnounceDistance": 20.0
          },
          {
               "Name": "Hillcross Avenue",
               "Location": "51.39457997436279, -0.21494516400376276",
               "Audio": "",
               "AnnounceDistance": 20.0
          },
          {
               "Name": "Churston Drive",
               "Location": "51.39345762435586, -0.21623940487898868",
               "Audio": "",
               "AnnounceDistance": 20.0
          },
          {
               "Name": "Tudor Drive",
               "Location": "51.39141894096298, -0.2217375252030682",
               "Audio": "",
               "AnnounceDistance": 20.0
          },
          {
               "Name": "Queen Mary Avenue",
               "Location": "51.39236882082097, -0.22329619334747025",
               "Audio": "",
               "AnnounceDistance": 20.0
          },
          {
               "Name": "St John Fisher School",
               "Location": "51.3940494815382, -0.22501350586345437",
               "Audio": "",
               "AnnounceDistance": 20.0
          },
          {
               "Name": "Westway",
               "Location": "51.39756460014239, -0.22851443868944896",
               "Audio": "",
               "AnnounceDistance": 20.0
          },
          {
               "Name": "Greenway",
               "Location": "51.40039725950531, -0.22910943949673857",
               "Audio": "",
               "AnnounceDistance": 20.0
          },
          {
               "Name": "Blenheim Road",
               "Location": "51.40214253628301, -0.2291570433064078",
               "Audio": "",
               "AnnounceDistance": 20.0
          },
          {
               "Name": "Bushey Road",
               "Location": "51.40620319706293, -0.22948904200902306",
               "Audio": "",
               "AnnounceDistance": 20.0
          },
          {
               "Name": "Raynes Park Station",
               "Location": "51.409017093579806, -0.22943786861740656",
               "Audio": "",
               "AnnounceDistance": 20.0
          },
          {
               "Name": "Raynes Park Library",
               "Location": "51.40981017643272, -0.22598495603964197",
               "Audio": "",
               "AnnounceDistance": 20.0
          },
          {
               "Name": "Sydney Road",
               "Location": "51.41051028022022, -0.22174465304699809",
               "Audio": "",
               "AnnounceDistance": 20.0
          },
          {
               "Name": "Lower Downs Road",
               "Location": "51.41038165382299, -0.21742141174113466",
               "Audio": "",
               "AnnounceDistance": 20.0
          },
          {
               "Name": "Wimbledon Chase Station",
               "Location": "51.40963844980984, -0.21290646292224166",
               "Audio": "",
               "AnnounceDistance": 20.0
          },
          {
               "Name": "The Nelson Health Centre",
               "Location": "51.41044005344887, -0.21063199976230587",
               "Audio": "",
               "AnnounceDistance": 20.0
          },
          {
               "Name": "Wilton Crescent",
               "Location": "51.41259181482221, -0.20667970942341238",
               "Audio": "",
               "AnnounceDistance": 20.0
          },
          {
               "Name": "Merton Park Tram Stop T",
               "Location": "51.41521579077547, -0.20244966417347462",
               "Audio": "",
               "AnnounceDistance": 20.0
          },
          {
               "Name": "Bertram Cottages",
               "Location": "51.417906575145906, -0.20375353359200674",
               "Audio": "",
               "AnnounceDistance": 20.0
          },
          {
               "Name": "Sir Cyril Black Way",
               "Location": "51.419293324856774, -0.20505110834252327",
               "Audio": "",
               "AnnounceDistance": 20.0
          },
          {
               "Name": "Wimbledon Station T",
               "Location": "51.42082979427111, -0.20673123499625953",
               "Audio": "",
               "AnnounceDistance": 20.0
          },
          {
               "Name": "Francis Grove",
               "Location": "51.42111026670651, -0.20978381397408982",
               "Audio": "",
               "AnnounceDistance": 20.0
          }
     ]
}