{
     "RouteNumber": "163",
     "Destination": "Morden Station",
     "RouteAudio": "",
     "DestinationAudio": "",
     "Stops": [
          {
               "Name": "Francis Grove",
               "Location": "51.42121569777326, -0.20962148215511547",
               "Audio": "",
               "AnnounceDistance": 20.0
          },
          {
               "Name": "Wimbledon Station T",
               "Location": "51.42062870920168, -0.20534397886968966",
               "Audio": "",
               "AnnounceDistance": 20.0
          },
          {
               "Name": "Wimbledon Bus Station",
               "Location": "51.41884163492383, -0.2031559716367665",
               "Audio": "",
               "AnnounceDistance": 20.0
          },
          {
               "Name": "Bertram Cottages",
               "Location": "51.41676317563417, -0.20307927781706306",
               "Audio": "",
               "AnnounceDistance": 20.0
          },
          {
               "Name": "Merton Park Tram Stop T",
               "Location": "51.41495141525585, -0.20221555793959262",
               "Audio": "",
               "AnnounceDistance": 20.0
          },
          {
               "Name": "Wilton Crescent",
               "Location": "51.41247542115476, -0.20671302424765006",
               "Audio": "",
               "AnnounceDistance": 20.0
          },
          {
               "Name": "The Nelson Health Centre",
               "Location": "51.410547889424095, -0.21003822717758316",
               "Audio": "",
               "AnnounceDistance": 20.0
          },
          {
               "Name": "Wimbledon Chase Station",
               "Location": "51.409263172776626, -0.21365443224024938",
               "Audio": "",
               "AnnounceDistance": 20.0
          },
          {
               "Name": "Lower Downs Road",
               "Location": "51.40977557341462, -0.21718615533958383",
               "Audio": "",
               "AnnounceDistance": 20.0
          },
          {
               "Name": "Sydney Road",
               "Location": "51.410505089902294, -0.22081018411039305",
               "Audio": "",
               "AnnounceDistance": 20.0
          },
          {
               "Name": "Raynes Park Library",
               "Location": "51.40960760162297, -0.22626600234060312",
               "Audio": "",
               "AnnounceDistance": 20.0
          },
          {
               "Name": "Raynes Park Station",
               "Location": "51.40888206684762, -0.229428705377617",
               "Audio": "",
               "AnnounceDistance": 20.0
          },
          {
               "Name": "Bushey Road",
               "Location": "51.405553071060304, -0.22931285963195328",
               "Audio": "",
               "AnnounceDistance": 20.0
          },
          {
               "Name": "Blenheim Road",
               "Location": "51.403491719342, -0.2291768163944879",
               "Audio": "",
               "AnnounceDistance": 20.0
          },
          {
               "Name": "Greenway",
               "Location": "51.399837440068225, -0.22895854693481474",
               "Audio": "",
               "AnnounceDistance": 20.0
          },
          {
               "Name": "Raynes Park Playing Fields",
               "Location": "51.396194340253324, -0.22710111848886688",
               "Audio": "",
               "AnnounceDistance": 20.0
          },
          {
               "Name": "St John Fisher School",
               "Location": "51.394365560601265, -0.22510189363132543",
               "Audio": "",
               "AnnounceDistance": 20.0
          },
          {
               "Name": "Queen Mary Avenue",
               "Location": "51.39176825217508, -0.22283075378257916",
               "Audio": "",
               "AnnounceDistance": 20.0
          },
          {
               "Name": "Tudor Drive",
               "Location": "51.39144917270569, -0.2219519565254179",
               "Audio": "",
               "AnnounceDistance": 20.0
          },
          {
               "Name": "Churston Drive",
               "Location": "51.392939400215575, -0.21705013275818738",
               "Audio": "",
               "AnnounceDistance": 20.0
          },
          {
               "Name": "Hillcross Avenue",
               "Location": "51.39530598485595, -0.21419816478085021",
               "Audio": "",
               "AnnounceDistance": 20.0
          },
          {
               "Name": "Monkleigh Road",
               "Location": "51.397146415480584, -0.2116395536007819",
               "Audio": "",
               "AnnounceDistance": 20.0
          },
          {
               "Name": "Ashridge Way",
               "Location": "51.39840231347185, -0.20673156295224426",
               "Audio": "",
               "AnnounceDistance": 20.0
          },
          {
               "Name": "Maycross Avenue",
               "Location": "51.39930473623391, -0.20282911006315996",
               "Audio": "",
               "AnnounceDistance": 20.0
          },
          {
               "Name": "Links Avenue",
               "Location": "51.40114904283492, -0.19995337312048758",
               "Audio": "",
               "AnnounceDistance": 20.0
          },
          {
               "Name": "Morden Station",
               "Location": "51.401753470617415, -0.1954009386766314",
               "Audio": "",
               "AnnounceDistance": 20.0
          }
     ]
}