{
     "RouteNumber": "164",
     "Destination": "Sutton Station / The Quadrant",
     "RouteAudio": "",
     "DestinationAudio": "",
     "Stops": [
          {
               "Name": "Francis Grove",
               "Location": "51.42121569777326, -0.20962148215511547",
               "Audio": "",
               "AnnounceDistance": 20.0
          },
          {
               "Name": "Wimbledon Station T",
               "Location": "51.42062870920168, -0.20534397886968966",
               "Audio": "",
               "AnnounceDistance": 20.0
          },
          {
               "Name": "Wimbledon Bus Station",
               "Location": "51.41884163492383, -0.2031559716367665",
               "Audio": "",
               "AnnounceDistance": 20.0
          },
          {
               "Name": "Bertram Cottages",
               "Location": "51.41676317563417, -0.20307927781706306",
               "Audio": "",
               "AnnounceDistance": 20.0
          },
          {
               "Name": "Merton Park Tram Stop T",
               "Location": "51.41495141525585, -0.20221555793959262",
               "Audio": "",
               "AnnounceDistance": 20.0
          },
          {
               "Name": "Wilton Crescent",
               "Location": "51.41247542115476, -0.20671302424765006",
               "Audio": "",
               "AnnounceDistance": 20.0
          },
          {
               "Name": "The Nelson Health Centre",
               "Location": "51.410547889424095, -0.21003822717758316",
               "Audio": "",
               "AnnounceDistance": 20.0
          },
          {
               "Name": "Wimbledon Chase Station",
               "Location": "51.409263172776626, -0.21365443224024938",
               "Audio": "",
               "AnnounceDistance": 20.0
          },
          {
               "Name": "Merton Park Baptist Church",
               "Location": "51.4082775685675, -0.2168418120876117",
               "Audio": "",
               "AnnounceDistance": 20.0
          },
          {
               "Name": "Merton Mansions",
               "Location": "51.40730158990132, -0.21889277453854944",
               "Audio": "",
               "AnnounceDistance": 20.0
          },
          {
               "Name": "St James Church",
               "Location": "51.403558479887, -0.2128415527604934",
               "Audio": "",
               "AnnounceDistance": 20.0
          },
          {
               "Name": "Ashridge Way",
               "Location": "51.402900195221015, -0.2097761216043841",
               "Audio": "",
               "AnnounceDistance": 20.0
          },
          {
               "Name": "South Merton Station",
               "Location": "51.40280378250902, -0.20523670697149823",
               "Audio": "",
               "AnnounceDistance": 20.0
          },
          {
               "Name": "Links Avenue",
               "Location": "51.40188583094835, -0.20049952075884017",
               "Audio": "",
               "AnnounceDistance": 20.0
          },
          {
               "Name": "Morden Station",
               "Location": "51.40227831366833, -0.19444577465419882",
               "Audio": "",
               "AnnounceDistance": 20.0
          },
          {
               "Name": "Morden Hall",
               "Location": "51.402772902727406, -0.19094702205839387",
               "Audio": "",
               "AnnounceDistance": 20.0
          },
          {
               "Name": "Morden Hall Road / Central Road",
               "Location": "51.39970172443154, -0.18773291809529263",
               "Audio": "",
               "AnnounceDistance": 20.0
          },
          {
               "Name": "Connaught Gardens",
               "Location": "51.39725497672606, -0.18652145420889174",
               "Audio": "",
               "AnnounceDistance": 20.0
          },
          {
               "Name": "Langdon Walk",
               "Location": "51.3949892384181, -0.18712854478891022",
               "Audio": "",
               "AnnounceDistance": 20.0
          },
          {
               "Name": "Leominster Walk",
               "Location": "51.39276820899922, -0.18771943171731725",
               "Audio": "",
               "AnnounceDistance": 20.0
          },
          {
               "Name": "St Helier Avenue / Middleton Road",
               "Location": "51.39035034663654, -0.18837552649977873",
               "Audio": "",
               "AnnounceDistance": 20.0
          },
          {
               "Name": "Netley Gardens",
               "Location": "51.38778868468616, -0.189037225985592",
               "Audio": "",
               "AnnounceDistance": 20.0
          },
          {
               "Name": "St Helier Avenue / Rose Hill Roundabout",
               "Location": "51.3855483353491, -0.18954245041597342",
               "Audio": "",
               "AnnounceDistance": 20.0
          },
          {
               "Name": "Rose Hill / Rose Hill Roundabout",
               "Location": "51.38306233179167, -0.19044533072020312",
               "Audio": "",
               "AnnounceDistance": 20.0
          },
          {
               "Name": "Rosehill Park West",
               "Location": "51.37899534317005, -0.19204269538518948",
               "Audio": "",
               "AnnounceDistance": 20.0
          },
          {
               "Name": "Cranleigh Gardens",
               "Location": "51.375799327873025, -0.19297326057678602",
               "Audio": "",
               "AnnounceDistance": 20.0
          },
          {
               "Name": "Sutton Green",
               "Location": "51.36981434494101, -0.19499037822477727",
               "Audio": "",
               "AnnounceDistance": 20.0
          },
          {
               "Name": "High Street / Marshalls Road",
               "Location": "51.367871561012095, -0.19496620968613035",
               "Audio": "",
               "AnnounceDistance": 20.0
          },
          {
               "Name": "Benhill Avenue",
               "Location": "51.36717162748754, -0.1933129097541142",
               "Audio": "",
               "AnnounceDistance": 20.0
          },
          {
               "Name": "Manor Place",
               "Location": "51.36548017097121, -0.19267556964941837",
               "Audio": "",
               "AnnounceDistance": 20.0
          },
          {
               "Name": "Times Square",
               "Location": "51.36374155933835, -0.19189648254992847",
               "Audio": "",
               "AnnounceDistance": 20.0
          },
          {
               "Name": "Sutton Police Station",
               "Location": "51.361654556870434, -0.19068588576698342",
               "Audio": "",
               "AnnounceDistance": 20.0
          },
          {
               "Name": "Sutton Station",
               "Location": "51.359289253050804, -0.1912530857109053",
               "Audio": "",
               "AnnounceDistance": 20.0
          },
          {
               "Name": "Sutton Station / The Quadrant",
               "Location": "51.359040613809924, -0.19087506632866316",
               "Audio": "",
               "AnnounceDistance": 20.0
          }
     ]
}