{
     "RouteNumber": "165",
     "Destination": "The Brewery",
     "RouteAudio": "",
     "DestinationAudio": "",
     "Stops": [
          {
               "Name": "Abbey Wood Lane",
               "Location": "51.529368564291, 0.21345841047051445",
               "Audio": "",
               "AnnounceDistance": 20.0
          },
          {
               "Name": "Thorn Lane",
               "Location": "51.52649974837841, 0.2144149432520276",
               "Audio": "",
               "AnnounceDistance": 20.0
          },
          {
               "Name": "Lake Avenue",
               "Location": "51.52544257433381, 0.21753529829129334",
               "Audio": "",
               "AnnounceDistance": 20.0
          },
          {
               "Name": "Acer Avenue",
               "Location": "51.52271912464139, 0.21746063244755776",
               "Audio": "",
               "AnnounceDistance": 20.0
          },
          {
               "Name": "Lambs Lane North",
               "Location": "51.521786247363046, 0.21209600783408325",
               "Audio": "",
               "AnnounceDistance": 20.0
          },
          {
               "Name": "Allen Road",
               "Location": "51.52105259924474, 0.20903325718710886",
               "Audio": "",
               "AnnounceDistance": 20.0
          },
          {
               "Name": "New Road",
               "Location": "51.520370198099435, 0.20467573529186886",
               "Audio": "",
               "AnnounceDistance": 20.0
          },
          {
               "Name": "Brights Avenue",
               "Location": "51.520070449602976, 0.20244136511539407",
               "Audio": "",
               "AnnounceDistance": 20.0
          },
          {
               "Name": "Rainham Village School",
               "Location": "51.51936052259314, 0.19617998188039412",
               "Audio": "",
               "AnnounceDistance": 20.0
          },
          {
               "Name": "St Helens Court",
               "Location": "51.51836892447532, 0.19198094851055086",
               "Audio": "",
               "AnnounceDistance": 20.0
          },
          {
               "Name": "Rainham War Memorial",
               "Location": "51.51870739498373, 0.18974855169473365",
               "Audio": "",
               "AnnounceDistance": 20.0
          },
          {
               "Name": "Rainham Tesco",
               "Location": "51.51947788961606, 0.19086661419775314",
               "Audio": "",
               "AnnounceDistance": 20.0
          },
          {
               "Name": "Dovers Corner",
               "Location": "51.52172704428207, 0.18840863734014962",
               "Audio": "",
               "AnnounceDistance": 20.0
          },
          {
               "Name": "Cherry Tree Lane",
               "Location": "51.52211307101652, 0.18506833679315537",
               "Audio": "",
               "AnnounceDistance": 20.0
          },
          {
               "Name": "Dunedin Road",
               "Location": "51.52343664852164, 0.18159980865789416",
               "Audio": "",
               "AnnounceDistance": 20.0
          },
          {
               "Name": "Edmund Road",
               "Location": "51.524430372057864, 0.1832907593023979",
               "Audio": "",
               "AnnounceDistance": 20.0
          },
          {
               "Name": "Stanley Road South",
               "Location": "51.5264731395378, 0.18611327784797319",
               "Audio": "",
               "AnnounceDistance": 20.0
          },
          {
               "Name": "Rainham Road",
               "Location": "51.52869499480494, 0.18897347941022685",
               "Audio": "",
               "AnnounceDistance": 20.0
          },
          {
               "Name": "Alexandra Road",
               "Location": "51.53050703463486, 0.19066082529610417",
               "Audio": "",
               "AnnounceDistance": 20.0
          },
          {
               "Name": "Ford Lane",
               "Location": "51.534040804418396, 0.19212823962563103",
               "Audio": "",
               "AnnounceDistance": 20.0
          },
          {
               "Name": "Mungo Park Road / South End Road",
               "Location": "51.53677369865034, 0.1974652381815846",
               "Audio": "",
               "AnnounceDistance": 20.0
          },
          {
               "Name": "Kingaby Gardens",
               "Location": "51.53824293257265, 0.19488262405809448",
               "Audio": "",
               "AnnounceDistance": 20.0
          },
          {
               "Name": "Freeborne Gardens",
               "Location": "51.54140575822424, 0.19310233028928622",
               "Audio": "",
               "AnnounceDistance": 20.0
          },
          {
               "Name": "Wood Lane",
               "Location": "51.54375924166598, 0.19468658328004412",
               "Audio": "",
               "AnnounceDistance": 20.0
          },
          {
               "Name": "Aldingham Gardens",
               "Location": "51.54518421855269, 0.19590898485778258",
               "Audio": "",
               "AnnounceDistance": 20.0
          },
          {
               "Name": "Ambleside Avenue",
               "Location": "51.54790166157853, 0.19918420692794656",
               "Audio": "",
               "AnnounceDistance": 20.0
          },
          {
               "Name": "Elm Park Station",
               "Location": "51.55027850131054, 0.19903920739715847",
               "Audio": "",
               "AnnounceDistance": 20.0
          },
          {
               "Name": "Elm Parade",
               "Location": "51.55141314766563, 0.19991614594735502",
               "Audio": "",
               "AnnounceDistance": 20.0
          },
          {
               "Name": "Brian Close",
               "Location": "51.552332927122414, 0.20265801818058543",
               "Audio": "",
               "AnnounceDistance": 20.0
          },
          {
               "Name": "Abbs Cross Academy",
               "Location": "51.553611569952224, 0.20639829685844474",
               "Audio": "",
               "AnnounceDistance": 20.0
          },
          {
               "Name": "Suttons Avenue",
               "Location": "51.555295886371525, 0.20769160397009176",
               "Audio": "",
               "AnnounceDistance": 20.0
          },
          {
               "Name": "Stanley Road",
               "Location": "51.55826933973559, 0.20881665094513974",
               "Audio": "",
               "AnnounceDistance": 20.0
          },
          {
               "Name": "Abbs Cross Lane",
               "Location": "51.563072246524285, 0.2145034008809804",
               "Audio": "",
               "AnnounceDistance": 20.0
          },
          {
               "Name": "Billet Lane",
               "Location": "51.5630393085577, 0.2162476496315912",
               "Audio": "",
               "AnnounceDistance": 20.0
          },
          {
               "Name": "Hornchurch Town Centre",
               "Location": "51.56163049752178, 0.22131553399064802",
               "Audio": "",
               "AnnounceDistance": 20.0
          },
          {
               "Name": "Hornchurch Town Centre",
               "Location": "51.561599764895185, 0.22056377687017314",
               "Audio": "",
               "AnnounceDistance": 20.0
          },
          {
               "Name": "Queens Theatre",
               "Location": "51.563947222201705, 0.22007214824220814",
               "Audio": "",
               "AnnounceDistance": 20.0
          },
          {
               "Name": "Burnway",
               "Location": "51.56653833588338, 0.22001080015114682",
               "Audio": "",
               "AnnounceDistance": 20.0
          },
          {
               "Name": "Emerson Park Station",
               "Location": "51.56825251922295, 0.2192429372774943",
               "Audio": "",
               "AnnounceDistance": 20.0
          },
          {
               "Name": "Wykeham Avenue",
               "Location": "51.571737743166686, 0.21897976371561134",
               "Audio": "",
               "AnnounceDistance": 20.0
          },
          {
               "Name": "Walden Way",
               "Location": "51.57353825462738, 0.2164985952088029",
               "Audio": "",
               "AnnounceDistance": 20.0
          },
          {
               "Name": "Kinfauns Avenue",
               "Location": "51.57522184693122, 0.21115394346365862",
               "Audio": "",
               "AnnounceDistance": 20.0
          },
          {
               "Name": "The Drill Roundabout",
               "Location": "51.57742153484987, 0.2075225612040372",
               "Audio": "",
               "AnnounceDistance": 20.0
          },
          {
               "Name": "Salisbury Road",
               "Location": "51.57602202800037, 0.206386726557225",
               "Audio": "",
               "AnnounceDistance": 20.0
          },
          {
               "Name": "Cranham Road",
               "Location": "51.57448349633019, 0.20355567652806517",
               "Audio": "",
               "AnnounceDistance": 20.0
          },
          {
               "Name": "Frances Bardsley Academy",
               "Location": "51.574301062116426, 0.19889973372166397",
               "Audio": "",
               "AnnounceDistance": 20.0
          },
          {
               "Name": "Princes Road",
               "Location": "51.57312508046742, 0.19494642409628213",
               "Audio": "",
               "AnnounceDistance": 20.0
          },
          {
               "Name": "Albert Road",
               "Location": "51.57208121138036, 0.19065332379074257",
               "Audio": "",
               "AnnounceDistance": 20.0
          },
          {
               "Name": "South Street",
               "Location": "51.57077259302748, 0.18656418280113482",
               "Audio": "",
               "AnnounceDistance": 20.0
          },
          {
               "Name": "Brentwood Road",
               "Location": "51.57078924927742, 0.18567026647413543",
               "Audio": "",
               "AnnounceDistance": 20.0
          },
          {
               "Name": "Romford Station",
               "Location": "51.57374529042593, 0.18387821924031322",
               "Audio": "",
               "AnnounceDistance": 20.0
          },
          {
               "Name": "Western Road",
               "Location": "51.577369785175236, 0.1843406458252307",
               "Audio": "",
               "AnnounceDistance": 20.0
          },
          {
               "Name": "Romford Market",
               "Location": "51.58039902666573, 0.18247960459728466",
               "Audio": "",
               "AnnounceDistance": 20.0
          },
          {
               "Name": "North Street",
               "Location": "51.57937829832772, 0.17788410807385466",
               "Audio": "",
               "AnnounceDistance": 20.0
          },
          {
               "Name": "Mawney Road",
               "Location": "51.57713246928054, 0.177271578827801",
               "Audio": "",
               "AnnounceDistance": 20.0
          },
          {
               "Name": "The Brewery",
               "Location": "51.57580852229389, 0.17834846444024227",
               "Audio": "",
               "AnnounceDistance": 20.0
          }
     ]
}