{
     "RouteNumber": "166",
     "Destination": "Epsom Hospital",
     "RouteAudio": "",
     "DestinationAudio": "",
     "Stops": [
          {
               "Name": "West Croydon Bus Station",
               "Location": "51.379060682096664, -0.1012372767565107",
               "Audio": "",
               "AnnounceDistance": 20.0
          },
          {
               "Name": "Whitgift Centre",
               "Location": "51.37690199361668, -0.09843839027711974",
               "Audio": "",
               "AnnounceDistance": 20.0
          },
          {
               "Name": "Park Street",
               "Location": "51.37348554525251, -0.09793338888751664",
               "Audio": "",
               "AnnounceDistance": 20.0
          },
          {
               "Name": "Croydon Flyover",
               "Location": "51.371186043246595, -0.1003131102701096",
               "Audio": "",
               "AnnounceDistance": 20.0
          },
          {
               "Name": "Coombe Road",
               "Location": "51.3682093855766, -0.09920078820221791",
               "Audio": "",
               "AnnounceDistance": 20.0
          },
          {
               "Name": "Aberdeen Road",
               "Location": "51.365894441328564, -0.09896623311162343",
               "Audio": "",
               "AnnounceDistance": 20.0
          },
          {
               "Name": "Warham Road / Brighton Road",
               "Location": "51.36354434640741, -0.0993364858808019",
               "Audio": "",
               "AnnounceDistance": 20.0
          },
          {
               "Name": "Croydon Bowling Club",
               "Location": "51.36270756546255, -0.10319215794744765",
               "Audio": "",
               "AnnounceDistance": 20.0
          },
          {
               "Name": "Bramley Hill",
               "Location": "51.362357142152106, -0.10543315755950264",
               "Audio": "",
               "AnnounceDistance": 20.0
          },
          {
               "Name": "Heath Close",
               "Location": "51.35914482051019, -0.10642752511406013",
               "Audio": "",
               "AnnounceDistance": 20.0
          },
          {
               "Name": "St Giles School",
               "Location": "51.35657331494034, -0.10534145010243352",
               "Audio": "",
               "AnnounceDistance": 20.0
          },
          {
               "Name": "Regina Coeli School",
               "Location": "51.354456616087944, -0.10568729868484979",
               "Audio": "",
               "AnnounceDistance": 20.0
          },
          {
               "Name": "Netherheys Drive",
               "Location": "51.35230907293529, -0.10635033789307644",
               "Audio": "",
               "AnnounceDistance": 20.0
          },
          {
               "Name": "Blackford Close",
               "Location": "51.34938297719609, -0.10780651008312539",
               "Audio": "",
               "AnnounceDistance": 20.0
          },
          {
               "Name": "Lynscott Way",
               "Location": "51.34782540179517, -0.10936412275419609",
               "Audio": "",
               "AnnounceDistance": 20.0
          },
          {
               "Name": "Wyvern Road",
               "Location": "51.34456192989041, -0.11109228967005318",
               "Audio": "",
               "AnnounceDistance": 20.0
          },
          {
               "Name": "Purley Hospital",
               "Location": "51.341357969495284, -0.11484224765514045",
               "Audio": "",
               "AnnounceDistance": 20.0
          },
          {
               "Name": "Purley Cross",
               "Location": "51.33923897642843, -0.11728379929400966",
               "Audio": "",
               "AnnounceDistance": 20.0
          },
          {
               "Name": "Purley Tesco",
               "Location": "51.33666206257106, -0.11865275820331309",
               "Audio": "",
               "AnnounceDistance": 20.0
          },
          {
               "Name": "Grovelands Road",
               "Location": "51.334182576289294, -0.12161106918201933",
               "Audio": "",
               "AnnounceDistance": 20.0
          },
          {
               "Name": "Brighton Road / Old Lodge Lane",
               "Location": "51.332091542121354, -0.12412255083240739",
               "Audio": "",
               "AnnounceDistance": 20.0
          },
          {
               "Name": "Musgrove Close",
               "Location": "51.32974262121151, -0.12625674188489971",
               "Audio": "",
               "AnnounceDistance": 20.0
          },
          {
               "Name": "Smitham Downs Road",
               "Location": "51.3275136975809, -0.1285867772717011",
               "Audio": "",
               "AnnounceDistance": 20.0
          },
          {
               "Name": "Willow Court",
               "Location": "51.32455629550194, -0.1331708815975241",
               "Audio": "",
               "AnnounceDistance": 20.0
          },
          {
               "Name": "Coulsdon Town Station",
               "Location": "51.32228540480077, -0.13626267142285892",
               "Audio": "",
               "AnnounceDistance": 20.0
          },
          {
               "Name": "Chipstead Valley Road / Brighton Road",
               "Location": "51.32074475288188, -0.138908405642851",
               "Audio": "",
               "AnnounceDistance": 20.0
          },
          {
               "Name": "Portnalls Road",
               "Location": "51.31944111442517, -0.14289339084039906",
               "Audio": "",
               "AnnounceDistance": 20.0
          },
          {
               "Name": "Coniston Road",
               "Location": "51.3194571607883, -0.1473129027819684",
               "Audio": "",
               "AnnounceDistance": 20.0
          },
          {
               "Name": "Rickman Hill",
               "Location": "51.3185677692672, -0.15135263316964678",
               "Audio": "",
               "AnnounceDistance": 20.0
          },
          {
               "Name": "Woodmansterne Station",
               "Location": "51.31783028852609, -0.154769033470136",
               "Audio": "",
               "AnnounceDistance": 20.0
          },
          {
               "Name": "Chipstead Valley School",
               "Location": "51.31715906282606, -0.15954595934403554",
               "Audio": "",
               "AnnounceDistance": 20.0
          },
          {
               "Name": "Chipstead Valley / Rectory Lane",
               "Location": "51.31568868540379, -0.16441204136050178",
               "Audio": "",
               "AnnounceDistance": 20.0
          },
          {
               "Name": "Pine Walk",
               "Location": "51.31290285579511, -0.1685553181897865",
               "Audio": "",
               "AnnounceDistance": 20.0
          },
          {
               "Name": "Manor Way",
               "Location": "51.316843627229964, -0.17098143607089822",
               "Audio": "",
               "AnnounceDistance": 20.0
          },
          {
               "Name": "The Readens",
               "Location": "51.31980334067281, -0.17047622770900706",
               "Audio": "",
               "AnnounceDistance": 20.0
          },
          {
               "Name": "Woodmansterne Post Office",
               "Location": "51.324199850204714, -0.17041609951007877",
               "Audio": "",
               "AnnounceDistance": 20.0
          },
          {
               "Name": "Merrymeet",
               "Location": "51.32630488144381, -0.16988737298679374",
               "Audio": "",
               "AnnounceDistance": 20.0
          },
          {
               "Name": "Oaks Park",
               "Location": "51.334365261253694, -0.16777194335873627",
               "Audio": "",
               "AnnounceDistance": 20.0
          },
          {
               "Name": "Fairlawn Grove",
               "Location": "51.33244564324765, -0.18019392036645868",
               "Audio": "",
               "AnnounceDistance": 20.0
          },
          {
               "Name": "Croydon Lane South",
               "Location": "51.32724625267415, -0.19228447736813548",
               "Audio": "",
               "AnnounceDistance": 20.0
          },
          {
               "Name": "Banstead / The Woolpack",
               "Location": "51.32410826910508, -0.1963978675872426",
               "Audio": "",
               "AnnounceDistance": 20.0
          },
          {
               "Name": "Glenfield Road",
               "Location": "51.32325804099845, -0.19900027611170043",
               "Audio": "",
               "AnnounceDistance": 20.0
          },
          {
               "Name": "Banstead / Marks Spencer",
               "Location": "51.32213036434809, -0.20345048278492198",
               "Audio": "",
               "AnnounceDistance": 20.0
          },
          {
               "Name": "Castleton Drive",
               "Location": "51.32463316592887, -0.20715614354837586",
               "Audio": "",
               "AnnounceDistance": 20.0
          },
          {
               "Name": "Banstead Crossroads",
               "Location": "51.32786667671823, -0.2110203617936547",
               "Audio": "",
               "AnnounceDistance": 20.0
          },
          {
               "Name": "Banstead Station",
               "Location": "51.328388916147, -0.21577986652818087",
               "Audio": "",
               "AnnounceDistance": 20.0
          },
          {
               "Name": "Poplar Drive",
               "Location": "51.32774020492542, -0.22042691353911584",
               "Audio": "",
               "AnnounceDistance": 20.0
          },
          {
               "Name": "Sycamore Rise",
               "Location": "51.327611997753195, -0.2244221724162629",
               "Audio": "",
               "AnnounceDistance": 20.0
          },
          {
               "Name": "High Beeches",
               "Location": "51.32717591145945, -0.22828573744071634",
               "Audio": "",
               "AnnounceDistance": 20.0
          },
          {
               "Name": "Drift Bridge",
               "Location": "51.32634446574238, -0.232178783779778",
               "Audio": "",
               "AnnounceDistance": 20.0
          },
          {
               "Name": "Reigate Road / Nork Way",
               "Location": "51.32076422603944, -0.2330534960027081",
               "Audio": "",
               "AnnounceDistance": 20.0
          },
          {
               "Name": "Rose Bushes",
               "Location": "51.31875206127053, -0.2355847988726697",
               "Audio": "",
               "AnnounceDistance": 20.0
          },
          {
               "Name": "Bunbury Way",
               "Location": "51.31967371188171, -0.2430550467094982",
               "Audio": "",
               "AnnounceDistance": 20.0
          },
          {
               "Name": "Epsom Golf Club",
               "Location": "51.32317872111574, -0.244112343763188",
               "Audio": "",
               "AnnounceDistance": 20.0
          },
          {
               "Name": "Epsom College",
               "Location": "51.328001951399344, -0.24612423161489722",
               "Audio": "",
               "AnnounceDistance": 20.0
          },
          {
               "Name": "Longdown Lodge",
               "Location": "51.32853678710521, -0.24761097813356414",
               "Audio": "",
               "AnnounceDistance": 20.0
          },
          {
               "Name": "Longdown Road",
               "Location": "51.32964317952423, -0.24943484266013763",
               "Audio": "",
               "AnnounceDistance": 20.0
          },
          {
               "Name": "Ashdown Road",
               "Location": "51.332154390977, -0.2519948686739037",
               "Audio": "",
               "AnnounceDistance": 20.0
          },
          {
               "Name": "Bridge Road",
               "Location": "51.33324103214792, -0.25310196529555623",
               "Audio": "",
               "AnnounceDistance": 20.0
          },
          {
               "Name": "Pikes Hill",
               "Location": "51.334831303514086, -0.2578363512855728",
               "Audio": "",
               "AnnounceDistance": 20.0
          },
          {
               "Name": "Upper High Street / The Odeon",
               "Location": "51.33447785832684, -0.26067781521149186",
               "Audio": "",
               "AnnounceDistance": 20.0
          },
          {
               "Name": "Epsom High Street",
               "Location": "51.3337672148334, -0.2655137799365913",
               "Audio": "",
               "AnnounceDistance": 20.0
          },
          {
               "Name": "Ashley Road",
               "Location": "51.33230188893809, -0.2667605391220691",
               "Audio": "",
               "AnnounceDistance": 20.0
          },
          {
               "Name": "Elmslie Close",
               "Location": "51.32747984631814, -0.27271243976429643",
               "Audio": "",
               "AnnounceDistance": 20.0
          },
          {
               "Name": "Epsom Hospital",
               "Location": "51.32644732550159, -0.27404301538966336",
               "Audio": "",
               "AnnounceDistance": 20.0
          }
     ]
}