{
     "RouteNumber": "166",
     "Destination": "Purley Library",
     "RouteAudio": "",
     "DestinationAudio": "",
     "Stops": [
          {
               "Name": "Banstead / Marks Spencer",
               "Location": "51.32213083687714, -0.20406759609525546",
               "Audio": "",
               "AnnounceDistance": 20.0
          },
          {
               "Name": "Glenfield Road",
               "Location": "51.323093952005756, -0.20002571062165972",
               "Audio": "",
               "AnnounceDistance": 20.0
          },
          {
               "Name": "Banstead / The Woolpack",
               "Location": "51.324449051312584, -0.1957529826098905",
               "Audio": "",
               "AnnounceDistance": 20.0
          },
          {
               "Name": "Croydon Lane South",
               "Location": "51.32719042634376, -0.192745984700785",
               "Audio": "",
               "AnnounceDistance": 20.0
          },
          {
               "Name": "Fairlawn Grove",
               "Location": "51.33242559117229, -0.18063972421824878",
               "Audio": "",
               "AnnounceDistance": 20.0
          },
          {
               "Name": "Oaks Park",
               "Location": "51.33398016173233, -0.16787343008735595",
               "Audio": "",
               "AnnounceDistance": 20.0
          },
          {
               "Name": "Merrymeet",
               "Location": "51.326420593473415, -0.16981099999946794",
               "Audio": "",
               "AnnounceDistance": 20.0
          },
          {
               "Name": "Woodmansterne Post Office",
               "Location": "51.32375387734678, -0.17007503522080256",
               "Audio": "",
               "AnnounceDistance": 20.0
          },
          {
               "Name": "The Readens",
               "Location": "51.319389035278554, -0.1704353073464633",
               "Audio": "",
               "AnnounceDistance": 20.0
          },
          {
               "Name": "Manor Way",
               "Location": "51.31681509774645, -0.17088211866812503",
               "Audio": "",
               "AnnounceDistance": 20.0
          },
          {
               "Name": "Pine Walk",
               "Location": "51.31321086797483, -0.1692748611671052",
               "Audio": "",
               "AnnounceDistance": 20.0
          },
          {
               "Name": "Chipstead Valley / Rectory Lane",
               "Location": "51.31568868540379, -0.16441204136050178",
               "Audio": "",
               "AnnounceDistance": 20.0
          },
          {
               "Name": "Chipstead Valley School",
               "Location": "51.3173562980046, -0.15893534510422241",
               "Audio": "",
               "AnnounceDistance": 20.0
          },
          {
               "Name": "Woodmansterne Station",
               "Location": "51.31802342915563, -0.15390024103767075",
               "Audio": "",
               "AnnounceDistance": 20.0
          },
          {
               "Name": "Chipstead Valley Road / Rickman Hill",
               "Location": "51.318905356645956, -0.15052105508995453",
               "Audio": "",
               "AnnounceDistance": 20.0
          },
          {
               "Name": "Coniston Road",
               "Location": "51.319533867977185, -0.14647744313923305",
               "Audio": "",
               "AnnounceDistance": 20.0
          },
          {
               "Name": "Portnalls Road",
               "Location": "51.31967557476195, -0.14236727681409309",
               "Audio": "",
               "AnnounceDistance": 20.0
          },
          {
               "Name": "Coulsdon Town Station",
               "Location": "51.321451949591314, -0.137573766295058",
               "Audio": "",
               "AnnounceDistance": 20.0
          },
          {
               "Name": "The Avenue",
               "Location": "51.32278251170525, -0.13585501038681422",
               "Audio": "",
               "AnnounceDistance": 20.0
          },
          {
               "Name": "Willow Court",
               "Location": "51.323740621905195, -0.13446702489288562",
               "Audio": "",
               "AnnounceDistance": 20.0
          },
          {
               "Name": "Smitham Downs Road",
               "Location": "51.32735142572888, -0.12912446899852817",
               "Audio": "",
               "AnnounceDistance": 20.0
          },
          {
               "Name": "Brighton Road / Old Lodge Lane",
               "Location": "51.33085450726346, -0.1254936765509686",
               "Audio": "",
               "AnnounceDistance": 20.0
          },
          {
               "Name": "Grovelands Road",
               "Location": "51.333163327271436, -0.1231026317170824",
               "Audio": "",
               "AnnounceDistance": 20.0
          },
          {
               "Name": "Purley Tesco",
               "Location": "51.336915308007626, -0.11874288684570102",
               "Audio": "",
               "AnnounceDistance": 20.0
          },
          {
               "Name": "Purley Library",
               "Location": "51.33868064941872, -0.11835475321961815",
               "Audio": "",
               "AnnounceDistance": 20.0
          }
     ]
}