{
     "RouteNumber": "166",
     "Destination": "Banstead / Marks Spencer",
     "RouteAudio": "",
     "DestinationAudio": "",
     "Stops": [
          {
               "Name": "West Croydon Bus Station",
               "Location": "51.379060682096664, -0.1012372767565107",
               "Audio": "",
               "AnnounceDistance": 20.0
          },
          {
               "Name": "Whitgift Centre",
               "Location": "51.37690199361668, -0.09843839027711974",
               "Audio": "",
               "AnnounceDistance": 20.0
          },
          {
               "Name": "Park Street",
               "Location": "51.37348554525251, -0.09793338888751664",
               "Audio": "",
               "AnnounceDistance": 20.0
          },
          {
               "Name": "Croydon Flyover",
               "Location": "51.371186043246595, -0.1003131102701096",
               "Audio": "",
               "AnnounceDistance": 20.0
          },
          {
               "Name": "Coombe Road",
               "Location": "51.3682093855766, -0.09920078820221791",
               "Audio": "",
               "AnnounceDistance": 20.0
          },
          {
               "Name": "Aberdeen Road",
               "Location": "51.365894441328564, -0.09896623311162343",
               "Audio": "",
               "AnnounceDistance": 20.0
          },
          {
               "Name": "Warham Road / Brighton Road",
               "Location": "51.36354434640741, -0.0993364858808019",
               "Audio": "",
               "AnnounceDistance": 20.0
          },
          {
               "Name": "Croydon Bowling Club",
               "Location": "51.36270756546255, -0.10319215794744765",
               "Audio": "",
               "AnnounceDistance": 20.0
          },
          {
               "Name": "Bramley Hill",
               "Location": "51.362357142152106, -0.10543315755950264",
               "Audio": "",
               "AnnounceDistance": 20.0
          },
          {
               "Name": "Heath Close",
               "Location": "51.35914482051019, -0.10642752511406013",
               "Audio": "",
               "AnnounceDistance": 20.0
          },
          {
               "Name": "St Giles School",
               "Location": "51.35657331494034, -0.10534145010243352",
               "Audio": "",
               "AnnounceDistance": 20.0
          },
          {
               "Name": "Regina Coeli School",
               "Location": "51.354456616087944, -0.10568729868484979",
               "Audio": "",
               "AnnounceDistance": 20.0
          },
          {
               "Name": "Netherheys Drive",
               "Location": "51.35230907293529, -0.10635033789307644",
               "Audio": "",
               "AnnounceDistance": 20.0
          },
          {
               "Name": "Blackford Close",
               "Location": "51.34938297719609, -0.10780651008312539",
               "Audio": "",
               "AnnounceDistance": 20.0
          },
          {
               "Name": "Lynscott Way",
               "Location": "51.34782540179517, -0.10936412275419609",
               "Audio": "",
               "AnnounceDistance": 20.0
          },
          {
               "Name": "Wyvern Road",
               "Location": "51.34456192989041, -0.11109228967005318",
               "Audio": "",
               "AnnounceDistance": 20.0
          },
          {
               "Name": "Purley Hospital",
               "Location": "51.341357969495284, -0.11484224765514045",
               "Audio": "",
               "AnnounceDistance": 20.0
          },
          {
               "Name": "Purley Cross",
               "Location": "51.33923897642843, -0.11728379929400966",
               "Audio": "",
               "AnnounceDistance": 20.0
          },
          {
               "Name": "Purley Tesco",
               "Location": "51.33666206257106, -0.11865275820331309",
               "Audio": "",
               "AnnounceDistance": 20.0
          },
          {
               "Name": "Grovelands Road",
               "Location": "51.334182576289294, -0.12161106918201933",
               "Audio": "",
               "AnnounceDistance": 20.0
          },
          {
               "Name": "Brighton Road / Old Lodge Lane",
               "Location": "51.332091542121354, -0.12412255083240739",
               "Audio": "",
               "AnnounceDistance": 20.0
          },
          {
               "Name": "Musgrove Close",
               "Location": "51.32974262121151, -0.12625674188489971",
               "Audio": "",
               "AnnounceDistance": 20.0
          },
          {
               "Name": "Smitham Downs Road",
               "Location": "51.3275136975809, -0.1285867772717011",
               "Audio": "",
               "AnnounceDistance": 20.0
          },
          {
               "Name": "Willow Court",
               "Location": "51.32455629550194, -0.1331708815975241",
               "Audio": "",
               "AnnounceDistance": 20.0
          },
          {
               "Name": "Coulsdon Town Station",
               "Location": "51.32228540480077, -0.13626267142285892",
               "Audio": "",
               "AnnounceDistance": 20.0
          },
          {
               "Name": "Chipstead Valley Road / Brighton Road",
               "Location": "51.32074475288188, -0.138908405642851",
               "Audio": "",
               "AnnounceDistance": 20.0
          },
          {
               "Name": "Portnalls Road",
               "Location": "51.31944111442517, -0.14289339084039906",
               "Audio": "",
               "AnnounceDistance": 20.0
          },
          {
               "Name": "Coniston Road",
               "Location": "51.3194571607883, -0.1473129027819684",
               "Audio": "",
               "AnnounceDistance": 20.0
          },
          {
               "Name": "Rickman Hill",
               "Location": "51.3185677692672, -0.15135263316964678",
               "Audio": "",
               "AnnounceDistance": 20.0
          },
          {
               "Name": "Woodmansterne Station",
               "Location": "51.31783028852609, -0.154769033470136",
               "Audio": "",
               "AnnounceDistance": 20.0
          },
          {
               "Name": "Chipstead Valley School",
               "Location": "51.31715906282606, -0.15954595934403554",
               "Audio": "",
               "AnnounceDistance": 20.0
          },
          {
               "Name": "Chipstead Valley / Rectory Lane",
               "Location": "51.31568868540379, -0.16441204136050178",
               "Audio": "",
               "AnnounceDistance": 20.0
          },
          {
               "Name": "Pine Walk",
               "Location": "51.31290285579511, -0.1685553181897865",
               "Audio": "",
               "AnnounceDistance": 20.0
          },
          {
               "Name": "Manor Way",
               "Location": "51.316843627229964, -0.17098143607089822",
               "Audio": "",
               "AnnounceDistance": 20.0
          },
          {
               "Name": "The Readens",
               "Location": "51.31980334067281, -0.17047622770900706",
               "Audio": "",
               "AnnounceDistance": 20.0
          },
          {
               "Name": "Woodmansterne Post Office",
               "Location": "51.324199850204714, -0.17041609951007877",
               "Audio": "",
               "AnnounceDistance": 20.0
          },
          {
               "Name": "Merrymeet",
               "Location": "51.32630488144381, -0.16988737298679374",
               "Audio": "",
               "AnnounceDistance": 20.0
          },
          {
               "Name": "Oaks Park",
               "Location": "51.334365261253694, -0.16777194335873627",
               "Audio": "",
               "AnnounceDistance": 20.0
          },
          {
               "Name": "Fairlawn Grove",
               "Location": "51.33244564324765, -0.18019392036645868",
               "Audio": "",
               "AnnounceDistance": 20.0
          },
          {
               "Name": "Croydon Lane South",
               "Location": "51.32724625267415, -0.19228447736813548",
               "Audio": "",
               "AnnounceDistance": 20.0
          },
          {
               "Name": "Banstead / The Woolpack",
               "Location": "51.32410826910508, -0.1963978675872426",
               "Audio": "",
               "AnnounceDistance": 20.0
          },
          {
               "Name": "Glenfield Road",
               "Location": "51.32325804099845, -0.19900027611170043",
               "Audio": "",
               "AnnounceDistance": 20.0
          },
          {
               "Name": "Banstead / Marks Spencer",
               "Location": "51.32213036434809, -0.20345048278492198",
               "Audio": "",
               "AnnounceDistance": 20.0
          }
     ]
}