{
     "RouteNumber": "167",
     "Destination": "Hainault Street",
     "RouteAudio": "",
     "DestinationAudio": "",
     "Stops": [
          {
               "Name": "Loughton Station",
               "Location": "51.64197922234952, 0.05505185462455762",
               "Audio": "",
               "AnnounceDistance": 20.0
          },
          {
               "Name": "Roding Road",
               "Location": "51.64092757030303, 0.05861752753093497",
               "Audio": "",
               "AnnounceDistance": 20.0
          },
          {
               "Name": "Valley Close",
               "Location": "51.63846223291133, 0.0607459481598809",
               "Audio": "",
               "AnnounceDistance": 20.0
          },
          {
               "Name": "Highland Avenue",
               "Location": "51.63710331647729, 0.0582420059686145",
               "Audio": "",
               "AnnounceDistance": 20.0
          },
          {
               "Name": "Greensted Road",
               "Location": "51.635049293612454, 0.055374408236909416",
               "Audio": "",
               "AnnounceDistance": 20.0
          },
          {
               "Name": "Pentlow Way",
               "Location": "51.632347128486586, 0.05305581899229419",
               "Audio": "",
               "AnnounceDistance": 20.0
          },
          {
               "Name": "Roding View",
               "Location": "51.629399301067274, 0.04935375538175777",
               "Audio": "",
               "AnnounceDistance": 20.0
          },
          {
               "Name": "Hurst Road",
               "Location": "51.62825478560956, 0.04846413855112748",
               "Audio": "",
               "AnnounceDistance": 20.0
          },
          {
               "Name": "Buckhurst Hill Station",
               "Location": "51.62649595358208, 0.04618876703442634",
               "Audio": "",
               "AnnounceDistance": 20.0
          },
          {
               "Name": "Alfred Road",
               "Location": "51.6272434460728, 0.04973339501783759",
               "Audio": "",
               "AnnounceDistance": 20.0
          },
          {
               "Name": "Guru Gobind Singh College",
               "Location": "51.62648494565916, 0.06274602297595488",
               "Audio": "",
               "AnnounceDistance": 20.0
          },
          {
               "Name": "Chigwell Rise / Roding Lane",
               "Location": "51.62387555422068, 0.06794434262888976",
               "Audio": "",
               "AnnounceDistance": 20.0
          },
          {
               "Name": "Chester Road",
               "Location": "51.622203571127585, 0.06994868154086255",
               "Audio": "",
               "AnnounceDistance": 20.0
          },
          {
               "Name": "Brook Way",
               "Location": "51.62107885627833, 0.07609509349060153",
               "Audio": "",
               "AnnounceDistance": 20.0
          },
          {
               "Name": "Chigwell Station",
               "Location": "51.61865372129752, 0.07491540869390376",
               "Audio": "",
               "AnnounceDistance": 20.0
          },
          {
               "Name": "Station Road",
               "Location": "51.618143650241585, 0.07528217490534068",
               "Audio": "",
               "AnnounceDistance": 20.0
          },
          {
               "Name": "The Chase",
               "Location": "51.61589375713955, 0.07842965288431436",
               "Audio": "",
               "AnnounceDistance": 20.0
          },
          {
               "Name": "Hainault Grove",
               "Location": "51.61359774197161, 0.08011584357063257",
               "Audio": "",
               "AnnounceDistance": 20.0
          },
          {
               "Name": "Linkside",
               "Location": "51.61150424464422, 0.08153670592303669",
               "Audio": "",
               "AnnounceDistance": 20.0
          },
          {
               "Name": "Limes Avenue",
               "Location": "51.60866236354422, 0.08256211401211365",
               "Audio": "",
               "AnnounceDistance": 20.0
          },
          {
               "Name": "Tudor Crescent",
               "Location": "51.60602020070744, 0.08348100884058646",
               "Audio": "",
               "AnnounceDistance": 20.0
          },
          {
               "Name": "New North Road",
               "Location": "51.600875746353715, 0.08453068791576304",
               "Audio": "",
               "AnnounceDistance": 20.0
          },
          {
               "Name": "Neville Road",
               "Location": "51.59789364899486, 0.08484174011253136",
               "Audio": "",
               "AnnounceDistance": 20.0
          },
          {
               "Name": "Tomswood Hill",
               "Location": "51.59548222535919, 0.08441365495155725",
               "Audio": "",
               "AnnounceDistance": 20.0
          },
          {
               "Name": "Fullwell Cross",
               "Location": "51.59255478985867, 0.08417856298588106",
               "Audio": "",
               "AnnounceDistance": 20.0
          },
          {
               "Name": "Waverley Gardens",
               "Location": "51.59102260260578, 0.08285239888328211",
               "Audio": "",
               "AnnounceDistance": 20.0
          },
          {
               "Name": "Barkingside Police Station",
               "Location": "51.588858576532616, 0.08115096862276058",
               "Audio": "",
               "AnnounceDistance": 20.0
          },
          {
               "Name": "Brandville Gardens",
               "Location": "51.586153354130026, 0.07954047513456253",
               "Audio": "",
               "AnnounceDistance": 20.0
          },
          {
               "Name": "Fullwood Primary School",
               "Location": "51.58478361284168, 0.078178768595211",
               "Audio": "",
               "AnnounceDistance": 20.0
          },
          {
               "Name": "Hamilton Avenue",
               "Location": "51.58217829245793, 0.07498538839866085",
               "Audio": "",
               "AnnounceDistance": 20.0
          },
          {
               "Name": "Icknield Drive",
               "Location": "51.57979645200841, 0.073390230760055",
               "Audio": "",
               "AnnounceDistance": 20.0
          },
          {
               "Name": "Martley Drive",
               "Location": "51.57817005523503, 0.07128114901109209",
               "Audio": "",
               "AnnounceDistance": 20.0
          },
          {
               "Name": "Gants Hill Station",
               "Location": "51.5772571989365, 0.06848299607729183",
               "Audio": "",
               "AnnounceDistance": 20.0
          },
          {
               "Name": "Gants Hill Station / Cranbrook Road",
               "Location": "51.575648934979085, 0.06636060169552378",
               "Audio": "",
               "AnnounceDistance": 20.0
          },
          {
               "Name": "Mornington Avenue",
               "Location": "51.571878780255695, 0.06444346321921926",
               "Audio": "",
               "AnnounceDistance": 20.0
          },
          {
               "Name": "Bethell Avenue",
               "Location": "51.56958595198357, 0.06442616361171695",
               "Audio": "",
               "AnnounceDistance": 20.0
          },
          {
               "Name": "Valentines Park",
               "Location": "51.56703412216144, 0.06584008108364843",
               "Audio": "",
               "AnnounceDistance": 20.0
          },
          {
               "Name": "Northbrook Road",
               "Location": "51.56430450171571, 0.06662535065121118",
               "Audio": "",
               "AnnounceDistance": 20.0
          },
          {
               "Name": "Coventry Road",
               "Location": "51.563016715748724, 0.06775006841080713",
               "Audio": "",
               "AnnounceDistance": 20.0
          },
          {
               "Name": "Ilford Station",
               "Location": "51.56046467902135, 0.06968298329150575",
               "Audio": "",
               "AnnounceDistance": 20.0
          },
          {
               "Name": "Ilford / Chapel Road",
               "Location": "51.55769417640747, 0.0702352402520461",
               "Audio": "",
               "AnnounceDistance": 20.0
          },
          {
               "Name": "Redbridge Central Library",
               "Location": "51.55815200779665, 0.07435320184467469",
               "Audio": "",
               "AnnounceDistance": 20.0
          },
          {
               "Name": "Hainault Street",
               "Location": "51.55959063253158, 0.07589023518840078",
               "Audio": "",
               "AnnounceDistance": 20.0
          }
     ]
}