{
     "RouteNumber": "167",
     "Destination": "Hainault Street",
     "RouteAudio": "",
     "DestinationAudio": "",
     "Stops": [
          {
               "Name": "Fullwell Cross",
               "Location": "51.59255478985867, 0.08417856298588106",
               "Audio": "",
               "AnnounceDistance": 20.0
          },
          {
               "Name": "Waverley Gardens",
               "Location": "51.59102260260578, 0.08285239888328211",
               "Audio": "",
               "AnnounceDistance": 20.0
          },
          {
               "Name": "Barkingside Police Station",
               "Location": "51.588858576532616, 0.08115096862276058",
               "Audio": "",
               "AnnounceDistance": 20.0
          },
          {
               "Name": "Brandville Gardens",
               "Location": "51.586153354130026, 0.07954047513456253",
               "Audio": "",
               "AnnounceDistance": 20.0
          },
          {
               "Name": "Fullwood Primary School",
               "Location": "51.58478361284168, 0.078178768595211",
               "Audio": "",
               "AnnounceDistance": 20.0
          },
          {
               "Name": "Hamilton Avenue",
               "Location": "51.58217829245793, 0.07498538839866085",
               "Audio": "",
               "AnnounceDistance": 20.0
          },
          {
               "Name": "Icknield Drive",
               "Location": "51.57979645200841, 0.073390230760055",
               "Audio": "",
               "AnnounceDistance": 20.0
          },
          {
               "Name": "Martley Drive",
               "Location": "51.57817005523503, 0.07128114901109209",
               "Audio": "",
               "AnnounceDistance": 20.0
          },
          {
               "Name": "Gants Hill Station",
               "Location": "51.5772571989365, 0.06848299607729183",
               "Audio": "",
               "AnnounceDistance": 20.0
          },
          {
               "Name": "Gants Hill Station / Cranbrook Road",
               "Location": "51.575648934979085, 0.06636060169552378",
               "Audio": "",
               "AnnounceDistance": 20.0
          },
          {
               "Name": "Mornington Avenue",
               "Location": "51.571878780255695, 0.06444346321921926",
               "Audio": "",
               "AnnounceDistance": 20.0
          },
          {
               "Name": "Bethell Avenue",
               "Location": "51.56958595198357, 0.06442616361171695",
               "Audio": "",
               "AnnounceDistance": 20.0
          },
          {
               "Name": "Valentines Park",
               "Location": "51.56703412216144, 0.06584008108364843",
               "Audio": "",
               "AnnounceDistance": 20.0
          },
          {
               "Name": "Northbrook Road",
               "Location": "51.56430450171571, 0.06662535065121118",
               "Audio": "",
               "AnnounceDistance": 20.0
          },
          {
               "Name": "Coventry Road",
               "Location": "51.563016715748724, 0.06775006841080713",
               "Audio": "",
               "AnnounceDistance": 20.0
          },
          {
               "Name": "Ilford Station",
               "Location": "51.56046467902135, 0.06968298329150575",
               "Audio": "",
               "AnnounceDistance": 20.0
          },
          {
               "Name": "Ilford / Chapel Road",
               "Location": "51.55769417640747, 0.0702352402520461",
               "Audio": "",
               "AnnounceDistance": 20.0
          },
          {
               "Name": "Redbridge Central Library",
               "Location": "51.55815200779665, 0.07435320184467469",
               "Audio": "",
               "AnnounceDistance": 20.0
          },
          {
               "Name": "Hainault Street",
               "Location": "51.55959063253158, 0.07589023518840078",
               "Audio": "",
               "AnnounceDistance": 20.0
          }
     ]
}