{
     "RouteNumber": "169",
     "Destination": "Barking Town Centre",
     "RouteAudio": "",
     "DestinationAudio": "",
     "Stops": [
          {
               "Name": "Clayhall / The Glade",
               "Location": "51.59624772598487, 0.06092801225920368",
               "Audio": "",
               "AnnounceDistance": 20.0
          },
          {
               "Name": "Owen Waters House",
               "Location": "51.59769205307624, 0.06317371758459281",
               "Audio": "",
               "AnnounceDistance": 20.0
          },
          {
               "Name": "Copper Beech Close",
               "Location": "51.59744970492373, 0.06570401434095254",
               "Audio": "",
               "AnnounceDistance": 20.0
          },
          {
               "Name": "Caterham Avenue",
               "Location": "51.596915699700304, 0.06845205681884761",
               "Audio": "",
               "AnnounceDistance": 20.0
          },
          {
               "Name": "Calne Avenue",
               "Location": "51.596314913230096, 0.07141357885341851",
               "Audio": "",
               "AnnounceDistance": 20.0
          },
          {
               "Name": "Ravensbourne Gardens",
               "Location": "51.595734063675856, 0.0742604240494431",
               "Audio": "",
               "AnnounceDistance": 20.0
          },
          {
               "Name": "Mossford Lane",
               "Location": "51.59491655220817, 0.07828034217474328",
               "Audio": "",
               "AnnounceDistance": 20.0
          },
          {
               "Name": "Aintree Crescent",
               "Location": "51.59430937952636, 0.08158783250824465",
               "Audio": "",
               "AnnounceDistance": 20.0
          },
          {
               "Name": "Fullwell Cross",
               "Location": "51.59255478985867, 0.08417856298588106",
               "Audio": "",
               "AnnounceDistance": 20.0
          },
          {
               "Name": "Waverley Gardens",
               "Location": "51.59102260260578, 0.08285239888328211",
               "Audio": "",
               "AnnounceDistance": 20.0
          },
          {
               "Name": "Barkingside Police Station",
               "Location": "51.588858576532616, 0.08115096862276058",
               "Audio": "",
               "AnnounceDistance": 20.0
          },
          {
               "Name": "Sandringham Gardens",
               "Location": "51.58802742191576, 0.0833938922402923",
               "Audio": "",
               "AnnounceDistance": 20.0
          },
          {
               "Name": "Barkingside Station",
               "Location": "51.58739286440387, 0.08519822505717821",
               "Audio": "",
               "AnnounceDistance": 20.0
          },
          {
               "Name": "Princes Road",
               "Location": "51.583301683910214, 0.08466447427115445",
               "Audio": "",
               "AnnounceDistance": 20.0
          },
          {
               "Name": "Aldwych Avenue",
               "Location": "51.5808661139407, 0.08407668074627572",
               "Audio": "",
               "AnnounceDistance": 20.0
          },
          {
               "Name": "Hamilton Avenue",
               "Location": "51.57825853653131, 0.08355325176483627",
               "Audio": "",
               "AnnounceDistance": 20.0
          },
          {
               "Name": "Artillery Close",
               "Location": "51.57629767179697, 0.0835790256479533",
               "Audio": "",
               "AnnounceDistance": 20.0
          },
          {
               "Name": "Eastern Avenue",
               "Location": "51.574188174482224, 0.08387220547635497",
               "Audio": "",
               "AnnounceDistance": 20.0
          },
          {
               "Name": "Clifton Road",
               "Location": "51.5728431814375, 0.08365194237474805",
               "Audio": "",
               "AnnounceDistance": 20.0
          },
          {
               "Name": "Parklands Close",
               "Location": "51.57136161417597, 0.08352646443476656",
               "Audio": "",
               "AnnounceDistance": 20.0
          },
          {
               "Name": "Perth Road",
               "Location": "51.5682411405672, 0.08403312730382849",
               "Audio": "",
               "AnnounceDistance": 20.0
          },
          {
               "Name": "Benton Road",
               "Location": "51.56646331017347, 0.08387967692803644",
               "Audio": "",
               "AnnounceDistance": 20.0
          },
          {
               "Name": "Jaffe Road",
               "Location": "51.56401692309004, 0.08288767567431372",
               "Audio": "",
               "AnnounceDistance": 20.0
          },
          {
               "Name": "Griggs Approach",
               "Location": "51.56238690275162, 0.07845592414400274",
               "Audio": "",
               "AnnounceDistance": 20.0
          },
          {
               "Name": "Hainault Street",
               "Location": "51.55949975758258, 0.07594380497806444",
               "Audio": "",
               "AnnounceDistance": 20.0
          },
          {
               "Name": "Redbridge Central Library",
               "Location": "51.55785159865737, 0.07405100054373803",
               "Audio": "",
               "AnnounceDistance": 20.0
          },
          {
               "Name": "Ilford / Chapel Road",
               "Location": "51.55769417640747, 0.0702352402520461",
               "Audio": "",
               "AnnounceDistance": 20.0
          },
          {
               "Name": "Dudley Road",
               "Location": "51.55404085077992, 0.07291113914845083",
               "Audio": "",
               "AnnounceDistance": 20.0
          },
          {
               "Name": "Kingston Road",
               "Location": "51.55159878759579, 0.07421372288771623",
               "Audio": "",
               "AnnounceDistance": 20.0
          },
          {
               "Name": "Wingate Road",
               "Location": "51.54862121193582, 0.07579469348426628",
               "Audio": "",
               "AnnounceDistance": 20.0
          },
          {
               "Name": "Loxford Polyclinic",
               "Location": "51.545442563815584, 0.07704900641170302",
               "Audio": "",
               "AnnounceDistance": 20.0
          },
          {
               "Name": "Park Avenue",
               "Location": "51.543586603787936, 0.0787672404274831",
               "Audio": "",
               "AnnounceDistance": 20.0
          },
          {
               "Name": "Longbridge Road",
               "Location": "51.54168120009392, 0.08225692112208319",
               "Audio": "",
               "AnnounceDistance": 20.0
          },
          {
               "Name": "Barking Station",
               "Location": "51.539848933736565, 0.08213001672383627",
               "Audio": "",
               "AnnounceDistance": 20.0
          },
          {
               "Name": "Barking Town Centre",
               "Location": "51.53801427970751, 0.0780806955854723",
               "Audio": "",
               "AnnounceDistance": 20.0
          }
     ]
}