{
     "RouteNumber": "170",
     "Destination": "Victoria Station",
     "RouteAudio": "",
     "DestinationAudio": "",
     "Stops": [
          {
               "Name": "Danebury Avenue / Minstead Gardens",
               "Location": "51.45223787300813, -0.24817500482855645",
               "Audio": "",
               "AnnounceDistance": 20.0
          },
          {
               "Name": "Mount Angelus Road",
               "Location": "51.45106792818494, -0.24691009228771021",
               "Audio": "",
               "AnnounceDistance": 20.0
          },
          {
               "Name": "Roehampton Library",
               "Location": "51.44976968761652, -0.2424839555158809",
               "Audio": "",
               "AnnounceDistance": 20.0
          },
          {
               "Name": "Medfield Street",
               "Location": "51.449766794283576, -0.23989353403639876",
               "Audio": "",
               "AnnounceDistance": 20.0
          },
          {
               "Name": "Dover Park Drive",
               "Location": "51.45184230359969, -0.23379764528152014",
               "Audio": "",
               "AnnounceDistance": 20.0
          },
          {
               "Name": "Exeter House",
               "Location": "51.45254156280317, -0.22948162320712542",
               "Audio": "",
               "AnnounceDistance": 20.0
          },
          {
               "Name": "Hayward Gardens",
               "Location": "51.45323434571756, -0.22474832179035317",
               "Audio": "",
               "AnnounceDistance": 20.0
          },
          {
               "Name": "Putney Heath / Green Man",
               "Location": "51.453512798726074, -0.22116804164133005",
               "Audio": "",
               "AnnounceDistance": 20.0
          },
          {
               "Name": "Putney Hill / Green Man",
               "Location": "51.45170131232656, -0.22149751626276626",
               "Audio": "",
               "AnnounceDistance": 20.0
          },
          {
               "Name": "Tibbets Corner",
               "Location": "51.449174161939794, -0.22148058266092135",
               "Audio": "",
               "AnnounceDistance": 20.0
          },
          {
               "Name": "Beaumont Road",
               "Location": "51.45107613779996, -0.21763589043492174",
               "Audio": "",
               "AnnounceDistance": 20.0
          },
          {
               "Name": "Lytton Grove",
               "Location": "51.45329428585941, -0.21271345157048985",
               "Audio": "",
               "AnnounceDistance": 20.0
          },
          {
               "Name": "West Hill Road",
               "Location": "51.4547759878823, -0.20904281841473651",
               "Audio": "",
               "AnnounceDistance": 20.0
          },
          {
               "Name": "Upper Richmond Road",
               "Location": "51.456497000838915, -0.20339057671229227",
               "Audio": "",
               "AnnounceDistance": 20.0
          },
          {
               "Name": "Merton Road",
               "Location": "51.456958887328646, -0.1995004067414686",
               "Audio": "",
               "AnnounceDistance": 20.0
          },
          {
               "Name": "Armoury Way",
               "Location": "51.45847899369979, -0.19601465873748103",
               "Audio": "",
               "AnnounceDistance": 20.0
          },
          {
               "Name": "Wandsworth Town Hall",
               "Location": "51.45763861011766, -0.1899157741169119",
               "Audio": "",
               "AnnounceDistance": 20.0
          },
          {
               "Name": "East Hill / Alma Road",
               "Location": "51.45770559111896, -0.18552282036903936",
               "Audio": "",
               "AnnounceDistance": 20.0
          },
          {
               "Name": "Marcilly Road",
               "Location": "51.459570086970615, -0.1804969858898499",
               "Audio": "",
               "AnnounceDistance": 20.0
          },
          {
               "Name": "Plough Road",
               "Location": "51.46133556330821, -0.1743230370827609",
               "Audio": "",
               "AnnounceDistance": 20.0
          },
          {
               "Name": "Clapham Junction Station",
               "Location": "51.463148115793295, -0.17003262023236104",
               "Audio": "",
               "AnnounceDistance": 20.0
          },
          {
               "Name": "Clapham Junction Stn / The Falcon",
               "Location": "51.46431439311942, -0.168128809027405",
               "Audio": "",
               "AnnounceDistance": 20.0
          },
          {
               "Name": "Clapham Junction Station / Grant Road",
               "Location": "51.465285869581955, -0.17102686324268696",
               "Audio": "",
               "AnnounceDistance": 20.0
          },
          {
               "Name": "Wayland Road Estate",
               "Location": "51.46455385187652, -0.17714590176217201",
               "Audio": "",
               "AnnounceDistance": 20.0
          },
          {
               "Name": "Wallis Close",
               "Location": "51.46534287523236, -0.17757515876624502",
               "Audio": "",
               "AnnounceDistance": 20.0
          },
          {
               "Name": "York Gardens",
               "Location": "51.468584220263864, -0.17783475158303166",
               "Audio": "",
               "AnnounceDistance": 20.0
          },
          {
               "Name": "Lombard Road",
               "Location": "51.47063865570635, -0.1775225219427729",
               "Audio": "",
               "AnnounceDistance": 20.0
          },
          {
               "Name": "Battersea High Street",
               "Location": "51.4743905406655, -0.17649461219777762",
               "Audio": "",
               "AnnounceDistance": 20.0
          },
          {
               "Name": "Sunbury Lane",
               "Location": "51.47562975489939, -0.17349317176336945",
               "Audio": "",
               "AnnounceDistance": 20.0
          },
          {
               "Name": "Westbridge Road / Parkgate Road",
               "Location": "51.47764221393683, -0.17048942798979796",
               "Audio": "",
               "AnnounceDistance": 20.0
          },
          {
               "Name": "Battersea Bridge",
               "Location": "51.47977075078627, -0.17146995745854388",
               "Audio": "",
               "AnnounceDistance": 20.0
          },
          {
               "Name": "Beaufort Street",
               "Location": "51.482633974794545, -0.17170108860275934",
               "Audio": "",
               "AnnounceDistance": 20.0
          },
          {
               "Name": "Albert Bridge / Cadogan Pier R",
               "Location": "51.48316241905198, -0.16868423567507282",
               "Audio": "",
               "AnnounceDistance": 20.0
          },
          {
               "Name": "Chelsea Physic Garden",
               "Location": "51.484609598734174, -0.16347000038405465",
               "Audio": "",
               "AnnounceDistance": 20.0
          },
          {
               "Name": "National Army Museum",
               "Location": "51.48673974576086, -0.16053249238308875",
               "Audio": "",
               "AnnounceDistance": 20.0
          },
          {
               "Name": "Royal Hospital Chelsea / Lower Sloane St",
               "Location": "51.48891514102578, -0.15704551827839058",
               "Audio": "",
               "AnnounceDistance": 20.0
          },
          {
               "Name": "Chelsea Bridge Road",
               "Location": "51.49002167766347, -0.1553587633921256",
               "Audio": "",
               "AnnounceDistance": 20.0
          },
          {
               "Name": "Ebury Bridge Road",
               "Location": "51.49089010679787, -0.15111746284246927",
               "Audio": "",
               "AnnounceDistance": 20.0
          },
          {
               "Name": "Victoria Coach Station",
               "Location": "51.49221339571945, -0.1483557130573136",
               "Audio": "",
               "AnnounceDistance": 20.0
          },
          {
               "Name": "Eccleston Bridge",
               "Location": "51.49348236033353, -0.14728148293936047",
               "Audio": "",
               "AnnounceDistance": 20.0
          },
          {
               "Name": "Victoria Station",
               "Location": "51.496283129838375, -0.14412810970496134",
               "Audio": "",
               "AnnounceDistance": 20.0
          }
     ]
}