{
     "RouteNumber": "170",
     "Destination": "Minstead Gardens",
     "RouteAudio": "",
     "DestinationAudio": "",
     "Stops": [
          {
               "Name": "Victoria Station",
               "Location": "51.4965339465612, -0.14349843155506775",
               "Audio": "",
               "AnnounceDistance": 20.0
          },
          {
               "Name": "Victoria Coach Station",
               "Location": "51.49209156634507, -0.14804373187932374",
               "Audio": "",
               "AnnounceDistance": 20.0
          },
          {
               "Name": "Pimlico Road / Ebury Bridge Road",
               "Location": "51.49073628730489, -0.15162785779056273",
               "Audio": "",
               "AnnounceDistance": 20.0
          },
          {
               "Name": "Royal Hospital Chelsea / Lower Sloane St",
               "Location": "51.48918355015427, -0.15638649624831308",
               "Audio": "",
               "AnnounceDistance": 20.0
          },
          {
               "Name": "National Army Museum",
               "Location": "51.48637670364963, -0.16089278722462066",
               "Audio": "",
               "AnnounceDistance": 20.0
          },
          {
               "Name": "Chelsea Physic Garden",
               "Location": "51.484508939698706, -0.16335882116430575",
               "Audio": "",
               "AnnounceDistance": 20.0
          },
          {
               "Name": "Albert Bridge / Cadogan Pier",
               "Location": "51.483382773061976, -0.16609734898938192",
               "Audio": "",
               "AnnounceDistance": 20.0
          },
          {
               "Name": "Beaufort Street",
               "Location": "51.48233604894027, -0.17220267949855145",
               "Audio": "",
               "AnnounceDistance": 20.0
          },
          {
               "Name": "Battersea Bridge / Hester Road",
               "Location": "51.47965662293522, -0.17107128328473098",
               "Audio": "",
               "AnnounceDistance": 20.0
          },
          {
               "Name": "Morgans Walk",
               "Location": "51.47860874564445, -0.17134361784062033",
               "Audio": "",
               "AnnounceDistance": 20.0
          },
          {
               "Name": "Sunbury Lane",
               "Location": "51.476672193803665, -0.17460356535972735",
               "Audio": "",
               "AnnounceDistance": 20.0
          },
          {
               "Name": "Battersea High Street",
               "Location": "51.47437864412454, -0.17630789036663316",
               "Audio": "",
               "AnnounceDistance": 20.0
          },
          {
               "Name": "Lombard Road",
               "Location": "51.47015000486534, -0.1773260185523473",
               "Audio": "",
               "AnnounceDistance": 20.0
          },
          {
               "Name": "Wallis Close",
               "Location": "51.466174819482376, -0.17787314645488483",
               "Audio": "",
               "AnnounceDistance": 20.0
          },
          {
               "Name": "Wayland Road Estate",
               "Location": "51.46479605252355, -0.1771074568346868",
               "Audio": "",
               "AnnounceDistance": 20.0
          },
          {
               "Name": "Clapham Junction Station / Grant Road",
               "Location": "51.46544449193108, -0.17081896417058498",
               "Audio": "",
               "AnnounceDistance": 20.0
          },
          {
               "Name": "Clapham Junction Station / Falcon Road",
               "Location": "51.46581027075463, -0.1689039299281515",
               "Audio": "",
               "AnnounceDistance": 20.0
          },
          {
               "Name": "Clapham Junction Station",
               "Location": "51.463388069443944, -0.16869856535282896",
               "Audio": "",
               "AnnounceDistance": 20.0
          },
          {
               "Name": "Plough Road",
               "Location": "51.46200380117429, -0.17277041302404803",
               "Audio": "",
               "AnnounceDistance": 20.0
          },
          {
               "Name": "Brussels Road",
               "Location": "51.46061699693739, -0.17553213281745206",
               "Audio": "",
               "AnnounceDistance": 20.0
          },
          {
               "Name": "Marcilly Road",
               "Location": "51.45970321134867, -0.17922492446639302",
               "Audio": "",
               "AnnounceDistance": 20.0
          },
          {
               "Name": "Huguenot Place / Alma Road",
               "Location": "51.45781841857311, -0.18351751327511046",
               "Audio": "",
               "AnnounceDistance": 20.0
          },
          {
               "Name": "Herndon Road",
               "Location": "51.45717234044799, -0.1876743191309337",
               "Audio": "",
               "AnnounceDistance": 20.0
          },
          {
               "Name": "Wandsworth Town Hall",
               "Location": "51.4566550373511, -0.19086151157918693",
               "Audio": "",
               "AnnounceDistance": 20.0
          },
          {
               "Name": "Wandsworth Police Station",
               "Location": "51.457202474135165, -0.19662636344106738",
               "Audio": "",
               "AnnounceDistance": 20.0
          },
          {
               "Name": "Merton Road",
               "Location": "51.45682061653937, -0.19986570106556795",
               "Audio": "",
               "AnnounceDistance": 20.0
          },
          {
               "Name": "Upper Richmond Road",
               "Location": "51.455959853311654, -0.20472150804720615",
               "Audio": "",
               "AnnounceDistance": 20.0
          },
          {
               "Name": "West Hill Road",
               "Location": "51.4544439241565, -0.209674729539813",
               "Audio": "",
               "AnnounceDistance": 20.0
          },
          {
               "Name": "Royal Hospital",
               "Location": "51.45275242809664, -0.21374211205446197",
               "Audio": "",
               "AnnounceDistance": 20.0
          },
          {
               "Name": "West Hill / Beaumont Road",
               "Location": "51.45078021670841, -0.21769059142369762",
               "Audio": "",
               "AnnounceDistance": 20.0
          },
          {
               "Name": "Tibbets Corner",
               "Location": "51.44872611075126, -0.22158434198126528",
               "Audio": "",
               "AnnounceDistance": 20.0
          },
          {
               "Name": "Tibbets Ride",
               "Location": "51.44923519302788, -0.223133258127706",
               "Audio": "",
               "AnnounceDistance": 20.0
          },
          {
               "Name": "Putney Heath / Green Man",
               "Location": "51.45325544360488, -0.2213939397991862",
               "Audio": "",
               "AnnounceDistance": 20.0
          },
          {
               "Name": "Hayward Gardens",
               "Location": "51.45293627835876, -0.2264438502857926",
               "Audio": "",
               "AnnounceDistance": 20.0
          },
          {
               "Name": "Exeter House",
               "Location": "51.452549977174286, -0.22884801693591694",
               "Audio": "",
               "AnnounceDistance": 20.0
          },
          {
               "Name": "Dover Park Drive",
               "Location": "51.45151855123818, -0.23499031709152404",
               "Audio": "",
               "AnnounceDistance": 20.0
          },
          {
               "Name": "Medfield Street",
               "Location": "51.44976152498203, -0.23894387463428612",
               "Audio": "",
               "AnnounceDistance": 20.0
          },
          {
               "Name": "Roehampton Library",
               "Location": "51.44961215904886, -0.24217338492935384",
               "Audio": "",
               "AnnounceDistance": 20.0
          },
          {
               "Name": "Mount Angelus Road",
               "Location": "51.450811335429584, -0.2465889009695914",
               "Audio": "",
               "AnnounceDistance": 20.0
          },
          {
               "Name": "Minstead Gardens",
               "Location": "51.45270249626469, -0.249179105510623",
               "Audio": "",
               "AnnounceDistance": 20.0
          }
     ]
}