{
     "RouteNumber": "171",
     "Destination": "Catford Garage",
     "RouteAudio": "",
     "DestinationAudio": "",
     "Stops": [
          {
               "Name": "Elephant Castle / London Road",
               "Location": "51.49663406152921, -0.10200270739698375",
               "Audio": "",
               "AnnounceDistance": 20.0
          },
          {
               "Name": "Elephant Castle Station",
               "Location": "51.492237014313815, -0.09813740242420692",
               "Audio": "",
               "AnnounceDistance": 20.0
          },
          {
               "Name": "Larcom Street",
               "Location": "51.49080103095237, -0.09720321721284522",
               "Audio": "",
               "AnnounceDistance": 20.0
          },
          {
               "Name": "East Street",
               "Location": "51.48734304901659, -0.09524420873937357",
               "Audio": "",
               "AnnounceDistance": 20.0
          },
          {
               "Name": "Westmoreland Road",
               "Location": "51.48571341396655, -0.09401581198359606",
               "Audio": "",
               "AnnounceDistance": 20.0
          },
          {
               "Name": "Camberwell Road / Albany Road",
               "Location": "51.48142043476577, -0.09435322846667213",
               "Audio": "",
               "AnnounceDistance": 20.0
          },
          {
               "Name": "Bowyer Place",
               "Location": "51.479772159648725, -0.09419150997954603",
               "Audio": "",
               "AnnounceDistance": 20.0
          },
          {
               "Name": "Medlar Street",
               "Location": "51.477392232814836, -0.0938298890398522",
               "Audio": "",
               "AnnounceDistance": 20.0
          },
          {
               "Name": "Camberwell Church St / Camberwell Grn",
               "Location": "51.47422817434525, -0.09170101952188703",
               "Audio": "",
               "AnnounceDistance": 20.0
          },
          {
               "Name": "St Giles Church",
               "Location": "51.47361880988758, -0.08796814649498931",
               "Audio": "",
               "AnnounceDistance": 20.0
          },
          {
               "Name": "Vestry Road",
               "Location": "51.47370716369878, -0.08456613137871749",
               "Audio": "",
               "AnnounceDistance": 20.0
          },
          {
               "Name": "Peckham Road / Southampton Way",
               "Location": "51.47418293455406, -0.07846947654975538",
               "Audio": "",
               "AnnounceDistance": 20.0
          },
          {
               "Name": "Harris Academy",
               "Location": "51.47393238086722, -0.07361288851763033",
               "Audio": "",
               "AnnounceDistance": 20.0
          },
          {
               "Name": "Peckham Library",
               "Location": "51.47342154425583, -0.070437697674808",
               "Audio": "",
               "AnnounceDistance": 20.0
          },
          {
               "Name": "Peckham Post Office",
               "Location": "51.47405729132307, -0.06645092317946916",
               "Audio": "",
               "AnnounceDistance": 20.0
          },
          {
               "Name": "Carlton Grove",
               "Location": "51.47415985278444, -0.06231382995390181",
               "Audio": "",
               "AnnounceDistance": 20.0
          },
          {
               "Name": "Queens Road Peckham Station",
               "Location": "51.47343291950787, -0.05642638680030012",
               "Audio": "",
               "AnnounceDistance": 20.0
          },
          {
               "Name": "Pomeroy Street",
               "Location": "51.472995899350586, -0.053392267877815085",
               "Audio": "",
               "AnnounceDistance": 20.0
          },
          {
               "Name": "New Cross Fire Station",
               "Location": "51.47405630716314, -0.04847997892952628",
               "Audio": "",
               "AnnounceDistance": 20.0
          },
          {
               "Name": "New Cross Bus Garage",
               "Location": "51.474401236224985, -0.04489406806489742",
               "Audio": "",
               "AnnounceDistance": 20.0
          },
          {
               "Name": "New Cross Gate Station",
               "Location": "51.47522483868794, -0.03928596416365884",
               "Audio": "",
               "AnnounceDistance": 20.0
          },
          {
               "Name": "Marquis Of Granby",
               "Location": "51.47580415569166, -0.03521460403100977",
               "Audio": "",
               "AnnounceDistance": 20.0
          },
          {
               "Name": "Shardeloes Road / Lewisham Way",
               "Location": "51.47251104156306, -0.03349858155568309",
               "Audio": "",
               "AnnounceDistance": 20.0
          },
          {
               "Name": "St Donatts Road",
               "Location": "51.47040536897452, -0.035561754315188425",
               "Audio": "",
               "AnnounceDistance": 20.0
          },
          {
               "Name": "Vesta Road",
               "Location": "51.46916936833745, -0.03585961777311628",
               "Audio": "",
               "AnnounceDistance": 20.0
          },
          {
               "Name": "Millmark Grove",
               "Location": "51.466774934477776, -0.03571768718005019",
               "Audio": "",
               "AnnounceDistance": 20.0
          },
          {
               "Name": "Brockley Station",
               "Location": "51.46339635293843, -0.035877169676381285",
               "Audio": "",
               "AnnounceDistance": 20.0
          },
          {
               "Name": "St Andrews Church / Wickham Road",
               "Location": "51.46122133516357, -0.03487647261408602",
               "Audio": "",
               "AnnounceDistance": 20.0
          },
          {
               "Name": "Braxfield Road",
               "Location": "51.45866912870228, -0.03390647247409519",
               "Audio": "",
               "AnnounceDistance": 20.0
          },
          {
               "Name": "Dalrymple Road",
               "Location": "51.45694406158001, -0.035607178587603615",
               "Audio": "",
               "AnnounceDistance": 20.0
          },
          {
               "Name": "Crofton Park Station",
               "Location": "51.454457303560986, -0.03746996903570097",
               "Audio": "",
               "AnnounceDistance": 20.0
          },
          {
               "Name": "Brockley Jack",
               "Location": "51.453407999642174, -0.03817706673056487",
               "Audio": "",
               "AnnounceDistance": 20.0
          },
          {
               "Name": "Maclean Road",
               "Location": "51.45103417015864, -0.03980444914127364",
               "Audio": "",
               "AnnounceDistance": 20.0
          },
          {
               "Name": "Brockley Rise / Chandos",
               "Location": "51.44823555695272, -0.04130591962630896",
               "Audio": "",
               "AnnounceDistance": 20.0
          },
          {
               "Name": "Duncombe Hill",
               "Location": "51.447192330459984, -0.04183987205846032",
               "Audio": "",
               "AnnounceDistance": 20.0
          },
          {
               "Name": "Brockley Park",
               "Location": "51.445028695893456, -0.04259440600827578",
               "Audio": "",
               "AnnounceDistance": 20.0
          },
          {
               "Name": "Brockley Rise / Cranston Road",
               "Location": "51.44284872834891, -0.04237104171841899",
               "Audio": "",
               "AnnounceDistance": 20.0
          },
          {
               "Name": "Kilmorie Road",
               "Location": "51.442253089491736, -0.04170580102437146",
               "Audio": "",
               "AnnounceDistance": 20.0
          },
          {
               "Name": "Hurstbourne Road",
               "Location": "51.44227096346732, -0.037934894410659",
               "Audio": "",
               "AnnounceDistance": 20.0
          },
          {
               "Name": "Blythe Vale",
               "Location": "51.44229625532763, -0.03407732516783808",
               "Audio": "",
               "AnnounceDistance": 20.0
          },
          {
               "Name": "St Dunstans College",
               "Location": "51.443067363016574, -0.02912278761193768",
               "Audio": "",
               "AnnounceDistance": 20.0
          },
          {
               "Name": "Catford Catford Bridge Stations",
               "Location": "51.44462906111126, -0.02360150016160765",
               "Audio": "",
               "AnnounceDistance": 20.0
          },
          {
               "Name": "Catford Road / Lewisham Town Hall",
               "Location": "51.44500944119138, -0.020563018383768672",
               "Audio": "",
               "AnnounceDistance": 20.0
          },
          {
               "Name": "Bromley Road / Lewisham Town Hall",
               "Location": "51.44338634329293, -0.02030223018056582",
               "Audio": "",
               "AnnounceDistance": 20.0
          },
          {
               "Name": "Inchmery Road",
               "Location": "51.43926629906006, -0.019689000772876494",
               "Audio": "",
               "AnnounceDistance": 20.0
          },
          {
               "Name": "Newquay Road",
               "Location": "51.43708871804618, -0.018545795493641593",
               "Audio": "",
               "AnnounceDistance": 20.0
          },
          {
               "Name": "Catford Garage",
               "Location": "51.43489996263409, -0.01780603202156241",
               "Audio": "",
               "AnnounceDistance": 20.0
          }
     ]
}