{
     "RouteNumber": "172",
     "Destination": "Aldwych / Drury Lane",
     "RouteAudio": "",
     "DestinationAudio": "",
     "Stops": [
          {
               "Name": "Brockley Rise / Chandos",
               "Location": "51.4482108551402, -0.04090400857727166",
               "Audio": "",
               "AnnounceDistance": 20.0
          },
          {
               "Name": "Stondon Park / Honor Oak Park",
               "Location": "51.44916652569553, -0.04105019625283111",
               "Audio": "",
               "AnnounceDistance": 20.0
          },
          {
               "Name": "Maclean Road",
               "Location": "51.45045847855549, -0.040332842622646435",
               "Audio": "",
               "AnnounceDistance": 20.0
          },
          {
               "Name": "Brockley Jack",
               "Location": "51.452577248614794, -0.03904748217158412",
               "Audio": "",
               "AnnounceDistance": 20.0
          },
          {
               "Name": "Crofton Park Station",
               "Location": "51.454477202389675, -0.03758426518104209",
               "Audio": "",
               "AnnounceDistance": 20.0
          },
          {
               "Name": "Beecroft Road",
               "Location": "51.456111885752335, -0.03639140594263461",
               "Audio": "",
               "AnnounceDistance": 20.0
          },
          {
               "Name": "Dalrymple Road",
               "Location": "51.457502480656736, -0.035122573847162754",
               "Audio": "",
               "AnnounceDistance": 20.0
          },
          {
               "Name": "Braxfield Road",
               "Location": "51.45965128138392, -0.03402261276283186",
               "Audio": "",
               "AnnounceDistance": 20.0
          },
          {
               "Name": "St Andrews Church / Wickham Road",
               "Location": "51.46138085227697, -0.03527270481643368",
               "Audio": "",
               "AnnounceDistance": 20.0
          },
          {
               "Name": "Brockley Station",
               "Location": "51.46404256936091, -0.03633890998244014",
               "Audio": "",
               "AnnounceDistance": 20.0
          },
          {
               "Name": "Millmark Grove",
               "Location": "51.466912379365525, -0.0358701581128273",
               "Audio": "",
               "AnnounceDistance": 20.0
          },
          {
               "Name": "Vesta Road",
               "Location": "51.46851819431233, -0.036175546132781775",
               "Audio": "",
               "AnnounceDistance": 20.0
          },
          {
               "Name": "St Donatts Road",
               "Location": "51.471097066837245, -0.035517642154985346",
               "Audio": "",
               "AnnounceDistance": 20.0
          },
          {
               "Name": "Shardeloes Road / Lewisham Way",
               "Location": "51.47237546687717, -0.03399398955607849",
               "Audio": "",
               "AnnounceDistance": 20.0
          },
          {
               "Name": "Amersham Road",
               "Location": "51.47354469654747, -0.03346852813552602",
               "Audio": "",
               "AnnounceDistance": 20.0
          },
          {
               "Name": "Marquis Of Granby / Goldsmiths",
               "Location": "51.47539482277843, -0.036009809454199654",
               "Audio": "",
               "AnnounceDistance": 20.0
          },
          {
               "Name": "New Cross Gate Station",
               "Location": "51.475047760960095, -0.03945195950095033",
               "Audio": "",
               "AnnounceDistance": 20.0
          },
          {
               "Name": "New Cross Bus Garage",
               "Location": "51.474226657763744, -0.044671134145425374",
               "Audio": "",
               "AnnounceDistance": 20.0
          },
          {
               "Name": "New Cross Road / Besson Street",
               "Location": "51.475793778367034, -0.04751299734271414",
               "Audio": "",
               "AnnounceDistance": 20.0
          },
          {
               "Name": "Briant Street",
               "Location": "51.476822264513196, -0.0498739965477326",
               "Audio": "",
               "AnnounceDistance": 20.0
          },
          {
               "Name": "Pomeroy Street",
               "Location": "51.47770501073036, -0.0521261016293851",
               "Audio": "",
               "AnnounceDistance": 20.0
          },
          {
               "Name": "Old Kent Road / Ilderton Road",
               "Location": "51.479127623672056, -0.05602588326312442",
               "Audio": "",
               "AnnounceDistance": 20.0
          },
          {
               "Name": "Commercial Way",
               "Location": "51.48032770324916, -0.058984829537005526",
               "Audio": "",
               "AnnounceDistance": 20.0
          },
          {
               "Name": "Peckham Park Road",
               "Location": "51.482705782878945, -0.06357908325244986",
               "Audio": "",
               "AnnounceDistance": 20.0
          },
          {
               "Name": "Malt Street",
               "Location": "51.48542335195996, -0.07023354869162914",
               "Audio": "",
               "AnnounceDistance": 20.0
          },
          {
               "Name": "Trafalgar Avenue",
               "Location": "51.48647787834577, -0.07311297979401517",
               "Audio": "",
               "AnnounceDistance": 20.0
          },
          {
               "Name": "Dunton Road",
               "Location": "51.48858369966713, -0.07759038265333301",
               "Audio": "",
               "AnnounceDistance": 20.0
          },
          {
               "Name": "Old Kent Road / East Street",
               "Location": "51.49145743843527, -0.08229525868245517",
               "Audio": "",
               "AnnounceDistance": 20.0
          },
          {
               "Name": "Bricklayers Arms",
               "Location": "51.4936089614853, -0.08518699474062631",
               "Audio": "",
               "AnnounceDistance": 20.0
          },
          {
               "Name": "Bricklayers Arms / New Kent Road",
               "Location": "51.494033082597426, -0.09024015833929251",
               "Audio": "",
               "AnnounceDistance": 20.0
          },
          {
               "Name": "Rodney Place",
               "Location": "51.494168582936204, -0.09470038721269991",
               "Audio": "",
               "AnnounceDistance": 20.0
          },
          {
               "Name": "Elephant Castle / New Kent Road",
               "Location": "51.49497953637701, -0.09923338508385535",
               "Audio": "",
               "AnnounceDistance": 20.0
          },
          {
               "Name": "Elephant Castle / London Road",
               "Location": "51.49613467556886, -0.10170650459162847",
               "Audio": "",
               "AnnounceDistance": 20.0
          },
          {
               "Name": "St Georges Circus",
               "Location": "51.4998396534288, -0.10727248266007526",
               "Audio": "",
               "AnnounceDistance": 20.0
          },
          {
               "Name": "The Old Vic",
               "Location": "51.50128972467029, -0.1090854848497529",
               "Audio": "",
               "AnnounceDistance": 20.0
          },
          {
               "Name": "Waterloo Station / Waterloo Road",
               "Location": "51.50363482988907, -0.11175494666797643",
               "Audio": "",
               "AnnounceDistance": 20.0
          },
          {
               "Name": "Waterloo Bridge / South Bank",
               "Location": "51.506258964623825, -0.11500396441500564",
               "Audio": "",
               "AnnounceDistance": 20.0
          },
          {
               "Name": "Lancaster Place",
               "Location": "51.510446241573725, -0.11872215509872432",
               "Audio": "",
               "AnnounceDistance": 20.0
          },
          {
               "Name": "Aldwych / Drury Lane",
               "Location": "51.51283321031063, -0.11840763728021925",
               "Audio": "",
               "AnnounceDistance": 20.0
          }
     ]
}