{
     "RouteNumber": "173",
     "Destination": "Beckton Bus Station",
     "RouteAudio": "",
     "DestinationAudio": "",
     "Stops": [
          {
               "Name": "King George Hospital",
               "Location": "51.579859663926236, 0.11169981333256951",
               "Audio": "",
               "AnnounceDistance": 20.0
          },
          {
               "Name": "Little Heath",
               "Location": "51.58143138696294, 0.11829690621527122",
               "Audio": "",
               "AnnounceDistance": 20.0
          },
          {
               "Name": "Haywards Close",
               "Location": "51.578115315694475, 0.12115920658700058",
               "Audio": "",
               "AnnounceDistance": 20.0
          },
          {
               "Name": "Grove Road",
               "Location": "51.57641161890638, 0.12237880405246546",
               "Audio": "",
               "AnnounceDistance": 20.0
          },
          {
               "Name": "Hawkridge Close",
               "Location": "51.57294359244303, 0.12568079065311868",
               "Audio": "",
               "AnnounceDistance": 20.0
          },
          {
               "Name": "Herbert Gardens",
               "Location": "51.57051801296103, 0.13050292282077514",
               "Audio": "",
               "AnnounceDistance": 20.0
          },
          {
               "Name": "Chadwell Heath Lane",
               "Location": "51.57061955718849, 0.12936764380816468",
               "Audio": "",
               "AnnounceDistance": 20.0
          },
          {
               "Name": "St Chads Road",
               "Location": "51.57163440782516, 0.1348844413775904",
               "Audio": "",
               "AnnounceDistance": 20.0
          },
          {
               "Name": "Chadwell Heath High Road",
               "Location": "51.57155112586643, 0.14241354040973817",
               "Audio": "",
               "AnnounceDistance": 20.0
          },
          {
               "Name": "Stanley Avenue",
               "Location": "51.56670518412482, 0.14530247866754992",
               "Audio": "",
               "AnnounceDistance": 20.0
          },
          {
               "Name": "James Avenue",
               "Location": "51.5632092656967, 0.146652898196912",
               "Audio": "",
               "AnnounceDistance": 20.0
          },
          {
               "Name": "Morris Road",
               "Location": "51.559203823505236, 0.1478348362130577",
               "Audio": "",
               "AnnounceDistance": 20.0
          },
          {
               "Name": "Oglethorpe Road",
               "Location": "51.55517903231606, 0.14712587605616384",
               "Audio": "",
               "AnnounceDistance": 20.0
          },
          {
               "Name": "Connor Road",
               "Location": "51.553440694484166, 0.14727481247945381",
               "Audio": "",
               "AnnounceDistance": 20.0
          },
          {
               "Name": "Oxlow Lane",
               "Location": "51.55173829636928, 0.14742543225909452",
               "Audio": "",
               "AnnounceDistance": 20.0
          },
          {
               "Name": "Eastfield Road",
               "Location": "51.549459534279364, 0.14762101699370647",
               "Audio": "",
               "AnnounceDistance": 20.0
          },
          {
               "Name": "Halbutt Street",
               "Location": "51.54557773474004, 0.1479430057631949",
               "Audio": "",
               "AnnounceDistance": 20.0
          },
          {
               "Name": "Reede Road",
               "Location": "51.54366153958644, 0.14798255800147272",
               "Audio": "",
               "AnnounceDistance": 20.0
          },
          {
               "Name": "Dagenham Heathway Station",
               "Location": "51.5411602584393, 0.14805224076721316",
               "Audio": "",
               "AnnounceDistance": 20.0
          },
          {
               "Name": "Church Elm Lane",
               "Location": "51.53907890019882, 0.14827148232016907",
               "Audio": "",
               "AnnounceDistance": 20.0
          },
          {
               "Name": "Arnold Road",
               "Location": "51.53505120857211, 0.148211590965232",
               "Audio": "",
               "AnnounceDistance": 20.0
          },
          {
               "Name": "Nutbrowne Road",
               "Location": "51.53262154099477, 0.14829905290657425",
               "Audio": "",
               "AnnounceDistance": 20.0
          },
          {
               "Name": "Chequers Lane / Merrielands Retail Park",
               "Location": "51.53146003997644, 0.14690345668898985",
               "Audio": "",
               "AnnounceDistance": 20.0
          },
          {
               "Name": "Morrison Road",
               "Location": "51.53043609759782, 0.1379737728178299",
               "Audio": "",
               "AnnounceDistance": 20.0
          },
          {
               "Name": "Dagenham Leisure Park",
               "Location": "51.53127238778669, 0.13501395638868133",
               "Audio": "",
               "AnnounceDistance": 20.0
          },
          {
               "Name": "Gale Street / Goresbrook Leisure Centre",
               "Location": "51.531532370624774, 0.12713928363502383",
               "Audio": "",
               "AnnounceDistance": 20.0
          },
          {
               "Name": "Castle Green / Rippleside Commercial Est",
               "Location": "51.531595706261804, 0.12215348465753481",
               "Audio": "",
               "AnnounceDistance": 20.0
          },
          {
               "Name": "Renwick Road",
               "Location": "51.53217973891273, 0.11820113372771836",
               "Audio": "",
               "AnnounceDistance": 20.0
          },
          {
               "Name": "Lodge Avenue",
               "Location": "51.53268966584368, 0.11036662581398839",
               "Audio": "",
               "AnnounceDistance": 20.0
          },
          {
               "Name": "Ripple Road",
               "Location": "51.53255814148759, 0.10767867734849756",
               "Audio": "",
               "AnnounceDistance": 20.0
          },
          {
               "Name": "Movers Lane / River Road",
               "Location": "51.530208239711854, 0.09528610679381469",
               "Audio": "",
               "AnnounceDistance": 20.0
          },
          {
               "Name": "River Road",
               "Location": "51.52936833934788, 0.09044648417606392",
               "Audio": "",
               "AnnounceDistance": 20.0
          },
          {
               "Name": "King Edwards Road",
               "Location": "51.52906383704886, 0.08785180527001017",
               "Audio": "",
               "AnnounceDistance": 20.0
          },
          {
               "Name": "North Circular Road",
               "Location": "51.52643554561848, 0.07735158063131042",
               "Audio": "",
               "AnnounceDistance": 20.0
          },
          {
               "Name": "Beckton Triangle Retail Park",
               "Location": "51.52343523043762, 0.06902691988529586",
               "Audio": "",
               "AnnounceDistance": 20.0
          },
          {
               "Name": "Woolwich Manor Way",
               "Location": "51.52072843155417, 0.06136528610983129",
               "Audio": "",
               "AnnounceDistance": 20.0
          },
          {
               "Name": "Albatross Close",
               "Location": "51.51844215709482, 0.05995036641523954",
               "Audio": "",
               "AnnounceDistance": 20.0
          },
          {
               "Name": "Tollgate Road",
               "Location": "51.51648241076471, 0.06042406325725477",
               "Audio": "",
               "AnnounceDistance": 20.0
          },
          {
               "Name": "Beckton Bus Station",
               "Location": "51.51406716997496, 0.05969532151529941",
               "Audio": "",
               "AnnounceDistance": 20.0
          }
     ]
}