{
     "RouteNumber": "173",
     "Destination": "King George Hospital",
     "RouteAudio": "",
     "DestinationAudio": "",
     "Stops": [
          {
               "Name": "Beckton Bus Station",
               "Location": "51.51443077481668, 0.05998556772815282",
               "Audio": "",
               "AnnounceDistance": 20.0
          },
          {
               "Name": "Tollgate Road",
               "Location": "51.516729576614125, 0.060175774903390634",
               "Audio": "",
               "AnnounceDistance": 20.0
          },
          {
               "Name": "Albatross Close",
               "Location": "51.5184636697206, 0.059749540152349366",
               "Audio": "",
               "AnnounceDistance": 20.0
          },
          {
               "Name": "Masefield Gardens",
               "Location": "51.521397541855926, 0.06166938826452143",
               "Audio": "",
               "AnnounceDistance": 20.0
          },
          {
               "Name": "North Circular Road",
               "Location": "51.52423579851108, 0.06952452111588384",
               "Audio": "",
               "AnnounceDistance": 20.0
          },
          {
               "Name": "Jenkins Lane",
               "Location": "51.52700551504872, 0.07766586174750582",
               "Audio": "",
               "AnnounceDistance": 20.0
          },
          {
               "Name": "King Edwards Road",
               "Location": "51.52928614139489, 0.08698250608605754",
               "Audio": "",
               "AnnounceDistance": 20.0
          },
          {
               "Name": "Movers Lane / River Road",
               "Location": "51.530461413612436, 0.09420196915762538",
               "Audio": "",
               "AnnounceDistance": 20.0
          },
          {
               "Name": "Ripple Road",
               "Location": "51.53284315802786, 0.10733137576418669",
               "Audio": "",
               "AnnounceDistance": 20.0
          },
          {
               "Name": "Lodge Avenue",
               "Location": "51.53298047798959, 0.11069728991996709",
               "Audio": "",
               "AnnounceDistance": 20.0
          },
          {
               "Name": "Renwick Road",
               "Location": "51.532439929563786, 0.11873228312106876",
               "Audio": "",
               "AnnounceDistance": 20.0
          },
          {
               "Name": "Castle Green Recreation Ground",
               "Location": "51.531771336562564, 0.12387744409068963",
               "Audio": "",
               "AnnounceDistance": 20.0
          },
          {
               "Name": "Gale Street / Goresbrook Leisure Centre",
               "Location": "51.531865831791656, 0.1295771293921245",
               "Audio": "",
               "AnnounceDistance": 20.0
          },
          {
               "Name": "Dagenham Leisure Park",
               "Location": "51.53171487742738, 0.133924443657505",
               "Audio": "",
               "AnnounceDistance": 20.0
          },
          {
               "Name": "Cook Road",
               "Location": "51.5310403141629, 0.13886717692642353",
               "Audio": "",
               "AnnounceDistance": 20.0
          },
          {
               "Name": "Chequers Lane / Merrielands Retail Park",
               "Location": "51.53160536268856, 0.14633355834838657",
               "Audio": "",
               "AnnounceDistance": 20.0
          },
          {
               "Name": "Nutbrowne Road",
               "Location": "51.53321032110819, 0.14806723608150726",
               "Audio": "",
               "AnnounceDistance": 20.0
          },
          {
               "Name": "Arnold Road",
               "Location": "51.5358630325119, 0.1480767820003909",
               "Audio": "",
               "AnnounceDistance": 20.0
          },
          {
               "Name": "Hedgemans Road",
               "Location": "51.53962169918968, 0.14809515324683553",
               "Audio": "",
               "AnnounceDistance": 20.0
          },
          {
               "Name": "Dagenham Heathway Station",
               "Location": "51.54221890015232, 0.1476982894519219",
               "Audio": "",
               "AnnounceDistance": 20.0
          },
          {
               "Name": "Holgate Road",
               "Location": "51.54418610399587, 0.14781977304391705",
               "Audio": "",
               "AnnounceDistance": 20.0
          },
          {
               "Name": "Halbutt Street",
               "Location": "51.546499489055805, 0.1476979591095684",
               "Audio": "",
               "AnnounceDistance": 20.0
          },
          {
               "Name": "Eastfield Road",
               "Location": "51.54904833185581, 0.14748625837167878",
               "Audio": "",
               "AnnounceDistance": 20.0
          },
          {
               "Name": "Oxlow Lane",
               "Location": "51.55049835734906, 0.1473670343867248",
               "Audio": "",
               "AnnounceDistance": 20.0
          },
          {
               "Name": "Connor Road",
               "Location": "51.55427259626581, 0.14702548324220746",
               "Audio": "",
               "AnnounceDistance": 20.0
          },
          {
               "Name": "Heathway",
               "Location": "51.55800086822524, 0.14722993710924723",
               "Audio": "",
               "AnnounceDistance": 20.0
          },
          {
               "Name": "Morris Road",
               "Location": "51.56005872275302, 0.14780298358695748",
               "Audio": "",
               "AnnounceDistance": 20.0
          },
          {
               "Name": "James Avenue",
               "Location": "51.56334852538256, 0.14641417383901406",
               "Audio": "",
               "AnnounceDistance": 20.0
          },
          {
               "Name": "Stanley Avenue",
               "Location": "51.566174538695485, 0.14530635613559104",
               "Audio": "",
               "AnnounceDistance": 20.0
          },
          {
               "Name": "Chadwell Heath High Road",
               "Location": "51.57156484974093, 0.14215442685450844",
               "Audio": "",
               "AnnounceDistance": 20.0
          },
          {
               "Name": "Farrance Road",
               "Location": "51.571992734751866, 0.13940375802250687",
               "Audio": "",
               "AnnounceDistance": 20.0
          },
          {
               "Name": "St Chads Road",
               "Location": "51.57162469934883, 0.13541793542631117",
               "Audio": "",
               "AnnounceDistance": 20.0
          },
          {
               "Name": "Japan Road",
               "Location": "51.57101374576053, 0.13192589571052282",
               "Audio": "",
               "AnnounceDistance": 20.0
          },
          {
               "Name": "Herbert Gardens",
               "Location": "51.57051801296103, 0.13050292282077514",
               "Audio": "",
               "AnnounceDistance": 20.0
          },
          {
               "Name": "Chadwell Heath Lane",
               "Location": "51.57061955718849, 0.12936764380816468",
               "Audio": "",
               "AnnounceDistance": 20.0
          },
          {
               "Name": "Hall Road",
               "Location": "51.572636370282694, 0.1262581421719402",
               "Audio": "",
               "AnnounceDistance": 20.0
          },
          {
               "Name": "Somerville Road",
               "Location": "51.574999236392415, 0.12290471912330593",
               "Audio": "",
               "AnnounceDistance": 20.0
          },
          {
               "Name": "Grove Road",
               "Location": "51.576915714170994, 0.12185384772782216",
               "Audio": "",
               "AnnounceDistance": 20.0
          },
          {
               "Name": "Little Heath",
               "Location": "51.580700462919786, 0.11943205783330185",
               "Audio": "",
               "AnnounceDistance": 20.0
          },
          {
               "Name": "King George Hospital",
               "Location": "51.57954839191354, 0.11100700722225791",
               "Audio": "",
               "AnnounceDistance": 20.0
          }
     ]
}