{
     "RouteNumber": "174",
     "Destination": "Ballards Road / Princess Parade",
     "RouteAudio": "",
     "DestinationAudio": "",
     "Stops": [
          {
               "Name": "Dagnam Park Square",
               "Location": "51.60555390229029, 0.24341792592557834",
               "Audio": "",
               "AnnounceDistance": 20.0
          },
          {
               "Name": "Sheffield Drive",
               "Location": "51.60661941815154, 0.242719455290896",
               "Audio": "",
               "AnnounceDistance": 20.0
          },
          {
               "Name": "Settle Road",
               "Location": "51.60845619972568, 0.23977696824012332",
               "Audio": "",
               "AnnounceDistance": 20.0
          },
          {
               "Name": "Sedgefield Crescent",
               "Location": "51.6094977658652, 0.23467198679366705",
               "Audio": "",
               "AnnounceDistance": 20.0
          },
          {
               "Name": "Harkness Close",
               "Location": "51.609160162074424, 0.22925365715319057",
               "Audio": "",
               "AnnounceDistance": 20.0
          },
          {
               "Name": "Brookside School",
               "Location": "51.60867687446129, 0.22439156924074033",
               "Audio": "",
               "AnnounceDistance": 20.0
          },
          {
               "Name": "Chippenham Road",
               "Location": "51.608023425600415, 0.22090779559065643",
               "Audio": "",
               "AnnounceDistance": 20.0
          },
          {
               "Name": "Hilldene Avenue Shopping Centre",
               "Location": "51.60727919516113, 0.2179396318362945",
               "Audio": "",
               "AnnounceDistance": 20.0
          },
          {
               "Name": "Chatteris Avenue",
               "Location": "51.60573089980444, 0.21325715018934233",
               "Audio": "",
               "AnnounceDistance": 20.0
          },
          {
               "Name": "Charlbury Crescent",
               "Location": "51.60490504947756, 0.20983760647886351",
               "Audio": "",
               "AnnounceDistance": 20.0
          },
          {
               "Name": "Grange Road",
               "Location": "51.603211867270865, 0.20997200438938016",
               "Audio": "",
               "AnnounceDistance": 20.0
          },
          {
               "Name": "Myrtle Road",
               "Location": "51.601537214535746, 0.21055495597577398",
               "Audio": "",
               "AnnounceDistance": 20.0
          },
          {
               "Name": "Heaton Avenue",
               "Location": "51.59853149082096, 0.2116219136418008",
               "Audio": "",
               "AnnounceDistance": 20.0
          },
          {
               "Name": "Masefield Crescent",
               "Location": "51.59574247621551, 0.2126415150947355",
               "Audio": "",
               "AnnounceDistance": 20.0
          },
          {
               "Name": "Gallows Corner",
               "Location": "51.59372530723536, 0.21326538212181223",
               "Audio": "",
               "AnnounceDistance": 20.0
          },
          {
               "Name": "Upper Brentwood Road",
               "Location": "51.59147773703782, 0.2108461140184302",
               "Audio": "",
               "AnnounceDistance": 20.0
          },
          {
               "Name": "Castellan Avenue",
               "Location": "51.58931667535257, 0.20812811201142864",
               "Audio": "",
               "AnnounceDistance": 20.0
          },
          {
               "Name": "Balgores Lane",
               "Location": "51.58669359456403, 0.20079735410423027",
               "Audio": "",
               "AnnounceDistance": 20.0
          },
          {
               "Name": "Repton Avenue",
               "Location": "51.585130684939884, 0.19445682507741116",
               "Audio": "",
               "AnnounceDistance": 20.0
          },
          {
               "Name": "Raphael Park",
               "Location": "51.58346211840069, 0.19086873329677817",
               "Audio": "",
               "AnnounceDistance": 20.0
          },
          {
               "Name": "Pettits Lane",
               "Location": "51.58214917735046, 0.18797640958418715",
               "Audio": "",
               "AnnounceDistance": 20.0
          },
          {
               "Name": "Mercury Gardens",
               "Location": "51.57909994846655, 0.18511642729635505",
               "Audio": "",
               "AnnounceDistance": 20.0
          },
          {
               "Name": "Western Road",
               "Location": "51.577123042474305, 0.18406902143003387",
               "Audio": "",
               "AnnounceDistance": 20.0
          },
          {
               "Name": "Romford Station",
               "Location": "51.57442049336162, 0.18383842710303833",
               "Audio": "",
               "AnnounceDistance": 20.0
          },
          {
               "Name": "Rom Valley Way",
               "Location": "51.57150003217897, 0.1822697583397072",
               "Audio": "",
               "AnnounceDistance": 20.0
          },
          {
               "Name": "Oldchurch Rise",
               "Location": "51.5703477219728, 0.17749571319838042",
               "Audio": "",
               "AnnounceDistance": 20.0
          },
          {
               "Name": "Crow Lane",
               "Location": "51.56881094330959, 0.17550304859942004",
               "Audio": "",
               "AnnounceDistance": 20.0
          },
          {
               "Name": "Norwood Avenue",
               "Location": "51.56615040667266, 0.17640051925331768",
               "Audio": "",
               "AnnounceDistance": 20.0
          },
          {
               "Name": "Rush Green Road",
               "Location": "51.56455671499306, 0.17602140112085893",
               "Audio": "",
               "AnnounceDistance": 20.0
          },
          {
               "Name": "Rush Green School",
               "Location": "51.56255950374919, 0.17557976350028306",
               "Audio": "",
               "AnnounceDistance": 20.0
          },
          {
               "Name": "Barking Dagenham College",
               "Location": "51.560213647395535, 0.17551107233145544",
               "Audio": "",
               "AnnounceDistance": 20.0
          },
          {
               "Name": "Valentines Way",
               "Location": "51.55769376487166, 0.17609771601214338",
               "Audio": "",
               "AnnounceDistance": 20.0
          },
          {
               "Name": "Eastbrookend Country Park",
               "Location": "51.555451588957844, 0.17431726638818967",
               "Audio": "",
               "AnnounceDistance": 20.0
          },
          {
               "Name": "The Chase",
               "Location": "51.553171041197096, 0.17266499491708598",
               "Audio": "",
               "AnnounceDistance": 20.0
          },
          {
               "Name": "Park Drive",
               "Location": "51.55295048723095, 0.16708635274940684",
               "Audio": "",
               "AnnounceDistance": 20.0
          },
          {
               "Name": "Eastbrook School",
               "Location": "51.55223189768521, 0.16314302904546357",
               "Audio": "",
               "AnnounceDistance": 20.0
          },
          {
               "Name": "Rainham Road North",
               "Location": "51.551305687910364, 0.15972371286495035",
               "Audio": "",
               "AnnounceDistance": 20.0
          },
          {
               "Name": "Hunters Hall Road",
               "Location": "51.55134720952547, 0.15355191867480023",
               "Audio": "",
               "AnnounceDistance": 20.0
          },
          {
               "Name": "Croppath Road",
               "Location": "51.551284341759214, 0.15109675941768025",
               "Audio": "",
               "AnnounceDistance": 20.0
          },
          {
               "Name": "Heathway",
               "Location": "51.55118072059387, 0.14840889365315518",
               "Audio": "",
               "AnnounceDistance": 20.0
          },
          {
               "Name": "Eastfield Road",
               "Location": "51.549459534279364, 0.14762101699370647",
               "Audio": "",
               "AnnounceDistance": 20.0
          },
          {
               "Name": "Halbutt Street",
               "Location": "51.54557773474004, 0.1479430057631949",
               "Audio": "",
               "AnnounceDistance": 20.0
          },
          {
               "Name": "Reede Road",
               "Location": "51.54366153958644, 0.14798255800147272",
               "Audio": "",
               "AnnounceDistance": 20.0
          },
          {
               "Name": "Dagenham Heathway Station",
               "Location": "51.5411602584393, 0.14805224076721316",
               "Audio": "",
               "AnnounceDistance": 20.0
          },
          {
               "Name": "Church Elm Lane",
               "Location": "51.53907890019882, 0.14827148232016907",
               "Audio": "",
               "AnnounceDistance": 20.0
          },
          {
               "Name": "Arnold Road",
               "Location": "51.53505120857211, 0.148211590965232",
               "Audio": "",
               "AnnounceDistance": 20.0
          },
          {
               "Name": "Nutbrowne Road",
               "Location": "51.53262154099477, 0.14829905290657425",
               "Audio": "",
               "AnnounceDistance": 20.0
          },
          {
               "Name": "Ballards Road / Princess Parade",
               "Location": "51.52982245251472, 0.15381906424894382",
               "Audio": "",
               "AnnounceDistance": 20.0
          }
     ]
}