{
     "RouteNumber": "174",
     "Destination": "Dagnam Park Square",
     "RouteAudio": "",
     "DestinationAudio": "",
     "Stops": [
          {
               "Name": "Ballards Road",
               "Location": "51.52964592555523, 0.15363771819362118",
               "Audio": "",
               "AnnounceDistance": 20.0
          },
          {
               "Name": "Chequers Lane",
               "Location": "51.530659667230005, 0.15083077838396355",
               "Audio": "",
               "AnnounceDistance": 20.0
          },
          {
               "Name": "Nutbrowne Road",
               "Location": "51.53321032110819, 0.14806723608150726",
               "Audio": "",
               "AnnounceDistance": 20.0
          },
          {
               "Name": "Arnold Road",
               "Location": "51.5358630325119, 0.1480767820003909",
               "Audio": "",
               "AnnounceDistance": 20.0
          },
          {
               "Name": "Hedgemans Road",
               "Location": "51.53962169918968, 0.14809515324683553",
               "Audio": "",
               "AnnounceDistance": 20.0
          },
          {
               "Name": "Dagenham Heathway Station",
               "Location": "51.54221890015232, 0.1476982894519219",
               "Audio": "",
               "AnnounceDistance": 20.0
          },
          {
               "Name": "Holgate Road",
               "Location": "51.54418610399587, 0.14781977304391705",
               "Audio": "",
               "AnnounceDistance": 20.0
          },
          {
               "Name": "Halbutt Street",
               "Location": "51.546499489055805, 0.1476979591095684",
               "Audio": "",
               "AnnounceDistance": 20.0
          },
          {
               "Name": "Eastfield Road",
               "Location": "51.54904833185581, 0.14748625837167878",
               "Audio": "",
               "AnnounceDistance": 20.0
          },
          {
               "Name": "Oxlow Lane",
               "Location": "51.55049835734906, 0.1473670343867248",
               "Audio": "",
               "AnnounceDistance": 20.0
          },
          {
               "Name": "Robinson Road",
               "Location": "51.55138106060382, 0.15023584212947572",
               "Audio": "",
               "AnnounceDistance": 20.0
          },
          {
               "Name": "Hunters Hall Road",
               "Location": "51.55136938915797, 0.15430304945958573",
               "Audio": "",
               "AnnounceDistance": 20.0
          },
          {
               "Name": "Rainham Road North",
               "Location": "51.551318952506904, 0.15900310758018973",
               "Audio": "",
               "AnnounceDistance": 20.0
          },
          {
               "Name": "Eastbrook School",
               "Location": "51.552601238944206, 0.16408375821915352",
               "Audio": "",
               "AnnounceDistance": 20.0
          },
          {
               "Name": "Park Drive",
               "Location": "51.55311546800209, 0.16837804283811983",
               "Audio": "",
               "AnnounceDistance": 20.0
          },
          {
               "Name": "The Chase",
               "Location": "51.55327494664752, 0.17239586554117434",
               "Audio": "",
               "AnnounceDistance": 20.0
          },
          {
               "Name": "Eastbrookend Country Park",
               "Location": "51.555185247538084, 0.17413145195560015",
               "Audio": "",
               "AnnounceDistance": 20.0
          },
          {
               "Name": "Valentines Way",
               "Location": "51.55802230050542, 0.17583929028434075",
               "Audio": "",
               "AnnounceDistance": 20.0
          },
          {
               "Name": "Barking Dagenham College",
               "Location": "51.56075621536991, 0.175349409612897",
               "Audio": "",
               "AnnounceDistance": 20.0
          },
          {
               "Name": "Rush Green School",
               "Location": "51.562902800458446, 0.1754951525778436",
               "Audio": "",
               "AnnounceDistance": 20.0
          },
          {
               "Name": "Rush Green Road",
               "Location": "51.564981677916364, 0.17589740254403097",
               "Audio": "",
               "AnnounceDistance": 20.0
          },
          {
               "Name": "Norwood Avenue",
               "Location": "51.566505095447965, 0.1761865870612979",
               "Audio": "",
               "AnnounceDistance": 20.0
          },
          {
               "Name": "Crow Lane",
               "Location": "51.56919739649624, 0.17503086737899823",
               "Audio": "",
               "AnnounceDistance": 20.0
          },
          {
               "Name": "Oldchurch Rise",
               "Location": "51.5706131384506, 0.17821550827824637",
               "Audio": "",
               "AnnounceDistance": 20.0
          },
          {
               "Name": "Rom Valley Way",
               "Location": "51.57168536012517, 0.18197558061164162",
               "Audio": "",
               "AnnounceDistance": 20.0
          },
          {
               "Name": "Romford Station",
               "Location": "51.574488486014836, 0.18356747727307424",
               "Audio": "",
               "AnnounceDistance": 20.0
          },
          {
               "Name": "Mercury Gardens",
               "Location": "51.578979800566024, 0.18480756002336396",
               "Audio": "",
               "AnnounceDistance": 20.0
          },
          {
               "Name": "Romford Police Station",
               "Location": "51.581122723006, 0.1856320642106854",
               "Audio": "",
               "AnnounceDistance": 20.0
          },
          {
               "Name": "Pettits Lane",
               "Location": "51.583027854246154, 0.18956314596085455",
               "Audio": "",
               "AnnounceDistance": 20.0
          },
          {
               "Name": "Raphael Park",
               "Location": "51.58436717007561, 0.19248571300517708",
               "Audio": "",
               "AnnounceDistance": 20.0
          },
          {
               "Name": "Repton Avenue",
               "Location": "51.585790051109555, 0.19574450395346152",
               "Audio": "",
               "AnnounceDistance": 20.0
          },
          {
               "Name": "Links Avenue",
               "Location": "51.58741366776203, 0.2026799913431175",
               "Audio": "",
               "AnnounceDistance": 20.0
          },
          {
               "Name": "Castellan Avenue",
               "Location": "51.58961971034433, 0.2082727408211942",
               "Audio": "",
               "AnnounceDistance": 20.0
          },
          {
               "Name": "Upper Brentwood Road",
               "Location": "51.59150222811303, 0.21050080281035793",
               "Audio": "",
               "AnnounceDistance": 20.0
          },
          {
               "Name": "Gallows Corner",
               "Location": "51.59408169203538, 0.21296506543737914",
               "Audio": "",
               "AnnounceDistance": 20.0
          },
          {
               "Name": "Faringdon Avenue",
               "Location": "51.596841308343414, 0.21207404223324794",
               "Audio": "",
               "AnnounceDistance": 20.0
          },
          {
               "Name": "Heaton Avenue",
               "Location": "51.59931313860494, 0.21118337493719622",
               "Audio": "",
               "AnnounceDistance": 20.0
          },
          {
               "Name": "Myrtle Road",
               "Location": "51.602183817623846, 0.21012425426300235",
               "Audio": "",
               "AnnounceDistance": 20.0
          },
          {
               "Name": "Grange Road",
               "Location": "51.60409396978564, 0.20945162316956495",
               "Audio": "",
               "AnnounceDistance": 20.0
          },
          {
               "Name": "Charlbury Crescent",
               "Location": "51.60515746762148, 0.21075970149423748",
               "Audio": "",
               "AnnounceDistance": 20.0
          },
          {
               "Name": "Hilldene Avenue / Chatteris Avenue",
               "Location": "51.60624057659312, 0.2143651062737018",
               "Audio": "",
               "AnnounceDistance": 20.0
          },
          {
               "Name": "Hilldene Avenue Shopping Centre",
               "Location": "51.60769054215291, 0.21901399859828344",
               "Audio": "",
               "AnnounceDistance": 20.0
          },
          {
               "Name": "Chippenham Road",
               "Location": "51.608224852772636, 0.22166865601790547",
               "Audio": "",
               "AnnounceDistance": 20.0
          },
          {
               "Name": "Brookside School",
               "Location": "51.60889757110631, 0.2255578051128282",
               "Audio": "",
               "AnnounceDistance": 20.0
          },
          {
               "Name": "Harkness Close",
               "Location": "51.609360372797006, 0.23054891482521206",
               "Audio": "",
               "AnnounceDistance": 20.0
          },
          {
               "Name": "Sedgefield Crescent",
               "Location": "51.60946193388578, 0.23560903998258792",
               "Audio": "",
               "AnnounceDistance": 20.0
          },
          {
               "Name": "Wickford Drive",
               "Location": "51.60866681582767, 0.23769309633944347",
               "Audio": "",
               "AnnounceDistance": 20.0
          },
          {
               "Name": "Redruth Road",
               "Location": "51.606598194637755, 0.23770690312188208",
               "Audio": "",
               "AnnounceDistance": 20.0
          },
          {
               "Name": "Petersfield Avenue",
               "Location": "51.604466861565385, 0.23817976209350056",
               "Audio": "",
               "AnnounceDistance": 20.0
          },
          {
               "Name": "St Neots Road",
               "Location": "51.60364285018727, 0.238947954616755",
               "Audio": "",
               "AnnounceDistance": 20.0
          },
          {
               "Name": "Tarnworth Road",
               "Location": "51.603659687467896, 0.24277576694455957",
               "Audio": "",
               "AnnounceDistance": 20.0
          },
          {
               "Name": "Dagnam Park Square",
               "Location": "51.60555390229029, 0.24341792592557834",
               "Audio": "",
               "AnnounceDistance": 20.0
          }
     ]
}