{
     "RouteNumber": "175",
     "Destination": "Hillrise Estate",
     "RouteAudio": "",
     "DestinationAudio": "",
     "Stops": [
          {
               "Name": "Oval Road South",
               "Location": "51.52958614077536, 0.15591290664524118",
               "Audio": "",
               "AnnounceDistance": 20.0
          },
          {
               "Name": "Ballards Road",
               "Location": "51.52964592555523, 0.15363771819362118",
               "Audio": "",
               "AnnounceDistance": 20.0
          },
          {
               "Name": "Chequers Lane",
               "Location": "51.530659667230005, 0.15083077838396355",
               "Audio": "",
               "AnnounceDistance": 20.0
          },
          {
               "Name": "Nutbrowne Road",
               "Location": "51.53321032110819, 0.14806723608150726",
               "Audio": "",
               "AnnounceDistance": 20.0
          },
          {
               "Name": "Arnold Road",
               "Location": "51.5358630325119, 0.1480767820003909",
               "Audio": "",
               "AnnounceDistance": 20.0
          },
          {
               "Name": "Hedgemans Road",
               "Location": "51.53962169918968, 0.14809515324683553",
               "Audio": "",
               "AnnounceDistance": 20.0
          },
          {
               "Name": "Dagenham Heathway Station",
               "Location": "51.54221890015232, 0.1476982894519219",
               "Audio": "",
               "AnnounceDistance": 20.0
          },
          {
               "Name": "Holgate Road",
               "Location": "51.54418610399587, 0.14781977304391705",
               "Audio": "",
               "AnnounceDistance": 20.0
          },
          {
               "Name": "Halbutt Street",
               "Location": "51.546499489055805, 0.1476979591095684",
               "Audio": "",
               "AnnounceDistance": 20.0
          },
          {
               "Name": "Eastfield Road",
               "Location": "51.54904833185581, 0.14748625837167878",
               "Audio": "",
               "AnnounceDistance": 20.0
          },
          {
               "Name": "Oxlow Lane",
               "Location": "51.55049835734906, 0.1473670343867248",
               "Audio": "",
               "AnnounceDistance": 20.0
          },
          {
               "Name": "Connor Road",
               "Location": "51.55427259626581, 0.14702548324220746",
               "Audio": "",
               "AnnounceDistance": 20.0
          },
          {
               "Name": "Heathway",
               "Location": "51.55800086822524, 0.14722993710924723",
               "Audio": "",
               "AnnounceDistance": 20.0
          },
          {
               "Name": "Morris Road",
               "Location": "51.56005872275302, 0.14780298358695748",
               "Audio": "",
               "AnnounceDistance": 20.0
          },
          {
               "Name": "Becontree Heath Leisure Centre",
               "Location": "51.56147548150408, 0.14950009489054847",
               "Audio": "",
               "AnnounceDistance": 20.0
          },
          {
               "Name": "Cu London University / Wood Lane",
               "Location": "51.56236666926457, 0.15729004639123415",
               "Audio": "",
               "AnnounceDistance": 20.0
          },
          {
               "Name": "Barton Avenue",
               "Location": "51.56317923386233, 0.161512753318805",
               "Audio": "",
               "AnnounceDistance": 20.0
          },
          {
               "Name": "Clayton Road",
               "Location": "51.563681756530855, 0.16498502171944152",
               "Audio": "",
               "AnnounceDistance": 20.0
          },
          {
               "Name": "Leonard Avenue",
               "Location": "51.56512158953392, 0.1712579208919675",
               "Audio": "",
               "AnnounceDistance": 20.0
          },
          {
               "Name": "Dagenham Road",
               "Location": "51.56574307828181, 0.1779971447694045",
               "Audio": "",
               "AnnounceDistance": 20.0
          },
          {
               "Name": "Norwood Avenue",
               "Location": "51.565713801549954, 0.18295941688454817",
               "Audio": "",
               "AnnounceDistance": 20.0
          },
          {
               "Name": "Queens Hospital",
               "Location": "51.568596852543585, 0.18122161089400854",
               "Audio": "",
               "AnnounceDistance": 20.0
          },
          {
               "Name": "Rom Valley Way",
               "Location": "51.57168536012517, 0.18197558061164162",
               "Audio": "",
               "AnnounceDistance": 20.0
          },
          {
               "Name": "Romford Station",
               "Location": "51.574488486014836, 0.18356747727307424",
               "Audio": "",
               "AnnounceDistance": 20.0
          },
          {
               "Name": "Western Road",
               "Location": "51.576825212702076, 0.18315990741032187",
               "Audio": "",
               "AnnounceDistance": 20.0
          },
          {
               "Name": "Romford Market",
               "Location": "51.58051261003987, 0.18169117884201363",
               "Audio": "",
               "AnnounceDistance": 20.0
          },
          {
               "Name": "The Avenue",
               "Location": "51.581509004581704, 0.1769467267695741",
               "Audio": "",
               "AnnounceDistance": 20.0
          },
          {
               "Name": "Romford Bus Garage",
               "Location": "51.582884816495714, 0.17549684624218598",
               "Audio": "",
               "AnnounceDistance": 20.0
          },
          {
               "Name": "Cedar Road",
               "Location": "51.585154048622556, 0.17290582714658798",
               "Audio": "",
               "AnnounceDistance": 20.0
          },
          {
               "Name": "Parklands School",
               "Location": "51.58822528310137, 0.17168092891118963",
               "Audio": "",
               "AnnounceDistance": 20.0
          },
          {
               "Name": "Hainault Road",
               "Location": "51.58964076131494, 0.16808148400316977",
               "Audio": "",
               "AnnounceDistance": 20.0
          },
          {
               "Name": "Hillfoot Road",
               "Location": "51.59331414145757, 0.1654121335466715",
               "Audio": "",
               "AnnounceDistance": 20.0
          },
          {
               "Name": "Lowshoe Lane",
               "Location": "51.5971908106325, 0.16390715873403192",
               "Audio": "",
               "AnnounceDistance": 20.0
          },
          {
               "Name": "Collier Row Roundabout / Clockhouse Lane",
               "Location": "51.59974618438795, 0.16431744732118395",
               "Audio": "",
               "AnnounceDistance": 20.0
          },
          {
               "Name": "Felstead Road",
               "Location": "51.60051131114406, 0.16914800606761837",
               "Audio": "",
               "AnnounceDistance": 20.0
          },
          {
               "Name": "Belle Vue Road",
               "Location": "51.60132493098682, 0.172320383541269",
               "Audio": "",
               "AnnounceDistance": 20.0
          },
          {
               "Name": "Merlin Road",
               "Location": "51.603847451472035, 0.17547347968001012",
               "Audio": "",
               "AnnounceDistance": 20.0
          },
          {
               "Name": "Highfield Road",
               "Location": "51.60624607777698, 0.174634972345783",
               "Audio": "",
               "AnnounceDistance": 20.0
          },
          {
               "Name": "Hillrise Estate",
               "Location": "51.60715946388822, 0.17290220766105904",
               "Audio": "",
               "AnnounceDistance": 20.0
          }
     ]
}