{
     "RouteNumber": "176",
     "Destination": "Penge / Pawleyne Arms",
     "RouteAudio": "",
     "DestinationAudio": "",
     "Stops": [
          {
               "Name": "Tottenham Court Road Station",
               "Location": "51.5155563967289, -0.12842761417940893",
               "Audio": "",
               "AnnounceDistance": 20.0
          },
          {
               "Name": "Cambridge Circus",
               "Location": "51.51351847161243, -0.12920292689100635",
               "Audio": "",
               "AnnounceDistance": 20.0
          },
          {
               "Name": "Leicester Square Station",
               "Location": "51.511616110498295, -0.1283297006965525",
               "Audio": "",
               "AnnounceDistance": 20.0
          },
          {
               "Name": "St Martins Place",
               "Location": "51.509856129518475, -0.12792626975879304",
               "Audio": "",
               "AnnounceDistance": 20.0
          },
          {
               "Name": "Trafalgar Square / Charing Cross Stn",
               "Location": "51.50864206551609, -0.12623235231439928",
               "Audio": "",
               "AnnounceDistance": 20.0
          },
          {
               "Name": "Southampton Street / Covent Garden",
               "Location": "51.51036498839243, -0.12206889223923768",
               "Audio": "",
               "AnnounceDistance": 20.0
          },
          {
               "Name": "Lancaster Place / Somerset House",
               "Location": "51.510540704678064, -0.1184444504323275",
               "Audio": "",
               "AnnounceDistance": 20.0
          },
          {
               "Name": "Waterloo Bridge / South Bank",
               "Location": "51.50650044511987, -0.11492194854531493",
               "Audio": "",
               "AnnounceDistance": 20.0
          },
          {
               "Name": "Waterloo Station / Waterloo Road",
               "Location": "51.50273234563576, -0.11043782797554683",
               "Audio": "",
               "AnnounceDistance": 20.0
          },
          {
               "Name": "The Old Vic",
               "Location": "51.501338303863974, -0.10875208230724906",
               "Audio": "",
               "AnnounceDistance": 20.0
          },
          {
               "Name": "St Georges Circus",
               "Location": "51.4991581454035, -0.10627777403576068",
               "Audio": "",
               "AnnounceDistance": 20.0
          },
          {
               "Name": "Elephant Castle / London Road",
               "Location": "51.49663406152921, -0.10200270739698375",
               "Audio": "",
               "AnnounceDistance": 20.0
          },
          {
               "Name": "Elephant Castle Station",
               "Location": "51.492237014313815, -0.09813740242420692",
               "Audio": "",
               "AnnounceDistance": 20.0
          },
          {
               "Name": "Larcom Street",
               "Location": "51.49044635203833, -0.09695869642644835",
               "Audio": "",
               "AnnounceDistance": 20.0
          },
          {
               "Name": "East Street",
               "Location": "51.48705267477273, -0.09508346379746471",
               "Audio": "",
               "AnnounceDistance": 20.0
          },
          {
               "Name": "Westmoreland Road",
               "Location": "51.48493449088063, -0.09367380918523469",
               "Audio": "",
               "AnnounceDistance": 20.0
          },
          {
               "Name": "Camberwell Road / Albany Road",
               "Location": "51.48142043476577, -0.09435322846667213",
               "Audio": "",
               "AnnounceDistance": 20.0
          },
          {
               "Name": "Bowyer Place",
               "Location": "51.479772159648725, -0.09419150997954603",
               "Audio": "",
               "AnnounceDistance": 20.0
          },
          {
               "Name": "Medlar Street",
               "Location": "51.47769019165974, -0.09390387207834276",
               "Audio": "",
               "AnnounceDistance": 20.0
          },
          {
               "Name": "Denmark Hill / Camberwell Green",
               "Location": "51.47357408664256, -0.09295228303645646",
               "Audio": "",
               "AnnounceDistance": 20.0
          },
          {
               "Name": "Coldharbour Lane",
               "Location": "51.47107325890819, -0.09289818488967914",
               "Audio": "",
               "AnnounceDistance": 20.0
          },
          {
               "Name": "Kings College Hospital",
               "Location": "51.468400695544226, -0.09168501382661906",
               "Audio": "",
               "AnnounceDistance": 20.0
          },
          {
               "Name": "Denmark Hill Station",
               "Location": "51.46807500579695, -0.08880462873233043",
               "Audio": "",
               "AnnounceDistance": 20.0
          },
          {
               "Name": "Grove Lane / Champion Park",
               "Location": "51.467916874417824, -0.0862772172215495",
               "Audio": "",
               "AnnounceDistance": 20.0
          },
          {
               "Name": "Champion Grove",
               "Location": "51.46611852059088, -0.08518628147382304",
               "Audio": "",
               "AnnounceDistance": 20.0
          },
          {
               "Name": "Champion Hill",
               "Location": "51.46473452706277, -0.08358858131838637",
               "Audio": "",
               "AnnounceDistance": 20.0
          },
          {
               "Name": "Quorn Road",
               "Location": "51.46273189947452, -0.08155623597877534",
               "Audio": "",
               "AnnounceDistance": 20.0
          },
          {
               "Name": "East Dulwich Station",
               "Location": "51.461568514251766, -0.07970477191477449",
               "Audio": "",
               "AnnounceDistance": 20.0
          },
          {
               "Name": "Ondine Road",
               "Location": "51.46142867137703, -0.07611168903153967",
               "Audio": "",
               "AnnounceDistance": 20.0
          },
          {
               "Name": "Goose Green",
               "Location": "51.45932397898683, -0.07499100361735896",
               "Audio": "",
               "AnnounceDistance": 20.0
          },
          {
               "Name": "North Cross Road",
               "Location": "51.45746850743032, -0.07535696231310172",
               "Audio": "",
               "AnnounceDistance": 20.0
          },
          {
               "Name": "Melbourne Grove",
               "Location": "51.45536635375541, -0.07658250382564502",
               "Audio": "",
               "AnnounceDistance": 20.0
          },
          {
               "Name": "Heber Road",
               "Location": "51.45292958584988, -0.07714550793790444",
               "Audio": "",
               "AnnounceDistance": 20.0
          },
          {
               "Name": "Crystal Palace Road",
               "Location": "51.45078753989312, -0.07594018837849695",
               "Audio": "",
               "AnnounceDistance": 20.0
          },
          {
               "Name": "Dulwich Library",
               "Location": "51.4488027580554, -0.07390802820913187",
               "Audio": "",
               "AnnounceDistance": 20.0
          },
          {
               "Name": "Upland Road",
               "Location": "51.44656750428103, -0.07195854845455227",
               "Audio": "",
               "AnnounceDistance": 20.0
          },
          {
               "Name": "Overhill Road",
               "Location": "51.445029846850154, -0.06977837335580143",
               "Audio": "",
               "AnnounceDistance": 20.0
          },
          {
               "Name": "Grove Tavern",
               "Location": "51.443778077687945, -0.06803237274318688",
               "Audio": "",
               "AnnounceDistance": 20.0
          },
          {
               "Name": "Lordship Lane / Wood Vale",
               "Location": "51.44185013639466, -0.06563871354761174",
               "Audio": "",
               "AnnounceDistance": 20.0
          },
          {
               "Name": "Horniman Museum",
               "Location": "51.44057344749128, -0.06075713545354855",
               "Audio": "",
               "AnnounceDistance": 20.0
          },
          {
               "Name": "Forest Hill Station / London Road",
               "Location": "51.439509767696904, -0.05517611050338767",
               "Audio": "",
               "AnnounceDistance": 20.0
          },
          {
               "Name": "Forest Hill Pools",
               "Location": "51.437592964623185, -0.054552501637108786",
               "Audio": "",
               "AnnounceDistance": 20.0
          },
          {
               "Name": "Dartmouth Road / Thorpewood Avenue",
               "Location": "51.435685149081294, -0.055554377149005005",
               "Audio": "",
               "AnnounceDistance": 20.0
          },
          {
               "Name": "Sydenham School",
               "Location": "51.432966734384195, -0.059194596350806795",
               "Audio": "",
               "AnnounceDistance": 20.0
          },
          {
               "Name": "Sydenham / The Woodman",
               "Location": "51.43156163786577, -0.0601461043148446",
               "Audio": "",
               "AnnounceDistance": 20.0
          },
          {
               "Name": "Peak Hill",
               "Location": "51.4295274370916, -0.05840526767530867",
               "Audio": "",
               "AnnounceDistance": 20.0
          },
          {
               "Name": "Sydenham Station / Kirkdale",
               "Location": "51.42749623842483, -0.056304826080949874",
               "Audio": "",
               "AnnounceDistance": 20.0
          },
          {
               "Name": "Cricketers Walk",
               "Location": "51.42566475190065, -0.05702985113655975",
               "Audio": "",
               "AnnounceDistance": 20.0
          },
          {
               "Name": "St Christophers Hospice",
               "Location": "51.4232801513964, -0.058022792858751775",
               "Audio": "",
               "AnnounceDistance": 20.0
          },
          {
               "Name": "Springfield Road",
               "Location": "51.421108892769304, -0.05940931748218927",
               "Audio": "",
               "AnnounceDistance": 20.0
          },
          {
               "Name": "Thicket Road",
               "Location": "51.419117393762484, -0.06133463548208113",
               "Audio": "",
               "AnnounceDistance": 20.0
          },
          {
               "Name": "High Street / Penge West Station",
               "Location": "51.4173568467944, -0.057655428922472156",
               "Audio": "",
               "AnnounceDistance": 20.0
          },
          {
               "Name": "High Street / Maple Road",
               "Location": "51.416105868259976, -0.0543431636015709",
               "Audio": "",
               "AnnounceDistance": 20.0
          },
          {
               "Name": "High Street / Green Lane",
               "Location": "51.41482405437497, -0.052427365342173",
               "Audio": "",
               "AnnounceDistance": 20.0
          },
          {
               "Name": "Penge / Pawleyne Arms",
               "Location": "51.41331195118692, -0.05234782264012727",
               "Audio": "",
               "AnnounceDistance": 20.0
          }
     ]
}