{
     "RouteNumber": "177",
     "Destination": "Peckham Bus Station",
     "RouteAudio": "",
     "DestinationAudio": "",
     "Stops": [
          {
               "Name": "Thamesmead Town Centre",
               "Location": "51.50742705371728, 0.10896841870076727",
               "Audio": "",
               "AnnounceDistance": 20.0
          },
          {
               "Name": "Linton Mead Primary School",
               "Location": "51.50746697301902, 0.11274586656345804",
               "Audio": "",
               "AnnounceDistance": 20.0
          },
          {
               "Name": "Hoveton Road",
               "Location": "51.50934564053634, 0.11678148350010394",
               "Audio": "",
               "AnnounceDistance": 20.0
          },
          {
               "Name": "Nickelby Close",
               "Location": "51.50947632715708, 0.12000127349461509",
               "Audio": "",
               "AnnounceDistance": 20.0
          },
          {
               "Name": "Eastgate Close",
               "Location": "51.508986850536296, 0.1261753691221451",
               "Audio": "",
               "AnnounceDistance": 20.0
          },
          {
               "Name": "Lister Walk",
               "Location": "51.5066322998523, 0.12658452362587794",
               "Audio": "",
               "AnnounceDistance": 20.0
          },
          {
               "Name": "Poplar Place",
               "Location": "51.50620933368142, 0.12163649378435433",
               "Audio": "",
               "AnnounceDistance": 20.0
          },
          {
               "Name": "Thamesmead / Carlyle Road",
               "Location": "51.50372638130837, 0.11920121586029496",
               "Audio": "",
               "AnnounceDistance": 20.0
          },
          {
               "Name": "Southmere Lake",
               "Location": "51.498718074135546, 0.12164874872139662",
               "Audio": "",
               "AnnounceDistance": 20.0
          },
          {
               "Name": "Eynsham Drive / Harrow Manor Way",
               "Location": "51.49618666564504, 0.11890908380262154",
               "Audio": "",
               "AnnounceDistance": 20.0
          },
          {
               "Name": "Peterstone Road",
               "Location": "51.495384478669, 0.1150252361689749",
               "Audio": "",
               "AnnounceDistance": 20.0
          },
          {
               "Name": "Chalcombe Road",
               "Location": "51.49395404800933, 0.11206332365498838",
               "Audio": "",
               "AnnounceDistance": 20.0
          },
          {
               "Name": "Felixstowe Road",
               "Location": "51.493046945019096, 0.1095003159851022",
               "Audio": "",
               "AnnounceDistance": 20.0
          },
          {
               "Name": "Eynsham Drive / Blithdale Road",
               "Location": "51.48943245658046, 0.10796498087048059",
               "Audio": "",
               "AnnounceDistance": 20.0
          },
          {
               "Name": "Cassilda Road",
               "Location": "51.48648428212412, 0.10738246905277636",
               "Audio": "",
               "AnnounceDistance": 20.0
          },
          {
               "Name": "Basildon Road / Bostall Hill",
               "Location": "51.48486852846191, 0.1067174214094122",
               "Audio": "",
               "AnnounceDistance": 20.0
          },
          {
               "Name": "Plumstead Corner / Rockmount Road",
               "Location": "51.485669633175284, 0.10066153714798771",
               "Audio": "",
               "AnnounceDistance": 20.0
          },
          {
               "Name": "Plumstead High St / The Plumstead Centre",
               "Location": "51.48660721770942, 0.09600889778266547",
               "Audio": "",
               "AnnounceDistance": 20.0
          },
          {
               "Name": "Bannockburn Road",
               "Location": "51.48723627890513, 0.0930128489121526",
               "Audio": "",
               "AnnounceDistance": 20.0
          },
          {
               "Name": "Lakedale Road",
               "Location": "51.487905317065625, 0.09029223258009028",
               "Audio": "",
               "AnnounceDistance": 20.0
          },
          {
               "Name": "Plumstead Road / Plumstead Station",
               "Location": "51.490364001600064, 0.0835189874935316",
               "Audio": "",
               "AnnounceDistance": 20.0
          },
          {
               "Name": "Greenwich Community College",
               "Location": "51.49088334157342, 0.08009977448241652",
               "Audio": "",
               "AnnounceDistance": 20.0
          },
          {
               "Name": "Maxey Road",
               "Location": "51.490868610139565, 0.07687229478112641",
               "Audio": "",
               "AnnounceDistance": 20.0
          },
          {
               "Name": "Woolwich Station",
               "Location": "51.491113963985114, 0.07113566535602746",
               "Audio": "",
               "AnnounceDistance": 20.0
          },
          {
               "Name": "Beresford Sq / Woolwich Arsenal Stn",
               "Location": "51.49157821433356, 0.06877978318789477",
               "Audio": "",
               "AnnounceDistance": 20.0
          },
          {
               "Name": "Woolwich Ferry",
               "Location": "51.493542094196826, 0.06245793595337011",
               "Audio": "",
               "AnnounceDistance": 20.0
          },
          {
               "Name": "Kingsman Street",
               "Location": "51.49277182043852, 0.055623554809868664",
               "Audio": "",
               "AnnounceDistance": 20.0
          },
          {
               "Name": "Prospect Vale",
               "Location": "51.49222365418891, 0.05149324847987964",
               "Audio": "",
               "AnnounceDistance": 20.0
          },
          {
               "Name": "Warspite Road",
               "Location": "51.49240802066792, 0.0466035459251359",
               "Audio": "",
               "AnnounceDistance": 20.0
          },
          {
               "Name": "Cleveley Close",
               "Location": "51.491413506371345, 0.04226616381366927",
               "Audio": "",
               "AnnounceDistance": 20.0
          },
          {
               "Name": "Greenwich Trust School",
               "Location": "51.490756902074885, 0.040724263359621996",
               "Audio": "",
               "AnnounceDistance": 20.0
          },
          {
               "Name": "Woolwich Road / Charlton Lane",
               "Location": "51.48959812063353, 0.03806522556023945",
               "Audio": "",
               "AnnounceDistance": 20.0
          },
          {
               "Name": "Stone Lake Retail Park",
               "Location": "51.488912515417326, 0.0361188245975494",
               "Audio": "",
               "AnnounceDistance": 20.0
          },
          {
               "Name": "Charlton Station / Woolwich Road",
               "Location": "51.488076114100075, 0.032494857482924154",
               "Audio": "",
               "AnnounceDistance": 20.0
          },
          {
               "Name": "Woolwich Road / Gallions Road",
               "Location": "51.48741777764615, 0.027928252542803542",
               "Audio": "",
               "AnnounceDistance": 20.0
          },
          {
               "Name": "Woolwich Road / Victoria Way",
               "Location": "51.48718275186354, 0.02539710100584893",
               "Audio": "",
               "AnnounceDistance": 20.0
          },
          {
               "Name": "Rainton Road",
               "Location": "51.48662889707587, 0.022578189792136025",
               "Audio": "",
               "AnnounceDistance": 20.0
          },
          {
               "Name": "Kemsing Road",
               "Location": "51.486269213358305, 0.01631101098528935",
               "Audio": "",
               "AnnounceDistance": 20.0
          },
          {
               "Name": "Marlton Street",
               "Location": "51.48608396606338, 0.012961166204198576",
               "Audio": "",
               "AnnounceDistance": 20.0
          },
          {
               "Name": "Calvert Road",
               "Location": "51.48617418486899, 0.010847783590780737",
               "Audio": "",
               "AnnounceDistance": 20.0
          },
          {
               "Name": "Vanbrugh Hill",
               "Location": "51.486226449215444, 0.008847955472573107",
               "Audio": "",
               "AnnounceDistance": 20.0
          },
          {
               "Name": "Tyler Street",
               "Location": "51.48528395091259, 0.0055945519288018615",
               "Audio": "",
               "AnnounceDistance": 20.0
          },
          {
               "Name": "Trafalgar Road / Maze Hill",
               "Location": "51.4836331060356, 0.00010660131030261709",
               "Audio": "",
               "AnnounceDistance": 20.0
          },
          {
               "Name": "Trafalgar Estate",
               "Location": "51.48292636505049, -0.0027472589740539853",
               "Audio": "",
               "AnnounceDistance": 20.0
          },
          {
               "Name": "National Maritime Museum",
               "Location": "51.481556681570524, -0.00681094130316401",
               "Audio": "",
               "AnnounceDistance": 20.0
          },
          {
               "Name": "Greenwich Town Centre / Nelson Road",
               "Location": "51.48086328863832, -0.008871866416023522",
               "Audio": "",
               "AnnounceDistance": 20.0
          },
          {
               "Name": "Greenwich High Road / Royal Hill",
               "Location": "51.479087574711926, -0.010216539108163444",
               "Audio": "",
               "AnnounceDistance": 20.0
          },
          {
               "Name": "Greenwich Station",
               "Location": "51.47753957727911, -0.013855363147846819",
               "Audio": "",
               "AnnounceDistance": 20.0
          },
          {
               "Name": "Miller House",
               "Location": "51.47568524545157, -0.019062465031828787",
               "Audio": "",
               "AnnounceDistance": 20.0
          },
          {
               "Name": "Greenwich High Road / Blackheath Road",
               "Location": "51.474633399692465, -0.020677644304591798",
               "Audio": "",
               "AnnounceDistance": 20.0
          },
          {
               "Name": "Deptford Bridge Station",
               "Location": "51.47437982666523, -0.023237420756576536",
               "Audio": "",
               "AnnounceDistance": 20.0
          },
          {
               "Name": "Florence Road",
               "Location": "51.475251994310995, -0.028571013427300892",
               "Audio": "",
               "AnnounceDistance": 20.0
          },
          {
               "Name": "New Cross Station",
               "Location": "51.47568313235251, -0.031216496883701563",
               "Audio": "",
               "AnnounceDistance": 20.0
          },
          {
               "Name": "Marquis Of Granby / Goldsmiths",
               "Location": "51.47505076073893, -0.035333379329059805",
               "Audio": "",
               "AnnounceDistance": 20.0
          },
          {
               "Name": "New Cross Gate Station",
               "Location": "51.475047760960095, -0.03945195950095033",
               "Audio": "",
               "AnnounceDistance": 20.0
          },
          {
               "Name": "New Cross Bus Garage",
               "Location": "51.4742544679277, -0.04526034141469871",
               "Audio": "",
               "AnnounceDistance": 20.0
          },
          {
               "Name": "New Cross Fire Station",
               "Location": "51.47390617481872, -0.04864478416982331",
               "Audio": "",
               "AnnounceDistance": 20.0
          },
          {
               "Name": "Pomeroy Street",
               "Location": "51.47302902583554, -0.05213810000042943",
               "Audio": "",
               "AnnounceDistance": 20.0
          },
          {
               "Name": "Queens Road Peckham Station",
               "Location": "51.47341850563831, -0.058270151786545585",
               "Audio": "",
               "AnnounceDistance": 20.0
          },
          {
               "Name": "Carlton Grove",
               "Location": "51.47397727175057, -0.06214876948541914",
               "Audio": "",
               "AnnounceDistance": 20.0
          },
          {
               "Name": "Peckham Bus Station",
               "Location": "51.47356140949758, -0.06691828082625786",
               "Audio": "",
               "AnnounceDistance": 20.0
          }
     ]
}