{
     "RouteNumber": "178",
     "Destination": "Lewisham Station",
     "RouteAudio": "",
     "DestinationAudio": "",
     "Stops": [
          {
               "Name": "Calderwood Street",
               "Location": "51.4908047415529, 0.06419267387300852",
               "Audio": "",
               "AnnounceDistance": 20.0
          },
          {
               "Name": "Woolwich Arsenal Station",
               "Location": "51.489724083926134, 0.06734177163230978",
               "Audio": "",
               "AnnounceDistance": 20.0
          },
          {
               "Name": "Claydown Mews",
               "Location": "51.486125481804606, 0.06487436808956823",
               "Audio": "",
               "AnnounceDistance": 20.0
          },
          {
               "Name": "Gunner Lane",
               "Location": "51.484257256079594, 0.06270149029856877",
               "Audio": "",
               "AnnounceDistance": 20.0
          },
          {
               "Name": "Haha Road / Grand Depot Road",
               "Location": "51.48214131578696, 0.06080567873106778",
               "Audio": "",
               "AnnounceDistance": 20.0
          },
          {
               "Name": "Queen Elizabeth Hospital / Main Entrance",
               "Location": "51.478623065473386, 0.0522078027733663",
               "Audio": "",
               "AnnounceDistance": 20.0
          },
          {
               "Name": "Queen Elizabeth Hospital / West Entrance",
               "Location": "51.47625861603548, 0.05011436737876716",
               "Audio": "",
               "AnnounceDistance": 20.0
          },
          {
               "Name": "Greenwich Heights",
               "Location": "51.474965880536594, 0.04844356596291141",
               "Audio": "",
               "AnnounceDistance": 20.0
          },
          {
               "Name": "Shooters Hill Road / Baker Road",
               "Location": "51.4726834299066, 0.04680055670123109",
               "Audio": "",
               "AnnounceDistance": 20.0
          },
          {
               "Name": "Pallet Way",
               "Location": "51.47342487177904, 0.042960192042188663",
               "Audio": "",
               "AnnounceDistance": 20.0
          },
          {
               "Name": "Charlton Park Lane",
               "Location": "51.47418645430628, 0.03795419874801317",
               "Audio": "",
               "AnnounceDistance": 20.0
          },
          {
               "Name": "Weyman Road",
               "Location": "51.47478608256267, 0.03397765846816207",
               "Audio": "",
               "AnnounceDistance": 20.0
          },
          {
               "Name": "Hervey Road",
               "Location": "51.47516495962033, 0.03131604730450499",
               "Audio": "",
               "AnnounceDistance": 20.0
          },
          {
               "Name": "Old Dover Road",
               "Location": "51.47531014430094, 0.028644024249425783",
               "Audio": "",
               "AnnounceDistance": 20.0
          },
          {
               "Name": "Shooters Hill Road / Kidbrooke Park Road",
               "Location": "51.47437869883582, 0.02269866022558722",
               "Audio": "",
               "AnnounceDistance": 20.0
          },
          {
               "Name": "Annesley Road",
               "Location": "51.472407808302805, 0.02278427133292553",
               "Audio": "",
               "AnnounceDistance": 20.0
          },
          {
               "Name": "Kidbrooke Park Close",
               "Location": "51.47064393417458, 0.0239013575465608",
               "Audio": "",
               "AnnounceDistance": 20.0
          },
          {
               "Name": "Thomas Tallis School",
               "Location": "51.46568826811948, 0.028102048931266263",
               "Audio": "",
               "AnnounceDistance": 20.0
          },
          {
               "Name": "Kidbrooke Park Road / Aldi Store",
               "Location": "51.46340383560317, 0.027597653380569773",
               "Audio": "",
               "AnnounceDistance": 20.0
          },
          {
               "Name": "Cranfield Walk",
               "Location": "51.461638276799654, 0.026209351514062673",
               "Audio": "",
               "AnnounceDistance": 20.0
          },
          {
               "Name": "Ryan Close",
               "Location": "51.4595369951532, 0.029153716340216018",
               "Audio": "",
               "AnnounceDistance": 20.0
          },
          {
               "Name": "Gerrard Way",
               "Location": "51.45873582825086, 0.03127745717668793",
               "Audio": "",
               "AnnounceDistance": 20.0
          },
          {
               "Name": "Kidbrooke Park Road / Tudway Road",
               "Location": "51.45557059110603, 0.026588373207402215",
               "Audio": "",
               "AnnounceDistance": 20.0
          },
          {
               "Name": "Eltham Road / Kidbrooke Park Road",
               "Location": "51.453523718359016, 0.0253462349602557",
               "Audio": "",
               "AnnounceDistance": 20.0
          },
          {
               "Name": "Courtlands Avenue",
               "Location": "51.454116206033504, 0.021759640224364392",
               "Audio": "",
               "AnnounceDistance": 20.0
          },
          {
               "Name": "Weigall Road",
               "Location": "51.45454803344717, 0.01966282682106797",
               "Audio": "",
               "AnnounceDistance": 20.0
          },
          {
               "Name": "Cambridge Drive",
               "Location": "51.4550681230467, 0.01713804662849248",
               "Audio": "",
               "AnnounceDistance": 20.0
          },
          {
               "Name": "Lee Green",
               "Location": "51.45609949890109, 0.012591730683445636",
               "Audio": "",
               "AnnounceDistance": 20.0
          },
          {
               "Name": "Lampmead Road",
               "Location": "51.45722645729457, 0.008754746287994773",
               "Audio": "",
               "AnnounceDistance": 20.0
          },
          {
               "Name": "Dacre Park",
               "Location": "51.458630756564745, 0.005519928278843934",
               "Audio": "",
               "AnnounceDistance": 20.0
          },
          {
               "Name": "Brandram Road",
               "Location": "51.45851530446697, 0.0012251421445603904",
               "Audio": "",
               "AnnounceDistance": 20.0
          },
          {
               "Name": "Belmont Park",
               "Location": "51.45924323881242, -0.003493454944686609",
               "Audio": "",
               "AnnounceDistance": 20.0
          },
          {
               "Name": "Marischal Road",
               "Location": "51.4608056407708, -0.0054694653534016514",
               "Audio": "",
               "AnnounceDistance": 20.0
          },
          {
               "Name": "Belmont Hill",
               "Location": "51.46203582924488, -0.0080071327457751",
               "Audio": "",
               "AnnounceDistance": 20.0
          },
          {
               "Name": "Lewisham Clock Tower",
               "Location": "51.46253027733149, -0.010116252189225464",
               "Audio": "",
               "AnnounceDistance": 20.0
          },
          {
               "Name": "Lewisham Station",
               "Location": "51.46490017606368, -0.013050926679442368",
               "Audio": "",
               "AnnounceDistance": 20.0
          }
     ]
}