{
     "RouteNumber": "178",
     "Destination": "Thomas Street",
     "RouteAudio": "",
     "DestinationAudio": "",
     "Stops": [
          {
               "Name": "Lewisham Station",
               "Location": "51.46381936779687, -0.01242123131931418",
               "Audio": "",
               "AnnounceDistance": 20.0
          },
          {
               "Name": "Belmont Hill",
               "Location": "51.46181179002305, -0.006994767922184868",
               "Audio": "",
               "AnnounceDistance": 20.0
          },
          {
               "Name": "Belmont Park",
               "Location": "51.459881816355185, -0.004027009824639201",
               "Audio": "",
               "AnnounceDistance": 20.0
          },
          {
               "Name": "Manor Park",
               "Location": "51.45871665306419, -0.0016162815134020611",
               "Audio": "",
               "AnnounceDistance": 20.0
          },
          {
               "Name": "Brandram Road",
               "Location": "51.4586512598377, 0.0027425737385142162",
               "Audio": "",
               "AnnounceDistance": 20.0
          },
          {
               "Name": "Dacre Park",
               "Location": "51.45872209709859, 0.006488405463874087",
               "Audio": "",
               "AnnounceDistance": 20.0
          },
          {
               "Name": "Lampmead Road",
               "Location": "51.45703909573897, 0.009192752678288826",
               "Audio": "",
               "AnnounceDistance": 20.0
          },
          {
               "Name": "Lee Green",
               "Location": "51.456668772184315, 0.010860644699110585",
               "Audio": "",
               "AnnounceDistance": 20.0
          },
          {
               "Name": "Cambridge Drive",
               "Location": "51.45537497326347, 0.016028835453163467",
               "Audio": "",
               "AnnounceDistance": 20.0
          },
          {
               "Name": "Weigall Road",
               "Location": "51.4546067221034, 0.019910112815207822",
               "Audio": "",
               "AnnounceDistance": 20.0
          },
          {
               "Name": "Courtlands Avenue",
               "Location": "51.454131503018566, 0.02243682036996476",
               "Audio": "",
               "AnnounceDistance": 20.0
          },
          {
               "Name": "Eltham Road / Kidbrooke Park Road",
               "Location": "51.453655524938895, 0.025524791824253157",
               "Audio": "",
               "AnnounceDistance": 20.0
          },
          {
               "Name": "Tudway Road",
               "Location": "51.45636333983477, 0.02650833171753032",
               "Audio": "",
               "AnnounceDistance": 20.0
          },
          {
               "Name": "Ryan Close",
               "Location": "51.4595369951532, 0.029153716340216018",
               "Audio": "",
               "AnnounceDistance": 20.0
          },
          {
               "Name": "Gerrard Way",
               "Location": "51.45873582825086, 0.03127745717668793",
               "Audio": "",
               "AnnounceDistance": 20.0
          },
          {
               "Name": "Kidbrooke Park Road",
               "Location": "51.458741336638354, 0.02628257706797903",
               "Audio": "",
               "AnnounceDistance": 20.0
          },
          {
               "Name": "Cranfield Walk",
               "Location": "51.461161278372316, 0.026231411348258606",
               "Audio": "",
               "AnnounceDistance": 20.0
          },
          {
               "Name": "Kidbrooke Park Road / Aldi Store",
               "Location": "51.46369213037334, 0.027567242643751124",
               "Audio": "",
               "AnnounceDistance": 20.0
          },
          {
               "Name": "Thomas Tallis School",
               "Location": "51.46665417804932, 0.02684909099126565",
               "Audio": "",
               "AnnounceDistance": 20.0
          },
          {
               "Name": "Kidbrooke Park Close",
               "Location": "51.4709841113102, 0.02347004368268364",
               "Audio": "",
               "AnnounceDistance": 20.0
          },
          {
               "Name": "Annesley Road",
               "Location": "51.473230438699474, 0.022014277830680794",
               "Audio": "",
               "AnnounceDistance": 20.0
          },
          {
               "Name": "Shooters Hill Road / Kidbrooke Park Road",
               "Location": "51.474669523243634, 0.02304272979528947",
               "Audio": "",
               "AnnounceDistance": 20.0
          },
          {
               "Name": "Shooters Hill Road / Eastbrook Road",
               "Location": "51.475186471487, 0.026435283437792667",
               "Audio": "",
               "AnnounceDistance": 20.0
          },
          {
               "Name": "Hervey Road",
               "Location": "51.47533542951079, 0.030819606748532662",
               "Audio": "",
               "AnnounceDistance": 20.0
          },
          {
               "Name": "Weyman Road",
               "Location": "51.474743394871915, 0.034882973625645165",
               "Audio": "",
               "AnnounceDistance": 20.0
          },
          {
               "Name": "Charlton Park Lane",
               "Location": "51.47422437941144, 0.03835909102488832",
               "Audio": "",
               "AnnounceDistance": 20.0
          },
          {
               "Name": "Pallet Way",
               "Location": "51.473352649283974, 0.044008150867058005",
               "Audio": "",
               "AnnounceDistance": 20.0
          },
          {
               "Name": "Greenwich Heights",
               "Location": "51.47479345547614, 0.04801823322955814",
               "Audio": "",
               "AnnounceDistance": 20.0
          },
          {
               "Name": "Queen Elizabeth Hospital / West Entrance",
               "Location": "51.47691424958834, 0.05067660186588505",
               "Audio": "",
               "AnnounceDistance": 20.0
          },
          {
               "Name": "Queen Elizabeth Hospital / Main Entrance",
               "Location": "51.47822676698176, 0.051729169526816964",
               "Audio": "",
               "AnnounceDistance": 20.0
          },
          {
               "Name": "Haha Road / Repository Road",
               "Location": "51.480640721866514, 0.05458831884492253",
               "Audio": "",
               "AnnounceDistance": 20.0
          },
          {
               "Name": "Gunner Lane",
               "Location": "51.483010401965416, 0.062011495603645786",
               "Audio": "",
               "AnnounceDistance": 20.0
          },
          {
               "Name": "Naafi Messing Store",
               "Location": "51.48637457887042, 0.06298430088981952",
               "Audio": "",
               "AnnounceDistance": 20.0
          },
          {
               "Name": "Woolwich Arsenal Station",
               "Location": "51.48922266540203, 0.06721825386439506",
               "Audio": "",
               "AnnounceDistance": 20.0
          },
          {
               "Name": "Thomas Street",
               "Location": "51.49078457529904, 0.06584837745262992",
               "Audio": "",
               "AnnounceDistance": 20.0
          }
     ]
}