{
     "RouteNumber": "179",
     "Destination": "Chingford Station",
     "RouteAudio": "",
     "DestinationAudio": "",
     "Stops": [
          {
               "Name": "Hainault Street",
               "Location": "51.55967059264714, 0.07696148519984257",
               "Audio": "",
               "AnnounceDistance": 20.0
          },
          {
               "Name": "Redbridge Central Library",
               "Location": "51.55785159865737, 0.07405100054373803",
               "Audio": "",
               "AnnounceDistance": 20.0
          },
          {
               "Name": "High Road Ilford",
               "Location": "51.558198365752204, 0.07172965766300138",
               "Audio": "",
               "AnnounceDistance": 20.0
          },
          {
               "Name": "Ilford Station",
               "Location": "51.55880473447667, 0.06998271289306812",
               "Audio": "",
               "AnnounceDistance": 20.0
          },
          {
               "Name": "Beal Road",
               "Location": "51.56229558838657, 0.06784720445291599",
               "Audio": "",
               "AnnounceDistance": 20.0
          },
          {
               "Name": "Northbrook Road",
               "Location": "51.56406087710497, 0.06667201747850403",
               "Audio": "",
               "AnnounceDistance": 20.0
          },
          {
               "Name": "Valentines Park",
               "Location": "51.567665037028405, 0.06524820768919146",
               "Audio": "",
               "AnnounceDistance": 20.0
          },
          {
               "Name": "Bethell Avenue",
               "Location": "51.57027950504363, 0.06385150620875349",
               "Audio": "",
               "AnnounceDistance": 20.0
          },
          {
               "Name": "Beehive Lane",
               "Location": "51.572820333112894, 0.06510667138072339",
               "Audio": "",
               "AnnounceDistance": 20.0
          },
          {
               "Name": "Gants Hill Station / Cranbrook Road",
               "Location": "51.57589738387911, 0.06603992894421615",
               "Audio": "",
               "AnnounceDistance": 20.0
          },
          {
               "Name": "Gants Hill Station / Woodford Avenue",
               "Location": "51.577385983885804, 0.06525591100621496",
               "Audio": "",
               "AnnounceDistance": 20.0
          },
          {
               "Name": "Wycombe Road",
               "Location": "51.57938316058924, 0.062142255333528996",
               "Audio": "",
               "AnnounceDistance": 20.0
          },
          {
               "Name": "Beehive Lane",
               "Location": "51.58096666964987, 0.05902406395111045",
               "Audio": "",
               "AnnounceDistance": 20.0
          },
          {
               "Name": "Grasmere Gardens",
               "Location": "51.58268768718935, 0.056777929431177376",
               "Audio": "",
               "AnnounceDistance": 20.0
          },
          {
               "Name": "Woodford Bridge Road",
               "Location": "51.585081063984425, 0.054648570978770454",
               "Audio": "",
               "AnnounceDistance": 20.0
          },
          {
               "Name": "Woodford / Roding Lane South",
               "Location": "51.5908918668724, 0.046840500947141324",
               "Audio": "",
               "AnnounceDistance": 20.0
          },
          {
               "Name": "Woodford Trading Estate",
               "Location": "51.59216456069526, 0.04295631139159126",
               "Audio": "",
               "AnnounceDistance": 20.0
          },
          {
               "Name": "Charlie Browns Roundabout",
               "Location": "51.59316555405418, 0.03917524052031029",
               "Audio": "",
               "AnnounceDistance": 20.0
          },
          {
               "Name": "Southend Road",
               "Location": "51.59223098766585, 0.03602934551786263",
               "Audio": "",
               "AnnounceDistance": 20.0
          },
          {
               "Name": "Onslow Gardens",
               "Location": "51.590662328279485, 0.033663736512909236",
               "Audio": "",
               "AnnounceDistance": 20.0
          },
          {
               "Name": "George Lane / Chigwell Road",
               "Location": "51.59017789136268, 0.02996073598196179",
               "Audio": "",
               "AnnounceDistance": 20.0
          },
          {
               "Name": "South Woodford Station",
               "Location": "51.5917243981899, 0.027892978553978005",
               "Audio": "",
               "AnnounceDistance": 20.0
          },
          {
               "Name": "George Lane Shopping Centre",
               "Location": "51.594101988774355, 0.024562647498302403",
               "Audio": "",
               "AnnounceDistance": 20.0
          },
          {
               "Name": "Southend Road",
               "Location": "51.59627683200742, 0.021511744210382266",
               "Audio": "",
               "AnnounceDistance": 20.0
          },
          {
               "Name": "Chelmsford Road",
               "Location": "51.599264975273634, 0.02031600487384457",
               "Audio": "",
               "AnnounceDistance": 20.0
          },
          {
               "Name": "Empress Avenue",
               "Location": "51.60182854360517, 0.019231242641653233",
               "Audio": "",
               "AnnounceDistance": 20.0
          },
          {
               "Name": "Churchill Memorial",
               "Location": "51.60362340397905, 0.018920968854075283",
               "Audio": "",
               "AnnounceDistance": 20.0
          },
          {
               "Name": "Chingford Lane",
               "Location": "51.60665858971795, 0.019171158585993234",
               "Audio": "",
               "AnnounceDistance": 20.0
          },
          {
               "Name": "Woodford Green / Broadmead Road",
               "Location": "51.609072150545835, 0.02105470947969049",
               "Audio": "",
               "AnnounceDistance": 20.0
          },
          {
               "Name": "Monkhams Lane",
               "Location": "51.61324593245565, 0.024114476623870527",
               "Audio": "",
               "AnnounceDistance": 20.0
          },
          {
               "Name": "St Thomas Of Canterbury Church",
               "Location": "51.61569107643889, 0.025205516100699193",
               "Audio": "",
               "AnnounceDistance": 20.0
          },
          {
               "Name": "Bancrofts School",
               "Location": "51.61872750108992, 0.02590408899446065",
               "Audio": "",
               "AnnounceDistance": 20.0
          },
          {
               "Name": "Forest Road",
               "Location": "51.621227642616766, 0.023285047990410212",
               "Audio": "",
               "AnnounceDistance": 20.0
          },
          {
               "Name": "Whitehall Lane",
               "Location": "51.62415065993754, 0.022215946636351822",
               "Audio": "",
               "AnnounceDistance": 20.0
          },
          {
               "Name": "Seymour Court",
               "Location": "51.62683237757317, 0.018968737350703053",
               "Audio": "",
               "AnnounceDistance": 20.0
          },
          {
               "Name": "Valance Avenue",
               "Location": "51.62751279612979, 0.016528245376428215",
               "Audio": "",
               "AnnounceDistance": 20.0
          },
          {
               "Name": "Kimberley Road",
               "Location": "51.62743468429158, 0.0126959236845367",
               "Audio": "",
               "AnnounceDistance": 20.0
          },
          {
               "Name": "Kings Road / Friday Hill",
               "Location": "51.6269801423966, 0.0066797336326117245",
               "Audio": "",
               "AnnounceDistance": 20.0
          },
          {
               "Name": "Balgonie Road",
               "Location": "51.62857380040115, 0.0028777673557725653",
               "Audio": "",
               "AnnounceDistance": 20.0
          },
          {
               "Name": "Station Road / The Green",
               "Location": "51.631246267932326, 0.002778745602674101",
               "Audio": "",
               "AnnounceDistance": 20.0
          },
          {
               "Name": "Buxton Road",
               "Location": "51.632043847051456, 0.005573822395774389",
               "Audio": "",
               "AnnounceDistance": 20.0
          },
          {
               "Name": "Chingford Station",
               "Location": "51.63372000257479, 0.010098520205108956",
               "Audio": "",
               "AnnounceDistance": 20.0
          }
     ]
}