{
     "RouteNumber": "17",
     "Destination": "London Bridge Bus Station",
     "RouteAudio": "",
     "DestinationAudio": "",
     "Stops": [
          {
               "Name": "Archway Station / Holloway Road",
               "Location": "51.56545955833322, -0.13375212077346052",
               "Audio": "",
               "AnnounceDistance": 20.0
          },
          {
               "Name": "Upper Holloway Station",
               "Location": "51.56398001684986, -0.12949869926342966",
               "Audio": "",
               "AnnounceDistance": 20.0
          },
          {
               "Name": "Alexander Road",
               "Location": "51.561644989165394, -0.12461707597726149",
               "Audio": "",
               "AnnounceDistance": 20.0
          },
          {
               "Name": "Manor Gardens",
               "Location": "51.55979096879782, -0.12226964932187724",
               "Audio": "",
               "AnnounceDistance": 20.0
          },
          {
               "Name": "Seven Sisters Road / Parkhurst Road",
               "Location": "51.55820511262978, -0.11982479427756725",
               "Audio": "",
               "AnnounceDistance": 20.0
          },
          {
               "Name": "Holloway / Nags Head",
               "Location": "51.55722850531626, -0.11836476794848473",
               "Audio": "",
               "AnnounceDistance": 20.0
          },
          {
               "Name": "Caledonian Road / Camden Road",
               "Location": "51.55529590896057, -0.11785308618522651",
               "Audio": "",
               "AnnounceDistance": 20.0
          },
          {
               "Name": "Freegrove Road",
               "Location": "51.55264395882918, -0.11790485434153014",
               "Audio": "",
               "AnnounceDistance": 20.0
          },
          {
               "Name": "Holloway Delivery Office",
               "Location": "51.55055815898368, -0.11793324661218223",
               "Audio": "",
               "AnnounceDistance": 20.0
          },
          {
               "Name": "Caledonian Road Station",
               "Location": "51.5481036792404, -0.11796242530793005",
               "Audio": "",
               "AnnounceDistance": 20.0
          },
          {
               "Name": "H M Prison Pentonville",
               "Location": "51.545358392161184, -0.1178016857931458",
               "Audio": "",
               "AnnounceDistance": 20.0
          },
          {
               "Name": "Caledonian Road Barnsbury Station",
               "Location": "51.54187733083645, -0.11718100521212724",
               "Audio": "",
               "AnnounceDistance": 20.0
          },
          {
               "Name": "Story Street",
               "Location": "51.53995648939914, -0.11684208968445223",
               "Audio": "",
               "AnnounceDistance": 20.0
          },
          {
               "Name": "Caledonian Road / Copenhagen Street",
               "Location": "51.53731510358522, -0.11643200968759804",
               "Audio": "",
               "AnnounceDistance": 20.0
          },
          {
               "Name": "Carnegie Street",
               "Location": "51.53578279984515, -0.11676923338254636",
               "Audio": "",
               "AnnounceDistance": 20.0
          },
          {
               "Name": "Killick Street",
               "Location": "51.53385491620823, -0.11823298833126504",
               "Audio": "",
               "AnnounceDistance": 20.0
          },
          {
               "Name": "Kings Cross Stn / Pentonville Rd",
               "Location": "51.53147818127611, -0.12086853884490865",
               "Audio": "",
               "AnnounceDistance": 20.0
          },
          {
               "Name": "Kings Cross Road / Pentonville Road",
               "Location": "51.53072091731725, -0.11850640085330984",
               "Audio": "",
               "AnnounceDistance": 20.0
          },
          {
               "Name": "Acton Street",
               "Location": "51.52834083707786, -0.11812876897762584",
               "Audio": "",
               "AnnounceDistance": 20.0
          },
          {
               "Name": "Heathcote Street",
               "Location": "51.52681173373816, -0.11810532027190473",
               "Audio": "",
               "AnnounceDistance": 20.0
          },
          {
               "Name": "Coley Street",
               "Location": "51.52373329820955, -0.11511851731290246",
               "Audio": "",
               "AnnounceDistance": 20.0
          },
          {
               "Name": "Clerkenwell Road / Rosebery Avenue",
               "Location": "51.52219071793138, -0.1136974780210769",
               "Audio": "",
               "AnnounceDistance": 20.0
          },
          {
               "Name": "High Holborn / Chancery Lane Station",
               "Location": "51.519328897541605, -0.11188424961865155",
               "Audio": "",
               "AnnounceDistance": 20.0
          },
          {
               "Name": "Holborn Circus / Fetter Lane",
               "Location": "51.517997877252526, -0.10908540497722159",
               "Audio": "",
               "AnnounceDistance": 20.0
          },
          {
               "Name": "Charterhouse Street",
               "Location": "51.5182185194608, -0.10659711566530193",
               "Audio": "",
               "AnnounceDistance": 20.0
          },
          {
               "Name": "Snow Hill",
               "Location": "51.51807820120649, -0.10514715872480357",
               "Audio": "",
               "AnnounceDistance": 20.0
          },
          {
               "Name": "Fleet Street / City Thameslink",
               "Location": "51.51490996987705, -0.1044138838430691",
               "Audio": "",
               "AnnounceDistance": 20.0
          },
          {
               "Name": "Ludgate Hill / Old Bailey",
               "Location": "51.5139518840446, -0.10188826375420867",
               "Audio": "",
               "AnnounceDistance": 20.0
          },
          {
               "Name": "St Pauls Cathedral",
               "Location": "51.51319062072758, -0.09763951639852753",
               "Audio": "",
               "AnnounceDistance": 20.0
          },
          {
               "Name": "Mansion House Station",
               "Location": "51.512669219361214, -0.09487973474550036",
               "Audio": "",
               "AnnounceDistance": 20.0
          },
          {
               "Name": "Cannon Street Station",
               "Location": "51.51181565202269, -0.09105301740280289",
               "Audio": "",
               "AnnounceDistance": 20.0
          },
          {
               "Name": "Monument Station",
               "Location": "51.50950193102747, -0.08702820161349796",
               "Audio": "",
               "AnnounceDistance": 20.0
          },
          {
               "Name": "London Bridge Bus Station",
               "Location": "51.505205064713486, -0.08657414618517888",
               "Audio": "",
               "AnnounceDistance": 20.0
          }
     ]
}