{
     "RouteNumber": "180",
     "Destination": "Erith Quarry / Fraser Road",
     "RouteAudio": "",
     "DestinationAudio": "",
     "Stops": [
          {
               "Name": "North Greenwich Station",
               "Location": "51.49971552985959, 0.004643194291924688",
               "Audio": "",
               "AnnounceDistance": 20.0
          },
          {
               "Name": "Millennium Village / Oval Square",
               "Location": "51.494029588527376, 0.01371457059400912",
               "Audio": "",
               "AnnounceDistance": 20.0
          },
          {
               "Name": "Millennium Village South",
               "Location": "51.49186249920524, 0.013705502056782162",
               "Audio": "",
               "AnnounceDistance": 20.0
          },
          {
               "Name": "Millennium Leisure Park West",
               "Location": "51.490066956465434, 0.013006963895422732",
               "Audio": "",
               "AnnounceDistance": 20.0
          },
          {
               "Name": "Millennium Leisure Park East",
               "Location": "51.48917463272364, 0.016266342109730044",
               "Audio": "",
               "AnnounceDistance": 20.0
          },
          {
               "Name": "Peninsular Park Road",
               "Location": "51.490063687268346, 0.02208198317549696",
               "Audio": "",
               "AnnounceDistance": 20.0
          },
          {
               "Name": "Anchor And Hope Lane",
               "Location": "51.49010533480763, 0.029041465275129363",
               "Audio": "",
               "AnnounceDistance": 20.0
          },
          {
               "Name": "Charlton Station / Woolwich Road",
               "Location": "51.4883671568267, 0.032824700758951886",
               "Audio": "",
               "AnnounceDistance": 20.0
          },
          {
               "Name": "Stone Lake Retail Park",
               "Location": "51.489419692, 0.036948093927065766",
               "Audio": "",
               "AnnounceDistance": 20.0
          },
          {
               "Name": "Woolwich Road / Charlton Lane",
               "Location": "51.4901040315637, 0.03896649831168284",
               "Audio": "",
               "AnnounceDistance": 20.0
          },
          {
               "Name": "Greenwich Trust School",
               "Location": "51.49133768539251, 0.041456068724841866",
               "Audio": "",
               "AnnounceDistance": 20.0
          },
          {
               "Name": "Yateley Street",
               "Location": "51.49223404422869, 0.04420439717462485",
               "Audio": "",
               "AnnounceDistance": 20.0
          },
          {
               "Name": "Warspite Road",
               "Location": "51.492459298871275, 0.04778712123715939",
               "Audio": "",
               "AnnounceDistance": 20.0
          },
          {
               "Name": "Frances Street",
               "Location": "51.4929371270638, 0.053887865418577284",
               "Audio": "",
               "AnnounceDistance": 20.0
          },
          {
               "Name": "Kingsman Street",
               "Location": "51.49306471392153, 0.05635703389019702",
               "Audio": "",
               "AnnounceDistance": 20.0
          },
          {
               "Name": "Woolwich Ferry",
               "Location": "51.49369241274891, 0.059021626860948494",
               "Audio": "",
               "AnnounceDistance": 20.0
          },
          {
               "Name": "John Wilson Street / Powis Street",
               "Location": "51.49291740112311, 0.061162009497123145",
               "Audio": "",
               "AnnounceDistance": 20.0
          },
          {
               "Name": "Thomas Street / Greens End",
               "Location": "51.49066863179489, 0.0663041056957196",
               "Audio": "",
               "AnnounceDistance": 20.0
          },
          {
               "Name": "Woolwich Arsenal Station",
               "Location": "51.489800487508774, 0.06810869518988158",
               "Audio": "",
               "AnnounceDistance": 20.0
          },
          {
               "Name": "Woolwich",
               "Location": "51.49139743492912, 0.07137900264694615",
               "Audio": "",
               "AnnounceDistance": 20.0
          },
          {
               "Name": "Maxey Road",
               "Location": "51.491168000031536, 0.07723163406422061",
               "Audio": "",
               "AnnounceDistance": 20.0
          },
          {
               "Name": "Plumstead Bus Garage",
               "Location": "51.49116070857225, 0.081192812749612",
               "Audio": "",
               "AnnounceDistance": 20.0
          },
          {
               "Name": "Plumstead Station",
               "Location": "51.489621930519114, 0.0858043610402551",
               "Audio": "",
               "AnnounceDistance": 20.0
          },
          {
               "Name": "Lakedale Road",
               "Location": "51.48804985472792, 0.09025563010605284",
               "Audio": "",
               "AnnounceDistance": 20.0
          },
          {
               "Name": "Plumstead High Street / Police Station",
               "Location": "51.486919943480586, 0.0951157765579852",
               "Audio": "",
               "AnnounceDistance": 20.0
          },
          {
               "Name": "Purrett Road",
               "Location": "51.486142168289526, 0.09837862457440336",
               "Audio": "",
               "AnnounceDistance": 20.0
          },
          {
               "Name": "Plumstead Corner / Church Manorway",
               "Location": "51.48578309165468, 0.10085400197609494",
               "Audio": "",
               "AnnounceDistance": 20.0
          },
          {
               "Name": "Basildon Road / Bostall Hill",
               "Location": "51.48503336872075, 0.10655217627097606",
               "Audio": "",
               "AnnounceDistance": 20.0
          },
          {
               "Name": "Cassilda Road",
               "Location": "51.48667478619949, 0.10729042461062614",
               "Audio": "",
               "AnnounceDistance": 20.0
          },
          {
               "Name": "Bostall Gardens",
               "Location": "51.48729571898799, 0.11126584385268139",
               "Audio": "",
               "AnnounceDistance": 20.0
          },
          {
               "Name": "Mcleod Road / Bostall Lane",
               "Location": "51.48782348842957, 0.11441600437855835",
               "Audio": "",
               "AnnounceDistance": 20.0
          },
          {
               "Name": "Greening Street",
               "Location": "51.48837749489865, 0.11810042874759182",
               "Audio": "",
               "AnnounceDistance": 20.0
          },
          {
               "Name": "Conference Road",
               "Location": "51.488849471788726, 0.12084482075383846",
               "Audio": "",
               "AnnounceDistance": 20.0
          },
          {
               "Name": "Abbey Wood Station",
               "Location": "51.49162658661282, 0.12143470140844871",
               "Audio": "",
               "AnnounceDistance": 20.0
          },
          {
               "Name": "Harrow Manorway / Lensbury Way",
               "Location": "51.49449302860112, 0.1210635635243113",
               "Audio": "",
               "AnnounceDistance": 20.0
          },
          {
               "Name": "Yarnton Way / Harrow Manorway",
               "Location": "51.496394513434076, 0.1233273361392365",
               "Audio": "",
               "AnnounceDistance": 20.0
          },
          {
               "Name": "Limestone Walk",
               "Location": "51.4964629150544, 0.12897816185169445",
               "Audio": "",
               "AnnounceDistance": 20.0
          },
          {
               "Name": "Harris Garrard Academy",
               "Location": "51.49543102411248, 0.13379962384705532",
               "Audio": "",
               "AnnounceDistance": 20.0
          },
          {
               "Name": "Northwood Place",
               "Location": "51.49395551164315, 0.13877298464904786",
               "Audio": "",
               "AnnounceDistance": 20.0
          },
          {
               "Name": "Thames Innovation Centre",
               "Location": "51.49406789907234, 0.14197649665607898",
               "Audio": "",
               "AnnounceDistance": 20.0
          },
          {
               "Name": "Hailey Road",
               "Location": "51.4943928870244, 0.15026115028254375",
               "Audio": "",
               "AnnounceDistance": 20.0
          },
          {
               "Name": "Yarnton Way / Norman Road",
               "Location": "51.49579300557495, 0.15286269869893274",
               "Audio": "",
               "AnnounceDistance": 20.0
          },
          {
               "Name": "Picardy Manorway / Eastern Way",
               "Location": "51.49812748619084, 0.15648822995441247",
               "Audio": "",
               "AnnounceDistance": 20.0
          },
          {
               "Name": "Anderson Way",
               "Location": "51.49720922198307, 0.16045018579641687",
               "Audio": "",
               "AnnounceDistance": 20.0
          },
          {
               "Name": "Mulberry Way",
               "Location": "51.49635424757814, 0.16682100454683652",
               "Audio": "",
               "AnnounceDistance": 20.0
          },
          {
               "Name": "Church Manorway / War Memorial",
               "Location": "51.49397788136638, 0.16742862850088483",
               "Audio": "",
               "AnnounceDistance": 20.0
          },
          {
               "Name": "Church Manorway / Viking Way",
               "Location": "51.4912570876283, 0.16866810733284943",
               "Audio": "",
               "AnnounceDistance": 20.0
          },
          {
               "Name": "Lower Road / Church Manorway",
               "Location": "51.48794280674019, 0.16941831325103163",
               "Audio": "",
               "AnnounceDistance": 20.0
          },
          {
               "Name": "St Francis Road",
               "Location": "51.48617585263588, 0.1715958802266759",
               "Audio": "",
               "AnnounceDistance": 20.0
          },
          {
               "Name": "Winifred Road / The Ship",
               "Location": "51.48435397109222, 0.1747933205801182",
               "Audio": "",
               "AnnounceDistance": 20.0
          },
          {
               "Name": "Erith Station / West Street",
               "Location": "51.482507244432206, 0.17883910087163185",
               "Audio": "",
               "AnnounceDistance": 20.0
          },
          {
               "Name": "Erith Town Centre / Cross Street",
               "Location": "51.480658476490376, 0.17863575567486428",
               "Audio": "",
               "AnnounceDistance": 20.0
          },
          {
               "Name": "Europa Trading Estate",
               "Location": "51.48137194215216, 0.17022983639587133",
               "Audio": "",
               "AnnounceDistance": 20.0
          },
          {
               "Name": "Birch Walk",
               "Location": "51.48166758941365, 0.1688324104856613",
               "Audio": "",
               "AnnounceDistance": 20.0
          },
          {
               "Name": "Erith Quarry / Fraser Road",
               "Location": "51.48322050188551, 0.16606867385197457",
               "Audio": "",
               "AnnounceDistance": 20.0
          }
     ]
}