{
     "RouteNumber": "180",
     "Destination": "North Greenwich Station",
     "RouteAudio": "",
     "DestinationAudio": "",
     "Stops": [
          {
               "Name": "Erith Quarry / Fraser Road",
               "Location": "51.48322050188551, 0.16606867385197457",
               "Audio": "",
               "AnnounceDistance": 20.0
          },
          {
               "Name": "Birch Walk",
               "Location": "51.48223537156541, 0.16779354004549255",
               "Audio": "",
               "AnnounceDistance": 20.0
          },
          {
               "Name": "Fraser Road / Bexley Road",
               "Location": "51.48052741393223, 0.17600828251325826",
               "Audio": "",
               "AnnounceDistance": 20.0
          },
          {
               "Name": "James Watt Way",
               "Location": "51.47862903417053, 0.18041126063270155",
               "Audio": "",
               "AnnounceDistance": 20.0
          },
          {
               "Name": "Erith Health Centre",
               "Location": "51.479598493904994, 0.18099037915848126",
               "Audio": "",
               "AnnounceDistance": 20.0
          },
          {
               "Name": "Colebrooke Street",
               "Location": "51.48060939416848, 0.18175873167744852",
               "Audio": "",
               "AnnounceDistance": 20.0
          },
          {
               "Name": "Erith Town Centre / Riverside",
               "Location": "51.480861970948425, 0.17978324851950814",
               "Audio": "",
               "AnnounceDistance": 20.0
          },
          {
               "Name": "Walnut Tree Road",
               "Location": "51.48129298054633, 0.17739857065410178",
               "Audio": "",
               "AnnounceDistance": 20.0
          },
          {
               "Name": "Erith High Street",
               "Location": "51.48309559147848, 0.17718197880252892",
               "Audio": "",
               "AnnounceDistance": 20.0
          },
          {
               "Name": "Maxim Road / The Ship",
               "Location": "51.485288493829835, 0.1728932726338478",
               "Audio": "",
               "AnnounceDistance": 20.0
          },
          {
               "Name": "St Francis Road",
               "Location": "51.48677906691597, 0.17058743434946433",
               "Audio": "",
               "AnnounceDistance": 20.0
          },
          {
               "Name": "Lower Road / Church Manorway",
               "Location": "51.48805309120915, 0.16880414674079622",
               "Audio": "",
               "AnnounceDistance": 20.0
          },
          {
               "Name": "Church Manorway / Viking Way",
               "Location": "51.4909682355161, 0.1687264259862671",
               "Audio": "",
               "AnnounceDistance": 20.0
          },
          {
               "Name": "Church Manorway / War Memorial",
               "Location": "51.49380350174301, 0.16713222584513127",
               "Audio": "",
               "AnnounceDistance": 20.0
          },
          {
               "Name": "Mulberry Way",
               "Location": "51.49642198781358, 0.16607503613321334",
               "Audio": "",
               "AnnounceDistance": 20.0
          },
          {
               "Name": "Anderson Way",
               "Location": "51.497152691449365, 0.1601017311107691",
               "Audio": "",
               "AnnounceDistance": 20.0
          },
          {
               "Name": "Eastern Way / Norman Road",
               "Location": "51.498079954524265, 0.15516046534560515",
               "Audio": "",
               "AnnounceDistance": 20.0
          },
          {
               "Name": "Yarnton Way / Norman Road",
               "Location": "51.49558925381578, 0.15318445922247084",
               "Audio": "",
               "AnnounceDistance": 20.0
          },
          {
               "Name": "Hailey Road",
               "Location": "51.49424649373457, 0.15088815142827536",
               "Audio": "",
               "AnnounceDistance": 20.0
          },
          {
               "Name": "Centurion Way",
               "Location": "51.4939705772234, 0.1443490083134508",
               "Audio": "",
               "AnnounceDistance": 20.0
          },
          {
               "Name": "Thames Innovation Centre",
               "Location": "51.49385887320324, 0.14209635539593182",
               "Audio": "",
               "AnnounceDistance": 20.0
          },
          {
               "Name": "Northwood Place",
               "Location": "51.493832747153725, 0.13761472129276134",
               "Audio": "",
               "AnnounceDistance": 20.0
          },
          {
               "Name": "Harris Garrard Academy",
               "Location": "51.495470027725744, 0.13313872519391717",
               "Audio": "",
               "AnnounceDistance": 20.0
          },
          {
               "Name": "Limestone Walk",
               "Location": "51.49629578807941, 0.1297627704083657",
               "Audio": "",
               "AnnounceDistance": 20.0
          },
          {
               "Name": "Hartslock Drive",
               "Location": "51.49627402264326, 0.12798966918743265",
               "Audio": "",
               "AnnounceDistance": 20.0
          },
          {
               "Name": "Yarnton Way / Harrow Manorway",
               "Location": "51.496209992793204, 0.1230882453321155",
               "Audio": "",
               "AnnounceDistance": 20.0
          },
          {
               "Name": "Harrow Manorway / Yarnton Way",
               "Location": "51.4952282613095, 0.12118413833134216",
               "Audio": "",
               "AnnounceDistance": 20.0
          },
          {
               "Name": "Overton Road",
               "Location": "51.493481987096814, 0.12127594125112942",
               "Audio": "",
               "AnnounceDistance": 20.0
          },
          {
               "Name": "Harrow Manorway / Abbey Wood Station",
               "Location": "51.49060330144526, 0.12232354498849911",
               "Audio": "",
               "AnnounceDistance": 20.0
          },
          {
               "Name": "Conference Road",
               "Location": "51.48858954349908, 0.1202997811268976",
               "Audio": "",
               "AnnounceDistance": 20.0
          },
          {
               "Name": "Greening Street",
               "Location": "51.4881063405452, 0.11718037071399592",
               "Audio": "",
               "AnnounceDistance": 20.0
          },
          {
               "Name": "Mcleod Road / Bostall Lane",
               "Location": "51.48747921864583, 0.11306046657700633",
               "Audio": "",
               "AnnounceDistance": 20.0
          },
          {
               "Name": "Bostall Gardens",
               "Location": "51.487069696179475, 0.11033352908923867",
               "Audio": "",
               "AnnounceDistance": 20.0
          },
          {
               "Name": "Cassilda Road",
               "Location": "51.48648428212412, 0.10738246905277636",
               "Audio": "",
               "AnnounceDistance": 20.0
          },
          {
               "Name": "Basildon Road / Bostall Hill",
               "Location": "51.48486852846191, 0.1067174214094122",
               "Audio": "",
               "AnnounceDistance": 20.0
          },
          {
               "Name": "Plumstead Corner / Rockmount Road",
               "Location": "51.485669633175284, 0.10066153714798771",
               "Audio": "",
               "AnnounceDistance": 20.0
          },
          {
               "Name": "Plumstead High St / The Plumstead Centre",
               "Location": "51.48660721770942, 0.09600889778266547",
               "Audio": "",
               "AnnounceDistance": 20.0
          },
          {
               "Name": "Bannockburn Road",
               "Location": "51.48723627890513, 0.0930128489121526",
               "Audio": "",
               "AnnounceDistance": 20.0
          },
          {
               "Name": "Lakedale Road",
               "Location": "51.487905317065625, 0.09029223258009028",
               "Audio": "",
               "AnnounceDistance": 20.0
          },
          {
               "Name": "Plumstead Road / Plumstead Station",
               "Location": "51.490364001600064, 0.0835189874935316",
               "Audio": "",
               "AnnounceDistance": 20.0
          },
          {
               "Name": "Greenwich Community College",
               "Location": "51.49088334157342, 0.08009977448241652",
               "Audio": "",
               "AnnounceDistance": 20.0
          },
          {
               "Name": "Maxey Road",
               "Location": "51.490868610139565, 0.07687229478112641",
               "Audio": "",
               "AnnounceDistance": 20.0
          },
          {
               "Name": "Woolwich Station",
               "Location": "51.491113963985114, 0.07113566535602746",
               "Audio": "",
               "AnnounceDistance": 20.0
          },
          {
               "Name": "Beresford Sq / Woolwich Arsenal Stn",
               "Location": "51.49157821433356, 0.06877978318789477",
               "Audio": "",
               "AnnounceDistance": 20.0
          },
          {
               "Name": "Woolwich Ferry",
               "Location": "51.493542094196826, 0.06245793595337011",
               "Audio": "",
               "AnnounceDistance": 20.0
          },
          {
               "Name": "Kingsman Street",
               "Location": "51.49277182043852, 0.055623554809868664",
               "Audio": "",
               "AnnounceDistance": 20.0
          },
          {
               "Name": "Prospect Vale",
               "Location": "51.49222365418891, 0.05149324847987964",
               "Audio": "",
               "AnnounceDistance": 20.0
          },
          {
               "Name": "Warspite Road",
               "Location": "51.49240802066792, 0.0466035459251359",
               "Audio": "",
               "AnnounceDistance": 20.0
          },
          {
               "Name": "Cleveley Close",
               "Location": "51.491413506371345, 0.04226616381366927",
               "Audio": "",
               "AnnounceDistance": 20.0
          },
          {
               "Name": "Greenwich Trust School",
               "Location": "51.490756902074885, 0.040724263359621996",
               "Audio": "",
               "AnnounceDistance": 20.0
          },
          {
               "Name": "Woolwich Road / Charlton Lane",
               "Location": "51.48959812063353, 0.03806522556023945",
               "Audio": "",
               "AnnounceDistance": 20.0
          },
          {
               "Name": "Stone Lake Retail Park",
               "Location": "51.488912515417326, 0.0361188245975494",
               "Audio": "",
               "AnnounceDistance": 20.0
          },
          {
               "Name": "Anchor And Hope Lane",
               "Location": "51.48870508779516, 0.03044856559767529",
               "Audio": "",
               "AnnounceDistance": 20.0
          },
          {
               "Name": "Bugsbys Way / Gallions Road",
               "Location": "51.48979173075086, 0.02689560740938286",
               "Audio": "",
               "AnnounceDistance": 20.0
          },
          {
               "Name": "Peninsular Park Road",
               "Location": "51.48988689645567, 0.021382721660788622",
               "Audio": "",
               "AnnounceDistance": 20.0
          },
          {
               "Name": "Millennium Leisure Park East",
               "Location": "51.48922047520034, 0.015692174612272538",
               "Audio": "",
               "AnnounceDistance": 20.0
          },
          {
               "Name": "Millennium Leisure Park West",
               "Location": "51.49001575899828, 0.01284625367273199",
               "Audio": "",
               "AnnounceDistance": 20.0
          },
          {
               "Name": "Millennium Village South",
               "Location": "51.491979316152005, 0.013710650009059942",
               "Audio": "",
               "AnnounceDistance": 20.0
          },
          {
               "Name": "Millennium Village / Oval Square",
               "Location": "51.494073441994125, 0.013255502410937453",
               "Audio": "",
               "AnnounceDistance": 20.0
          },
          {
               "Name": "North Greenwich Station",
               "Location": "51.50060942499107, 0.002852564638876403",
               "Audio": "",
               "AnnounceDistance": 20.0
          }
     ]
}