{
     "RouteNumber": "181",
     "Destination": "Grove Park Bus Station",
     "RouteAudio": "",
     "DestinationAudio": "",
     "Stops": [
          {
               "Name": "Lewisham Station",
               "Location": "51.46405398213337, -0.012468623778652543",
               "Audio": "",
               "AnnounceDistance": 20.0
          },
          {
               "Name": "Lewisham Centre",
               "Location": "51.46064470828161, -0.010817286142982723",
               "Audio": "",
               "AnnounceDistance": 20.0
          },
          {
               "Name": "Morley Road",
               "Location": "51.45886265588817, -0.01231988804882738",
               "Audio": "",
               "AnnounceDistance": 20.0
          },
          {
               "Name": "Longbridge Way",
               "Location": "51.45676648914528, -0.012799604841383332",
               "Audio": "",
               "AnnounceDistance": 20.0
          },
          {
               "Name": "Thornford Road",
               "Location": "51.45447662660513, -0.008753653395233756",
               "Audio": "",
               "AnnounceDistance": 20.0
          },
          {
               "Name": "Theodore Road",
               "Location": "51.451313469357586, -0.006243026590001194",
               "Audio": "",
               "AnnounceDistance": 20.0
          },
          {
               "Name": "George Lane",
               "Location": "51.44980394428091, -0.0036750010710866234",
               "Audio": "",
               "AnnounceDistance": 20.0
          },
          {
               "Name": "Duncrievie Road",
               "Location": "51.448719983292214, -0.001808153732360328",
               "Audio": "",
               "AnnounceDistance": 20.0
          },
          {
               "Name": "Torridon Road / Hither Green Lane",
               "Location": "51.44692127934391, -0.00021728098730897907",
               "Audio": "",
               "AnnounceDistance": 20.0
          },
          {
               "Name": "Brownhill Road",
               "Location": "51.44559650631007, -0.002160379623848939",
               "Audio": "",
               "AnnounceDistance": 20.0
          },
          {
               "Name": "Sandhurst Road / St Andrews Church",
               "Location": "51.44205215040088, -0.0026172556494663502",
               "Audio": "",
               "AnnounceDistance": 20.0
          },
          {
               "Name": "Sandhurst Road / St Fillans Road",
               "Location": "51.44205200958133, -0.00948122081374659",
               "Audio": "",
               "AnnounceDistance": 20.0
          },
          {
               "Name": "Holy Cross School",
               "Location": "51.44290844337036, -0.01384735350547213",
               "Audio": "",
               "AnnounceDistance": 20.0
          },
          {
               "Name": "Catford Road / Lewisham Town Hall",
               "Location": "51.444756369087536, -0.021020073250675113",
               "Audio": "",
               "AnnounceDistance": 20.0
          },
          {
               "Name": "Catford Catford Bridge Stations",
               "Location": "51.44442187753462, -0.024114115526027803",
               "Audio": "",
               "AnnounceDistance": 20.0
          },
          {
               "Name": "Beechfield Road",
               "Location": "51.44101415051137, -0.028952172170031466",
               "Audio": "",
               "AnnounceDistance": 20.0
          },
          {
               "Name": "Elm Lane",
               "Location": "51.43829116082423, -0.033342822019648465",
               "Audio": "",
               "AnnounceDistance": 20.0
          },
          {
               "Name": "Castlands Road",
               "Location": "51.43536929374926, -0.03446107138396879",
               "Audio": "",
               "AnnounceDistance": 20.0
          },
          {
               "Name": "Houston Road",
               "Location": "51.43421354262401, -0.035791153987526525",
               "Audio": "",
               "AnnounceDistance": 20.0
          },
          {
               "Name": "Ardley Close",
               "Location": "51.43156260226965, -0.03751614530152812",
               "Audio": "",
               "AnnounceDistance": 20.0
          },
          {
               "Name": "Bell Green / Sainsburys",
               "Location": "51.43062302733662, -0.03511075441707407",
               "Audio": "",
               "AnnounceDistance": 20.0
          },
          {
               "Name": "Bell Green / Southend Lane",
               "Location": "51.42960655868826, -0.03724031686289801",
               "Audio": "",
               "AnnounceDistance": 20.0
          },
          {
               "Name": "Worsley Bridge Road",
               "Location": "51.42750802443317, -0.03008009382835636",
               "Audio": "",
               "AnnounceDistance": 20.0
          },
          {
               "Name": "King Alfred Avenue",
               "Location": "51.42716999017209, -0.026023640794613855",
               "Audio": "",
               "AnnounceDistance": 20.0
          },
          {
               "Name": "Farmstead Road",
               "Location": "51.426581161158275, -0.02256785932364754",
               "Audio": "",
               "AnnounceDistance": 20.0
          },
          {
               "Name": "Dunfield Road",
               "Location": "51.42681140189934, -0.017034066644541535",
               "Audio": "",
               "AnnounceDistance": 20.0
          },
          {
               "Name": "Southend Lane / Bromley Road",
               "Location": "51.428275297397136, -0.013733948649043773",
               "Audio": "",
               "AnnounceDistance": 20.0
          },
          {
               "Name": "Green Man Community Hub",
               "Location": "51.427900187023766, -0.01176503270260152",
               "Audio": "",
               "AnnounceDistance": 20.0
          },
          {
               "Name": "Old Bromley Road",
               "Location": "51.425798042695554, -0.0055413835155513885",
               "Audio": "",
               "AnnounceDistance": 20.0
          },
          {
               "Name": "Rangefield Road",
               "Location": "51.424904555956765, -0.002185554324093771",
               "Audio": "",
               "AnnounceDistance": 20.0
          },
          {
               "Name": "Glenbow Road",
               "Location": "51.425916910969015, 0.0017281094539943823",
               "Audio": "",
               "AnnounceDistance": 20.0
          },
          {
               "Name": "St Barnabas Hall",
               "Location": "51.42592207031392, 0.0051087625027329605",
               "Audio": "",
               "AnnounceDistance": 20.0
          },
          {
               "Name": "Valeswood Road",
               "Location": "51.42458993479167, 0.00833008885461399",
               "Audio": "",
               "AnnounceDistance": 20.0
          },
          {
               "Name": "Headcorn Road",
               "Location": "51.42445236179141, 0.01163245735224684",
               "Audio": "",
               "AnnounceDistance": 20.0
          },
          {
               "Name": "Downham Way / Southover",
               "Location": "51.427192660417234, 0.013349570067292092",
               "Audio": "",
               "AnnounceDistance": 20.0
          },
          {
               "Name": "Downham Way / Northover",
               "Location": "51.429086734756225, 0.013547921477402906",
               "Audio": "",
               "AnnounceDistance": 20.0
          },
          {
               "Name": "The Green",
               "Location": "51.43060548309485, 0.01726881579289013",
               "Audio": "",
               "AnnounceDistance": 20.0
          },
          {
               "Name": "Grove Park Station",
               "Location": "51.43078383236493, 0.019966920591742758",
               "Audio": "",
               "AnnounceDistance": 20.0
          },
          {
               "Name": "Grove Park Bus Station",
               "Location": "51.43192790613502, 0.02089497568006433",
               "Audio": "",
               "AnnounceDistance": 20.0
          }
     ]
}