{
     "RouteNumber": "181",
     "Destination": "Lewisham Station",
     "RouteAudio": "",
     "DestinationAudio": "",
     "Stops": [
          {
               "Name": "Grove Park Bus Station",
               "Location": "51.43202923053494, 0.020755579694941916",
               "Audio": "",
               "AnnounceDistance": 20.0
          },
          {
               "Name": "Grove Park Station",
               "Location": "51.430632870919936, 0.02037746495385813",
               "Audio": "",
               "AnnounceDistance": 20.0
          },
          {
               "Name": "The Green",
               "Location": "51.430277290601396, 0.01595960189397302",
               "Audio": "",
               "AnnounceDistance": 20.0
          },
          {
               "Name": "Northover",
               "Location": "51.42811525699658, 0.013562753043208553",
               "Audio": "",
               "AnnounceDistance": 20.0
          },
          {
               "Name": "Downham Way / Southover",
               "Location": "51.42546660335314, 0.013316853278800809",
               "Audio": "",
               "AnnounceDistance": 20.0
          },
          {
               "Name": "Headcorn Road",
               "Location": "51.42419155366213, 0.010585336267735853",
               "Audio": "",
               "AnnounceDistance": 20.0
          },
          {
               "Name": "Downham Way / Valeswood Road",
               "Location": "51.42470035619604, 0.007658862355986378",
               "Audio": "",
               "AnnounceDistance": 20.0
          },
          {
               "Name": "St Barnabas Hall",
               "Location": "51.425961568312275, 0.004376866106424292",
               "Audio": "",
               "AnnounceDistance": 20.0
          },
          {
               "Name": "Glenbow Road",
               "Location": "51.4256818964722, 0.0012719125491366865",
               "Audio": "",
               "AnnounceDistance": 20.0
          },
          {
               "Name": "Rangefield Road",
               "Location": "51.4246663411181, -0.0024548631137432347",
               "Audio": "",
               "AnnounceDistance": 20.0
          },
          {
               "Name": "Bromley Road / Downham Way",
               "Location": "51.42478852584854, -0.004348279331171495",
               "Audio": "",
               "AnnounceDistance": 20.0
          },
          {
               "Name": "Old Bromley Road",
               "Location": "51.4261607907447, -0.006777070449953174",
               "Audio": "",
               "AnnounceDistance": 20.0
          },
          {
               "Name": "Green Man Community Hub",
               "Location": "51.426808348839266, -0.00995675722680324",
               "Audio": "",
               "AnnounceDistance": 20.0
          },
          {
               "Name": "Southend Lane / Bromley Road",
               "Location": "51.428138799503266, -0.013639170053638749",
               "Audio": "",
               "AnnounceDistance": 20.0
          },
          {
               "Name": "Dunfield Road",
               "Location": "51.42663265096363, -0.017099345328172675",
               "Audio": "",
               "AnnounceDistance": 20.0
          },
          {
               "Name": "Farmstead Road",
               "Location": "51.42652335039461, -0.02287243881919827",
               "Audio": "",
               "AnnounceDistance": 20.0
          },
          {
               "Name": "King Alfred Avenue",
               "Location": "51.426758255642156, -0.027206570686336095",
               "Audio": "",
               "AnnounceDistance": 20.0
          },
          {
               "Name": "Worsley Bridge Road",
               "Location": "51.42770146734934, -0.03142399124654717",
               "Audio": "",
               "AnnounceDistance": 20.0
          },
          {
               "Name": "Bell Green / Southend Lane",
               "Location": "51.42949406994302, -0.03750408287679309",
               "Audio": "",
               "AnnounceDistance": 20.0
          },
          {
               "Name": "Bell Green / Sainsburys",
               "Location": "51.43067067822454, -0.0347346683395416",
               "Audio": "",
               "AnnounceDistance": 20.0
          },
          {
               "Name": "Ardley Close",
               "Location": "51.431907451204964, -0.03770277958914053",
               "Audio": "",
               "AnnounceDistance": 20.0
          },
          {
               "Name": "Houston Road",
               "Location": "51.43372452291128, -0.036660973588232726",
               "Audio": "",
               "AnnounceDistance": 20.0
          },
          {
               "Name": "Castlands Road",
               "Location": "51.436748597480715, -0.03412848644564352",
               "Audio": "",
               "AnnounceDistance": 20.0
          },
          {
               "Name": "Elm Lane",
               "Location": "51.43938199178583, -0.03243262626313083",
               "Audio": "",
               "AnnounceDistance": 20.0
          },
          {
               "Name": "Beechfield Road",
               "Location": "51.44026985359282, -0.03068214824408784",
               "Audio": "",
               "AnnounceDistance": 20.0
          },
          {
               "Name": "Catford Catford Bridge Stations",
               "Location": "51.44449059806769, -0.02445652309985291",
               "Audio": "",
               "AnnounceDistance": 20.0
          },
          {
               "Name": "Catford Road / Lewisham Town Hall",
               "Location": "51.44500944119138, -0.020563018383768672",
               "Audio": "",
               "AnnounceDistance": 20.0
          },
          {
               "Name": "Plassy Road",
               "Location": "51.44524426080958, -0.01743005338751243",
               "Audio": "",
               "AnnounceDistance": 20.0
          },
          {
               "Name": "Holy Cross School",
               "Location": "51.44313385574848, -0.014413180178410553",
               "Audio": "",
               "AnnounceDistance": 20.0
          },
          {
               "Name": "Sangley Road / St Fillans Road",
               "Location": "51.44233238078991, -0.01063461390782014",
               "Audio": "",
               "AnnounceDistance": 20.0
          },
          {
               "Name": "Torridon Road / St Andrews Church",
               "Location": "51.44254703898344, -0.0021064015465641983",
               "Audio": "",
               "AnnounceDistance": 20.0
          },
          {
               "Name": "Brownhill Road",
               "Location": "51.44446426039677, -0.0022097985321476686",
               "Audio": "",
               "AnnounceDistance": 20.0
          },
          {
               "Name": "Torridon Road / Hither Green Lane",
               "Location": "51.44702012605773, -0.0002129620855034383",
               "Audio": "",
               "AnnounceDistance": 20.0
          },
          {
               "Name": "Duncrievie Road",
               "Location": "51.44849337025991, -0.0017029126912605807",
               "Audio": "",
               "AnnounceDistance": 20.0
          },
          {
               "Name": "George Lane",
               "Location": "51.45005815010675, -0.004872871485026567",
               "Audio": "",
               "AnnounceDistance": 20.0
          },
          {
               "Name": "Theodore Road",
               "Location": "51.45161759270074, -0.0066759551251731235",
               "Audio": "",
               "AnnounceDistance": 20.0
          },
          {
               "Name": "Thornford Road",
               "Location": "51.45365908116097, -0.008271064482913044",
               "Audio": "",
               "AnnounceDistance": 20.0
          },
          {
               "Name": "Courthill Road",
               "Location": "51.45685183974583, -0.010939007656734723",
               "Audio": "",
               "AnnounceDistance": 20.0
          },
          {
               "Name": "Molesworth Street / Riverdale House",
               "Location": "51.4605491916575, -0.013139140871217769",
               "Audio": "",
               "AnnounceDistance": 20.0
          },
          {
               "Name": "Lewisham Station",
               "Location": "51.46490017606368, -0.013050926679442368",
               "Audio": "",
               "AnnounceDistance": 20.0
          }
     ]
}