{
     "RouteNumber": "182",
     "Destination": "Bannister Playing Fields",
     "RouteAudio": "",
     "DestinationAudio": "",
     "Stops": [
          {
               "Name": "Brent Cross Shopping Centre",
               "Location": "51.57589052713323, -0.2229462733903144",
               "Audio": "",
               "AnnounceDistance": 20.0
          },
          {
               "Name": "Tilling Road",
               "Location": "51.572665773640665, -0.22555411350406607",
               "Audio": "",
               "AnnounceDistance": 20.0
          },
          {
               "Name": "Staples Corner",
               "Location": "51.570339660490994, -0.23349457356871917",
               "Audio": "",
               "AnnounceDistance": 20.0
          },
          {
               "Name": "Coles Green Road",
               "Location": "51.56993400547928, -0.23581906562378066",
               "Audio": "",
               "AnnounceDistance": 20.0
          },
          {
               "Name": "Eyhurst Close",
               "Location": "51.56770279458482, -0.2345490997921419",
               "Audio": "",
               "AnnounceDistance": 20.0
          },
          {
               "Name": "Alder Grove",
               "Location": "51.5662208837554, -0.234072642482303",
               "Audio": "",
               "AnnounceDistance": 20.0
          },
          {
               "Name": "Brook Road",
               "Location": "51.56449604170037, -0.24017040178967206",
               "Audio": "",
               "AnnounceDistance": 20.0
          },
          {
               "Name": "Randall Avenue",
               "Location": "51.56298283884605, -0.24540832389381614",
               "Audio": "",
               "AnnounceDistance": 20.0
          },
          {
               "Name": "Dudden Hill Lane",
               "Location": "51.55880454012603, -0.24862749913071958",
               "Audio": "",
               "AnnounceDistance": 20.0
          },
          {
               "Name": "Neasden Underpass",
               "Location": "51.55855540347205, -0.25061345469960217",
               "Audio": "",
               "AnnounceDistance": 20.0
          },
          {
               "Name": "Aylesbury Street",
               "Location": "51.561783357725204, -0.25724150408121654",
               "Audio": "",
               "AnnounceDistance": 20.0
          },
          {
               "Name": "Quainton Street",
               "Location": "51.5632356492008, -0.25997051384682257",
               "Audio": "",
               "AnnounceDistance": 20.0
          },
          {
               "Name": "Blackbird Hill",
               "Location": "51.564557339465225, -0.2629932342546375",
               "Audio": "",
               "AnnounceDistance": 20.0
          },
          {
               "Name": "Blackbird Cross",
               "Location": "51.56565252872065, -0.2665153099267035",
               "Audio": "",
               "AnnounceDistance": 20.0
          },
          {
               "Name": "Lycee International / Kings Drive",
               "Location": "51.565320314269194, -0.27570432615371254",
               "Audio": "",
               "AnnounceDistance": 20.0
          },
          {
               "Name": "Wembley Park Station",
               "Location": "51.56370000634412, -0.278651168837511",
               "Audio": "",
               "AnnounceDistance": 20.0
          },
          {
               "Name": "Fulton Road",
               "Location": "51.560496216243266, -0.28338869457933785",
               "Audio": "",
               "AnnounceDistance": 20.0
          },
          {
               "Name": "Lakeside Way",
               "Location": "51.55790058271621, -0.28544834675948255",
               "Audio": "",
               "AnnounceDistance": 20.0
          },
          {
               "Name": "Wembley Stadium Station",
               "Location": "51.5555900612629, -0.2860978111945499",
               "Audio": "",
               "AnnounceDistance": 20.0
          },
          {
               "Name": "Cecil Avenue",
               "Location": "51.55365039825283, -0.28997879671196913",
               "Audio": "",
               "AnnounceDistance": 20.0
          },
          {
               "Name": "Ark Elvin Academy / Park Lane",
               "Location": "51.55350609725813, -0.29180169488098445",
               "Audio": "",
               "AnnounceDistance": 20.0
          },
          {
               "Name": "Wembley Central Station",
               "Location": "51.552066440385374, -0.29792814188465166",
               "Audio": "",
               "AnnounceDistance": 20.0
          },
          {
               "Name": "Ealing Road",
               "Location": "51.552208331830144, -0.3015144400904095",
               "Audio": "",
               "AnnounceDistance": 20.0
          },
          {
               "Name": "Copland Avenue",
               "Location": "51.55157578678004, -0.3075239029084191",
               "Audio": "",
               "AnnounceDistance": 20.0
          },
          {
               "Name": "Bridgewater Road",
               "Location": "51.55236240885636, -0.3128172030182754",
               "Audio": "",
               "AnnounceDistance": 20.0
          },
          {
               "Name": "Sudbury Harrow Road Station",
               "Location": "51.55483861550238, -0.3155528595031556",
               "Audio": "",
               "AnnounceDistance": 20.0
          },
          {
               "Name": "Butlers Green",
               "Location": "51.55725153454451, -0.3176419898035141",
               "Audio": "",
               "AnnounceDistance": 20.0
          },
          {
               "Name": "Perrin Road",
               "Location": "51.56066368186374, -0.3198099234094957",
               "Audio": "",
               "AnnounceDistance": 20.0
          },
          {
               "Name": "Sudbury Court Road",
               "Location": "51.563747820562405, -0.3210524499175479",
               "Audio": "",
               "AnnounceDistance": 20.0
          },
          {
               "Name": "The Green / Carlton Avenue West",
               "Location": "51.56893802871487, -0.3217991624398944",
               "Audio": "",
               "AnnounceDistance": 20.0
          },
          {
               "Name": "Northwick Park Hospital",
               "Location": "51.57531001621691, -0.3253310692277229",
               "Audio": "",
               "AnnounceDistance": 20.0
          },
          {
               "Name": "University Of Westminster",
               "Location": "51.57776003386551, -0.326251265145043",
               "Audio": "",
               "AnnounceDistance": 20.0
          },
          {
               "Name": "Tyburn Lane",
               "Location": "51.57783286506998, -0.3338976224280981",
               "Audio": "",
               "AnnounceDistance": 20.0
          },
          {
               "Name": "Harrow Town Centre",
               "Location": "51.57934563837393, -0.33404435675767535",
               "Audio": "",
               "AnnounceDistance": 20.0
          },
          {
               "Name": "Harrow Bus Station",
               "Location": "51.58005756448708, -0.3379584863873811",
               "Audio": "",
               "AnnounceDistance": 20.0
          },
          {
               "Name": "Greenhill Way",
               "Location": "51.58189570888933, -0.3363181812150863",
               "Audio": "",
               "AnnounceDistance": 20.0
          },
          {
               "Name": "Safari Cinema",
               "Location": "51.586631396018, -0.33229108362027737",
               "Audio": "",
               "AnnounceDistance": 20.0
          },
          {
               "Name": "Harrow Civic Centre / Harrow Mosque",
               "Location": "51.589706387899504, -0.3329002766234211",
               "Audio": "",
               "AnnounceDistance": 20.0
          },
          {
               "Name": "Harrow Wealdstone Station",
               "Location": "51.592294846014966, -0.334075947542921",
               "Audio": "",
               "AnnounceDistance": 20.0
          },
          {
               "Name": "The Wealdstone Centre",
               "Location": "51.594281333259524, -0.33528819430415335",
               "Audio": "",
               "AnnounceDistance": 20.0
          },
          {
               "Name": "Wealdstone Baptist Church",
               "Location": "51.5961991538769, -0.33546352096171245",
               "Audio": "",
               "AnnounceDistance": 20.0
          },
          {
               "Name": "Salvatorian College / St Josephs Church",
               "Location": "51.60060144841211, -0.3383637019970982",
               "Audio": "",
               "AnnounceDistance": 20.0
          },
          {
               "Name": "Long Elmes",
               "Location": "51.60486132207605, -0.34009992743724443",
               "Audio": "",
               "AnnounceDistance": 20.0
          },
          {
               "Name": "Harrow Weald Bus Garage",
               "Location": "51.60703078500369, -0.3402663107086951",
               "Audio": "",
               "AnnounceDistance": 20.0
          },
          {
               "Name": "Monro Gardens",
               "Location": "51.60935059210103, -0.33961846630421516",
               "Audio": "",
               "AnnounceDistance": 20.0
          },
          {
               "Name": "Belsize Road",
               "Location": "51.609960676124835, -0.34652851517272926",
               "Audio": "",
               "AnnounceDistance": 20.0
          },
          {
               "Name": "Hutton Walk",
               "Location": "51.60991447222368, -0.3496352850879623",
               "Audio": "",
               "AnnounceDistance": 20.0
          },
          {
               "Name": "Courtenay Avenue",
               "Location": "51.60918744384598, -0.35678157825826323",
               "Audio": "",
               "AnnounceDistance": 20.0
          },
          {
               "Name": "Bannister Playing Fields",
               "Location": "51.60930175977374, -0.3572395971029832",
               "Audio": "",
               "AnnounceDistance": 20.0
          }
     ]
}