{
     "RouteNumber": "183",
     "Destination": "Pinner Station / Bridge Street",
     "RouteAudio": "",
     "DestinationAudio": "",
     "Stops": [
          {
               "Name": "Golders Green Station",
               "Location": "51.57191544040167, -0.19405275521443305",
               "Audio": "",
               "AnnounceDistance": 20.0
          },
          {
               "Name": "Finchley Road",
               "Location": "51.57190555119323, -0.19633316500400963",
               "Audio": "",
               "AnnounceDistance": 20.0
          },
          {
               "Name": "Hoop Lane",
               "Location": "51.5737827634005, -0.2008768037007147",
               "Audio": "",
               "AnnounceDistance": 20.0
          },
          {
               "Name": "Woodstock Avenue",
               "Location": "51.57538124728721, -0.20367113837124584",
               "Audio": "",
               "AnnounceDistance": 20.0
          },
          {
               "Name": "Limes Avenue",
               "Location": "51.577369851554835, -0.20669565650869343",
               "Audio": "",
               "AnnounceDistance": 20.0
          },
          {
               "Name": "Golders Manor Drive",
               "Location": "51.580006320213094, -0.20975270723554904",
               "Audio": "",
               "AnnounceDistance": 20.0
          },
          {
               "Name": "North Circular Road",
               "Location": "51.58162390872963, -0.21322535373835722",
               "Audio": "",
               "AnnounceDistance": 20.0
          },
          {
               "Name": "Brent Street / Green Lane",
               "Location": "51.58342573859969, -0.21640234880246734",
               "Audio": "",
               "AnnounceDistance": 20.0
          },
          {
               "Name": "Bell Lane",
               "Location": "51.58572855222319, -0.22000748838329454",
               "Audio": "",
               "AnnounceDistance": 20.0
          },
          {
               "Name": "The Quadrant",
               "Location": "51.58899910040201, -0.22161196312887202",
               "Audio": "",
               "AnnounceDistance": 20.0
          },
          {
               "Name": "Church End",
               "Location": "51.58994341143303, -0.2251841264492927",
               "Audio": "",
               "AnnounceDistance": 20.0
          },
          {
               "Name": "Hendon Town Hall",
               "Location": "51.58818802334263, -0.22863046629005432",
               "Audio": "",
               "AnnounceDistance": 20.0
          },
          {
               "Name": "Watford Way",
               "Location": "51.5865375476007, -0.23009486060091064",
               "Audio": "",
               "AnnounceDistance": 20.0
          },
          {
               "Name": "Edgeworth Avenue",
               "Location": "51.58555100664134, -0.2314611946245004",
               "Audio": "",
               "AnnounceDistance": 20.0
          },
          {
               "Name": "Audley Road",
               "Location": "51.58312048987693, -0.23367735845800577",
               "Audio": "",
               "AnnounceDistance": 20.0
          },
          {
               "Name": "Hendon Station",
               "Location": "51.579984408825865, -0.23801338632991553",
               "Audio": "",
               "AnnounceDistance": 20.0
          },
          {
               "Name": "West Hendon Broadway",
               "Location": "51.57822269860715, -0.24046287028495006",
               "Audio": "",
               "AnnounceDistance": 20.0
          },
          {
               "Name": "West Hendon Broadway / Herbert Road",
               "Location": "51.5792469818559, -0.24160679443515104",
               "Audio": "",
               "AnnounceDistance": 20.0
          },
          {
               "Name": "Hendon Magistrates Court",
               "Location": "51.58198300130311, -0.2453693872843626",
               "Audio": "",
               "AnnounceDistance": 20.0
          },
          {
               "Name": "Edgware Road / The Hyde",
               "Location": "51.58410132099498, -0.2487231426309373",
               "Audio": "",
               "AnnounceDistance": 20.0
          },
          {
               "Name": "Springfield Gardens",
               "Location": "51.5826086808231, -0.25295189350012265",
               "Audio": "",
               "AnnounceDistance": 20.0
          },
          {
               "Name": "Townsend Lane",
               "Location": "51.58221040190896, -0.25761480463662134",
               "Audio": "",
               "AnnounceDistance": 20.0
          },
          {
               "Name": "Kingsbury / Pipers Green",
               "Location": "51.583336711343975, -0.26383607790270586",
               "Audio": "",
               "AnnounceDistance": 20.0
          },
          {
               "Name": "Slough Lane",
               "Location": "51.58440943834537, -0.2670573487789336",
               "Audio": "",
               "AnnounceDistance": 20.0
          },
          {
               "Name": "Valley Drive",
               "Location": "51.58593393238918, -0.2747075323574131",
               "Audio": "",
               "AnnounceDistance": 20.0
          },
          {
               "Name": "Kingsbury Station",
               "Location": "51.58484171283747, -0.27932462426732757",
               "Audio": "",
               "AnnounceDistance": 20.0
          },
          {
               "Name": "Preston Hill",
               "Location": "51.58549308062255, -0.2857378695043897",
               "Audio": "",
               "AnnounceDistance": 20.0
          },
          {
               "Name": "Clifton Road",
               "Location": "51.58589494868316, -0.2892448270523657",
               "Audio": "",
               "AnnounceDistance": 20.0
          },
          {
               "Name": "Shrewsbury Avenue",
               "Location": "51.58645939005812, -0.29404489517323423",
               "Audio": "",
               "AnnounceDistance": 20.0
          },
          {
               "Name": "Kenton / Charlton Road",
               "Location": "51.586800624842276, -0.29896889658167564",
               "Audio": "",
               "AnnounceDistance": 20.0
          },
          {
               "Name": "Kenton Park Avenue",
               "Location": "51.58718097917623, -0.30288105187460496",
               "Audio": "",
               "AnnounceDistance": 20.0
          },
          {
               "Name": "Woodcock Hill / Kenton Lane",
               "Location": "51.58620427455357, -0.30747885231573696",
               "Audio": "",
               "AnnounceDistance": 20.0
          },
          {
               "Name": "St Leonards Avenue",
               "Location": "51.58499591603895, -0.31098801959410977",
               "Audio": "",
               "AnnounceDistance": 20.0
          },
          {
               "Name": "Upton Gardens",
               "Location": "51.58333828575048, -0.3145280562685468",
               "Audio": "",
               "AnnounceDistance": 20.0
          },
          {
               "Name": "Kenton Station",
               "Location": "51.5810856204234, -0.31859496293471945",
               "Audio": "",
               "AnnounceDistance": 20.0
          },
          {
               "Name": "Northwick Avenue",
               "Location": "51.57955852810393, -0.3224759893051073",
               "Audio": "",
               "AnnounceDistance": 20.0
          },
          {
               "Name": "Harrow High School",
               "Location": "51.57943532630434, -0.32770514639624515",
               "Audio": "",
               "AnnounceDistance": 20.0
          },
          {
               "Name": "Gayton Road",
               "Location": "51.581045682645026, -0.32965224192884857",
               "Audio": "",
               "AnnounceDistance": 20.0
          },
          {
               "Name": "Harrow Town Centre / St Johns Road",
               "Location": "51.58228000036016, -0.3323493565386107",
               "Audio": "",
               "AnnounceDistance": 20.0
          },
          {
               "Name": "Harrow Town Centre",
               "Location": "51.580710515282405, -0.33390784676053537",
               "Audio": "",
               "AnnounceDistance": 20.0
          },
          {
               "Name": "Harrow Bus Station",
               "Location": "51.58005756448708, -0.3379584863873811",
               "Audio": "",
               "AnnounceDistance": 20.0
          },
          {
               "Name": "Neptune Road",
               "Location": "51.5812647552371, -0.345116613788492",
               "Audio": "",
               "AnnounceDistance": 20.0
          },
          {
               "Name": "Oxford Road",
               "Location": "51.58125237709671, -0.3493459889447125",
               "Audio": "",
               "AnnounceDistance": 20.0
          },
          {
               "Name": "The Gardens",
               "Location": "51.582883889874154, -0.35410772725431744",
               "Audio": "",
               "AnnounceDistance": 20.0
          },
          {
               "Name": "Durham Road",
               "Location": "51.584205503882956, -0.3579427508498958",
               "Audio": "",
               "AnnounceDistance": 20.0
          },
          {
               "Name": "Station Road",
               "Location": "51.58662550161295, -0.3618828375005515",
               "Audio": "",
               "AnnounceDistance": 20.0
          },
          {
               "Name": "Southfield Park",
               "Location": "51.58906250398966, -0.36318100595349134",
               "Audio": "",
               "AnnounceDistance": 20.0
          },
          {
               "Name": "Betjeman Close",
               "Location": "51.59056583156506, -0.3678187120020189",
               "Audio": "",
               "AnnounceDistance": 20.0
          },
          {
               "Name": "Pinner Cemetery",
               "Location": "51.590714821375336, -0.372072038200638",
               "Audio": "",
               "AnnounceDistance": 20.0
          },
          {
               "Name": "Eastcote Road",
               "Location": "51.58986895716211, -0.3791758545940438",
               "Audio": "",
               "AnnounceDistance": 20.0
          },
          {
               "Name": "Pinner Station",
               "Location": "51.592390778319405, -0.38207448871975086",
               "Audio": "",
               "AnnounceDistance": 20.0
          },
          {
               "Name": "Pinner Station / Bridge Street",
               "Location": "51.594417949780876, -0.3830130730064066",
               "Audio": "",
               "AnnounceDistance": 20.0
          }
     ]
}