{
     "RouteNumber": "183",
     "Destination": "Golders Green Station",
     "RouteAudio": "",
     "DestinationAudio": "",
     "Stops": [
          {
               "Name": "Pinner Station",
               "Location": "51.594323499874456, -0.38268436956554075",
               "Audio": "",
               "AnnounceDistance": 20.0
          },
          {
               "Name": "Pinner Library",
               "Location": "51.59130253444166, -0.3807561371962924",
               "Audio": "",
               "AnnounceDistance": 20.0
          },
          {
               "Name": "Rayners Lane",
               "Location": "51.58947574057636, -0.37739981584821064",
               "Audio": "",
               "AnnounceDistance": 20.0
          },
          {
               "Name": "Pinner Cemetery",
               "Location": "51.590760340832055, -0.3714640920053044",
               "Audio": "",
               "AnnounceDistance": 20.0
          },
          {
               "Name": "Nower Hill School",
               "Location": "51.59052733004833, -0.36569798494864414",
               "Audio": "",
               "AnnounceDistance": 20.0
          },
          {
               "Name": "Southfield Park",
               "Location": "51.58867180907307, -0.3628919013842949",
               "Audio": "",
               "AnnounceDistance": 20.0
          },
          {
               "Name": "Station Road",
               "Location": "51.586567346691126, -0.3615817971131555",
               "Audio": "",
               "AnnounceDistance": 20.0
          },
          {
               "Name": "Durham Road",
               "Location": "51.58400444797603, -0.35706952163910993",
               "Audio": "",
               "AnnounceDistance": 20.0
          },
          {
               "Name": "Rutland Road",
               "Location": "51.58222256749405, -0.3518366960639877",
               "Audio": "",
               "AnnounceDistance": 20.0
          },
          {
               "Name": "Oxford Road",
               "Location": "51.581481936068585, -0.34968406942442337",
               "Audio": "",
               "AnnounceDistance": 20.0
          },
          {
               "Name": "Neptune Road",
               "Location": "51.58137243861744, -0.34446320644108014",
               "Audio": "",
               "AnnounceDistance": 20.0
          },
          {
               "Name": "St Georges Centre",
               "Location": "51.58103189019861, -0.33945285238227196",
               "Audio": "",
               "AnnounceDistance": 20.0
          },
          {
               "Name": "Harrow Bus Station",
               "Location": "51.57998443830964, -0.33787455734656285",
               "Audio": "",
               "AnnounceDistance": 20.0
          },
          {
               "Name": "Harrow Town Centre",
               "Location": "51.58079324609505, -0.3340347187435759",
               "Audio": "",
               "AnnounceDistance": 20.0
          },
          {
               "Name": "Harrow Town Centre / Sheepcote Road",
               "Location": "51.581742622543814, -0.33313399746198186",
               "Audio": "",
               "AnnounceDistance": 20.0
          },
          {
               "Name": "Sheepcote Road",
               "Location": "51.58172857309139, -0.3302478376259423",
               "Audio": "",
               "AnnounceDistance": 20.0
          },
          {
               "Name": "Harrow High School",
               "Location": "51.57926697288254, -0.32724948296518225",
               "Audio": "",
               "AnnounceDistance": 20.0
          },
          {
               "Name": "Northwick Avenue",
               "Location": "51.57984934110917, -0.32206116290065523",
               "Audio": "",
               "AnnounceDistance": 20.0
          },
          {
               "Name": "Kenton Station",
               "Location": "51.58143303126701, -0.3183656407855132",
               "Audio": "",
               "AnnounceDistance": 20.0
          },
          {
               "Name": "Carlton Avenue",
               "Location": "51.58299452795394, -0.31563774430368285",
               "Audio": "",
               "AnnounceDistance": 20.0
          },
          {
               "Name": "Odeon Parade / Upton Gardens",
               "Location": "51.58414875760442, -0.31335776794738407",
               "Audio": "",
               "AnnounceDistance": 20.0
          },
          {
               "Name": "St Leonards Avenue",
               "Location": "51.58556348339698, -0.30981220347231586",
               "Audio": "",
               "AnnounceDistance": 20.0
          },
          {
               "Name": "Kenton Road / Kenton Lane",
               "Location": "51.58679668611378, -0.30615768632860096",
               "Audio": "",
               "AnnounceDistance": 20.0
          },
          {
               "Name": "Kenton Park Avenue",
               "Location": "51.58724658322754, -0.30368697665755545",
               "Audio": "",
               "AnnounceDistance": 20.0
          },
          {
               "Name": "Kenton / Charlton Road",
               "Location": "51.58687753796564, -0.2986917579563637",
               "Audio": "",
               "AnnounceDistance": 20.0
          },
          {
               "Name": "Shrewsbury Avenue",
               "Location": "51.586410819518704, -0.29255991776736784",
               "Audio": "",
               "AnnounceDistance": 20.0
          },
          {
               "Name": "Clifton Road",
               "Location": "51.5859615894634, -0.2888814544208066",
               "Audio": "",
               "AnnounceDistance": 20.0
          },
          {
               "Name": "Kingsbury Circle",
               "Location": "51.58532250834018, -0.2839110965450176",
               "Audio": "",
               "AnnounceDistance": 20.0
          },
          {
               "Name": "Kingsbury Station",
               "Location": "51.58492915413268, -0.2797687896650131",
               "Audio": "",
               "AnnounceDistance": 20.0
          },
          {
               "Name": "Valley Drive",
               "Location": "51.58602558054537, -0.27421327656775507",
               "Audio": "",
               "AnnounceDistance": 20.0
          },
          {
               "Name": "Roe Green Park",
               "Location": "51.5849694889499, -0.2690568716809911",
               "Audio": "",
               "AnnounceDistance": 20.0
          },
          {
               "Name": "Kingsbury Road / Roe Green",
               "Location": "51.58406547360749, -0.2650785123760192",
               "Audio": "",
               "AnnounceDistance": 20.0
          },
          {
               "Name": "Church Lane",
               "Location": "51.5828715971187, -0.26096703550920425",
               "Audio": "",
               "AnnounceDistance": 20.0
          },
          {
               "Name": "Townsend Lane",
               "Location": "51.582413870099636, -0.2561780842143185",
               "Audio": "",
               "AnnounceDistance": 20.0
          },
          {
               "Name": "Edgware Road / The Hyde",
               "Location": "51.58404960236287, -0.2494757119208937",
               "Audio": "",
               "AnnounceDistance": 20.0
          },
          {
               "Name": "Hendon Magistrates Court",
               "Location": "51.58148281174301, -0.24439274633244457",
               "Audio": "",
               "AnnounceDistance": 20.0
          },
          {
               "Name": "West Hendon Broadway / Herbert Road",
               "Location": "51.57918895256549, -0.2413348125670768",
               "Audio": "",
               "AnnounceDistance": 20.0
          },
          {
               "Name": "Hendon Station",
               "Location": "51.57931503017275, -0.23894853992161735",
               "Audio": "",
               "AnnounceDistance": 20.0
          },
          {
               "Name": "Audley Road",
               "Location": "51.58263618655349, -0.2343600940745334",
               "Audio": "",
               "AnnounceDistance": 20.0
          },
          {
               "Name": "Edgeworth Avenue",
               "Location": "51.58540496504737, -0.23191434120629548",
               "Audio": "",
               "AnnounceDistance": 20.0
          },
          {
               "Name": "Hendon Town Hall",
               "Location": "51.58750973624947, -0.22956627675194005",
               "Audio": "",
               "AnnounceDistance": 20.0
          },
          {
               "Name": "Middlesex University",
               "Location": "51.58936690619237, -0.22809378888310583",
               "Audio": "",
               "AnnounceDistance": 20.0
          },
          {
               "Name": "Church End",
               "Location": "51.590011992425374, -0.2255567942660681",
               "Audio": "",
               "AnnounceDistance": 20.0
          },
          {
               "Name": "The Quadrant",
               "Location": "51.58931211479164, -0.22149868787908975",
               "Audio": "",
               "AnnounceDistance": 20.0
          },
          {
               "Name": "Bell Lane",
               "Location": "51.58620661299907, -0.22010428477145194",
               "Audio": "",
               "AnnounceDistance": 20.0
          },
          {
               "Name": "Brent Street / Green Lane",
               "Location": "51.58316116552367, -0.215561101298118",
               "Audio": "",
               "AnnounceDistance": 20.0
          },
          {
               "Name": "North Circular Road",
               "Location": "51.58147374766887, -0.21281267238994142",
               "Audio": "",
               "AnnounceDistance": 20.0
          },
          {
               "Name": "Golders Manor Drive",
               "Location": "51.58046358804265, -0.21025433149786324",
               "Audio": "",
               "AnnounceDistance": 20.0
          },
          {
               "Name": "Highfield Avenue",
               "Location": "51.57851062601202, -0.20779092456181814",
               "Audio": "",
               "AnnounceDistance": 20.0
          },
          {
               "Name": "Woodstock Avenue",
               "Location": "51.5759860831111, -0.20441217579420343",
               "Audio": "",
               "AnnounceDistance": 20.0
          },
          {
               "Name": "Hoop Lane",
               "Location": "51.573648764261335, -0.20034814627628203",
               "Audio": "",
               "AnnounceDistance": 20.0
          },
          {
               "Name": "Finchley Road",
               "Location": "51.57228076092667, -0.19734288660036836",
               "Audio": "",
               "AnnounceDistance": 20.0
          },
          {
               "Name": "Golders Green Station",
               "Location": "51.57191544040167, -0.19405275521443305",
               "Audio": "",
               "AnnounceDistance": 20.0
          }
     ]
}