{
     "RouteNumber": "184",
     "Destination": "Turnpike Lane Station",
     "RouteAudio": "",
     "DestinationAudio": "",
     "Stops": [
          {
               "Name": "Chesterfield Road",
               "Location": "51.646534130049226, -0.21525645763810208",
               "Audio": "",
               "AnnounceDistance": 20.0
          },
          {
               "Name": "Mays Lane",
               "Location": "51.643844900004076, -0.21108388174177828",
               "Audio": "",
               "AnnounceDistance": 20.0
          },
          {
               "Name": "Kenerne Drive",
               "Location": "51.6452090860346, -0.20737338865545082",
               "Audio": "",
               "AnnounceDistance": 20.0
          },
          {
               "Name": "Leeside",
               "Location": "51.646248373620004, -0.20418140496624618",
               "Audio": "",
               "AnnounceDistance": 20.0
          },
          {
               "Name": "Willow Drive",
               "Location": "51.64925917796523, -0.20407687789709694",
               "Audio": "",
               "AnnounceDistance": 20.0
          },
          {
               "Name": "Manor Road / Wood Street",
               "Location": "51.652813756071, -0.20366171379577228",
               "Audio": "",
               "AnnounceDistance": 20.0
          },
          {
               "Name": "Barnet Church / Wood Street",
               "Location": "51.653052180049436, -0.20161395589413092",
               "Audio": "",
               "AnnounceDistance": 20.0
          },
          {
               "Name": "Barnet High Street / Barnet Church",
               "Location": "51.65261358188953, -0.19881237307061603",
               "Audio": "",
               "AnnounceDistance": 20.0
          },
          {
               "Name": "High Barnet Station / Meadway",
               "Location": "51.65136144781439, -0.1969104861063337",
               "Audio": "",
               "AnnounceDistance": 20.0
          },
          {
               "Name": "King Edward Road",
               "Location": "51.653299284511895, -0.1896054098127702",
               "Audio": "",
               "AnnounceDistance": 20.0
          },
          {
               "Name": "St Marks Close",
               "Location": "51.653225286807, -0.18655807185569856",
               "Audio": "",
               "AnnounceDistance": 20.0
          },
          {
               "Name": "Clifford Road",
               "Location": "51.65268947400146, -0.18098491916410744",
               "Audio": "",
               "AnnounceDistance": 20.0
          },
          {
               "Name": "Bulwer Road",
               "Location": "51.65066848265997, -0.17881076142902647",
               "Audio": "",
               "AnnounceDistance": 20.0
          },
          {
               "Name": "New Barnet Station / Station Road",
               "Location": "51.64967306759833, -0.17608970899648407",
               "Audio": "",
               "AnnounceDistance": 20.0
          },
          {
               "Name": "New Barnet Sainsburys",
               "Location": "51.64986358410873, -0.1715720114175752",
               "Audio": "",
               "AnnounceDistance": 20.0
          },
          {
               "Name": "Victoria Road",
               "Location": "51.64753634864225, -0.1676472822171431",
               "Audio": "",
               "AnnounceDistance": 20.0
          },
          {
               "Name": "East Barnet Village",
               "Location": "51.64310887257225, -0.16455936820716058",
               "Audio": "",
               "AnnounceDistance": 20.0
          },
          {
               "Name": "Church Hill Road",
               "Location": "51.64199438426914, -0.16287003651900891",
               "Audio": "",
               "AnnounceDistance": 20.0
          },
          {
               "Name": "Cedar Avenue",
               "Location": "51.639653847335694, -0.16098469845796798",
               "Audio": "",
               "AnnounceDistance": 20.0
          },
          {
               "Name": "St Marys Church",
               "Location": "51.6360543133299, -0.15623144489371066",
               "Audio": "",
               "AnnounceDistance": 20.0
          },
          {
               "Name": "Parkside Gardens",
               "Location": "51.63385239144843, -0.15230357585427542",
               "Audio": "",
               "AnnounceDistance": 20.0
          },
          {
               "Name": "Osidge Library",
               "Location": "51.63105417105183, -0.14991754702333954",
               "Audio": "",
               "AnnounceDistance": 20.0
          },
          {
               "Name": "Hampden Square",
               "Location": "51.63208663670673, -0.14354657522717412",
               "Audio": "",
               "AnnounceDistance": 20.0
          },
          {
               "Name": "Arlington Road",
               "Location": "51.627533424146655, -0.14051049702548915",
               "Audio": "",
               "AnnounceDistance": 20.0
          },
          {
               "Name": "Lincoln Avenue",
               "Location": "51.62454104104812, -0.13723772808095897",
               "Audio": "",
               "AnnounceDistance": 20.0
          },
          {
               "Name": "Morton Way",
               "Location": "51.62106936547691, -0.1360652995321764",
               "Audio": "",
               "AnnounceDistance": 20.0
          },
          {
               "Name": "Brookdale",
               "Location": "51.619616372749476, -0.13800278360952628",
               "Audio": "",
               "AnnounceDistance": 20.0
          },
          {
               "Name": "Betstyle Circus",
               "Location": "51.61787045018773, -0.14018324231345156",
               "Audio": "",
               "AnnounceDistance": 20.0
          },
          {
               "Name": "Betstyle Road",
               "Location": "51.61638929234952, -0.13807708680510522",
               "Audio": "",
               "AnnounceDistance": 20.0
          },
          {
               "Name": "Arnos Grove Station",
               "Location": "51.61618113589883, -0.13346331800474728",
               "Audio": "",
               "AnnounceDistance": 20.0
          },
          {
               "Name": "Telford Road",
               "Location": "51.61457785072642, -0.12652368106748957",
               "Audio": "",
               "AnnounceDistance": 20.0
          },
          {
               "Name": "Bowes Road",
               "Location": "51.61217215936247, -0.12172642427522584",
               "Audio": "",
               "AnnounceDistance": 20.0
          },
          {
               "Name": "Bounds Green Station",
               "Location": "51.607544870777325, -0.1236504455934072",
               "Audio": "",
               "AnnounceDistance": 20.0
          },
          {
               "Name": "Woodfield Way",
               "Location": "51.604816909526605, -0.12738761916660293",
               "Audio": "",
               "AnnounceDistance": 20.0
          },
          {
               "Name": "Albert Road",
               "Location": "51.60166482229609, -0.13160383371318135",
               "Audio": "",
               "AnnounceDistance": 20.0
          },
          {
               "Name": "Victoria Road",
               "Location": "51.600064085573194, -0.134990630056954",
               "Audio": "",
               "AnnounceDistance": 20.0
          },
          {
               "Name": "Talbot Road",
               "Location": "51.59901284889044, -0.1322180540709937",
               "Audio": "",
               "AnnounceDistance": 20.0
          },
          {
               "Name": "Alexandra Avenue",
               "Location": "51.598457246063724, -0.12613313863984657",
               "Audio": "",
               "AnnounceDistance": 20.0
          },
          {
               "Name": "Crescent Road",
               "Location": "51.598804245053735, -0.12364975996415663",
               "Audio": "",
               "AnnounceDistance": 20.0
          },
          {
               "Name": "Hail Ride Section",
               "Location": "51.598821038366104, -0.12245061740743769",
               "Audio": "",
               "AnnounceDistance": 20.0
          },
          {
               "Name": "Alexandra Palace Station",
               "Location": "51.598063981720365, -0.11953630045428737",
               "Audio": "",
               "AnnounceDistance": 20.0
          },
          {
               "Name": "Barratt Avenue",
               "Location": "51.59654378978524, -0.11502210442471346",
               "Audio": "",
               "AnnounceDistance": 20.0
          },
          {
               "Name": "Wood Green Station / River Park Road",
               "Location": "51.59713182450712, -0.11076723408169631",
               "Audio": "",
               "AnnounceDistance": 20.0
          },
          {
               "Name": "Wood Green Shopping City",
               "Location": "51.59558198193645, -0.10889683457433948",
               "Audio": "",
               "AnnounceDistance": 20.0
          },
          {
               "Name": "Brampton Park Road",
               "Location": "51.5929430353129, -0.1064077231720321",
               "Audio": "",
               "AnnounceDistance": 20.0
          },
          {
               "Name": "Coleraine Road",
               "Location": "51.59137142433782, -0.10430755631474604",
               "Audio": "",
               "AnnounceDistance": 20.0
          },
          {
               "Name": "Turnpike Lane Station",
               "Location": "51.58962424791957, -0.10247470239650062",
               "Audio": "",
               "AnnounceDistance": 20.0
          }
     ]
}