{
     "RouteNumber": "185",
     "Destination": "Lewisham Station",
     "RouteAudio": "",
     "DestinationAudio": "",
     "Stops": [
          {
               "Name": "Neathouse Place",
               "Location": "51.49532056194559, -0.14183337350982037",
               "Audio": "",
               "AnnounceDistance": 20.0
          },
          {
               "Name": "Rochester Row",
               "Location": "51.493289521032345, -0.139078034053156",
               "Audio": "",
               "AnnounceDistance": 20.0
          },
          {
               "Name": "Stanford Street",
               "Location": "51.491381377705046, -0.13500705626550766",
               "Audio": "",
               "AnnounceDistance": 20.0
          },
          {
               "Name": "Pimlico Station",
               "Location": "51.49038841826045, -0.13307411591546872",
               "Audio": "",
               "AnnounceDistance": 20.0
          },
          {
               "Name": "Vauxhall Bus Station",
               "Location": "51.485545041604624, -0.12428427691755996",
               "Audio": "",
               "AnnounceDistance": 20.0
          },
          {
               "Name": "St Annes Church",
               "Location": "51.486310274386334, -0.1204071205913867",
               "Audio": "",
               "AnnounceDistance": 20.0
          },
          {
               "Name": "Durham Street / Harleyford Road",
               "Location": "51.4854378311331, -0.11871460093423974",
               "Audio": "",
               "AnnounceDistance": 20.0
          },
          {
               "Name": "Archbishop Tenisons School",
               "Location": "51.48303295182593, -0.11567382017232822",
               "Audio": "",
               "AnnounceDistance": 20.0
          },
          {
               "Name": "Oval Station",
               "Location": "51.482484334111206, -0.11287356852575514",
               "Audio": "",
               "AnnounceDistance": 20.0
          },
          {
               "Name": "Kennington Park",
               "Location": "51.48072488683851, -0.10915851710017829",
               "Audio": "",
               "AnnounceDistance": 20.0
          },
          {
               "Name": "John Ruskin Street",
               "Location": "51.479683945365196, -0.10650848798840629",
               "Audio": "",
               "AnnounceDistance": 20.0
          },
          {
               "Name": "Vassall Road",
               "Location": "51.47797379519742, -0.10251823924509873",
               "Audio": "",
               "AnnounceDistance": 20.0
          },
          {
               "Name": "County Grove",
               "Location": "51.47658877446351, -0.09917718945278463",
               "Audio": "",
               "AnnounceDistance": 20.0
          },
          {
               "Name": "Sacred Heart School",
               "Location": "51.475456110743444, -0.096430638634851",
               "Audio": "",
               "AnnounceDistance": 20.0
          },
          {
               "Name": "Warner Road",
               "Location": "51.474652180892335, -0.09454891401118815",
               "Audio": "",
               "AnnounceDistance": 20.0
          },
          {
               "Name": "Denmark Hill / Camberwell Green",
               "Location": "51.47357408664256, -0.09295228303645646",
               "Audio": "",
               "AnnounceDistance": 20.0
          },
          {
               "Name": "Coldharbour Lane",
               "Location": "51.47107325890819, -0.09289818488967914",
               "Audio": "",
               "AnnounceDistance": 20.0
          },
          {
               "Name": "Kings College Hospital",
               "Location": "51.468400695544226, -0.09168501382661906",
               "Audio": "",
               "AnnounceDistance": 20.0
          },
          {
               "Name": "Denmark Hill Station",
               "Location": "51.46807500579695, -0.08880462873233043",
               "Audio": "",
               "AnnounceDistance": 20.0
          },
          {
               "Name": "Grove Lane / Champion Park",
               "Location": "51.467916874417824, -0.0862772172215495",
               "Audio": "",
               "AnnounceDistance": 20.0
          },
          {
               "Name": "Champion Grove",
               "Location": "51.46611852059088, -0.08518628147382304",
               "Audio": "",
               "AnnounceDistance": 20.0
          },
          {
               "Name": "Champion Hill",
               "Location": "51.46473452706277, -0.08358858131838637",
               "Audio": "",
               "AnnounceDistance": 20.0
          },
          {
               "Name": "Quorn Road",
               "Location": "51.46273189947452, -0.08155623597877534",
               "Audio": "",
               "AnnounceDistance": 20.0
          },
          {
               "Name": "East Dulwich Station",
               "Location": "51.461568514251766, -0.07970477191477449",
               "Audio": "",
               "AnnounceDistance": 20.0
          },
          {
               "Name": "Ondine Road",
               "Location": "51.46142867137703, -0.07611168903153967",
               "Audio": "",
               "AnnounceDistance": 20.0
          },
          {
               "Name": "Goose Green",
               "Location": "51.45932397898683, -0.07499100361735896",
               "Audio": "",
               "AnnounceDistance": 20.0
          },
          {
               "Name": "North Cross Road",
               "Location": "51.45746850743032, -0.07535696231310172",
               "Audio": "",
               "AnnounceDistance": 20.0
          },
          {
               "Name": "Melbourne Grove",
               "Location": "51.45536635375541, -0.07658250382564502",
               "Audio": "",
               "AnnounceDistance": 20.0
          },
          {
               "Name": "Heber Road",
               "Location": "51.45292958584988, -0.07714550793790444",
               "Audio": "",
               "AnnounceDistance": 20.0
          },
          {
               "Name": "Crystal Palace Road",
               "Location": "51.45078753989312, -0.07594018837849695",
               "Audio": "",
               "AnnounceDistance": 20.0
          },
          {
               "Name": "Dulwich Library",
               "Location": "51.4488027580554, -0.07390802820913187",
               "Audio": "",
               "AnnounceDistance": 20.0
          },
          {
               "Name": "Upland Road",
               "Location": "51.44656750428103, -0.07195854845455227",
               "Audio": "",
               "AnnounceDistance": 20.0
          },
          {
               "Name": "Overhill Road",
               "Location": "51.445029846850154, -0.06977837335580143",
               "Audio": "",
               "AnnounceDistance": 20.0
          },
          {
               "Name": "Grove Tavern",
               "Location": "51.443778077687945, -0.06803237274318688",
               "Audio": "",
               "AnnounceDistance": 20.0
          },
          {
               "Name": "Lordship Lane / Wood Vale",
               "Location": "51.44185013639466, -0.06563871354761174",
               "Audio": "",
               "AnnounceDistance": 20.0
          },
          {
               "Name": "Horniman Museum",
               "Location": "51.44057344749128, -0.06075713545354855",
               "Audio": "",
               "AnnounceDistance": 20.0
          },
          {
               "Name": "Forest Hill Station / London Road",
               "Location": "51.43933966179246, -0.05467972485186699",
               "Audio": "",
               "AnnounceDistance": 20.0
          },
          {
               "Name": "Waldram Park Road",
               "Location": "51.44031112549018, -0.050364849346400245",
               "Audio": "",
               "AnnounceDistance": 20.0
          },
          {
               "Name": "Forest Hill Fire Station",
               "Location": "51.4423456904972, -0.04617708944924944",
               "Audio": "",
               "AnnounceDistance": 20.0
          },
          {
               "Name": "Stanstead Road / Colfe Road",
               "Location": "51.44230587789833, -0.04379007257010142",
               "Audio": "",
               "AnnounceDistance": 20.0
          },
          {
               "Name": "Kilmorie Road",
               "Location": "51.442253089491736, -0.04170580102437146",
               "Audio": "",
               "AnnounceDistance": 20.0
          },
          {
               "Name": "Hurstbourne Road",
               "Location": "51.44227096346732, -0.037934894410659",
               "Audio": "",
               "AnnounceDistance": 20.0
          },
          {
               "Name": "Blythe Vale",
               "Location": "51.44229625532763, -0.03407732516783808",
               "Audio": "",
               "AnnounceDistance": 20.0
          },
          {
               "Name": "St Dunstans College",
               "Location": "51.443067363016574, -0.02912278761193768",
               "Audio": "",
               "AnnounceDistance": 20.0
          },
          {
               "Name": "Catford Catford Bridge Stations",
               "Location": "51.44462906111126, -0.02360150016160765",
               "Audio": "",
               "AnnounceDistance": 20.0
          },
          {
               "Name": "The Catford Broadway",
               "Location": "51.445706476008, -0.01977015299247234",
               "Audio": "",
               "AnnounceDistance": 20.0
          },
          {
               "Name": "The Catford Centre",
               "Location": "51.447109766492616, -0.018730823204527368",
               "Audio": "",
               "AnnounceDistance": 20.0
          },
          {
               "Name": "Rosenthal Road",
               "Location": "51.449216142636395, -0.0172579965133382",
               "Audio": "",
               "AnnounceDistance": 20.0
          },
          {
               "Name": "Mount Pleasant Road",
               "Location": "51.45183620633118, -0.01691419052542205",
               "Audio": "",
               "AnnounceDistance": 20.0
          },
          {
               "Name": "Lewisham Hospital",
               "Location": "51.453277135807284, -0.016506304110970108",
               "Audio": "",
               "AnnounceDistance": 20.0
          },
          {
               "Name": "Lewisham Park",
               "Location": "51.454824923233, -0.01603618217635531",
               "Audio": "",
               "AnnounceDistance": 20.0
          },
          {
               "Name": "Lewisham Fire Station",
               "Location": "51.457073058538946, -0.013909065490084957",
               "Audio": "",
               "AnnounceDistance": 20.0
          },
          {
               "Name": "Molesworth Street / Riverdale House",
               "Location": "51.4605491916575, -0.013139140871217769",
               "Audio": "",
               "AnnounceDistance": 20.0
          },
          {
               "Name": "Lewisham Station",
               "Location": "51.46490017606368, -0.013050926679442368",
               "Audio": "",
               "AnnounceDistance": 20.0
          }
     ]
}