{
     "RouteNumber": "185",
     "Destination": "Victoria Station",
     "RouteAudio": "",
     "DestinationAudio": "",
     "Stops": [
          {
               "Name": "Lewisham Station",
               "Location": "51.46423516759086, -0.012547131863608025",
               "Audio": "",
               "AnnounceDistance": 20.0
          },
          {
               "Name": "Lewisham Centre",
               "Location": "51.4608834273772, -0.010576573685587683",
               "Audio": "",
               "AnnounceDistance": 20.0
          },
          {
               "Name": "Morley Road",
               "Location": "51.45886265588817, -0.01231988804882738",
               "Audio": "",
               "AnnounceDistance": 20.0
          },
          {
               "Name": "Lewisham Fire Station",
               "Location": "51.45672162490271, -0.013866742978132472",
               "Audio": "",
               "AnnounceDistance": 20.0
          },
          {
               "Name": "Lewisham Park",
               "Location": "51.454310765838436, -0.01594332576371364",
               "Audio": "",
               "AnnounceDistance": 20.0
          },
          {
               "Name": "Lewisham Hospital",
               "Location": "51.4530403321988, -0.016329455888731133",
               "Audio": "",
               "AnnounceDistance": 20.0
          },
          {
               "Name": "Mount Pleasant Road",
               "Location": "51.4511955132966, -0.0167836348582369",
               "Audio": "",
               "AnnounceDistance": 20.0
          },
          {
               "Name": "Rosenthal Road",
               "Location": "51.44813416888146, -0.017621488492106267",
               "Audio": "",
               "AnnounceDistance": 20.0
          },
          {
               "Name": "The Catford Centre",
               "Location": "51.44555055272355, -0.019589816688892356",
               "Audio": "",
               "AnnounceDistance": 20.0
          },
          {
               "Name": "Catford Road / Lewisham Town Hall",
               "Location": "51.444752241538005, -0.020775610281732623",
               "Audio": "",
               "AnnounceDistance": 20.0
          },
          {
               "Name": "Catford Catford Bridge Stations",
               "Location": "51.444478235431056, -0.023723137104039203",
               "Audio": "",
               "AnnounceDistance": 20.0
          },
          {
               "Name": "St Dunstans College",
               "Location": "51.4423624392805, -0.03052017804383276",
               "Audio": "",
               "AnnounceDistance": 20.0
          },
          {
               "Name": "Blythe Vale",
               "Location": "51.441995428108356, -0.03329880623309084",
               "Audio": "",
               "AnnounceDistance": 20.0
          },
          {
               "Name": "Hurstbourne Road",
               "Location": "51.44209500614623, -0.03870509557243249",
               "Audio": "",
               "AnnounceDistance": 20.0
          },
          {
               "Name": "Kilmorie Road",
               "Location": "51.44204659502339, -0.04064979060624919",
               "Audio": "",
               "AnnounceDistance": 20.0
          },
          {
               "Name": "Forest Hill Fire Station",
               "Location": "51.44222861960249, -0.045088458979599205",
               "Audio": "",
               "AnnounceDistance": 20.0
          },
          {
               "Name": "Waldram Park Road",
               "Location": "51.440984432513446, -0.048134592179259535",
               "Audio": "",
               "AnnounceDistance": 20.0
          },
          {
               "Name": "Forest Hill Station / Waldram Crescent",
               "Location": "51.44006926648435, -0.052044289411666035",
               "Audio": "",
               "AnnounceDistance": 20.0
          },
          {
               "Name": "Forest Hill Station / Devonshire Road",
               "Location": "51.439593260201626, -0.0537048873058289",
               "Audio": "",
               "AnnounceDistance": 20.0
          },
          {
               "Name": "Forest Hill Station / London Road",
               "Location": "51.43925170710531, -0.054798573069695336",
               "Audio": "",
               "AnnounceDistance": 20.0
          },
          {
               "Name": "Honor Oak Road",
               "Location": "51.44039199048247, -0.05794453333681383",
               "Audio": "",
               "AnnounceDistance": 20.0
          },
          {
               "Name": "Horniman Museum",
               "Location": "51.44059608547521, -0.06266995163376561",
               "Audio": "",
               "AnnounceDistance": 20.0
          },
          {
               "Name": "Lordship Lane / Wood Vale",
               "Location": "51.44179055343669, -0.06584268635125175",
               "Audio": "",
               "AnnounceDistance": 20.0
          },
          {
               "Name": "Grove Tavern",
               "Location": "51.44386464342049, -0.06837408648325771",
               "Audio": "",
               "AnnounceDistance": 20.0
          },
          {
               "Name": "Overhill Road",
               "Location": "51.44528030304118, -0.07078955466934667",
               "Audio": "",
               "AnnounceDistance": 20.0
          },
          {
               "Name": "Upland Road",
               "Location": "51.446934530821416, -0.07240360823123451",
               "Audio": "",
               "AnnounceDistance": 20.0
          },
          {
               "Name": "Dulwich Library",
               "Location": "51.44835887679681, -0.07371083274283448",
               "Audio": "",
               "AnnounceDistance": 20.0
          },
          {
               "Name": "Dulwich / The Plough",
               "Location": "51.44951976707504, -0.07485651363730851",
               "Audio": "",
               "AnnounceDistance": 20.0
          },
          {
               "Name": "Crystal Palace Road",
               "Location": "51.45110914745632, -0.07635844400870227",
               "Audio": "",
               "AnnounceDistance": 20.0
          },
          {
               "Name": "Heber Road",
               "Location": "51.45317741047685, -0.07745174512225877",
               "Audio": "",
               "AnnounceDistance": 20.0
          },
          {
               "Name": "Melbourne Grove",
               "Location": "51.45652609619566, -0.07601555799529687",
               "Audio": "",
               "AnnounceDistance": 20.0
          },
          {
               "Name": "North Cross Road",
               "Location": "51.458141310504416, -0.07525668602633195",
               "Audio": "",
               "AnnounceDistance": 20.0
          },
          {
               "Name": "Goose Green",
               "Location": "51.46019329131178, -0.07535749719315943",
               "Audio": "",
               "AnnounceDistance": 20.0
          },
          {
               "Name": "Elsie Road",
               "Location": "51.46144986327693, -0.07850050388744985",
               "Audio": "",
               "AnnounceDistance": 20.0
          },
          {
               "Name": "East Dulwich Station",
               "Location": "51.46187068762747, -0.08058463629983839",
               "Audio": "",
               "AnnounceDistance": 20.0
          },
          {
               "Name": "Champion Hill",
               "Location": "51.46525281789342, -0.08448827477393951",
               "Audio": "",
               "AnnounceDistance": 20.0
          },
          {
               "Name": "Champion Grove",
               "Location": "51.466975467687966, -0.08589907807046547",
               "Audio": "",
               "AnnounceDistance": 20.0
          },
          {
               "Name": "Denmark Hill Station",
               "Location": "51.46756824691406, -0.0902655768746395",
               "Audio": "",
               "AnnounceDistance": 20.0
          },
          {
               "Name": "Kings College Hospital",
               "Location": "51.46954133663377, -0.09270289648560441",
               "Audio": "",
               "AnnounceDistance": 20.0
          },
          {
               "Name": "Coldharbour Lane",
               "Location": "51.47148092905543, -0.0930827692458329",
               "Audio": "",
               "AnnounceDistance": 20.0
          },
          {
               "Name": "Denmark Hill / Camberwell Green",
               "Location": "51.47305801705655, -0.09329059309893237",
               "Audio": "",
               "AnnounceDistance": 20.0
          },
          {
               "Name": "Warner Road",
               "Location": "51.47432071374984, -0.09407313195471037",
               "Audio": "",
               "AnnounceDistance": 20.0
          },
          {
               "Name": "Sacred Heart School",
               "Location": "51.475873472155364, -0.09776689374093878",
               "Audio": "",
               "AnnounceDistance": 20.0
          },
          {
               "Name": "Wyndham Road",
               "Location": "51.47723040725883, -0.10103701238251242",
               "Audio": "",
               "AnnounceDistance": 20.0
          },
          {
               "Name": "Vassall Road",
               "Location": "51.47799782293441, -0.10289166766609663",
               "Audio": "",
               "AnnounceDistance": 20.0
          },
          {
               "Name": "St Johns School",
               "Location": "51.47858748550706, -0.10432171802964568",
               "Audio": "",
               "AnnounceDistance": 20.0
          },
          {
               "Name": "John Ruskin Street",
               "Location": "51.4799255711324, -0.1075497961715189",
               "Audio": "",
               "AnnounceDistance": 20.0
          },
          {
               "Name": "Kennington Park",
               "Location": "51.48098283884958, -0.11009837423628772",
               "Audio": "",
               "AnnounceDistance": 20.0
          },
          {
               "Name": "Oval Station",
               "Location": "51.48248850327402, -0.1131326392865875",
               "Audio": "",
               "AnnounceDistance": 20.0
          },
          {
               "Name": "Archbishop Tenisons School",
               "Location": "51.48313137476615, -0.11620265844820388",
               "Audio": "",
               "AnnounceDistance": 20.0
          },
          {
               "Name": "Harleyford Road / Durham Street",
               "Location": "51.48492307141532, -0.11913907519465437",
               "Audio": "",
               "AnnounceDistance": 20.0
          },
          {
               "Name": "Vauxhall Bus Station",
               "Location": "51.48621282396966, -0.12386797738954414",
               "Audio": "",
               "AnnounceDistance": 20.0
          },
          {
               "Name": "Vauxhall Bridge / Millbank",
               "Location": "51.488195281688455, -0.12862639599007566",
               "Audio": "",
               "AnnounceDistance": 20.0
          },
          {
               "Name": "Pimlico Station",
               "Location": "51.48998223000894, -0.1324136877386066",
               "Audio": "",
               "AnnounceDistance": 20.0
          },
          {
               "Name": "Rochester Row",
               "Location": "51.49235374909555, -0.13734427154192072",
               "Audio": "",
               "AnnounceDistance": 20.0
          },
          {
               "Name": "Neathouse Place",
               "Location": "51.4943309685494, -0.1412397489996521",
               "Audio": "",
               "AnnounceDistance": 20.0
          },
          {
               "Name": "Victoria Station",
               "Location": "51.49529296041453, -0.14292937977367579",
               "Audio": "",
               "AnnounceDistance": 20.0
          }
     ]
}