{
     "RouteNumber": "186",
     "Destination": "Brent Cross Shopping Centre",
     "RouteAudio": "",
     "DestinationAudio": "",
     "Stops": [
          {
               "Name": "Northwick Park Hospital Social Club",
               "Location": "51.57551741748717, -0.3184540918680399",
               "Audio": "",
               "AnnounceDistance": 20.0
          },
          {
               "Name": "Northwick Park Hospital",
               "Location": "51.57647350833547, -0.32368638515735587",
               "Audio": "",
               "AnnounceDistance": 20.0
          },
          {
               "Name": "Tyburn Lane",
               "Location": "51.57783286506998, -0.3338976224280981",
               "Audio": "",
               "AnnounceDistance": 20.0
          },
          {
               "Name": "Harrow Town Centre",
               "Location": "51.57934563837393, -0.33404435675767535",
               "Audio": "",
               "AnnounceDistance": 20.0
          },
          {
               "Name": "Harrow Bus Station",
               "Location": "51.57995992484949, -0.3374136021248631",
               "Audio": "",
               "AnnounceDistance": 20.0
          },
          {
               "Name": "Harrow Town Centre",
               "Location": "51.58079324609505, -0.3340347187435759",
               "Audio": "",
               "AnnounceDistance": 20.0
          },
          {
               "Name": "Harrow Town Centre / Sheepcote Road",
               "Location": "51.581742622543814, -0.33313399746198186",
               "Audio": "",
               "AnnounceDistance": 20.0
          },
          {
               "Name": "Safari Cinema",
               "Location": "51.586631396018, -0.33229108362027737",
               "Audio": "",
               "AnnounceDistance": 20.0
          },
          {
               "Name": "Harrow Civic Centre / Harrow Mosque",
               "Location": "51.589706387899504, -0.3329002766234211",
               "Audio": "",
               "AnnounceDistance": 20.0
          },
          {
               "Name": "Harrow Wealdstone Station",
               "Location": "51.592294846014966, -0.334075947542921",
               "Audio": "",
               "AnnounceDistance": 20.0
          },
          {
               "Name": "The Wealdstone Centre",
               "Location": "51.594281333259524, -0.33528819430415335",
               "Audio": "",
               "AnnounceDistance": 20.0
          },
          {
               "Name": "Montrose Road",
               "Location": "51.59704862643981, -0.33385869866119655",
               "Audio": "",
               "AnnounceDistance": 20.0
          },
          {
               "Name": "Warham Road",
               "Location": "51.598237127601124, -0.32890607843431646",
               "Audio": "",
               "AnnounceDistance": 20.0
          },
          {
               "Name": "Borrowdale Avenue",
               "Location": "51.599482097106424, -0.32477414072794303",
               "Audio": "",
               "AnnounceDistance": 20.0
          },
          {
               "Name": "Belmont Health Centre",
               "Location": "51.60084313618013, -0.3205943739521706",
               "Audio": "",
               "AnnounceDistance": 20.0
          },
          {
               "Name": "Belmont Circle",
               "Location": "51.60151408717116, -0.3178405243857113",
               "Audio": "",
               "AnnounceDistance": 20.0
          },
          {
               "Name": "Bellamy Drive",
               "Location": "51.60304211104027, -0.31340868976695496",
               "Audio": "",
               "AnnounceDistance": 20.0
          },
          {
               "Name": "Belmont Lane",
               "Location": "51.605294310115454, -0.30994607002271",
               "Audio": "",
               "AnnounceDistance": 20.0
          },
          {
               "Name": "Abercorn Road",
               "Location": "51.60598926302653, -0.30700316188545534",
               "Audio": "",
               "AnnounceDistance": 20.0
          },
          {
               "Name": "Marsh Lane",
               "Location": "51.6073185453037, -0.30005066101895705",
               "Audio": "",
               "AnnounceDistance": 20.0
          },
          {
               "Name": "Canons Park Station",
               "Location": "51.60754162163864, -0.2943523316960855",
               "Audio": "",
               "AnnounceDistance": 20.0
          },
          {
               "Name": "St Lawrence Church",
               "Location": "51.60809652942518, -0.2886125811161533",
               "Audio": "",
               "AnnounceDistance": 20.0
          },
          {
               "Name": "Buckingham Road",
               "Location": "51.60962485317294, -0.2824315729009065",
               "Audio": "",
               "AnnounceDistance": 20.0
          },
          {
               "Name": "St Margarets Church",
               "Location": "51.61125905908348, -0.27858587131097295",
               "Audio": "",
               "AnnounceDistance": 20.0
          },
          {
               "Name": "Edgware Station",
               "Location": "51.613399098298515, -0.27551510419458686",
               "Audio": "",
               "AnnounceDistance": 20.0
          },
          {
               "Name": "Edgware Bus Station",
               "Location": "51.61274148990909, -0.27421124242353134",
               "Audio": "",
               "AnnounceDistance": 20.0
          },
          {
               "Name": "Edgware Station / Station Road",
               "Location": "51.61456268964349, -0.2757598810904648",
               "Audio": "",
               "AnnounceDistance": 20.0
          },
          {
               "Name": "Purcells Avenue",
               "Location": "51.617896687641235, -0.2774535879435071",
               "Audio": "",
               "AnnounceDistance": 20.0
          },
          {
               "Name": "Edgwarebury Lane / Edgware Way",
               "Location": "51.6208129932271, -0.27764652234811654",
               "Audio": "",
               "AnnounceDistance": 20.0
          },
          {
               "Name": "Broadfields Avenue",
               "Location": "51.62170413452195, -0.27342339641216334",
               "Audio": "",
               "AnnounceDistance": 20.0
          },
          {
               "Name": "Broadhurst Avenue",
               "Location": "51.62221867617857, -0.2698934094366985",
               "Audio": "",
               "AnnounceDistance": 20.0
          },
          {
               "Name": "Kenilworth Road",
               "Location": "51.62229469067067, -0.2659033246877072",
               "Audio": "",
               "AnnounceDistance": 20.0
          },
          {
               "Name": "Stoneyfields Park",
               "Location": "51.62192333813045, -0.2626815234397234",
               "Audio": "",
               "AnnounceDistance": 20.0
          },
          {
               "Name": "Mount Grove",
               "Location": "51.62160324599144, -0.2586777200341491",
               "Audio": "",
               "AnnounceDistance": 20.0
          },
          {
               "Name": "Barnet Way / Apex Corner",
               "Location": "51.62099877076394, -0.25309582602019715",
               "Audio": "",
               "AnnounceDistance": 20.0
          },
          {
               "Name": "Mill Hill Circus",
               "Location": "51.61739796782424, -0.246199460891915",
               "Audio": "",
               "AnnounceDistance": 20.0
          },
          {
               "Name": "Flower Lane / Sacred Heart Church",
               "Location": "51.61505529072788, -0.2458853294863906",
               "Audio": "",
               "AnnounceDistance": 20.0
          },
          {
               "Name": "Mill Hill Broadway Station",
               "Location": "51.61330334752852, -0.2490004545924197",
               "Audio": "",
               "AnnounceDistance": 20.0
          },
          {
               "Name": "Lyndhurst Avenue",
               "Location": "51.610610880385536, -0.2493495843738281",
               "Audio": "",
               "AnnounceDistance": 20.0
          },
          {
               "Name": "Eversfield Gardens",
               "Location": "51.60910480581524, -0.2508661835817942",
               "Audio": "",
               "AnnounceDistance": 20.0
          },
          {
               "Name": "Goldbeaters Grove",
               "Location": "51.60745409364689, -0.25293701823602743",
               "Audio": "",
               "AnnounceDistance": 20.0
          },
          {
               "Name": "Cressingham Road",
               "Location": "51.605069870350086, -0.25647991309476725",
               "Audio": "",
               "AnnounceDistance": 20.0
          },
          {
               "Name": "Pageant Avenue",
               "Location": "51.60212607976773, -0.2544411142229726",
               "Audio": "",
               "AnnounceDistance": 20.0
          },
          {
               "Name": "North Acre",
               "Location": "51.6012092214396, -0.25144393880649035",
               "Audio": "",
               "AnnounceDistance": 20.0
          },
          {
               "Name": "Quakers Course",
               "Location": "51.601523480175814, -0.24598806645718224",
               "Audio": "",
               "AnnounceDistance": 20.0
          },
          {
               "Name": "Colindale Library",
               "Location": "51.59745930163002, -0.24540828617004734",
               "Audio": "",
               "AnnounceDistance": 20.0
          },
          {
               "Name": "Aerodrome Road / Colindale Gardens",
               "Location": "51.59590172982276, -0.24528061712719954",
               "Audio": "",
               "AnnounceDistance": 20.0
          },
          {
               "Name": "Heritage Avenue",
               "Location": "51.59500944250565, -0.2421387039578786",
               "Audio": "",
               "AnnounceDistance": 20.0
          },
          {
               "Name": "Rowan Drive",
               "Location": "51.59358455464048, -0.23706847657837077",
               "Audio": "",
               "AnnounceDistance": 20.0
          },
          {
               "Name": "Greyhound Hill",
               "Location": "51.592211959607205, -0.23429199333564293",
               "Audio": "",
               "AnnounceDistance": 20.0
          },
          {
               "Name": "St Josephs School",
               "Location": "51.58674403501414, -0.23186235762664467",
               "Audio": "",
               "AnnounceDistance": 20.0
          },
          {
               "Name": "Hendon War Memorial",
               "Location": "51.585783289063805, -0.23016747547563973",
               "Audio": "",
               "AnnounceDistance": 20.0
          },
          {
               "Name": "Hendon Central Station",
               "Location": "51.583652084565124, -0.22778204422104165",
               "Audio": "",
               "AnnounceDistance": 20.0
          },
          {
               "Name": "Beaufort Gardens",
               "Location": "51.57989134609523, -0.2252726831535502",
               "Audio": "",
               "AnnounceDistance": 20.0
          },
          {
               "Name": "North Circular Road",
               "Location": "51.57751182893803, -0.21956362373085653",
               "Audio": "",
               "AnnounceDistance": 20.0
          },
          {
               "Name": "Prince Charles Drive",
               "Location": "51.57689697713377, -0.2199340201033732",
               "Audio": "",
               "AnnounceDistance": 20.0
          },
          {
               "Name": "Brent Cross Shopping Centre",
               "Location": "51.57564740704349, -0.22351858921309795",
               "Audio": "",
               "AnnounceDistance": 20.0
          }
     ]
}