{
     "RouteNumber": "186",
     "Destination": "Northwick Park Hospital Social Club",
     "RouteAudio": "",
     "DestinationAudio": "",
     "Stops": [
          {
               "Name": "Brent Cross Shopping Centre",
               "Location": "51.57569590213609, -0.22256420987201092",
               "Audio": "",
               "AnnounceDistance": 20.0
          },
          {
               "Name": "Spalding Road",
               "Location": "51.5769031022833, -0.22033787768601384",
               "Audio": "",
               "AnnounceDistance": 20.0
          },
          {
               "Name": "Graham Road",
               "Location": "51.58142645880612, -0.22688715736794554",
               "Audio": "",
               "AnnounceDistance": 20.0
          },
          {
               "Name": "Hendon Central Station",
               "Location": "51.583521199844505, -0.2280469506897522",
               "Audio": "",
               "AnnounceDistance": 20.0
          },
          {
               "Name": "Hendon War Memorial",
               "Location": "51.58553158286851, -0.23076908093347867",
               "Audio": "",
               "AnnounceDistance": 20.0
          },
          {
               "Name": "Colindeep Lane",
               "Location": "51.58766572206128, -0.235146721513296",
               "Audio": "",
               "AnnounceDistance": 20.0
          },
          {
               "Name": "Rowan Drive",
               "Location": "51.59341098294803, -0.23688751269268177",
               "Audio": "",
               "AnnounceDistance": 20.0
          },
          {
               "Name": "Heritage Avenue",
               "Location": "51.59488340724389, -0.24212913219357302",
               "Audio": "",
               "AnnounceDistance": 20.0
          },
          {
               "Name": "Aerodrome Road / Colindale Gardens",
               "Location": "51.59591236603185, -0.24659406653689067",
               "Audio": "",
               "AnnounceDistance": 20.0
          },
          {
               "Name": "Colindale Library",
               "Location": "51.59843443742713, -0.24567391912392328",
               "Audio": "",
               "AnnounceDistance": 20.0
          },
          {
               "Name": "Quakers Course",
               "Location": "51.601609684748986, -0.2457392678060099",
               "Audio": "",
               "AnnounceDistance": 20.0
          },
          {
               "Name": "North Acre",
               "Location": "51.60106598271421, -0.2502798298975265",
               "Audio": "",
               "AnnounceDistance": 20.0
          },
          {
               "Name": "Angus Gardens",
               "Location": "51.602655295447256, -0.2555615909011949",
               "Audio": "",
               "AnnounceDistance": 20.0
          },
          {
               "Name": "Burnt Oak Leisure Centre",
               "Location": "51.60569811230045, -0.25639808251485563",
               "Audio": "",
               "AnnounceDistance": 20.0
          },
          {
               "Name": "Goldbeaters Grove",
               "Location": "51.60809575614354, -0.25194478054591424",
               "Audio": "",
               "AnnounceDistance": 20.0
          },
          {
               "Name": "Woodcroft Avenue",
               "Location": "51.61053563798181, -0.2479226564990111",
               "Audio": "",
               "AnnounceDistance": 20.0
          },
          {
               "Name": "Mill Hill Broadway Station",
               "Location": "51.614405039036754, -0.24810586862293973",
               "Audio": "",
               "AnnounceDistance": 20.0
          },
          {
               "Name": "Mill Hill Circus / Flower Lane",
               "Location": "51.616058315257305, -0.24500888262628215",
               "Audio": "",
               "AnnounceDistance": 20.0
          },
          {
               "Name": "Mill Hill Circus",
               "Location": "51.61727538374027, -0.24642085839021105",
               "Audio": "",
               "AnnounceDistance": 20.0
          },
          {
               "Name": "Apex Corner",
               "Location": "51.62097227336995, -0.25373246576930114",
               "Audio": "",
               "AnnounceDistance": 20.0
          },
          {
               "Name": "Oakmead Gardens",
               "Location": "51.621373649337315, -0.25896098459904865",
               "Audio": "",
               "AnnounceDistance": 20.0
          },
          {
               "Name": "Stoneyfields Park",
               "Location": "51.62180478150707, -0.2631772225047645",
               "Audio": "",
               "AnnounceDistance": 20.0
          },
          {
               "Name": "Highview Avenue",
               "Location": "51.62214955094402, -0.26703566996977796",
               "Audio": "",
               "AnnounceDistance": 20.0
          },
          {
               "Name": "The Grove",
               "Location": "51.622032498662215, -0.2700738458575157",
               "Audio": "",
               "AnnounceDistance": 20.0
          },
          {
               "Name": "Broadfields Avenue",
               "Location": "51.62149573038946, -0.27331573796423253",
               "Audio": "",
               "AnnounceDistance": 20.0
          },
          {
               "Name": "Edgwarebury Lane / Edgware Way",
               "Location": "51.62059475824186, -0.2774814356632472",
               "Audio": "",
               "AnnounceDistance": 20.0
          },
          {
               "Name": "Edgwarebury Gardens",
               "Location": "51.61746878037818, -0.2770942246040442",
               "Audio": "",
               "AnnounceDistance": 20.0
          },
          {
               "Name": "Edgware Station",
               "Location": "51.613399098298515, -0.27551510419458686",
               "Audio": "",
               "AnnounceDistance": 20.0
          },
          {
               "Name": "Edgware Station",
               "Location": "51.61306643867103, -0.27490664505011747",
               "Audio": "",
               "AnnounceDistance": 20.0
          },
          {
               "Name": "St Margarets Church",
               "Location": "51.61138709310557, -0.27811885606615605",
               "Audio": "",
               "AnnounceDistance": 20.0
          },
          {
               "Name": "Edgware Police Station",
               "Location": "51.610194241858665, -0.2801714972619525",
               "Audio": "",
               "AnnounceDistance": 20.0
          },
          {
               "Name": "Montgomery Road",
               "Location": "51.609313980423735, -0.28330983801749743",
               "Audio": "",
               "AnnounceDistance": 20.0
          },
          {
               "Name": "St Lawrence Church",
               "Location": "51.608315885313885, -0.28762228467373757",
               "Audio": "",
               "AnnounceDistance": 20.0
          },
          {
               "Name": "Canons Park Station",
               "Location": "51.60737676117614, -0.2953838615191184",
               "Audio": "",
               "AnnounceDistance": 20.0
          },
          {
               "Name": "Marsh Lane",
               "Location": "51.60721780332402, -0.2999244502882028",
               "Audio": "",
               "AnnounceDistance": 20.0
          },
          {
               "Name": "Abercorn Road",
               "Location": "51.60603298511422, -0.30629392059196026",
               "Audio": "",
               "AnnounceDistance": 20.0
          },
          {
               "Name": "Belmont Lane",
               "Location": "51.605067494404494, -0.3104310386151005",
               "Audio": "",
               "AnnounceDistance": 20.0
          },
          {
               "Name": "Bellamy Drive",
               "Location": "51.6025767662628, -0.31419125219015703",
               "Audio": "",
               "AnnounceDistance": 20.0
          },
          {
               "Name": "Belmont Circle",
               "Location": "51.60095346242164, -0.3182511068328103",
               "Audio": "",
               "AnnounceDistance": 20.0
          },
          {
               "Name": "Borrowdale Avenue",
               "Location": "51.599306260712204, -0.3250549511968727",
               "Audio": "",
               "AnnounceDistance": 20.0
          },
          {
               "Name": "Warham Road",
               "Location": "51.59783135105239, -0.33009048919742284",
               "Audio": "",
               "AnnounceDistance": 20.0
          },
          {
               "Name": "Montrose Road",
               "Location": "51.59673818183512, -0.33479409917618325",
               "Audio": "",
               "AnnounceDistance": 20.0
          },
          {
               "Name": "The Wealdstone Centre",
               "Location": "51.59406317681534, -0.3351229226506359",
               "Audio": "",
               "AnnounceDistance": 20.0
          },
          {
               "Name": "Harrow Wealdstone Station",
               "Location": "51.59231056818033, -0.33391656843567147",
               "Audio": "",
               "AnnounceDistance": 20.0
          },
          {
               "Name": "Harrow Civic Centre / Harrow Mosque",
               "Location": "51.588494067097336, -0.332381668267548",
               "Audio": "",
               "AnnounceDistance": 20.0
          },
          {
               "Name": "Hindes Road",
               "Location": "51.584568538714386, -0.33203462312622395",
               "Audio": "",
               "AnnounceDistance": 20.0
          },
          {
               "Name": "Harrow Town Centre / St Johns Road",
               "Location": "51.58228000036016, -0.3323493565386107",
               "Audio": "",
               "AnnounceDistance": 20.0
          },
          {
               "Name": "Harrow Town Centre",
               "Location": "51.580710515282405, -0.33390784676053537",
               "Audio": "",
               "AnnounceDistance": 20.0
          },
          {
               "Name": "Harrow Bus Station",
               "Location": "51.57997136449702, -0.3375863782805084",
               "Audio": "",
               "AnnounceDistance": 20.0
          },
          {
               "Name": "Harrow Town Centre",
               "Location": "51.57956868863363, -0.33392073892643914",
               "Audio": "",
               "AnnounceDistance": 20.0
          },
          {
               "Name": "Tyburn Lane",
               "Location": "51.57758508153681, -0.33354588210526626",
               "Audio": "",
               "AnnounceDistance": 20.0
          },
          {
               "Name": "Northwick Park Hospital",
               "Location": "51.57496375668966, -0.32501187683983906",
               "Audio": "",
               "AnnounceDistance": 20.0
          },
          {
               "Name": "Northwick Park Hospital / Ae Department",
               "Location": "51.57418220493296, -0.32003305129680204",
               "Audio": "",
               "AnnounceDistance": 20.0
          },
          {
               "Name": "Northwick Park Hospital Social Club",
               "Location": "51.57551741748717, -0.3184540918680399",
               "Audio": "",
               "AnnounceDistance": 20.0
          }
     ]
}