{
     "RouteNumber": "187",
     "Destination": "O2 Centre / Sainsburys",
     "RouteAudio": "",
     "DestinationAudio": "",
     "Stops": [
          {
               "Name": "Central Middlesex Hospital",
               "Location": "51.5306453398091, -0.26833553849611286",
               "Audio": "",
               "AnnounceDistance": 20.0
          },
          {
               "Name": "Abbey Road",
               "Location": "51.529346527955134, -0.2698985928273061",
               "Audio": "",
               "AnnounceDistance": 20.0
          },
          {
               "Name": "Park Royal Asda / Western Road",
               "Location": "51.52823492486239, -0.26952265046684437",
               "Audio": "",
               "AnnounceDistance": 20.0
          },
          {
               "Name": "Minerva Road",
               "Location": "51.529274669248295, -0.2638173952834381",
               "Audio": "",
               "AnnounceDistance": 20.0
          },
          {
               "Name": "North Acton Road",
               "Location": "51.5304412197074, -0.26001011364711285",
               "Audio": "",
               "AnnounceDistance": 20.0
          },
          {
               "Name": "Wesley Avenue",
               "Location": "51.53296427910654, -0.2603608711261509",
               "Audio": "",
               "AnnounceDistance": 20.0
          },
          {
               "Name": "Waxlow Road",
               "Location": "51.53451629761427, -0.2601142610966049",
               "Audio": "",
               "AnnounceDistance": 20.0
          },
          {
               "Name": "Harlesden Station",
               "Location": "51.53630627456906, -0.25711892637137357",
               "Audio": "",
               "AnnounceDistance": 20.0
          },
          {
               "Name": "Fairlight Avenue",
               "Location": "51.53678315730282, -0.25351031216617026",
               "Audio": "",
               "AnnounceDistance": 20.0
          },
          {
               "Name": "Willesden County Court",
               "Location": "51.53571958397293, -0.24851881180032218",
               "Audio": "",
               "AnnounceDistance": 20.0
          },
          {
               "Name": "Buckingham Road",
               "Location": "51.536042686703155, -0.2460695898767425",
               "Audio": "",
               "AnnounceDistance": 20.0
          },
          {
               "Name": "Park Parade",
               "Location": "51.53675908985282, -0.24406660959853413",
               "Audio": "",
               "AnnounceDistance": 20.0
          },
          {
               "Name": "Harlesden Road",
               "Location": "51.53674615557753, -0.24020274020433796",
               "Audio": "",
               "AnnounceDistance": 20.0
          },
          {
               "Name": "Furness Road",
               "Location": "51.534704815052216, -0.23660471544451978",
               "Audio": "",
               "AnnounceDistance": 20.0
          },
          {
               "Name": "All Souls Avenue",
               "Location": "51.53372626895128, -0.23432117855173323",
               "Audio": "",
               "AnnounceDistance": 20.0
          },
          {
               "Name": "Doyle Gardens",
               "Location": "51.53621498713508, -0.23000006731902303",
               "Audio": "",
               "AnnounceDistance": 20.0
          },
          {
               "Name": "College Road",
               "Location": "51.535771620631046, -0.22743626616784993",
               "Audio": "",
               "AnnounceDistance": 20.0
          },
          {
               "Name": "Whitmore Gardens",
               "Location": "51.536501363618896, -0.2209913570630925",
               "Audio": "",
               "AnnounceDistance": 20.0
          },
          {
               "Name": "Kensal Rise Station",
               "Location": "51.53440569664274, -0.2191842294371908",
               "Audio": "",
               "AnnounceDistance": 20.0
          },
          {
               "Name": "Station Terrace",
               "Location": "51.53322381308416, -0.21833642462783068",
               "Audio": "",
               "AnnounceDistance": 20.0
          },
          {
               "Name": "Kilburn Lane",
               "Location": "51.53129798802349, -0.21587411476217105",
               "Audio": "",
               "AnnounceDistance": 20.0
          },
          {
               "Name": "Allington Road",
               "Location": "51.53215187467113, -0.2105349514701792",
               "Audio": "",
               "AnnounceDistance": 20.0
          },
          {
               "Name": "Queens Park Station",
               "Location": "51.53322947618051, -0.20455238281535493",
               "Audio": "",
               "AnnounceDistance": 20.0
          },
          {
               "Name": "Fernhead Road / Carlton Vale",
               "Location": "51.531732600832555, -0.20252070138494535",
               "Audio": "",
               "AnnounceDistance": 20.0
          },
          {
               "Name": "Shirland Road / Fernhead Road",
               "Location": "51.528506065819855, -0.2008745194542702",
               "Audio": "",
               "AnnounceDistance": 20.0
          },
          {
               "Name": "Saltram Crescent",
               "Location": "51.52808690215495, -0.19875738348476077",
               "Audio": "",
               "AnnounceDistance": 20.0
          },
          {
               "Name": "Chippenham Road",
               "Location": "51.52748830876862, -0.1960851344407098",
               "Audio": "",
               "AnnounceDistance": 20.0
          },
          {
               "Name": "Elgin Avenue",
               "Location": "51.526270331660214, -0.192904076275552",
               "Audio": "",
               "AnnounceDistance": 20.0
          },
          {
               "Name": "Charfield Court",
               "Location": "51.52399408303135, -0.18816505261025696",
               "Audio": "",
               "AnnounceDistance": 20.0
          },
          {
               "Name": "Warwick Avenue Station",
               "Location": "51.52368934873679, -0.18357868261804303",
               "Audio": "",
               "AnnounceDistance": 20.0
          },
          {
               "Name": "Clifton Road",
               "Location": "51.52585582795845, -0.17889378014111543",
               "Audio": "",
               "AnnounceDistance": 20.0
          },
          {
               "Name": "Maida Vale",
               "Location": "51.52787367293869, -0.18086042130972776",
               "Audio": "",
               "AnnounceDistance": 20.0
          },
          {
               "Name": "Hall Road / Maida Vale",
               "Location": "51.52895371148827, -0.18034161275610472",
               "Audio": "",
               "AnnounceDistance": 20.0
          },
          {
               "Name": "Grove End Road",
               "Location": "51.53118161616688, -0.17556704604490242",
               "Audio": "",
               "AnnounceDistance": 20.0
          },
          {
               "Name": "Circus Road / Wellington Road",
               "Location": "51.53291501220737, -0.17369546903353145",
               "Audio": "",
               "AnnounceDistance": 20.0
          },
          {
               "Name": "St Johns Wood Station",
               "Location": "51.53371416807779, -0.17362022849979106",
               "Audio": "",
               "AnnounceDistance": 20.0
          },
          {
               "Name": "Queens Grove",
               "Location": "51.53685159757782, -0.17645062334092346",
               "Audio": "",
               "AnnounceDistance": 20.0
          },
          {
               "Name": "Boundary Road",
               "Location": "51.54027650687881, -0.17579458435016126",
               "Audio": "",
               "AnnounceDistance": 20.0
          },
          {
               "Name": "Swiss Cottage Stn / Finchley Road",
               "Location": "51.54314557101683, -0.17524720585627926",
               "Audio": "",
               "AnnounceDistance": 20.0
          },
          {
               "Name": "College Crescent",
               "Location": "51.544846053828394, -0.17646273172084204",
               "Audio": "",
               "AnnounceDistance": 20.0
          },
          {
               "Name": "Finchley Road Station",
               "Location": "51.54669333750317, -0.17960510131123175",
               "Audio": "",
               "AnnounceDistance": 20.0
          },
          {
               "Name": "Finchley Road / O2 Centre",
               "Location": "51.54790580448944, -0.18066727134347946",
               "Audio": "",
               "AnnounceDistance": 20.0
          },
          {
               "Name": "O2 Centre / Sainsburys",
               "Location": "51.54823492771621, -0.18333682399151574",
               "Audio": "",
               "AnnounceDistance": 20.0
          }
     ]
}