{
     "RouteNumber": "188",
     "Destination": "North Greenwich Station",
     "RouteAudio": "",
     "DestinationAudio": "",
     "Stops": [
          {
               "Name": "Canada Water Bus Station",
               "Location": "51.4979480124273, -0.04999530026434328",
               "Audio": "",
               "AnnounceDistance": 20.0
          },
          {
               "Name": "Canada Street",
               "Location": "51.49846466465175, -0.046457807445594156",
               "Audio": "",
               "AnnounceDistance": 20.0
          },
          {
               "Name": "Surrey Quays Leisure Park",
               "Location": "51.495612060708616, -0.045801817775287",
               "Audio": "",
               "AnnounceDistance": 20.0
          },
          {
               "Name": "Surrey Quays Station",
               "Location": "51.49342133750397, -0.046010758214009045",
               "Audio": "",
               "AnnounceDistance": 20.0
          },
          {
               "Name": "Lower Road / Surrey Quays Station",
               "Location": "51.492334831889515, -0.04556742784170926",
               "Audio": "",
               "AnnounceDistance": 20.0
          },
          {
               "Name": "Bestwood Street",
               "Location": "51.48953850670016, -0.04127916990928448",
               "Audio": "",
               "AnnounceDistance": 20.0
          },
          {
               "Name": "Deptford Park School",
               "Location": "51.48825823073197, -0.03892851643603506",
               "Audio": "",
               "AnnounceDistance": 20.0
          },
          {
               "Name": "Evelyn Street / Grinstead Road",
               "Location": "51.48697405232345, -0.036347697610592804",
               "Audio": "",
               "AnnounceDistance": 20.0
          },
          {
               "Name": "Deptford Fire Station",
               "Location": "51.48510330257297, -0.03364822173024378",
               "Audio": "",
               "AnnounceDistance": 20.0
          },
          {
               "Name": "Abinger Grove",
               "Location": "51.483586820203705, -0.031164149106954083",
               "Audio": "",
               "AnnounceDistance": 20.0
          },
          {
               "Name": "Sayes Court Estate",
               "Location": "51.48213346395119, -0.028159029404446156",
               "Audio": "",
               "AnnounceDistance": 20.0
          },
          {
               "Name": "Deptford High Street",
               "Location": "51.48126899709986, -0.024883821276328422",
               "Audio": "",
               "AnnounceDistance": 20.0
          },
          {
               "Name": "Macmillan Students Village",
               "Location": "51.480993881787526, -0.02136719812567516",
               "Audio": "",
               "AnnounceDistance": 20.0
          },
          {
               "Name": "Creekside",
               "Location": "51.48140984459435, -0.017244561088370122",
               "Audio": "",
               "AnnounceDistance": 20.0
          },
          {
               "Name": "Creek Road / Norman Road",
               "Location": "51.48149568338978, -0.014345984928430873",
               "Audio": "",
               "AnnounceDistance": 20.0
          },
          {
               "Name": "Greenwich Tn Ctr / Cutty Sark Stn",
               "Location": "51.481494961460236, -0.011119910202632002",
               "Audio": "",
               "AnnounceDistance": 20.0
          },
          {
               "Name": "Greenwich Town Centre / Cutty Sark",
               "Location": "51.48190053865118, -0.008524235663767194",
               "Audio": "",
               "AnnounceDistance": 20.0
          },
          {
               "Name": "National Maritime Museum",
               "Location": "51.481562797228015, -0.007170731941096222",
               "Audio": "",
               "AnnounceDistance": 20.0
          },
          {
               "Name": "Trafalgar Estate",
               "Location": "51.48324609748012, -0.001984341219360695",
               "Audio": "",
               "AnnounceDistance": 20.0
          },
          {
               "Name": "Trafalgar Road / Maze Hill",
               "Location": "51.48416013210597, 0.0013683318781647147",
               "Audio": "",
               "AnnounceDistance": 20.0
          },
          {
               "Name": "King William Lane",
               "Location": "51.48492203216536, 0.003619812129370346",
               "Audio": "",
               "AnnounceDistance": 20.0
          },
          {
               "Name": "Tyler Street",
               "Location": "51.48557063919805, 0.0061832752522186195",
               "Audio": "",
               "AnnounceDistance": 20.0
          },
          {
               "Name": "Pelton Road",
               "Location": "51.48637235155948, 0.007154715479317262",
               "Audio": "",
               "AnnounceDistance": 20.0
          },
          {
               "Name": "Tunnel Avenue",
               "Location": "51.49032294786488, 0.00856706780950665",
               "Audio": "",
               "AnnounceDistance": 20.0
          },
          {
               "Name": "Boord Street",
               "Location": "51.495424412632076, 0.007365064959252085",
               "Audio": "",
               "AnnounceDistance": 20.0
          },
          {
               "Name": "North Greenwich Station",
               "Location": "51.50060942499107, 0.002852564638876403",
               "Audio": "",
               "AnnounceDistance": 20.0
          }
     ]
}