{
     "RouteNumber": "188",
     "Destination": "Tottenham Court Road",
     "RouteAudio": "",
     "DestinationAudio": "",
     "Stops": [
          {
               "Name": "North Greenwich Station",
               "Location": "51.499653731416316, 0.004049753586647907",
               "Audio": "",
               "AnnounceDistance": 20.0
          },
          {
               "Name": "Boord Street",
               "Location": "51.49546170203612, 0.007813311111206183",
               "Audio": "",
               "AnnounceDistance": 20.0
          },
          {
               "Name": "Tunnel Avenue",
               "Location": "51.490454285009854, 0.008774512319889446",
               "Audio": "",
               "AnnounceDistance": 20.0
          },
          {
               "Name": "Christ Church Primary School",
               "Location": "51.4878281921948, 0.007737207860569989",
               "Audio": "",
               "AnnounceDistance": 20.0
          },
          {
               "Name": "Tyler Street",
               "Location": "51.48528395091259, 0.0055945519288018615",
               "Audio": "",
               "AnnounceDistance": 20.0
          },
          {
               "Name": "Trafalgar Road / Maze Hill",
               "Location": "51.4836331060356, 0.00010660131030261709",
               "Audio": "",
               "AnnounceDistance": 20.0
          },
          {
               "Name": "Trafalgar Estate",
               "Location": "51.48292636505049, -0.0027472589740539853",
               "Audio": "",
               "AnnounceDistance": 20.0
          },
          {
               "Name": "National Maritime Museum",
               "Location": "51.481556681570524, -0.00681094130316401",
               "Audio": "",
               "AnnounceDistance": 20.0
          },
          {
               "Name": "Greenwich Church Street",
               "Location": "51.4810967902061, -0.00991305205204871",
               "Audio": "",
               "AnnounceDistance": 20.0
          },
          {
               "Name": "Creek Road / Norman Road",
               "Location": "51.481362809451426, -0.01393409241825044",
               "Audio": "",
               "AnnounceDistance": 20.0
          },
          {
               "Name": "Creekside",
               "Location": "51.48121824946707, -0.0181458053842804",
               "Audio": "",
               "AnnounceDistance": 20.0
          },
          {
               "Name": "Macmillan Students Village",
               "Location": "51.48079861324537, -0.022052544977338183",
               "Audio": "",
               "AnnounceDistance": 20.0
          },
          {
               "Name": "Deptford High Street",
               "Location": "51.48179177758753, -0.027626480048129034",
               "Audio": "",
               "AnnounceDistance": 20.0
          },
          {
               "Name": "Abinger Grove",
               "Location": "51.48363730896357, -0.03149324108378881",
               "Audio": "",
               "AnnounceDistance": 20.0
          },
          {
               "Name": "Deptford Fire Station",
               "Location": "51.48533954093334, -0.03432942317850636",
               "Audio": "",
               "AnnounceDistance": 20.0
          },
          {
               "Name": "Deptford Park School",
               "Location": "51.488038469032176, -0.038693073706213096",
               "Audio": "",
               "AnnounceDistance": 20.0
          },
          {
               "Name": "Bestwood Street",
               "Location": "51.48981136764858, -0.04200212100227952",
               "Audio": "",
               "AnnounceDistance": 20.0
          },
          {
               "Name": "Bush Road",
               "Location": "51.491069319751425, -0.0451749911250896",
               "Audio": "",
               "AnnounceDistance": 20.0
          },
          {
               "Name": "Surrey Quays Station",
               "Location": "51.492859653630234, -0.047921933758673",
               "Audio": "",
               "AnnounceDistance": 20.0
          },
          {
               "Name": "Surrey Quays Shopping Centre",
               "Location": "51.494010000603794, -0.046259301630238156",
               "Audio": "",
               "AnnounceDistance": 20.0
          },
          {
               "Name": "Surrey Quays Leisure Park",
               "Location": "51.495669576588384, -0.04601545776221477",
               "Audio": "",
               "AnnounceDistance": 20.0
          },
          {
               "Name": "Canada Street",
               "Location": "51.4974651445235, -0.04583781372793589",
               "Audio": "",
               "AnnounceDistance": 20.0
          },
          {
               "Name": "Canada Water Bus Station",
               "Location": "51.498047579443096, -0.05003427271711396",
               "Audio": "",
               "AnnounceDistance": 20.0
          },
          {
               "Name": "Neptune Street / St Olaves Estate",
               "Location": "51.49747627717516, -0.05407827192566645",
               "Audio": "",
               "AnnounceDistance": 20.0
          },
          {
               "Name": "Southwark Park",
               "Location": "51.49883514426409, -0.05739178156876019",
               "Audio": "",
               "AnnounceDistance": 20.0
          },
          {
               "Name": "Drummond Road",
               "Location": "51.4983936802182, -0.06168958035068529",
               "Audio": "",
               "AnnounceDistance": 20.0
          },
          {
               "Name": "Bermondsey Station",
               "Location": "51.49797870127906, -0.06487680580852374",
               "Audio": "",
               "AnnounceDistance": 20.0
          },
          {
               "Name": "St Jamess Road",
               "Location": "51.49797935167012, -0.06764299051464447",
               "Audio": "",
               "AnnounceDistance": 20.0
          },
          {
               "Name": "Jamaica Road / Abbey Street",
               "Location": "51.49893061132505, -0.07080125341544012",
               "Audio": "",
               "AnnounceDistance": 20.0
          },
          {
               "Name": "Dockhead",
               "Location": "51.4999777939681, -0.07268770032010605",
               "Audio": "",
               "AnnounceDistance": 20.0
          },
          {
               "Name": "Tanner Street",
               "Location": "51.50025471269536, -0.07531269225344324",
               "Audio": "",
               "AnnounceDistance": 20.0
          },
          {
               "Name": "Druid Street",
               "Location": "51.500770410580124, -0.07824464928461143",
               "Audio": "",
               "AnnounceDistance": 20.0
          },
          {
               "Name": "Abbey Street",
               "Location": "51.49820048719083, -0.07946212212572601",
               "Audio": "",
               "AnnounceDistance": 20.0
          },
          {
               "Name": "Grange Road / Caledonian Market",
               "Location": "51.49640303718494, -0.08227497577031577",
               "Audio": "",
               "AnnounceDistance": 20.0
          },
          {
               "Name": "Bricklayers Arms / Tower Bridge Road",
               "Location": "51.495153555855104, -0.08395534502105031",
               "Audio": "",
               "AnnounceDistance": 20.0
          },
          {
               "Name": "Bricklayers Arms / New Kent Road",
               "Location": "51.494033082597426, -0.09024015833929251",
               "Audio": "",
               "AnnounceDistance": 20.0
          },
          {
               "Name": "Rodney Place",
               "Location": "51.494168582936204, -0.09470038721269991",
               "Audio": "",
               "AnnounceDistance": 20.0
          },
          {
               "Name": "Elephant Castle / New Kent Road",
               "Location": "51.49497953637701, -0.09923338508385535",
               "Audio": "",
               "AnnounceDistance": 20.0
          },
          {
               "Name": "Elephant Castle / London Road",
               "Location": "51.49613467556886, -0.10170650459162847",
               "Audio": "",
               "AnnounceDistance": 20.0
          },
          {
               "Name": "St Georges Circus",
               "Location": "51.4998396534288, -0.10727248266007526",
               "Audio": "",
               "AnnounceDistance": 20.0
          },
          {
               "Name": "The Old Vic",
               "Location": "51.50128972467029, -0.1090854848497529",
               "Audio": "",
               "AnnounceDistance": 20.0
          },
          {
               "Name": "Waterloo Station / Tenison Way",
               "Location": "51.504359237038955, -0.11374230002115361",
               "Audio": "",
               "AnnounceDistance": 20.0
          },
          {
               "Name": "Waterloo Bridge / South Bank",
               "Location": "51.506258964623825, -0.11500396441500564",
               "Audio": "",
               "AnnounceDistance": 20.0
          },
          {
               "Name": "Lancaster Place",
               "Location": "51.510446241573725, -0.11872215509872432",
               "Audio": "",
               "AnnounceDistance": 20.0
          },
          {
               "Name": "Aldwych / Kingsway",
               "Location": "51.5130341250018, -0.11803905814371167",
               "Audio": "",
               "AnnounceDistance": 20.0
          },
          {
               "Name": "Holborn Station",
               "Location": "51.517071730282844, -0.12027965094069236",
               "Audio": "",
               "AnnounceDistance": 20.0
          },
          {
               "Name": "Drury Lane",
               "Location": "51.51638672048781, -0.12411290118951716",
               "Audio": "",
               "AnnounceDistance": 20.0
          },
          {
               "Name": "Tottenham Court Road",
               "Location": "51.51602000105959, -0.1287401082238888",
               "Audio": "",
               "AnnounceDistance": 20.0
          }
     ]
}