{
     "RouteNumber": "188",
     "Destination": "Canada Water Bus Station",
     "RouteAudio": "",
     "DestinationAudio": "",
     "Stops": [
          {
               "Name": "North Greenwich Station",
               "Location": "51.499653731416316, 0.004049753586647907",
               "Audio": "",
               "AnnounceDistance": 20.0
          },
          {
               "Name": "Boord Street",
               "Location": "51.49546170203612, 0.007813311111206183",
               "Audio": "",
               "AnnounceDistance": 20.0
          },
          {
               "Name": "Tunnel Avenue",
               "Location": "51.490454285009854, 0.008774512319889446",
               "Audio": "",
               "AnnounceDistance": 20.0
          },
          {
               "Name": "Christ Church Primary School",
               "Location": "51.4878281921948, 0.007737207860569989",
               "Audio": "",
               "AnnounceDistance": 20.0
          },
          {
               "Name": "Tyler Street",
               "Location": "51.48528395091259, 0.0055945519288018615",
               "Audio": "",
               "AnnounceDistance": 20.0
          },
          {
               "Name": "Trafalgar Road / Maze Hill",
               "Location": "51.4836331060356, 0.00010660131030261709",
               "Audio": "",
               "AnnounceDistance": 20.0
          },
          {
               "Name": "Trafalgar Estate",
               "Location": "51.48292636505049, -0.0027472589740539853",
               "Audio": "",
               "AnnounceDistance": 20.0
          },
          {
               "Name": "National Maritime Museum",
               "Location": "51.481556681570524, -0.00681094130316401",
               "Audio": "",
               "AnnounceDistance": 20.0
          },
          {
               "Name": "Greenwich Church Street",
               "Location": "51.4810967902061, -0.00991305205204871",
               "Audio": "",
               "AnnounceDistance": 20.0
          },
          {
               "Name": "Creek Road / Norman Road",
               "Location": "51.481362809451426, -0.01393409241825044",
               "Audio": "",
               "AnnounceDistance": 20.0
          },
          {
               "Name": "Creekside",
               "Location": "51.48121824946707, -0.0181458053842804",
               "Audio": "",
               "AnnounceDistance": 20.0
          },
          {
               "Name": "Macmillan Students Village",
               "Location": "51.48079861324537, -0.022052544977338183",
               "Audio": "",
               "AnnounceDistance": 20.0
          },
          {
               "Name": "Deptford High Street",
               "Location": "51.48179177758753, -0.027626480048129034",
               "Audio": "",
               "AnnounceDistance": 20.0
          },
          {
               "Name": "Abinger Grove",
               "Location": "51.48363730896357, -0.03149324108378881",
               "Audio": "",
               "AnnounceDistance": 20.0
          },
          {
               "Name": "Deptford Fire Station",
               "Location": "51.48533954093334, -0.03432942317850636",
               "Audio": "",
               "AnnounceDistance": 20.0
          },
          {
               "Name": "Deptford Park School",
               "Location": "51.488038469032176, -0.038693073706213096",
               "Audio": "",
               "AnnounceDistance": 20.0
          },
          {
               "Name": "Bestwood Street",
               "Location": "51.48981136764858, -0.04200212100227952",
               "Audio": "",
               "AnnounceDistance": 20.0
          },
          {
               "Name": "Bush Road",
               "Location": "51.491069319751425, -0.0451749911250896",
               "Audio": "",
               "AnnounceDistance": 20.0
          },
          {
               "Name": "Surrey Quays Station",
               "Location": "51.492859653630234, -0.047921933758673",
               "Audio": "",
               "AnnounceDistance": 20.0
          },
          {
               "Name": "Surrey Quays Shopping Centre",
               "Location": "51.494010000603794, -0.046259301630238156",
               "Audio": "",
               "AnnounceDistance": 20.0
          },
          {
               "Name": "Surrey Quays Leisure Park",
               "Location": "51.495669576588384, -0.04601545776221477",
               "Audio": "",
               "AnnounceDistance": 20.0
          },
          {
               "Name": "Canada Street",
               "Location": "51.4974651445235, -0.04583781372793589",
               "Audio": "",
               "AnnounceDistance": 20.0
          },
          {
               "Name": "Canada Water Bus Station",
               "Location": "51.498047579443096, -0.05003427271711396",
               "Audio": "",
               "AnnounceDistance": 20.0
          }
     ]
}