{
     "RouteNumber": "189",
     "Destination": "Brent Cross Shopping Centre",
     "RouteAudio": "",
     "DestinationAudio": "",
     "Stops": [
          {
               "Name": "Marble Arch Station",
               "Location": "51.513684880688594, -0.15675217839192496",
               "Audio": "",
               "AnnounceDistance": 20.0
          },
          {
               "Name": "Orchard Street / Selfridges",
               "Location": "51.514607280736065, -0.1542215914474216",
               "Audio": "",
               "AnnounceDistance": 20.0
          },
          {
               "Name": "Portman Square",
               "Location": "51.51674379517732, -0.15512972603833963",
               "Audio": "",
               "AnnounceDistance": 20.0
          },
          {
               "Name": "York Street",
               "Location": "51.52065687951907, -0.15693194545568426",
               "Audio": "",
               "AnnounceDistance": 20.0
          },
          {
               "Name": "Baker Street Station",
               "Location": "51.52284910388063, -0.15795339183100499",
               "Audio": "",
               "AnnounceDistance": 20.0
          },
          {
               "Name": "Park Road / Ivor Place",
               "Location": "51.52508053967602, -0.16032843149703532",
               "Audio": "",
               "AnnounceDistance": 20.0
          },
          {
               "Name": "Rossmore Road / London Business School",
               "Location": "51.52540176326816, -0.16246344445279326",
               "Audio": "",
               "AnnounceDistance": 20.0
          },
          {
               "Name": "Rossmore Road / Lisson Grove",
               "Location": "51.52436939408975, -0.16659900835712235",
               "Audio": "",
               "AnnounceDistance": 20.0
          },
          {
               "Name": "Frampton Street",
               "Location": "51.52564267511761, -0.17039690938701077",
               "Audio": "",
               "AnnounceDistance": 20.0
          },
          {
               "Name": "St Johns Wood Road / Lords Cricket Grd",
               "Location": "51.527085030408216, -0.17351068784064771",
               "Audio": "",
               "AnnounceDistance": 20.0
          },
          {
               "Name": "Hall Road",
               "Location": "51.52997486132265, -0.17661008025703398",
               "Audio": "",
               "AnnounceDistance": 20.0
          },
          {
               "Name": "Abbey Road Studios / Grove End Road",
               "Location": "51.53243988560549, -0.1778380431604736",
               "Audio": "",
               "AnnounceDistance": 20.0
          },
          {
               "Name": "Marlborough Place",
               "Location": "51.53496700253605, -0.18075066013591898",
               "Audio": "",
               "AnnounceDistance": 20.0
          },
          {
               "Name": "Boundary Road",
               "Location": "51.53757509065651, -0.18425157725915248",
               "Audio": "",
               "AnnounceDistance": 20.0
          },
          {
               "Name": "Belsize Road",
               "Location": "51.5389673312031, -0.18647453988583637",
               "Audio": "",
               "AnnounceDistance": 20.0
          },
          {
               "Name": "Priory Road",
               "Location": "51.54049544672477, -0.18876434452386473",
               "Audio": "",
               "AnnounceDistance": 20.0
          },
          {
               "Name": "Quex Road",
               "Location": "51.540584307900225, -0.19336098292971157",
               "Audio": "",
               "AnnounceDistance": 20.0
          },
          {
               "Name": "Priory Park Road",
               "Location": "51.540313451821845, -0.19621254636891997",
               "Audio": "",
               "AnnounceDistance": 20.0
          },
          {
               "Name": "Buckley Road",
               "Location": "51.54288837701191, -0.1993410991243645",
               "Audio": "",
               "AnnounceDistance": 20.0
          },
          {
               "Name": "Brondesbury Station",
               "Location": "51.54532245354791, -0.20208615546738792",
               "Audio": "",
               "AnnounceDistance": 20.0
          },
          {
               "Name": "Kilburn Station",
               "Location": "51.54638348944687, -0.20325581203652074",
               "Audio": "",
               "AnnounceDistance": 20.0
          },
          {
               "Name": "St Cuthberts Road",
               "Location": "51.548905583483716, -0.20588243402952677",
               "Audio": "",
               "AnnounceDistance": 20.0
          },
          {
               "Name": "Mill Lane",
               "Location": "51.550600118513415, -0.20790720877052726",
               "Audio": "",
               "AnnounceDistance": 20.0
          },
          {
               "Name": "Skardu Road",
               "Location": "51.55379444816299, -0.21216678626901406",
               "Audio": "",
               "AnnounceDistance": 20.0
          },
          {
               "Name": "Cricklewood Broadway / The Crown",
               "Location": "51.555998732067536, -0.21460480307162214",
               "Audio": "",
               "AnnounceDistance": 20.0
          },
          {
               "Name": "Cricklewood Broadway",
               "Location": "51.557206720358586, -0.21480273757606144",
               "Audio": "",
               "AnnounceDistance": 20.0
          },
          {
               "Name": "Cricklewood Station",
               "Location": "51.559034525857356, -0.21200457882103663",
               "Audio": "",
               "AnnounceDistance": 20.0
          },
          {
               "Name": "Somerton Road",
               "Location": "51.56069080331748, -0.21329574693372377",
               "Audio": "",
               "AnnounceDistance": 20.0
          },
          {
               "Name": "Caney Mews",
               "Location": "51.564813681924974, -0.2165391957614156",
               "Audio": "",
               "AnnounceDistance": 20.0
          },
          {
               "Name": "Clitterhouse Road South",
               "Location": "51.56724015737525, -0.21821900988816104",
               "Audio": "",
               "AnnounceDistance": 20.0
          },
          {
               "Name": "Clitterhouse Road North",
               "Location": "51.56873264681567, -0.2187955548087297",
               "Audio": "",
               "AnnounceDistance": 20.0
          },
          {
               "Name": "Brent Cross West Station",
               "Location": "51.57009913779519, -0.22649098578842172",
               "Audio": "",
               "AnnounceDistance": 20.0
          },
          {
               "Name": "Brent Cross West Station",
               "Location": "51.570328877470686, -0.22622230609694527",
               "Audio": "",
               "AnnounceDistance": 20.0
          },
          {
               "Name": "Claremont Way",
               "Location": "51.571419092591036, -0.21923890092763193",
               "Audio": "",
               "AnnounceDistance": 20.0
          },
          {
               "Name": "Mapledown School",
               "Location": "51.57384203184525, -0.22068833429957407",
               "Audio": "",
               "AnnounceDistance": 20.0
          },
          {
               "Name": "Brent Cross Shopping Centre",
               "Location": "51.57564740704349, -0.22351858921309795",
               "Audio": "",
               "AnnounceDistance": 20.0
          }
     ]
}