{
     "RouteNumber": "18",
     "Destination": "Euston Station",
     "RouteAudio": "",
     "DestinationAudio": "",
     "Stops": [
          {
               "Name": "Sudbury Harrow Road Station",
               "Location": "51.55413436481519, -0.3147278198448142",
               "Audio": "",
               "AnnounceDistance": 20.0
          },
          {
               "Name": "Chaplin Road",
               "Location": "51.55189263017048, -0.3101661521076665",
               "Audio": "",
               "AnnounceDistance": 20.0
          },
          {
               "Name": "Copland Avenue",
               "Location": "51.5519795460266, -0.30497029597235",
               "Audio": "",
               "AnnounceDistance": 20.0
          },
          {
               "Name": "Ealing Road",
               "Location": "51.55222444012364, -0.300763788194458",
               "Audio": "",
               "AnnounceDistance": 20.0
          },
          {
               "Name": "Wembley Central Station",
               "Location": "51.55276158107479, -0.2962578311938578",
               "Audio": "",
               "AnnounceDistance": 20.0
          },
          {
               "Name": "Ark Elvin Academy / Park Lane",
               "Location": "51.55366391942717, -0.29214197190941826",
               "Audio": "",
               "AnnounceDistance": 20.0
          },
          {
               "Name": "Wembley Triangle",
               "Location": "51.55361765763545, -0.2883500518307447",
               "Audio": "",
               "AnnounceDistance": 20.0
          },
          {
               "Name": "Waverley Avenue",
               "Location": "51.55263139515992, -0.2848531352034006",
               "Audio": "",
               "AnnounceDistance": 20.0
          },
          {
               "Name": "Tring Avenue",
               "Location": "51.5500191661525, -0.281475336560152",
               "Audio": "",
               "AnnounceDistance": 20.0
          },
          {
               "Name": "Flamsted Avenue",
               "Location": "51.548446730756375, -0.2784913514006837",
               "Audio": "",
               "AnnounceDistance": 20.0
          },
          {
               "Name": "Wyld Way",
               "Location": "51.54724872191166, -0.27529149730736024",
               "Audio": "",
               "AnnounceDistance": 20.0
          },
          {
               "Name": "Stonebridge Park Stn / Point Place",
               "Location": "51.54555087219822, -0.2729616432282024",
               "Audio": "",
               "AnnounceDistance": 20.0
          },
          {
               "Name": "North Circular Road",
               "Location": "51.54374081602461, -0.270953486189963",
               "Audio": "",
               "AnnounceDistance": 20.0
          },
          {
               "Name": "Sunny Crescent",
               "Location": "51.54301515530211, -0.26930813054636554",
               "Audio": "",
               "AnnounceDistance": 20.0
          },
          {
               "Name": "West End Close",
               "Location": "51.54203949128963, -0.265350553538804",
               "Audio": "",
               "AnnounceDistance": 20.0
          },
          {
               "Name": "Shakespeare Road",
               "Location": "51.541248383050814, -0.26050644898720804",
               "Audio": "",
               "AnnounceDistance": 20.0
          },
          {
               "Name": "Knatchbull Road",
               "Location": "51.541423657783284, -0.2577742476571117",
               "Audio": "",
               "AnnounceDistance": 20.0
          },
          {
               "Name": "Craven Park",
               "Location": "51.54072989407527, -0.25526273161351637",
               "Audio": "",
               "AnnounceDistance": 20.0
          },
          {
               "Name": "St Marys Road",
               "Location": "51.53928921790461, -0.25151093028209104",
               "Audio": "",
               "AnnounceDistance": 20.0
          },
          {
               "Name": "Tavistock Road",
               "Location": "51.53706147097439, -0.24624671742148935",
               "Audio": "",
               "AnnounceDistance": 20.0
          },
          {
               "Name": "Nightingale Road",
               "Location": "51.53438495001152, -0.24225472528979938",
               "Audio": "",
               "AnnounceDistance": 20.0
          },
          {
               "Name": "Scrubs Lane",
               "Location": "51.53243247137256, -0.23618789826573977",
               "Audio": "",
               "AnnounceDistance": 20.0
          },
          {
               "Name": "Victor Road",
               "Location": "51.5313791109218, -0.2313266276528632",
               "Audio": "",
               "AnnounceDistance": 20.0
          },
          {
               "Name": "St Marys Cemetery",
               "Location": "51.53064181122496, -0.2289475013073871",
               "Audio": "",
               "AnnounceDistance": 20.0
          },
          {
               "Name": "Kensal Green Station",
               "Location": "51.53013850199963, -0.22480045732905835",
               "Audio": "",
               "AnnounceDistance": 20.0
          },
          {
               "Name": "Berens Road",
               "Location": "51.52912696207413, -0.22035614539890946",
               "Audio": "",
               "AnnounceDistance": 20.0
          },
          {
               "Name": "Kilburn Lane",
               "Location": "51.528280961003766, -0.21675613896745072",
               "Audio": "",
               "AnnounceDistance": 20.0
          },
          {
               "Name": "Fifth Avenue",
               "Location": "51.52717005616118, -0.2128927251182301",
               "Audio": "",
               "AnnounceDistance": 20.0
          },
          {
               "Name": "Third Avenue",
               "Location": "51.52675102676252, -0.20900234845522542",
               "Audio": "",
               "AnnounceDistance": 20.0
          },
          {
               "Name": "Portnall Road",
               "Location": "51.52571783283806, -0.20435773612776523",
               "Audio": "",
               "AnnounceDistance": 20.0
          },
          {
               "Name": "Great Western Road / Elgin Avenue",
               "Location": "51.52470912353729, -0.20249456597379945",
               "Audio": "",
               "AnnounceDistance": 20.0
          },
          {
               "Name": "Westminster Registration Office",
               "Location": "51.52364246824177, -0.19861563152293915",
               "Audio": "",
               "AnnounceDistance": 20.0
          },
          {
               "Name": "Sutherland Avenue",
               "Location": "51.52276408589976, -0.19412400267365612",
               "Audio": "",
               "AnnounceDistance": 20.0
          },
          {
               "Name": "Westminster Academy / Cirencester Street",
               "Location": "51.52087615536617, -0.19182031780253797",
               "Audio": "",
               "AnnounceDistance": 20.0
          },
          {
               "Name": "Royal Oak Station",
               "Location": "51.51992171101555, -0.18940773137519495",
               "Audio": "",
               "AnnounceDistance": 20.0
          },
          {
               "Name": "Westbourne Terrace",
               "Location": "51.519772409240325, -0.18556511132922227",
               "Audio": "",
               "AnnounceDistance": 20.0
          },
          {
               "Name": "Bishops Bridge Road / Little Venice",
               "Location": "51.52039448605167, -0.1792846166760941",
               "Audio": "",
               "AnnounceDistance": 20.0
          },
          {
               "Name": "Edgware Road",
               "Location": "51.52012969343898, -0.17151153781138423",
               "Audio": "",
               "AnnounceDistance": 20.0
          },
          {
               "Name": "Edgware Road Station / Bakerloo Line",
               "Location": "51.52023438336443, -0.16899927579719676",
               "Audio": "",
               "AnnounceDistance": 20.0
          },
          {
               "Name": "Marylebone Station",
               "Location": "51.52138958814889, -0.1623654867629637",
               "Audio": "",
               "AnnounceDistance": 20.0
          },
          {
               "Name": "Old Marylebone Town Hall",
               "Location": "51.522010512777506, -0.1589530207846255",
               "Audio": "",
               "AnnounceDistance": 20.0
          },
          {
               "Name": "Baker Street Station",
               "Location": "51.52245439183273, -0.15629718957250077",
               "Audio": "",
               "AnnounceDistance": 20.0
          },
          {
               "Name": "Harley Street",
               "Location": "51.52337317081806, -0.14954259079284848",
               "Audio": "",
               "AnnounceDistance": 20.0
          },
          {
               "Name": "Regents Park Station",
               "Location": "51.52373982324455, -0.14713478114426873",
               "Audio": "",
               "AnnounceDistance": 20.0
          },
          {
               "Name": "Great Portland St Stn / Euston Rd",
               "Location": "51.5240812140785, -0.14256564076115433",
               "Audio": "",
               "AnnounceDistance": 20.0
          },
          {
               "Name": "Warren Street Station",
               "Location": "51.52491419277201, -0.13951885808474807",
               "Audio": "",
               "AnnounceDistance": 20.0
          },
          {
               "Name": "Euston Square Station",
               "Location": "51.525600267915756, -0.13685277500886464",
               "Audio": "",
               "AnnounceDistance": 20.0
          },
          {
               "Name": "Euston Station",
               "Location": "51.52677559565244, -0.13272497745991377",
               "Audio": "",
               "AnnounceDistance": 20.0
          }
     ]
}