{
     "RouteNumber": "18",
     "Destination": "Sudbury Harrow Road Station",
     "RouteAudio": "",
     "DestinationAudio": "",
     "Stops": [
          {
               "Name": "Euston Station",
               "Location": "51.5278139572114, -0.13186074505579812",
               "Audio": "",
               "AnnounceDistance": 20.0
          },
          {
               "Name": "Euston Station",
               "Location": "51.52649976159279, -0.1329092572512773",
               "Audio": "",
               "AnnounceDistance": 20.0
          },
          {
               "Name": "Euston Square Station",
               "Location": "51.525811770610275, -0.1348835634230788",
               "Audio": "",
               "AnnounceDistance": 20.0
          },
          {
               "Name": "University Coll Hosp / Warren St Stn",
               "Location": "51.52522031069972, -0.13670971066585114",
               "Audio": "",
               "AnnounceDistance": 20.0
          },
          {
               "Name": "Warren Street Stn / Tottenham Court Rd",
               "Location": "51.524576201117476, -0.1391866599013035",
               "Audio": "",
               "AnnounceDistance": 20.0
          },
          {
               "Name": "Great Portland Street Station",
               "Location": "51.52390448633178, -0.1438990488722997",
               "Audio": "",
               "AnnounceDistance": 20.0
          },
          {
               "Name": "Regents Park Station",
               "Location": "51.52364870077295, -0.1464897909934553",
               "Audio": "",
               "AnnounceDistance": 20.0
          },
          {
               "Name": "Harley Street",
               "Location": "51.52316670316902, -0.14956537581547577",
               "Audio": "",
               "AnnounceDistance": 20.0
          },
          {
               "Name": "Baker Street Station",
               "Location": "51.52222005649477, -0.15626340960253504",
               "Audio": "",
               "AnnounceDistance": 20.0
          },
          {
               "Name": "Gloucester Place",
               "Location": "51.521844906653435, -0.1587146494846819",
               "Audio": "",
               "AnnounceDistance": 20.0
          },
          {
               "Name": "Marylebone Station",
               "Location": "51.52152917615455, -0.1603706508843244",
               "Audio": "",
               "AnnounceDistance": 20.0
          },
          {
               "Name": "Old Marylebone Road",
               "Location": "51.52051021937876, -0.16650895628997228",
               "Audio": "",
               "AnnounceDistance": 20.0
          },
          {
               "Name": "Edgware Road Station",
               "Location": "51.519918944560736, -0.1689542707833181",
               "Audio": "",
               "AnnounceDistance": 20.0
          },
          {
               "Name": "Edgware Road",
               "Location": "51.519789989465735, -0.17164045597360364",
               "Audio": "",
               "AnnounceDistance": 20.0
          },
          {
               "Name": "Hermitage Street",
               "Location": "51.51983257680508, -0.17553054559082573",
               "Audio": "",
               "AnnounceDistance": 20.0
          },
          {
               "Name": "Bishops Bridge Road / Little Venice",
               "Location": "51.51973356356553, -0.1784173063004403",
               "Audio": "",
               "AnnounceDistance": 20.0
          },
          {
               "Name": "Royal Oak Station",
               "Location": "51.51963479597417, -0.18946235213292484",
               "Audio": "",
               "AnnounceDistance": 20.0
          },
          {
               "Name": "Westminster Academy / Cirencester Street",
               "Location": "51.52092597511906, -0.19213546064311815",
               "Audio": "",
               "AnnounceDistance": 20.0
          },
          {
               "Name": "Sutherland Avenue",
               "Location": "51.52286060833914, -0.19455263347589677",
               "Audio": "",
               "AnnounceDistance": 20.0
          },
          {
               "Name": "Westminster Registration Office",
               "Location": "51.52377618490252, -0.20029693956997888",
               "Audio": "",
               "AnnounceDistance": 20.0
          },
          {
               "Name": "Ashmore Road",
               "Location": "51.52498232733649, -0.2033054982056693",
               "Audio": "",
               "AnnounceDistance": 20.0
          },
          {
               "Name": "Second Avenue",
               "Location": "51.52633134906296, -0.2068419930133085",
               "Audio": "",
               "AnnounceDistance": 20.0
          },
          {
               "Name": "Fifth Avenue / Queens Park Library",
               "Location": "51.52691465440003, -0.21147551902648842",
               "Audio": "",
               "AnnounceDistance": 20.0
          },
          {
               "Name": "Ladbroke Grove / Kilburn Lane",
               "Location": "51.527489011753005, -0.2149417819940773",
               "Audio": "",
               "AnnounceDistance": 20.0
          },
          {
               "Name": "Kensal Green Cemetery",
               "Location": "51.52841751001582, -0.21745722159672837",
               "Audio": "",
               "AnnounceDistance": 20.0
          },
          {
               "Name": "Kensal Green Station",
               "Location": "51.529840489337595, -0.22352892489702358",
               "Audio": "",
               "AnnounceDistance": 20.0
          },
          {
               "Name": "St Marys Cemetery",
               "Location": "51.530094877418506, -0.22726749643809244",
               "Audio": "",
               "AnnounceDistance": 20.0
          },
          {
               "Name": "Wrottesley Road",
               "Location": "51.53210833446367, -0.2331726828433709",
               "Audio": "",
               "AnnounceDistance": 20.0
          },
          {
               "Name": "Scrubs Lane",
               "Location": "51.53233122946032, -0.23603321456559917",
               "Audio": "",
               "AnnounceDistance": 20.0
          },
          {
               "Name": "Willesden Junction Station",
               "Location": "51.532897054576324, -0.24017816473035228",
               "Audio": "",
               "AnnounceDistance": 20.0
          },
          {
               "Name": "Park Parade",
               "Location": "51.53573972705872, -0.24445189337569387",
               "Audio": "",
               "AnnounceDistance": 20.0
          },
          {
               "Name": "Harlesden Jubilee Clock",
               "Location": "51.53603128747425, -0.24771379932284462",
               "Audio": "",
               "AnnounceDistance": 20.0
          },
          {
               "Name": "St Marys Road",
               "Location": "51.53900416987136, -0.25108925528919285",
               "Audio": "",
               "AnnounceDistance": 20.0
          },
          {
               "Name": "Craven Park",
               "Location": "51.54028500079577, -0.25437126239292684",
               "Audio": "",
               "AnnounceDistance": 20.0
          },
          {
               "Name": "Knatchbull Road",
               "Location": "51.54129719433649, -0.2577358152638595",
               "Audio": "",
               "AnnounceDistance": 20.0
          },
          {
               "Name": "Shakespeare Road",
               "Location": "51.54106111454662, -0.2618258652543807",
               "Audio": "",
               "AnnounceDistance": 20.0
          },
          {
               "Name": "First Drive",
               "Location": "51.54252058741204, -0.2674809981723374",
               "Audio": "",
               "AnnounceDistance": 20.0
          },
          {
               "Name": "North Circular Road",
               "Location": "51.5436729531695, -0.27123006549669426",
               "Audio": "",
               "AnnounceDistance": 20.0
          },
          {
               "Name": "Stonebridge Park Stn / Point Place",
               "Location": "51.54593682464327, -0.2735239151120324",
               "Audio": "",
               "AnnounceDistance": 20.0
          },
          {
               "Name": "Flamsted Avenue",
               "Location": "51.54843446600337, -0.27888123303225554",
               "Audio": "",
               "AnnounceDistance": 20.0
          },
          {
               "Name": "Tring Avenue",
               "Location": "51.550252927080706, -0.2820867377118579",
               "Audio": "",
               "AnnounceDistance": 20.0
          },
          {
               "Name": "Waverley Avenue",
               "Location": "51.552680756914235, -0.2851541878218558",
               "Audio": "",
               "AnnounceDistance": 20.0
          },
          {
               "Name": "Cecil Avenue",
               "Location": "51.55365039825283, -0.28997879671196913",
               "Audio": "",
               "AnnounceDistance": 20.0
          },
          {
               "Name": "Ark Elvin Academy / Park Lane",
               "Location": "51.55350609725813, -0.29180169488098445",
               "Audio": "",
               "AnnounceDistance": 20.0
          },
          {
               "Name": "Wembley Central Station",
               "Location": "51.552066440385374, -0.29792814188465166",
               "Audio": "",
               "AnnounceDistance": 20.0
          },
          {
               "Name": "Ealing Road",
               "Location": "51.552208331830144, -0.3015144400904095",
               "Audio": "",
               "AnnounceDistance": 20.0
          },
          {
               "Name": "Copland Avenue",
               "Location": "51.55157578678004, -0.3075239029084191",
               "Audio": "",
               "AnnounceDistance": 20.0
          },
          {
               "Name": "Bridgewater Road",
               "Location": "51.55236240885636, -0.3128172030182754",
               "Audio": "",
               "AnnounceDistance": 20.0
          },
          {
               "Name": "Sudbury Harrow Road Station",
               "Location": "51.55372992783717, -0.3147427668556387",
               "Audio": "",
               "AnnounceDistance": 20.0
          }
     ]
}