{
     "RouteNumber": "190",
     "Destination": "Richmond Bus Station",
     "RouteAudio": "",
     "DestinationAudio": "",
     "Stops": [
          {
               "Name": "Empress State Building / West Brompton",
               "Location": "51.486172002456925, -0.19927173724690933",
               "Audio": "",
               "AnnounceDistance": 20.0
          },
          {
               "Name": "North End Road",
               "Location": "51.48564270786133, -0.20169792618958457",
               "Audio": "",
               "AnnounceDistance": 20.0
          },
          {
               "Name": "Mulgrave Road",
               "Location": "51.4842218000764, -0.20580100158211387",
               "Audio": "",
               "AnnounceDistance": 20.0
          },
          {
               "Name": "Fulham Pools",
               "Location": "51.483469259027565, -0.20892708000330362",
               "Audio": "",
               "AnnounceDistance": 20.0
          },
          {
               "Name": "Fulham Cross",
               "Location": "51.482909543455094, -0.2152716349042515",
               "Audio": "",
               "AnnounceDistance": 20.0
          },
          {
               "Name": "Greyhound Road",
               "Location": "51.484256823027025, -0.21989992812634102",
               "Audio": "",
               "AnnounceDistance": 20.0
          },
          {
               "Name": "Charing Cross Hospital",
               "Location": "51.48724286017623, -0.2217137320000366",
               "Audio": "",
               "AnnounceDistance": 20.0
          },
          {
               "Name": "Hammersmith Broadway",
               "Location": "51.48997504890619, -0.2233935893725399",
               "Audio": "",
               "AnnounceDistance": 20.0
          },
          {
               "Name": "Hammersmith Bus Station",
               "Location": "51.49227549568526, -0.22388036941506723",
               "Audio": "",
               "AnnounceDistance": 20.0
          },
          {
               "Name": "Livat Hammersmith Shopping Centre",
               "Location": "51.4926596473505, -0.22727951567700672",
               "Audio": "",
               "AnnounceDistance": 20.0
          },
          {
               "Name": "Hammersmith Town Hall",
               "Location": "51.492600592121455, -0.2328998969263164",
               "Audio": "",
               "AnnounceDistance": 20.0
          },
          {
               "Name": "Ravenscourt Park Station",
               "Location": "51.49289645222475, -0.23582716740366216",
               "Audio": "",
               "AnnounceDistance": 20.0
          },
          {
               "Name": "Ravenscourt Park",
               "Location": "51.49345119317359, -0.2404299537445594",
               "Audio": "",
               "AnnounceDistance": 20.0
          },
          {
               "Name": "Goldhawk Road",
               "Location": "51.49338018238517, -0.24409170652042964",
               "Audio": "",
               "AnnounceDistance": 20.0
          },
          {
               "Name": "Stamford Brook Bus Garage",
               "Location": "51.49323694388485, -0.24774181025992711",
               "Audio": "",
               "AnnounceDistance": 20.0
          },
          {
               "Name": "Balfern Grove",
               "Location": "51.48936767182194, -0.25058376293274126",
               "Audio": "",
               "AnnounceDistance": 20.0
          },
          {
               "Name": "Dorchester Grove",
               "Location": "51.48819226987861, -0.25075838714388965",
               "Audio": "",
               "AnnounceDistance": 20.0
          },
          {
               "Name": "Hogarth Roundabout",
               "Location": "51.48551524262988, -0.25395749576732923",
               "Audio": "",
               "AnnounceDistance": 20.0
          },
          {
               "Name": "Alexandra Gardens",
               "Location": "51.48094006469249, -0.25892797793115724",
               "Audio": "",
               "AnnounceDistance": 20.0
          },
          {
               "Name": "Staveley Road",
               "Location": "51.479225780159, -0.26096620817290406",
               "Audio": "",
               "AnnounceDistance": 20.0
          },
          {
               "Name": "Hartington Road",
               "Location": "51.4753375847007, -0.26619723107892146",
               "Audio": "",
               "AnnounceDistance": 20.0
          },
          {
               "Name": "Thames Bank",
               "Location": "51.471831071101434, -0.27171530015356427",
               "Audio": "",
               "AnnounceDistance": 20.0
          },
          {
               "Name": "Mortlake Cemetery",
               "Location": "51.470345687709276, -0.2740463573840633",
               "Audio": "",
               "AnnounceDistance": 20.0
          },
          {
               "Name": "Mortlake Road",
               "Location": "51.468739601797594, -0.27857026911946314",
               "Audio": "",
               "AnnounceDistance": 20.0
          },
          {
               "Name": "Manor Grove",
               "Location": "51.467713382048515, -0.28340323453979366",
               "Audio": "",
               "AnnounceDistance": 20.0
          },
          {
               "Name": "Manor Circus",
               "Location": "51.466978459746116, -0.2903414648202005",
               "Audio": "",
               "AnnounceDistance": 20.0
          },
          {
               "Name": "Sheendale Road",
               "Location": "51.46609884156758, -0.29292259234205553",
               "Audio": "",
               "AnnounceDistance": 20.0
          },
          {
               "Name": "Richmond Circus",
               "Location": "51.46507348637207, -0.29785569076907414",
               "Audio": "",
               "AnnounceDistance": 20.0
          },
          {
               "Name": "Richmond Station",
               "Location": "51.463717522463355, -0.3017067236495269",
               "Audio": "",
               "AnnounceDistance": 20.0
          },
          {
               "Name": "The Quadrant",
               "Location": "51.461927895324045, -0.30293919773038136",
               "Audio": "",
               "AnnounceDistance": 20.0
          },
          {
               "Name": "Richmond Bus Station",
               "Location": "51.45940755413611, -0.30401152420681204",
               "Audio": "",
               "AnnounceDistance": 20.0
          }
     ]
}