{
     "RouteNumber": "190",
     "Destination": "Empress State Building / W Brompton Stn",
     "RouteAudio": "",
     "DestinationAudio": "",
     "Stops": [
          {
               "Name": "George Street",
               "Location": "51.460713002172746, -0.30474047368024826",
               "Audio": "",
               "AnnounceDistance": 20.0
          },
          {
               "Name": "Richmond Station",
               "Location": "51.462742432293204, -0.30267864968339964",
               "Audio": "",
               "AnnounceDistance": 20.0
          },
          {
               "Name": "Richmond Circus",
               "Location": "51.46538700946397, -0.2971529846764232",
               "Audio": "",
               "AnnounceDistance": 20.0
          },
          {
               "Name": "Sheendale Road",
               "Location": "51.465958843710226, -0.29442508976324105",
               "Audio": "",
               "AnnounceDistance": 20.0
          },
          {
               "Name": "Manor Circus",
               "Location": "51.467140234905465, -0.29033541829512033",
               "Audio": "",
               "AnnounceDistance": 20.0
          },
          {
               "Name": "Sandycombe Road",
               "Location": "51.467955361192665, -0.2870367203861565",
               "Audio": "",
               "AnnounceDistance": 20.0
          },
          {
               "Name": "Marksbury Avenue",
               "Location": "51.468080952648954, -0.2827127554897172",
               "Audio": "",
               "AnnounceDistance": 20.0
          },
          {
               "Name": "Mortlake Road",
               "Location": "51.468866366027214, -0.2792421946288274",
               "Audio": "",
               "AnnounceDistance": 20.0
          },
          {
               "Name": "Mortlake Cemetery",
               "Location": "51.4706134040356, -0.2739066693041109",
               "Audio": "",
               "AnnounceDistance": 20.0
          },
          {
               "Name": "Thames Bank",
               "Location": "51.47238001687383, -0.2711329974536842",
               "Audio": "",
               "AnnounceDistance": 20.0
          },
          {
               "Name": "Hartington Road",
               "Location": "51.4756575125728, -0.2659403014570438",
               "Audio": "",
               "AnnounceDistance": 20.0
          },
          {
               "Name": "Staveley Road",
               "Location": "51.47933533593948, -0.2610772501634811",
               "Audio": "",
               "AnnounceDistance": 20.0
          },
          {
               "Name": "Alexandra Avenue",
               "Location": "51.48208767422695, -0.2580921630667674",
               "Audio": "",
               "AnnounceDistance": 20.0
          },
          {
               "Name": "Hogarth Roundabout",
               "Location": "51.48553151616283, -0.254446579195158",
               "Audio": "",
               "AnnounceDistance": 20.0
          },
          {
               "Name": "Balfern Grove",
               "Location": "51.489579533070966, -0.25092135848217834",
               "Audio": "",
               "AnnounceDistance": 20.0
          },
          {
               "Name": "Upham Park Road",
               "Location": "51.49219145634889, -0.25180094727544294",
               "Audio": "",
               "AnnounceDistance": 20.0
          },
          {
               "Name": "Stamford Brook Bus Garage",
               "Location": "51.49315210393488, -0.2492864520879687",
               "Audio": "",
               "AnnounceDistance": 20.0
          },
          {
               "Name": "Goldhawk Road / Youngs Corner",
               "Location": "51.493411044381276, -0.24675555465276217",
               "Audio": "",
               "AnnounceDistance": 20.0
          },
          {
               "Name": "Westcroft Square",
               "Location": "51.49353994393668, -0.24335088050753004",
               "Audio": "",
               "AnnounceDistance": 20.0
          },
          {
               "Name": "Ravenscourt Park",
               "Location": "51.49348168167167, -0.23826793651686434",
               "Audio": "",
               "AnnounceDistance": 20.0
          },
          {
               "Name": "Ravenscourt Park Station",
               "Location": "51.49332490623396, -0.23740964598260234",
               "Audio": "",
               "AnnounceDistance": 20.0
          },
          {
               "Name": "Dalling Road",
               "Location": "51.49299162943725, -0.23557860006669973",
               "Audio": "",
               "AnnounceDistance": 20.0
          },
          {
               "Name": "Lamington Street",
               "Location": "51.494504970229315, -0.23157293561255676",
               "Audio": "",
               "AnnounceDistance": 20.0
          },
          {
               "Name": "Iffley Road",
               "Location": "51.494493184651056, -0.2295997757224394",
               "Audio": "",
               "AnnounceDistance": 20.0
          },
          {
               "Name": "Hammersmith Stn / Hc And Circle Lines",
               "Location": "51.493338712085496, -0.22520757812733283",
               "Audio": "",
               "AnnounceDistance": 20.0
          },
          {
               "Name": "Hammersmith Bus Station",
               "Location": "51.49190527804885, -0.2237795166798751",
               "Audio": "",
               "AnnounceDistance": 20.0
          },
          {
               "Name": "Hammersmith Broadway",
               "Location": "51.4909555209577, -0.22341309402905207",
               "Audio": "",
               "AnnounceDistance": 20.0
          },
          {
               "Name": "Charing Cross Hospital",
               "Location": "51.48657238734741, -0.22078918742628603",
               "Audio": "",
               "AnnounceDistance": 20.0
          },
          {
               "Name": "Greyhound Road",
               "Location": "51.48528507200185, -0.22010473780821327",
               "Audio": "",
               "AnnounceDistance": 20.0
          },
          {
               "Name": "Bothwell Street",
               "Location": "51.48348773830341, -0.21781270820368112",
               "Audio": "",
               "AnnounceDistance": 20.0
          },
          {
               "Name": "Fulham Cross",
               "Location": "51.48272585595631, -0.2132480855212548",
               "Audio": "",
               "AnnounceDistance": 20.0
          },
          {
               "Name": "Fulham Pools",
               "Location": "51.48384907699833, -0.2078896110918366",
               "Audio": "",
               "AnnounceDistance": 20.0
          },
          {
               "Name": "Mulgrave Road",
               "Location": "51.484745554035435, -0.20418171907562035",
               "Audio": "",
               "AnnounceDistance": 20.0
          },
          {
               "Name": "North End Road",
               "Location": "51.48585921536948, -0.20115648682881412",
               "Audio": "",
               "AnnounceDistance": 20.0
          },
          {
               "Name": "Empress State Building / W Brompton Stn",
               "Location": "51.48676108921634, -0.19839871858589306",
               "Audio": "",
               "AnnounceDistance": 20.0
          }
     ]
}