{
     "RouteNumber": "191",
     "Destination": "Edmonton Green Bus Station",
     "RouteAudio": "",
     "DestinationAudio": "",
     "Stops": [
          {
               "Name": "Brimsdown Station",
               "Location": "51.65560398692905, -0.031611622543035865",
               "Audio": "",
               "AnnounceDistance": 20.0
          },
          {
               "Name": "Fouracres",
               "Location": "51.659857494678235, -0.03108028479839811",
               "Audio": "",
               "AnnounceDistance": 20.0
          },
          {
               "Name": "Leys Road East",
               "Location": "51.662926554008855, -0.03070141856368508",
               "Audio": "",
               "AnnounceDistance": 20.0
          },
          {
               "Name": "Castle Road",
               "Location": "51.66536846920349, -0.03207049681452529",
               "Audio": "",
               "AnnounceDistance": 20.0
          },
          {
               "Name": "Albany Park Avenue",
               "Location": "51.66576877982283, -0.037721712881656835",
               "Audio": "",
               "AnnounceDistance": 20.0
          },
          {
               "Name": "Hertford Road",
               "Location": "51.66631705008567, -0.0409372375141331",
               "Audio": "",
               "AnnounceDistance": 20.0
          },
          {
               "Name": "Ingersoll Road",
               "Location": "51.66572000289547, -0.043421295091191255",
               "Audio": "",
               "AnnounceDistance": 20.0
          },
          {
               "Name": "Oatlands Road",
               "Location": "51.66198928952461, -0.04564971178106322",
               "Audio": "",
               "AnnounceDistance": 20.0
          },
          {
               "Name": "Carterhatch Lane",
               "Location": "51.6605448603863, -0.04639143398101494",
               "Audio": "",
               "AnnounceDistance": 20.0
          },
          {
               "Name": "Sherborne Avenue",
               "Location": "51.659884172939265, -0.04829948494445323",
               "Audio": "",
               "AnnounceDistance": 20.0
          },
          {
               "Name": "Larksfield Road",
               "Location": "51.659833805970045, -0.05230670923962157",
               "Audio": "",
               "AnnounceDistance": 20.0
          },
          {
               "Name": "Great Cambridge Road",
               "Location": "51.65992321387549, -0.05716100540564712",
               "Audio": "",
               "AnnounceDistance": 20.0
          },
          {
               "Name": "Baynes Close",
               "Location": "51.66003015609603, -0.060366272786827796",
               "Audio": "",
               "AnnounceDistance": 20.0
          },
          {
               "Name": "Ladysmith Road",
               "Location": "51.66166209078294, -0.06389693603107621",
               "Audio": "",
               "AnnounceDistance": 20.0
          },
          {
               "Name": "Willow Road",
               "Location": "51.66371156195332, -0.06767036057448188",
               "Audio": "",
               "AnnounceDistance": 20.0
          },
          {
               "Name": "Forty Hill",
               "Location": "51.66588603905782, -0.07194493325737661",
               "Audio": "",
               "AnnounceDistance": 20.0
          },
          {
               "Name": "Kenilworth Crescent",
               "Location": "51.664745626731175, -0.07478417283720677",
               "Audio": "",
               "AnnounceDistance": 20.0
          },
          {
               "Name": "Baker Street",
               "Location": "51.66311587296914, -0.07794763424180245",
               "Audio": "",
               "AnnounceDistance": 20.0
          },
          {
               "Name": "Browning Road",
               "Location": "51.66391206006432, -0.0809939060804671",
               "Audio": "",
               "AnnounceDistance": 20.0
          },
          {
               "Name": "Laurel Bank Road",
               "Location": "51.662455801599755, -0.08653557656157908",
               "Audio": "",
               "AnnounceDistance": 20.0
          },
          {
               "Name": "Parsonage Lane",
               "Location": "51.658880620256205, -0.08787176742529758",
               "Audio": "",
               "AnnounceDistance": 20.0
          },
          {
               "Name": "Windmill Hill / Enfield War Memorial",
               "Location": "51.65411223451637, -0.08827486273421457",
               "Audio": "",
               "AnnounceDistance": 20.0
          },
          {
               "Name": "Enfield Town / Church Street",
               "Location": "51.65220183311879, -0.08306427734866188",
               "Audio": "",
               "AnnounceDistance": 20.0
          },
          {
               "Name": "Enfield Town Station",
               "Location": "51.65242778085758, -0.07873231585413555",
               "Audio": "",
               "AnnounceDistance": 20.0
          },
          {
               "Name": "Ladysmith Road",
               "Location": "51.652255571751596, -0.0742581648934566",
               "Audio": "",
               "AnnounceDistance": 20.0
          },
          {
               "Name": "Cecil Avenue",
               "Location": "51.65167247858363, -0.07050984790041964",
               "Audio": "",
               "AnnounceDistance": 20.0
          },
          {
               "Name": "Percival Road",
               "Location": "51.65071578667081, -0.0659246309075711",
               "Audio": "",
               "AnnounceDistance": 20.0
          },
          {
               "Name": "Great Cambridge Road",
               "Location": "51.650181651116526, -0.06243465617903017",
               "Audio": "",
               "AnnounceDistance": 20.0
          },
          {
               "Name": "Baird Road",
               "Location": "51.649223691155996, -0.057791986963668655",
               "Audio": "",
               "AnnounceDistance": 20.0
          },
          {
               "Name": "Crown Road / Southbury Station",
               "Location": "51.6490467126807, -0.054706127249669924",
               "Audio": "",
               "AnnounceDistance": 20.0
          },
          {
               "Name": "Glyn Road",
               "Location": "51.64861904593308, -0.04790161573428139",
               "Audio": "",
               "AnnounceDistance": 20.0
          },
          {
               "Name": "Royal British Legion",
               "Location": "51.6477940868459, -0.04156245431445469",
               "Audio": "",
               "AnnounceDistance": 20.0
          },
          {
               "Name": "Alexandra Road",
               "Location": "51.64730766395336, -0.039357389592359626",
               "Audio": "",
               "AnnounceDistance": 20.0
          },
          {
               "Name": "Durants Road",
               "Location": "51.64763181493511, -0.03776782605053993",
               "Audio": "",
               "AnnounceDistance": 20.0
          },
          {
               "Name": "Scotland Green Road",
               "Location": "51.647005537637575, -0.0341956631149127",
               "Audio": "",
               "AnnounceDistance": 20.0
          },
          {
               "Name": "Ponders End Station",
               "Location": "51.64258239037876, -0.03587566666491601",
               "Audio": "",
               "AnnounceDistance": 20.0
          },
          {
               "Name": "Oasis Academy Hadley",
               "Location": "51.64271504452868, -0.03789339265139996",
               "Audio": "",
               "AnnounceDistance": 20.0
          },
          {
               "Name": "St Matthews Church",
               "Location": "51.64372777996191, -0.0436166529254262",
               "Audio": "",
               "AnnounceDistance": 20.0
          },
          {
               "Name": "Orchard Road",
               "Location": "51.64165460127967, -0.047102329002614365",
               "Audio": "",
               "AnnounceDistance": 20.0
          },
          {
               "Name": "Nightingale Road",
               "Location": "51.63983057996734, -0.04772988691030619",
               "Audio": "",
               "AnnounceDistance": 20.0
          },
          {
               "Name": "Scarborough Road",
               "Location": "51.63730877696516, -0.04587278293412526",
               "Audio": "",
               "AnnounceDistance": 20.0
          },
          {
               "Name": "Shirley Grove",
               "Location": "51.63428051641998, -0.04438448454995485",
               "Audio": "",
               "AnnounceDistance": 20.0
          },
          {
               "Name": "St Marys Road",
               "Location": "51.631602370675814, -0.04340149858743095",
               "Audio": "",
               "AnnounceDistance": 20.0
          },
          {
               "Name": "Warley Road",
               "Location": "51.627811747480685, -0.04635316775299191",
               "Audio": "",
               "AnnounceDistance": 20.0
          },
          {
               "Name": "Exeter Road",
               "Location": "51.62801719733269, -0.04897398276432563",
               "Audio": "",
               "AnnounceDistance": 20.0
          },
          {
               "Name": "Chester Road",
               "Location": "51.628300345244064, -0.052487308376257376",
               "Audio": "",
               "AnnounceDistance": 20.0
          },
          {
               "Name": "St Edmunds Catholic Primary School",
               "Location": "51.6287417904919, -0.05579162548740361",
               "Audio": "",
               "AnnounceDistance": 20.0
          },
          {
               "Name": "Monmouth Road",
               "Location": "51.62753870986034, -0.056449895949917214",
               "Audio": "",
               "AnnounceDistance": 20.0
          },
          {
               "Name": "Edmonton Green Bus Station",
               "Location": "51.62517414684427, -0.0591948709128528",
               "Audio": "",
               "AnnounceDistance": 20.0
          }
     ]
}