{
     "RouteNumber": "191",
     "Destination": "Brimsdown Station",
     "RouteAudio": "",
     "DestinationAudio": "",
     "Stops": [
          {
               "Name": "Edmonton Green Bus Station",
               "Location": "51.62545985701601, -0.05798351501211772",
               "Audio": "",
               "AnnounceDistance": 20.0
          },
          {
               "Name": "Monmouth Road",
               "Location": "51.62650167548941, -0.05736110198902351",
               "Audio": "",
               "AnnounceDistance": 20.0
          },
          {
               "Name": "Bounces Road",
               "Location": "51.62788988448027, -0.05647823226885222",
               "Audio": "",
               "AnnounceDistance": 20.0
          },
          {
               "Name": "St Edmunds Catholic Primary School",
               "Location": "51.628757986580425, -0.05514073696897125",
               "Audio": "",
               "AnnounceDistance": 20.0
          },
          {
               "Name": "Chester Road",
               "Location": "51.628358338378916, -0.05164680117193687",
               "Audio": "",
               "AnnounceDistance": 20.0
          },
          {
               "Name": "Exeter Road",
               "Location": "51.62811172438672, -0.04870985212100911",
               "Audio": "",
               "AnnounceDistance": 20.0
          },
          {
               "Name": "Montagu Road",
               "Location": "51.627926163084176, -0.04620376662902568",
               "Audio": "",
               "AnnounceDistance": 20.0
          },
          {
               "Name": "St Marys Road",
               "Location": "51.630422713309436, -0.043842393814429066",
               "Audio": "",
               "AnnounceDistance": 20.0
          },
          {
               "Name": "Shirley Grove",
               "Location": "51.634682154617316, -0.04474292596368397",
               "Audio": "",
               "AnnounceDistance": 20.0
          },
          {
               "Name": "Scarborough Road",
               "Location": "51.6377558215542, -0.04625821237244962",
               "Audio": "",
               "AnnounceDistance": 20.0
          },
          {
               "Name": "Nightingale Road",
               "Location": "51.640441389476536, -0.04768919926574214",
               "Audio": "",
               "AnnounceDistance": 20.0
          },
          {
               "Name": "Orchard Road",
               "Location": "51.64276718577105, -0.046953349837842155",
               "Audio": "",
               "AnnounceDistance": 20.0
          },
          {
               "Name": "Falcon Road",
               "Location": "51.64341660764113, -0.04059481503011737",
               "Audio": "",
               "AnnounceDistance": 20.0
          },
          {
               "Name": "Ponders End Stn / Oasis Academy Hadley",
               "Location": "51.642600506404605, -0.036958876874974386",
               "Audio": "",
               "AnnounceDistance": 20.0
          },
          {
               "Name": "Scotland Green Road",
               "Location": "51.64632768407121, -0.03452852942759043",
               "Audio": "",
               "AnnounceDistance": 20.0
          },
          {
               "Name": "Alexandra Road",
               "Location": "51.64775182428916, -0.037415726687840066",
               "Audio": "",
               "AnnounceDistance": 20.0
          },
          {
               "Name": "Scotland Green Road",
               "Location": "51.64707215898052, -0.03871709108666286",
               "Audio": "",
               "AnnounceDistance": 20.0
          },
          {
               "Name": "Ponders End High Street",
               "Location": "51.6483421534088, -0.045311602293107774",
               "Audio": "",
               "AnnounceDistance": 20.0
          },
          {
               "Name": "Glyn Road",
               "Location": "51.648497083984005, -0.048138136776381076",
               "Audio": "",
               "AnnounceDistance": 20.0
          },
          {
               "Name": "Enfield Bus Garage / Southbury Station",
               "Location": "51.64870309763113, -0.05025419570253704",
               "Audio": "",
               "AnnounceDistance": 20.0
          },
          {
               "Name": "Crown Road",
               "Location": "51.6489936209031, -0.05530106498991527",
               "Audio": "",
               "AnnounceDistance": 20.0
          },
          {
               "Name": "Baird Road",
               "Location": "51.64906480913196, -0.05797224118393453",
               "Audio": "",
               "AnnounceDistance": 20.0
          },
          {
               "Name": "Great Cambridge Road",
               "Location": "51.64974976883275, -0.06187485392639985",
               "Audio": "",
               "AnnounceDistance": 20.0
          },
          {
               "Name": "Percival Road",
               "Location": "51.65049934910447, -0.0653411602503562",
               "Audio": "",
               "AnnounceDistance": 20.0
          },
          {
               "Name": "Cecil Avenue",
               "Location": "51.65136877645624, -0.06953973943006302",
               "Audio": "",
               "AnnounceDistance": 20.0
          },
          {
               "Name": "Ladysmith Road",
               "Location": "51.6521770805731, -0.07495539007032832",
               "Audio": "",
               "AnnounceDistance": 20.0
          },
          {
               "Name": "Enfield Town Station",
               "Location": "51.65231805576761, -0.07862130578347172",
               "Audio": "",
               "AnnounceDistance": 20.0
          },
          {
               "Name": "Enfield Town / Cecil Road",
               "Location": "51.650621993891434, -0.08103485259153531",
               "Audio": "",
               "AnnounceDistance": 20.0
          },
          {
               "Name": "Windmill Hill / Enfield War Memorial",
               "Location": "51.65433143165847, -0.08848249208987102",
               "Audio": "",
               "AnnounceDistance": 20.0
          },
          {
               "Name": "Parsonage Lane",
               "Location": "51.659007603509004, -0.08793871379583408",
               "Audio": "",
               "AnnounceDistance": 20.0
          },
          {
               "Name": "Gordon Hill",
               "Location": "51.660917237924124, -0.0870341632174733",
               "Audio": "",
               "AnnounceDistance": 20.0
          },
          {
               "Name": "Lavender Hill",
               "Location": "51.66349062670562, -0.0865787364138948",
               "Audio": "",
               "AnnounceDistance": 20.0
          },
          {
               "Name": "Browning Road",
               "Location": "51.66403378363521, -0.08294085950090645",
               "Audio": "",
               "AnnounceDistance": 20.0
          },
          {
               "Name": "Baker Street",
               "Location": "51.663212355459706, -0.0777989537981072",
               "Audio": "",
               "AnnounceDistance": 20.0
          },
          {
               "Name": "Kenilworth Crescent",
               "Location": "51.66527934524863, -0.07442895770529882",
               "Audio": "",
               "AnnounceDistance": 20.0
          },
          {
               "Name": "Forty Hill",
               "Location": "51.666293735571585, -0.07213007342687924",
               "Audio": "",
               "AnnounceDistance": 20.0
          },
          {
               "Name": "Willow Road",
               "Location": "51.66396887865391, -0.06800645176496034",
               "Audio": "",
               "AnnounceDistance": 20.0
          },
          {
               "Name": "Linwood Crescent",
               "Location": "51.660962873230304, -0.06239408403031278",
               "Audio": "",
               "AnnounceDistance": 20.0
          },
          {
               "Name": "Baynes Close",
               "Location": "51.66013798883015, -0.06036166794873679",
               "Audio": "",
               "AnnounceDistance": 20.0
          },
          {
               "Name": "Great Cambridge Road",
               "Location": "51.66008362543629, -0.05761682447212326",
               "Audio": "",
               "AnnounceDistance": 20.0
          },
          {
               "Name": "Larksfield Grove",
               "Location": "51.660002007873516, -0.05052107009057085",
               "Audio": "",
               "AnnounceDistance": 20.0
          },
          {
               "Name": "Sherborne Avenue",
               "Location": "51.65999546713414, -0.047962151322589616",
               "Audio": "",
               "AnnounceDistance": 20.0
          },
          {
               "Name": "Oatlands Road",
               "Location": "51.66127080205307, -0.04624453568565531",
               "Audio": "",
               "AnnounceDistance": 20.0
          },
          {
               "Name": "Durants School",
               "Location": "51.66327894139868, -0.045333938509705275",
               "Audio": "",
               "AnnounceDistance": 20.0
          },
          {
               "Name": "Ingersoll Road",
               "Location": "51.665251450214946, -0.04390421677062398",
               "Audio": "",
               "AnnounceDistance": 20.0
          },
          {
               "Name": "Hertford Road",
               "Location": "51.66631566841511, -0.040315483371813635",
               "Audio": "",
               "AnnounceDistance": 20.0
          },
          {
               "Name": "Albany Park Avenue",
               "Location": "51.665793614360645, -0.03705545099974808",
               "Audio": "",
               "AnnounceDistance": 20.0
          },
          {
               "Name": "Castle Road",
               "Location": "51.665442341948484, -0.031112900891156644",
               "Audio": "",
               "AnnounceDistance": 20.0
          },
          {
               "Name": "Leys Road East",
               "Location": "51.66343632685873, -0.0305347147850553",
               "Audio": "",
               "AnnounceDistance": 20.0
          },
          {
               "Name": "Fouracres",
               "Location": "51.66042968523216, -0.030881973647503266",
               "Audio": "",
               "AnnounceDistance": 20.0
          },
          {
               "Name": "Brimsdown Station",
               "Location": "51.65613878211612, -0.031328213331189965",
               "Audio": "",
               "AnnounceDistance": 20.0
          }
     ]
}