{
     "RouteNumber": "192",
     "Destination": "Little Park Gardens",
     "RouteAudio": "",
     "DestinationAudio": "",
     "Stops": [
          {
               "Name": "Tottenham Hale Bus Station",
               "Location": "51.58857366518989, -0.06130373333059043",
               "Audio": "",
               "AnnounceDistance": 20.0
          },
          {
               "Name": "Burdock Road / Lee Valley Technopark",
               "Location": "51.59032486990081, -0.0600742485060919",
               "Audio": "",
               "AnnounceDistance": 20.0
          },
          {
               "Name": "Northumberland Park Rail Depot",
               "Location": "51.5970889712524, -0.05474690270927496",
               "Audio": "",
               "AnnounceDistance": 20.0
          },
          {
               "Name": "Marigold Road / Northumberland Park",
               "Location": "51.60237729524128, -0.049914400350821765",
               "Audio": "",
               "AnnounceDistance": 20.0
          },
          {
               "Name": "Sedge Road",
               "Location": "51.6053140687383, -0.049687474781965224",
               "Audio": "",
               "AnnounceDistance": 20.0
          },
          {
               "Name": "Meridian Water Station",
               "Location": "51.609189422716504, -0.04749941723795383",
               "Audio": "",
               "AnnounceDistance": 20.0
          },
          {
               "Name": "Meridian Water Station",
               "Location": "51.60904790889869, -0.047101097843218746",
               "Audio": "",
               "AnnounceDistance": 20.0
          },
          {
               "Name": "Hail Ride Angel Road",
               "Location": "51.61450045973321, -0.0483692598385399",
               "Audio": "",
               "AnnounceDistance": 20.0
          },
          {
               "Name": "Hail Ride Jeremys Green",
               "Location": "51.61767653573434, -0.0511798409233314",
               "Audio": "",
               "AnnounceDistance": 20.0
          },
          {
               "Name": "Hail Ride Edmonton Cemetery",
               "Location": "51.6203184335522, -0.04998319247308727",
               "Audio": "",
               "AnnounceDistance": 20.0
          },
          {
               "Name": "Zambezie Drive",
               "Location": "51.6225525844379, -0.04860163743099131",
               "Audio": "",
               "AnnounceDistance": 20.0
          },
          {
               "Name": "Hail Ride Montagu Road",
               "Location": "51.62291693271177, -0.04834040671573224",
               "Audio": "",
               "AnnounceDistance": 20.0
          },
          {
               "Name": "Hail Ride Town Road",
               "Location": "51.624097009142794, -0.04954668453213315",
               "Audio": "",
               "AnnounceDistance": 20.0
          },
          {
               "Name": "Hail Ride Nelson Road",
               "Location": "51.625083316909816, -0.05370864748338987",
               "Audio": "",
               "AnnounceDistance": 20.0
          },
          {
               "Name": "Hail Ride Edmonton Grn Shopping Centre",
               "Location": "51.625029818716115, -0.05590697476448427",
               "Audio": "",
               "AnnounceDistance": 20.0
          },
          {
               "Name": "Hail Ride Asda Edmonton Green",
               "Location": "51.62293619464471, -0.058177956113496423",
               "Audio": "",
               "AnnounceDistance": 20.0
          },
          {
               "Name": "Hail Ride Plevna Road",
               "Location": "51.62179600670452, -0.06046585427797692",
               "Audio": "",
               "AnnounceDistance": 20.0
          },
          {
               "Name": "Edmonton Police Station",
               "Location": "51.622686498602704, -0.061569182435357556",
               "Audio": "",
               "AnnounceDistance": 20.0
          },
          {
               "Name": "Edmonton Green Station",
               "Location": "51.6245072683729, -0.06074031110032244",
               "Audio": "",
               "AnnounceDistance": 20.0
          },
          {
               "Name": "Edmonton Green Bus Station",
               "Location": "51.62532515393465, -0.058538279932661266",
               "Audio": "",
               "AnnounceDistance": 20.0
          },
          {
               "Name": "Monmouth Road",
               "Location": "51.62650167548941, -0.05736110198902351",
               "Audio": "",
               "AnnounceDistance": 20.0
          },
          {
               "Name": "Bounces Road",
               "Location": "51.62788988448027, -0.05647823226885222",
               "Audio": "",
               "AnnounceDistance": 20.0
          },
          {
               "Name": "Hail Ride Millbrook Road",
               "Location": "51.63027057744453, -0.05688220013086503",
               "Audio": "",
               "AnnounceDistance": 20.0
          },
          {
               "Name": "Hail Ride Junction Road",
               "Location": "51.6310532896358, -0.06125585536816186",
               "Audio": "",
               "AnnounceDistance": 20.0
          },
          {
               "Name": "Hail Ride Galliard Road",
               "Location": "51.63204881832112, -0.0627306381159586",
               "Audio": "",
               "AnnounceDistance": 20.0
          },
          {
               "Name": "Hail Ride Great Cambridge Road",
               "Location": "51.6342217274673, -0.06908297920052459",
               "Audio": "",
               "AnnounceDistance": 20.0
          },
          {
               "Name": "Hail Ride Bury Lodge Gardens",
               "Location": "51.63390724745939, -0.075122154856453",
               "Audio": "",
               "AnnounceDistance": 20.0
          },
          {
               "Name": "Hail Ride Wellington Road",
               "Location": "51.63565740803953, -0.07436885706810681",
               "Audio": "",
               "AnnounceDistance": 20.0
          },
          {
               "Name": "Hail Ride The Raglan Schools",
               "Location": "51.637648747489195, -0.07296940874165998",
               "Audio": "",
               "AnnounceDistance": 20.0
          },
          {
               "Name": "Hail Ride Park Avenue",
               "Location": "51.639816071531975, -0.07297869280134266",
               "Audio": "",
               "AnnounceDistance": 20.0
          },
          {
               "Name": "Hail Ride Bush Hill Park Station",
               "Location": "51.64054899772741, -0.06997040092162765",
               "Audio": "",
               "AnnounceDistance": 20.0
          },
          {
               "Name": "Bush Hill Park Station",
               "Location": "51.64130751630096, -0.06852182098876901",
               "Audio": "",
               "AnnounceDistance": 20.0
          },
          {
               "Name": "Hail Ride Bush Hill Park Station",
               "Location": "51.64138910427832, -0.06856171227496846",
               "Audio": "",
               "AnnounceDistance": 20.0
          },
          {
               "Name": "Hail Ride St Marks Road",
               "Location": "51.643253849158626, -0.06712384855091982",
               "Audio": "",
               "AnnounceDistance": 20.0
          },
          {
               "Name": "Hail Ride John Jackson Library",
               "Location": "51.64489664484618, -0.06695280170716797",
               "Audio": "",
               "AnnounceDistance": 20.0
          },
          {
               "Name": "Hail Ride Main Avenue",
               "Location": "51.645100068887324, -0.0651084937078864",
               "Audio": "",
               "AnnounceDistance": 20.0
          },
          {
               "Name": "Hail Ride Roman Way",
               "Location": "51.64633800943342, -0.06492569587085895",
               "Audio": "",
               "AnnounceDistance": 20.0
          },
          {
               "Name": "Hail Ride Bush Hill Park",
               "Location": "51.64655037781473, -0.06744617974839924",
               "Audio": "",
               "AnnounceDistance": 20.0
          },
          {
               "Name": "Hail Ride Lincoln Road",
               "Location": "51.6470023005944, -0.0708671502531421",
               "Audio": "",
               "AnnounceDistance": 20.0
          },
          {
               "Name": "Fotheringham Road",
               "Location": "51.64861939088522, -0.07186817471688839",
               "Audio": "",
               "AnnounceDistance": 20.0
          },
          {
               "Name": "Seaford Road",
               "Location": "51.65011962861793, -0.07232491341882002",
               "Audio": "",
               "AnnounceDistance": 20.0
          },
          {
               "Name": "Southbury Road",
               "Location": "51.65169609114596, -0.0752359783658487",
               "Audio": "",
               "AnnounceDistance": 20.0
          },
          {
               "Name": "Enfield Town Station",
               "Location": "51.652332245669754, -0.07838940559727739",
               "Audio": "",
               "AnnounceDistance": 20.0
          },
          {
               "Name": "Enfield Town / Cecil Road",
               "Location": "51.65054224117755, -0.08275844675326133",
               "Audio": "",
               "AnnounceDistance": 20.0
          },
          {
               "Name": "Little Park Gardens",
               "Location": "51.65293497884916, -0.08611256528968345",
               "Audio": "",
               "AnnounceDistance": 20.0
          }
     ]
}