{
     "RouteNumber": "194",
     "Destination": "Bell Green / Sainsburys",
     "RouteAudio": "",
     "DestinationAudio": "",
     "Stops": [
          {
               "Name": "West Croydon Bus Station",
               "Location": "51.37915767397375, -0.10111830356320584",
               "Audio": "",
               "AnnounceDistance": 20.0
          },
          {
               "Name": "Lunar House",
               "Location": "51.377841604877005, -0.09926162222123314",
               "Audio": "",
               "AnnounceDistance": 20.0
          },
          {
               "Name": "Whitgift Centre",
               "Location": "51.377013329843365, -0.09864931529234879",
               "Audio": "",
               "AnnounceDistance": 20.0
          },
          {
               "Name": "Dingwall Road / East Croydon Station",
               "Location": "51.374898690196936, -0.0941389807481567",
               "Audio": "",
               "AnnounceDistance": 20.0
          },
          {
               "Name": "East Croydon Bus Station",
               "Location": "51.37494053625137, -0.0917376835634951",
               "Audio": "",
               "AnnounceDistance": 20.0
          },
          {
               "Name": "Lebanon Road Tram Stop T",
               "Location": "51.37527780218901, -0.08540141653975065",
               "Audio": "",
               "AnnounceDistance": 20.0
          },
          {
               "Name": "Sandilands Tram Stop T",
               "Location": "51.37522641706715, -0.07896637043332488",
               "Audio": "",
               "AnnounceDistance": 20.0
          },
          {
               "Name": "Ashburton Road",
               "Location": "51.37504899928363, -0.07582705645532585",
               "Audio": "",
               "AnnounceDistance": 20.0
          },
          {
               "Name": "Mapledale Avenue",
               "Location": "51.374250026011495, -0.07098965689818751",
               "Audio": "",
               "AnnounceDistance": 20.0
          },
          {
               "Name": "Birch Tree Way",
               "Location": "51.375210533407284, -0.06543168110791148",
               "Audio": "",
               "AnnounceDistance": 20.0
          },
          {
               "Name": "Trinity School",
               "Location": "51.37624371121324, -0.06101992232750083",
               "Audio": "",
               "AnnounceDistance": 20.0
          },
          {
               "Name": "Valley Walk",
               "Location": "51.37508741602073, -0.05744786163467778",
               "Audio": "",
               "AnnounceDistance": 20.0
          },
          {
               "Name": "Upper Shirley Road",
               "Location": "51.37391597796402, -0.05459503924806859",
               "Audio": "",
               "AnnounceDistance": 20.0
          },
          {
               "Name": "Verdayne Avenue",
               "Location": "51.37468899992037, -0.04970567634484094",
               "Audio": "",
               "AnnounceDistance": 20.0
          },
          {
               "Name": "Shirley Library",
               "Location": "51.37525978529635, -0.04672144436646969",
               "Audio": "",
               "AnnounceDistance": 20.0
          },
          {
               "Name": "Hartland Way",
               "Location": "51.37482868940233, -0.04567651261568171",
               "Audio": "",
               "AnnounceDistance": 20.0
          },
          {
               "Name": "Bennetts Way",
               "Location": "51.37291410630712, -0.04465170527080898",
               "Audio": "",
               "AnnounceDistance": 20.0
          },
          {
               "Name": "Benson School",
               "Location": "51.37073003599276, -0.04310687502647774",
               "Audio": "",
               "AnnounceDistance": 20.0
          },
          {
               "Name": "Bennetts Avenue",
               "Location": "51.37180735507878, -0.039770728070733896",
               "Audio": "",
               "AnnounceDistance": 20.0
          },
          {
               "Name": "Millers Pond",
               "Location": "51.372342499819304, -0.03467599877216056",
               "Audio": "",
               "AnnounceDistance": 20.0
          },
          {
               "Name": "Links View Road",
               "Location": "51.37212511640548, -0.0308347245966825",
               "Audio": "",
               "AnnounceDistance": 20.0
          },
          {
               "Name": "Forest Academy",
               "Location": "51.37044050899825, -0.031194350366496017",
               "Audio": "",
               "AnnounceDistance": 20.0
          },
          {
               "Name": "Worcester Close",
               "Location": "51.37311651049079, -0.030964602791278027",
               "Audio": "",
               "AnnounceDistance": 20.0
          },
          {
               "Name": "Devonshire Way",
               "Location": "51.37584841423473, -0.030315723416371693",
               "Audio": "",
               "AnnounceDistance": 20.0
          },
          {
               "Name": "Monks Orchard Road",
               "Location": "51.37677652512719, -0.02935624737874929",
               "Audio": "",
               "AnnounceDistance": 20.0
          },
          {
               "Name": "West Wickham And Shirley Baptist Church",
               "Location": "51.37742758776153, -0.027431509104203698",
               "Audio": "",
               "AnnounceDistance": 20.0
          },
          {
               "Name": "High Street / Manor Road",
               "Location": "51.37732805587936, -0.02206159721542717",
               "Audio": "",
               "AnnounceDistance": 20.0
          },
          {
               "Name": "Sherwood Way",
               "Location": "51.37634909244328, -0.01787925266957548",
               "Audio": "",
               "AnnounceDistance": 20.0
          },
          {
               "Name": "High Street / The Grove",
               "Location": "51.375983301747155, -0.0159264885307693",
               "Audio": "",
               "AnnounceDistance": 20.0
          },
          {
               "Name": "Station Road / High Street",
               "Location": "51.37647484181567, -0.014683848754751878",
               "Audio": "",
               "AnnounceDistance": 20.0
          },
          {
               "Name": "Beckenham Road / West Wickham Station",
               "Location": "51.38022626057829, -0.015297521987541423",
               "Audio": "",
               "AnnounceDistance": 20.0
          },
          {
               "Name": "St Davids Close",
               "Location": "51.38225452921296, -0.018242067739299112",
               "Audio": "",
               "AnnounceDistance": 20.0
          },
          {
               "Name": "South Eden Park Road",
               "Location": "51.38481751078789, -0.021968627560050084",
               "Audio": "",
               "AnnounceDistance": 20.0
          },
          {
               "Name": "Links Way",
               "Location": "51.38693550641471, -0.024378108786571838",
               "Audio": "",
               "AnnounceDistance": 20.0
          },
          {
               "Name": "Eden Park Station",
               "Location": "51.38959774782505, -0.02653442078278999",
               "Audio": "",
               "AnnounceDistance": 20.0
          },
          {
               "Name": "Eden Park",
               "Location": "51.39106690049815, -0.02940345675171464",
               "Audio": "",
               "AnnounceDistance": 20.0
          },
          {
               "Name": "Lodge Gardens",
               "Location": "51.39205004706298, -0.03386030367477512",
               "Audio": "",
               "AnnounceDistance": 20.0
          },
          {
               "Name": "Altyre Way",
               "Location": "51.39178464387975, -0.03841386753582172",
               "Audio": "",
               "AnnounceDistance": 20.0
          },
          {
               "Name": "Abbots Way",
               "Location": "51.3932289526619, -0.041428220401898454",
               "Audio": "",
               "AnnounceDistance": 20.0
          },
          {
               "Name": "Goddard Road",
               "Location": "51.39606294251322, -0.04311846552862326",
               "Audio": "",
               "AnnounceDistance": 20.0
          },
          {
               "Name": "The Close",
               "Location": "51.39769955161551, -0.04365240292362389",
               "Audio": "",
               "AnnounceDistance": 20.0
          },
          {
               "Name": "Elmers End Green",
               "Location": "51.39923873115176, -0.04319856630234416",
               "Audio": "",
               "AnnounceDistance": 20.0
          },
          {
               "Name": "Eden Park Avenue",
               "Location": "51.399618357801074, -0.040623355474118654",
               "Audio": "",
               "AnnounceDistance": 20.0
          },
          {
               "Name": "Cromwell Road",
               "Location": "51.40282461755179, -0.037150747068411274",
               "Audio": "",
               "AnnounceDistance": 20.0
          },
          {
               "Name": "Beckenham Hospital",
               "Location": "51.404436679838405, -0.03460870816387815",
               "Audio": "",
               "AnnounceDistance": 20.0
          },
          {
               "Name": "Croydon Road / War Memorial",
               "Location": "51.406750039320926, -0.03259714796527682",
               "Audio": "",
               "AnnounceDistance": 20.0
          },
          {
               "Name": "Hayne Road",
               "Location": "51.407884076252905, -0.03587003330076537",
               "Audio": "",
               "AnnounceDistance": 20.0
          },
          {
               "Name": "Clock House Station",
               "Location": "51.40866409948094, -0.0394889479959161",
               "Audio": "",
               "AnnounceDistance": 20.0
          },
          {
               "Name": "Beckenham Road Tram Stop T",
               "Location": "51.409388913888755, -0.04411690713700274",
               "Audio": "",
               "AnnounceDistance": 20.0
          },
          {
               "Name": "Kent House Station",
               "Location": "51.41088280691147, -0.047418067432191305",
               "Audio": "",
               "AnnounceDistance": 20.0
          },
          {
               "Name": "Clevedon Road",
               "Location": "51.41190289910463, -0.04927280366613269",
               "Audio": "",
               "AnnounceDistance": 20.0
          },
          {
               "Name": "Penge / Sainsburys",
               "Location": "51.41299437581248, -0.051095824374936635",
               "Audio": "",
               "AnnounceDistance": 20.0
          },
          {
               "Name": "Green Lane / Raleigh Road",
               "Location": "51.414315375361674, -0.05103964238780465",
               "Audio": "",
               "AnnounceDistance": 20.0
          },
          {
               "Name": "Thesiger Road",
               "Location": "51.415880516351734, -0.04890212964035125",
               "Audio": "",
               "AnnounceDistance": 20.0
          },
          {
               "Name": "Penge Lane",
               "Location": "51.4173772002143, -0.051297721018324575",
               "Audio": "",
               "AnnounceDistance": 20.0
          },
          {
               "Name": "Penge East Station",
               "Location": "51.41997295638553, -0.05327282295622162",
               "Audio": "",
               "AnnounceDistance": 20.0
          },
          {
               "Name": "Studland Road",
               "Location": "51.421763220270236, -0.052233061531776204",
               "Audio": "",
               "AnnounceDistance": 20.0
          },
          {
               "Name": "Newlands Park",
               "Location": "51.426226106752225, -0.05184190224378504",
               "Audio": "",
               "AnnounceDistance": 20.0
          },
          {
               "Name": "Sydenham Road / Mayow Road",
               "Location": "51.425749480350994, -0.04751801209908853",
               "Audio": "",
               "AnnounceDistance": 20.0
          },
          {
               "Name": "Highclere Street",
               "Location": "51.42662647614834, -0.04187050685639254",
               "Audio": "",
               "AnnounceDistance": 20.0
          },
          {
               "Name": "Kirtley Road",
               "Location": "51.428426544248694, -0.038197173270805386",
               "Audio": "",
               "AnnounceDistance": 20.0
          },
          {
               "Name": "Bell Green / Southend Lane",
               "Location": "51.42949406994302, -0.03750408287679309",
               "Audio": "",
               "AnnounceDistance": 20.0
          },
          {
               "Name": "Bell Green / Sainsburys",
               "Location": "51.430758853578304, -0.03463018075790869",
               "Audio": "",
               "AnnounceDistance": 20.0
          }
     ]
}