{
     "RouteNumber": "196",
     "Destination": "Norwood Junction Station",
     "RouteAudio": "",
     "DestinationAudio": "",
     "Stops": [
          {
               "Name": "Elephant Castle / Newington Causeway",
               "Location": "51.49627347502784, -0.09972701283836743",
               "Audio": "",
               "AnnounceDistance": 20.0
          },
          {
               "Name": "Elephant Castle Station",
               "Location": "51.49423550993053, -0.10048885479512779",
               "Audio": "",
               "AnnounceDistance": 20.0
          },
          {
               "Name": "Newington Butts",
               "Location": "51.492083845437755, -0.10200443285230083",
               "Audio": "",
               "AnnounceDistance": 20.0
          },
          {
               "Name": "Renfrew Road",
               "Location": "51.490477130387866, -0.10663752211719724",
               "Audio": "",
               "AnnounceDistance": 20.0
          },
          {
               "Name": "Kennington Road",
               "Location": "51.48944767873576, -0.10915776014433794",
               "Audio": "",
               "AnnounceDistance": 20.0
          },
          {
               "Name": "Loughborough Street",
               "Location": "51.486820713942734, -0.1157913371355069",
               "Audio": "",
               "AnnounceDistance": 20.0
          },
          {
               "Name": "Durham Street",
               "Location": "51.48653556531971, -0.1181940981093287",
               "Audio": "",
               "AnnounceDistance": 20.0
          },
          {
               "Name": "Durham Street / Harleyford Road",
               "Location": "51.4854378311331, -0.11871460093423974",
               "Audio": "",
               "AnnounceDistance": 20.0
          },
          {
               "Name": "Vauxhall Bus Station",
               "Location": "51.48494892071163, -0.12468322083146806",
               "Audio": "",
               "AnnounceDistance": 20.0
          },
          {
               "Name": "Covent Garden Market East Side",
               "Location": "51.48350177745014, -0.12697500532725756",
               "Audio": "",
               "AnnounceDistance": 20.0
          },
          {
               "Name": "Nine Elms Station",
               "Location": "51.48062831417761, -0.12779842151983142",
               "Audio": "",
               "AnnounceDistance": 20.0
          },
          {
               "Name": "Lansdowne Green",
               "Location": "51.476699397924584, -0.13010498057063083",
               "Audio": "",
               "AnnounceDistance": 20.0
          },
          {
               "Name": "Stockwell Bus Garage",
               "Location": "51.47466054276055, -0.1257531918584348",
               "Audio": "",
               "AnnounceDistance": 20.0
          },
          {
               "Name": "South Lambeth Road / Stockwell Stn",
               "Location": "51.47387828591496, -0.12238693778512137",
               "Audio": "",
               "AnnounceDistance": 20.0
          },
          {
               "Name": "Stockwell Gardens",
               "Location": "51.47149934824034, -0.1215198861009302",
               "Audio": "",
               "AnnounceDistance": 20.0
          },
          {
               "Name": "Irving Grove",
               "Location": "51.469638391134595, -0.11986852529854793",
               "Audio": "",
               "AnnounceDistance": 20.0
          },
          {
               "Name": "Stockwell Green",
               "Location": "51.46837193491864, -0.11884074306291523",
               "Audio": "",
               "AnnounceDistance": 20.0
          },
          {
               "Name": "Stansfield Road",
               "Location": "51.4663074580247, -0.11683804610395754",
               "Audio": "",
               "AnnounceDistance": 20.0
          },
          {
               "Name": "Brixton Academy",
               "Location": "51.46519371692939, -0.11524264906597793",
               "Audio": "",
               "AnnounceDistance": 20.0
          },
          {
               "Name": "Brixton Station",
               "Location": "51.46158131395033, -0.11540587645987536",
               "Audio": "",
               "AnnounceDistance": 20.0
          },
          {
               "Name": "St Matthews Church",
               "Location": "51.46033332489343, -0.11552926318593253",
               "Audio": "",
               "AnnounceDistance": 20.0
          },
          {
               "Name": "St Matthews Estate",
               "Location": "51.45815412598031, -0.1147841276520615",
               "Audio": "",
               "AnnounceDistance": 20.0
          },
          {
               "Name": "Morval Road",
               "Location": "51.456309048426654, -0.11412604758446779",
               "Audio": "",
               "AnnounceDistance": 20.0
          },
          {
               "Name": "Dalberg Road / Effra Parade",
               "Location": "51.45595162497299, -0.11091651772199117",
               "Audio": "",
               "AnnounceDistance": 20.0
          },
          {
               "Name": "Milton Road",
               "Location": "51.4541184499868, -0.10765291622891507",
               "Audio": "",
               "AnnounceDistance": 20.0
          },
          {
               "Name": "Brockwell Lido",
               "Location": "51.45333562096337, -0.10539676815151287",
               "Audio": "",
               "AnnounceDistance": 20.0
          },
          {
               "Name": "Herne Hill Station",
               "Location": "51.45248742347016, -0.10243815125867256",
               "Audio": "",
               "AnnounceDistance": 20.0
          },
          {
               "Name": "Brockwell Park",
               "Location": "51.451883498557976, -0.10123980818477692",
               "Audio": "",
               "AnnounceDistance": 20.0
          },
          {
               "Name": "Rosendale Road",
               "Location": "51.44812798830024, -0.10256132924054462",
               "Audio": "",
               "AnnounceDistance": 20.0
          },
          {
               "Name": "Brockwell Park Gardens",
               "Location": "51.446205663514306, -0.10491479134930222",
               "Audio": "",
               "AnnounceDistance": 20.0
          },
          {
               "Name": "Deronda Road",
               "Location": "51.44387580225719, -0.10486734385785429",
               "Audio": "",
               "AnnounceDistance": 20.0
          },
          {
               "Name": "Tulse Hill Station",
               "Location": "51.43942664312945, -0.10611628826510953",
               "Audio": "",
               "AnnounceDistance": 20.0
          },
          {
               "Name": "Elmcourt Road",
               "Location": "51.437789604798304, -0.10553652807691946",
               "Audio": "",
               "AnnounceDistance": 20.0
          },
          {
               "Name": "Lancaster Avenue",
               "Location": "51.43574320083236, -0.1041104888791065",
               "Audio": "",
               "AnnounceDistance": 20.0
          },
          {
               "Name": "Norwood Road / Robson Road",
               "Location": "51.43401791480099, -0.10363520814900944",
               "Audio": "",
               "AnnounceDistance": 20.0
          },
          {
               "Name": "West Norwood Station",
               "Location": "51.43167106375508, -0.10253831801095624",
               "Audio": "",
               "AnnounceDistance": 20.0
          },
          {
               "Name": "Norwood Bus Garage",
               "Location": "51.429690688590696, -0.10352666943065954",
               "Audio": "",
               "AnnounceDistance": 20.0
          },
          {
               "Name": "Rothschild Street",
               "Location": "51.428902737983684, -0.10429295822634607",
               "Audio": "",
               "AnnounceDistance": 20.0
          },
          {
               "Name": "West Norwood Fire Station",
               "Location": "51.42686075596809, -0.10480901764877842",
               "Audio": "",
               "AnnounceDistance": 20.0
          },
          {
               "Name": "Furneaux Avenue",
               "Location": "51.42392862635823, -0.10533307747588952",
               "Audio": "",
               "AnnounceDistance": 20.0
          },
          {
               "Name": "Crown Point / Beulah Hill",
               "Location": "51.42200625127225, -0.10601668354032477",
               "Audio": "",
               "AnnounceDistance": 20.0
          },
          {
               "Name": "Grecian Crescent",
               "Location": "51.420421184790804, -0.10642739928403037",
               "Audio": "",
               "AnnounceDistance": 20.0
          },
          {
               "Name": "Biggin Hill",
               "Location": "51.41882946352482, -0.10364547528320035",
               "Audio": "",
               "AnnounceDistance": 20.0
          },
          {
               "Name": "Convent Hill",
               "Location": "51.41824162023015, -0.10066392859152498",
               "Audio": "",
               "AnnounceDistance": 20.0
          },
          {
               "Name": "Hermitage Road",
               "Location": "51.41638542484437, -0.09655582216848944",
               "Audio": "",
               "AnnounceDistance": 20.0
          },
          {
               "Name": "Beulah Spa",
               "Location": "51.41424221858968, -0.09250313485199957",
               "Audio": "",
               "AnnounceDistance": 20.0
          },
          {
               "Name": "Upper Beulah Hill",
               "Location": "51.41267112469774, -0.08880085019965203",
               "Audio": "",
               "AnnounceDistance": 20.0
          },
          {
               "Name": "Beulah Hill / All Saints Church",
               "Location": "51.410984222719264, -0.08737568489354146",
               "Audio": "",
               "AnnounceDistance": 20.0
          },
          {
               "Name": "Grange Avenue",
               "Location": "51.4083233985958, -0.08633639231424774",
               "Audio": "",
               "AnnounceDistance": 20.0
          },
          {
               "Name": "Wharncliffe Gardens",
               "Location": "51.4069171651801, -0.08502912974593511",
               "Audio": "",
               "AnnounceDistance": 20.0
          },
          {
               "Name": "Ross Road",
               "Location": "51.40555402689266, -0.08305874562444301",
               "Audio": "",
               "AnnounceDistance": 20.0
          },
          {
               "Name": "Howden Road",
               "Location": "51.40366328240671, -0.08072236593685043",
               "Audio": "",
               "AnnounceDistance": 20.0
          },
          {
               "Name": "Elm Park Road",
               "Location": "51.40185454977417, -0.07845462413657818",
               "Audio": "",
               "AnnounceDistance": 20.0
          },
          {
               "Name": "Stanley Hall",
               "Location": "51.40009924415364, -0.07560975541922656",
               "Audio": "",
               "AnnounceDistance": 20.0
          },
          {
               "Name": "Norwood Junction Station",
               "Location": "51.398608205793074, -0.07516917422217342",
               "Audio": "",
               "AnnounceDistance": 20.0
          }
     ]
}