{
     "RouteNumber": "196",
     "Destination": "Elephant Castle / Newington Causeway",
     "RouteAudio": "",
     "DestinationAudio": "",
     "Stops": [
          {
               "Name": "Norwood Junction Station",
               "Location": "51.398608205793074, -0.07516917422217342",
               "Audio": "",
               "AnnounceDistance": 20.0
          },
          {
               "Name": "Portland Road",
               "Location": "51.399043807437714, -0.07540965883468383",
               "Audio": "",
               "AnnounceDistance": 20.0
          },
          {
               "Name": "Stanley Hall",
               "Location": "51.40021298067895, -0.07596439584338444",
               "Audio": "",
               "AnnounceDistance": 20.0
          },
          {
               "Name": "Elm Park Road",
               "Location": "51.40198742874099, -0.07888036839620471",
               "Audio": "",
               "AnnounceDistance": 20.0
          },
          {
               "Name": "Howden Road",
               "Location": "51.4047108049988, -0.08208754936240714",
               "Audio": "",
               "AnnounceDistance": 20.0
          },
          {
               "Name": "Wharncliffe Gardens",
               "Location": "51.40646266993005, -0.08473179000414606",
               "Audio": "",
               "AnnounceDistance": 20.0
          },
          {
               "Name": "Grange Avenue",
               "Location": "51.40777927536724, -0.0860571524508518",
               "Audio": "",
               "AnnounceDistance": 20.0
          },
          {
               "Name": "South Norwood Hill / All Saints Church",
               "Location": "51.40905835103535, -0.08673708613895169",
               "Audio": "",
               "AnnounceDistance": 20.0
          },
          {
               "Name": "Upper Beulah Hill",
               "Location": "51.41190406181276, -0.08808506785479152",
               "Audio": "",
               "AnnounceDistance": 20.0
          },
          {
               "Name": "Beulah Spa",
               "Location": "51.414527586382434, -0.0929083061437556",
               "Audio": "",
               "AnnounceDistance": 20.0
          },
          {
               "Name": "Hermitage Road",
               "Location": "51.41709804015907, -0.09835271217852068",
               "Audio": "",
               "AnnounceDistance": 20.0
          },
          {
               "Name": "Convent Hill",
               "Location": "51.41839914636274, -0.10150595050527833",
               "Audio": "",
               "AnnounceDistance": 20.0
          },
          {
               "Name": "Biggin Hill",
               "Location": "51.41891468832455, -0.10502265755567686",
               "Audio": "",
               "AnnounceDistance": 20.0
          },
          {
               "Name": "Crown Point / Beulah Hill",
               "Location": "51.42172285867965, -0.1062872983840242",
               "Audio": "",
               "AnnounceDistance": 20.0
          },
          {
               "Name": "Crown Point / Knights Hill",
               "Location": "51.42303600107576, -0.10574397125664323",
               "Audio": "",
               "AnnounceDistance": 20.0
          },
          {
               "Name": "Lakeview Road",
               "Location": "51.42477430198043, -0.10535563645478382",
               "Audio": "",
               "AnnounceDistance": 20.0
          },
          {
               "Name": "West Norwood Fire Station",
               "Location": "51.42710455785527, -0.1048708549153255",
               "Audio": "",
               "AnnounceDistance": 20.0
          },
          {
               "Name": "St Julians Farm Road",
               "Location": "51.43015467217237, -0.10441376981121527",
               "Audio": "",
               "AnnounceDistance": 20.0
          },
          {
               "Name": "West Norwood Station",
               "Location": "51.43235980576883, -0.10397721628359863",
               "Audio": "",
               "AnnounceDistance": 20.0
          },
          {
               "Name": "Norwood Road / Robson Road",
               "Location": "51.43407532365476, -0.10384863809107411",
               "Audio": "",
               "AnnounceDistance": 20.0
          },
          {
               "Name": "Lancaster Avenue",
               "Location": "51.4367662121251, -0.10508967879000622",
               "Audio": "",
               "AnnounceDistance": 20.0
          },
          {
               "Name": "Tulse Hill Station",
               "Location": "51.44072490117195, -0.10632158909452538",
               "Audio": "",
               "AnnounceDistance": 20.0
          },
          {
               "Name": "Thurlow Park Road",
               "Location": "51.44211914946318, -0.10578905654241223",
               "Audio": "",
               "AnnounceDistance": 20.0
          },
          {
               "Name": "Deronda Road",
               "Location": "51.44448092867202, -0.10502936688545148",
               "Audio": "",
               "AnnounceDistance": 20.0
          },
          {
               "Name": "Brockwell Park Gardens",
               "Location": "51.446573650120705, -0.10487077356100748",
               "Audio": "",
               "AnnounceDistance": 20.0
          },
          {
               "Name": "Rosendale Road",
               "Location": "51.44908643409104, -0.10177321645953957",
               "Audio": "",
               "AnnounceDistance": 20.0
          },
          {
               "Name": "Brockwell Park",
               "Location": "51.451541774893414, -0.10123959385144185",
               "Audio": "",
               "AnnounceDistance": 20.0
          },
          {
               "Name": "Herne Hill Station",
               "Location": "51.45245017257027, -0.10291466288875172",
               "Audio": "",
               "AnnounceDistance": 20.0
          },
          {
               "Name": "Brockwell Lido",
               "Location": "51.453699885317405, -0.10679223260131791",
               "Audio": "",
               "AnnounceDistance": 20.0
          },
          {
               "Name": "Chaucer Road / Effra Parade",
               "Location": "51.45526673095049, -0.11026828417530818",
               "Audio": "",
               "AnnounceDistance": 20.0
          },
          {
               "Name": "Brixton Water Lane",
               "Location": "51.455215098832, -0.1126453923963983",
               "Audio": "",
               "AnnounceDistance": 20.0
          },
          {
               "Name": "Morval Road",
               "Location": "51.45661023578188, -0.11440151836157783",
               "Audio": "",
               "AnnounceDistance": 20.0
          },
          {
               "Name": "St Matthews Estate",
               "Location": "51.4584373385392, -0.11506035406868495",
               "Audio": "",
               "AnnounceDistance": 20.0
          },
          {
               "Name": "Lambeth Town Hall",
               "Location": "51.460151800761594, -0.11654441403255558",
               "Audio": "",
               "AnnounceDistance": 20.0
          },
          {
               "Name": "Brixton Station",
               "Location": "51.46205047006482, -0.11550171655661838",
               "Audio": "",
               "AnnounceDistance": 20.0
          },
          {
               "Name": "Brixton Academy",
               "Location": "51.464975030443476, -0.11506450069784539",
               "Audio": "",
               "AnnounceDistance": 20.0
          },
          {
               "Name": "Stansfield Road",
               "Location": "51.46656555449387, -0.11723054587292385",
               "Audio": "",
               "AnnounceDistance": 20.0
          },
          {
               "Name": "Stockwell Green",
               "Location": "51.468539696620226, -0.11920819026723566",
               "Audio": "",
               "AnnounceDistance": 20.0
          },
          {
               "Name": "Stockwell Gardens",
               "Location": "51.471639219797886, -0.12183091747832242",
               "Audio": "",
               "AnnounceDistance": 20.0
          },
          {
               "Name": "Binfield Road / Stockwell Station",
               "Location": "51.47258650720514, -0.12314554037911665",
               "Audio": "",
               "AnnounceDistance": 20.0
          },
          {
               "Name": "Stockwell Bus Garage",
               "Location": "51.47428656733567, -0.12542292579571634",
               "Audio": "",
               "AnnounceDistance": 20.0
          },
          {
               "Name": "Lansdowne Green",
               "Location": "51.47607373194213, -0.13090818514296657",
               "Audio": "",
               "AnnounceDistance": 20.0
          },
          {
               "Name": "Nine Elms Station",
               "Location": "51.47947359882632, -0.12869539115018191",
               "Audio": "",
               "AnnounceDistance": 20.0
          },
          {
               "Name": "Covent Garden Market East Side",
               "Location": "51.482341324293245, -0.12751223146410529",
               "Audio": "",
               "AnnounceDistance": 20.0
          },
          {
               "Name": "Vauxhall Bus Station",
               "Location": "51.48510699736104, -0.12444628441293613",
               "Audio": "",
               "AnnounceDistance": 20.0
          },
          {
               "Name": "St Annes Church",
               "Location": "51.486310274386334, -0.1204071205913867",
               "Audio": "",
               "AnnounceDistance": 20.0
          },
          {
               "Name": "Loughborough Street",
               "Location": "51.4870155278378, -0.11392521505075819",
               "Audio": "",
               "AnnounceDistance": 20.0
          },
          {
               "Name": "Kennington Road",
               "Location": "51.48918075911907, -0.11045080381194877",
               "Audio": "",
               "AnnounceDistance": 20.0
          },
          {
               "Name": "Renfrew Road",
               "Location": "51.49091111438755, -0.10566880843826096",
               "Audio": "",
               "AnnounceDistance": 20.0
          },
          {
               "Name": "Newington Butts",
               "Location": "51.49168350969492, -0.1028277571618576",
               "Audio": "",
               "AnnounceDistance": 20.0
          },
          {
               "Name": "Elephant Castle Station",
               "Location": "51.494070361998894, -0.10084146544433166",
               "Audio": "",
               "AnnounceDistance": 20.0
          },
          {
               "Name": "Elephant Castle / Newington Causeway",
               "Location": "51.49643044489784, -0.09997980683064916",
               "Audio": "",
               "AnnounceDistance": 20.0
          }
     ]
}