{
     "RouteNumber": "198",
     "Destination": "Shrublands / Bramble Close",
     "RouteAudio": "",
     "DestinationAudio": "",
     "Stops": [
          {
               "Name": "Nursery Road",
               "Location": "51.39743362075801, -0.0935331066519496",
               "Audio": "",
               "AnnounceDistance": 20.0
          },
          {
               "Name": "Thornton Heath Clock Tower",
               "Location": "51.398706365182115, -0.09714608293996814",
               "Audio": "",
               "AnnounceDistance": 20.0
          },
          {
               "Name": "Thornton Heath Station",
               "Location": "51.39845609678301, -0.09945662628583085",
               "Audio": "",
               "AnnounceDistance": 20.0
          },
          {
               "Name": "Brook Road",
               "Location": "51.39766303373532, -0.10268090975077669",
               "Audio": "",
               "AnnounceDistance": 20.0
          },
          {
               "Name": "Bensham Lane",
               "Location": "51.396395907295116, -0.10606841512620714",
               "Audio": "",
               "AnnounceDistance": 20.0
          },
          {
               "Name": "Whitehorse Manor Brigstock Site",
               "Location": "51.3953929511395, -0.10911421468864618",
               "Audio": "",
               "AnnounceDistance": 20.0
          },
          {
               "Name": "Brigstock Road / London Road",
               "Location": "51.39349293212439, -0.1134186314818529",
               "Audio": "",
               "AnnounceDistance": 20.0
          },
          {
               "Name": "Thornton Heath Pond",
               "Location": "51.39230760603014, -0.11352488819827145",
               "Audio": "",
               "AnnounceDistance": 20.0
          },
          {
               "Name": "Dunheved Road North",
               "Location": "51.39121508542772, -0.11269303211656363",
               "Audio": "",
               "AnnounceDistance": 20.0
          },
          {
               "Name": "Croydon University Hospital",
               "Location": "51.38863303267197, -0.11150571889089296",
               "Audio": "",
               "AnnounceDistance": 20.0
          },
          {
               "Name": "Broad Green Avenue",
               "Location": "51.38547623136214, -0.1098104518196739",
               "Audio": "",
               "AnnounceDistance": 20.0
          },
          {
               "Name": "Sumner Road",
               "Location": "51.38269649697948, -0.1069645518431064",
               "Audio": "",
               "AnnounceDistance": 20.0
          },
          {
               "Name": "Montague Road",
               "Location": "51.38127065781341, -0.10554321454652764",
               "Audio": "",
               "AnnounceDistance": 20.0
          },
          {
               "Name": "West Croydon Station",
               "Location": "51.37896193374582, -0.10346869169506759",
               "Audio": "",
               "AnnounceDistance": 20.0
          },
          {
               "Name": "Poplar Walk",
               "Location": "51.378154330176244, -0.10080058591136609",
               "Audio": "",
               "AnnounceDistance": 20.0
          },
          {
               "Name": "Lunar House",
               "Location": "51.377841604877005, -0.09926162222123314",
               "Audio": "",
               "AnnounceDistance": 20.0
          },
          {
               "Name": "Whitgift Centre",
               "Location": "51.377013329843365, -0.09864931529234879",
               "Audio": "",
               "AnnounceDistance": 20.0
          },
          {
               "Name": "Dingwall Road / East Croydon Station",
               "Location": "51.374898690196936, -0.0941389807481567",
               "Audio": "",
               "AnnounceDistance": 20.0
          },
          {
               "Name": "East Croydon Bus Station",
               "Location": "51.37494053625137, -0.0917376835634951",
               "Audio": "",
               "AnnounceDistance": 20.0
          },
          {
               "Name": "Lebanon Road Tram Stop T",
               "Location": "51.37527780218901, -0.08540141653975065",
               "Audio": "",
               "AnnounceDistance": 20.0
          },
          {
               "Name": "Sandilands Tram Stop T",
               "Location": "51.37522641706715, -0.07896637043332488",
               "Audio": "",
               "AnnounceDistance": 20.0
          },
          {
               "Name": "Ashburton Road",
               "Location": "51.37504899928363, -0.07582705645532585",
               "Audio": "",
               "AnnounceDistance": 20.0
          },
          {
               "Name": "Mapledale Avenue",
               "Location": "51.374250026011495, -0.07098965689818751",
               "Audio": "",
               "AnnounceDistance": 20.0
          },
          {
               "Name": "Birch Tree Way",
               "Location": "51.375210533407284, -0.06543168110791148",
               "Audio": "",
               "AnnounceDistance": 20.0
          },
          {
               "Name": "Trinity School",
               "Location": "51.37624371121324, -0.06101992232750083",
               "Audio": "",
               "AnnounceDistance": 20.0
          },
          {
               "Name": "Valley Walk",
               "Location": "51.37508741602073, -0.05744786163467778",
               "Audio": "",
               "AnnounceDistance": 20.0
          },
          {
               "Name": "Upper Shirley Road",
               "Location": "51.37391597796402, -0.05459503924806859",
               "Audio": "",
               "AnnounceDistance": 20.0
          },
          {
               "Name": "Verdayne Avenue",
               "Location": "51.37468899992037, -0.04970567634484094",
               "Audio": "",
               "AnnounceDistance": 20.0
          },
          {
               "Name": "Shirley Library",
               "Location": "51.37525978529635, -0.04672144436646969",
               "Audio": "",
               "AnnounceDistance": 20.0
          },
          {
               "Name": "Cheston Avenue",
               "Location": "51.37586127643055, -0.04288805673069669",
               "Audio": "",
               "AnnounceDistance": 20.0
          },
          {
               "Name": "Langland Gardens",
               "Location": "51.37690315598382, -0.03797241529023507",
               "Audio": "",
               "AnnounceDistance": 20.0
          },
          {
               "Name": "Monks Orchard Road",
               "Location": "51.37688803325153, -0.02903533275005256",
               "Audio": "",
               "AnnounceDistance": 20.0
          },
          {
               "Name": "Ash Road",
               "Location": "51.37472434216551, -0.030852507165886188",
               "Audio": "",
               "AnnounceDistance": 20.0
          },
          {
               "Name": "Links View Road",
               "Location": "51.37212511640548, -0.0308347245966825",
               "Audio": "",
               "AnnounceDistance": 20.0
          },
          {
               "Name": "Forest Academy",
               "Location": "51.37044050899825, -0.031194350366496017",
               "Audio": "",
               "AnnounceDistance": 20.0
          },
          {
               "Name": "Laurel Crescent",
               "Location": "51.36774345454407, -0.03070664575518964",
               "Audio": "",
               "AnnounceDistance": 20.0
          },
          {
               "Name": "Fir Tree Gardens",
               "Location": "51.36637010079387, -0.029788674132670608",
               "Audio": "",
               "AnnounceDistance": 20.0
          },
          {
               "Name": "Shrublands / Bramble Close",
               "Location": "51.366243800854136, -0.02709328438577142",
               "Audio": "",
               "AnnounceDistance": 20.0
          }
     ]
}