{
     "RouteNumber": "199",
     "Destination": "Catford Garage",
     "RouteAudio": "",
     "DestinationAudio": "",
     "Stops": [
          {
               "Name": "Canada Water Bus Station",
               "Location": "51.4979480124273, -0.04999530026434328",
               "Audio": "",
               "AnnounceDistance": 20.0
          },
          {
               "Name": "Rotherhithe Police Station",
               "Location": "51.494943599743465, -0.05048368537067522",
               "Audio": "",
               "AnnounceDistance": 20.0
          },
          {
               "Name": "Surrey Quays Shopping Centre",
               "Location": "51.49400352404766, -0.04587061278471306",
               "Audio": "",
               "AnnounceDistance": 20.0
          },
          {
               "Name": "Surrey Quays Station",
               "Location": "51.49342133750397, -0.046010758214009045",
               "Audio": "",
               "AnnounceDistance": 20.0
          },
          {
               "Name": "Lower Road / Surrey Quays Station",
               "Location": "51.492334831889515, -0.04556742784170926",
               "Audio": "",
               "AnnounceDistance": 20.0
          },
          {
               "Name": "Yeoman Street",
               "Location": "51.492759509062054, -0.04083858269718014",
               "Audio": "",
               "AnnounceDistance": 20.0
          },
          {
               "Name": "Dunnage Crescent",
               "Location": "51.492560572101745, -0.03593476862956142",
               "Audio": "",
               "AnnounceDistance": 20.0
          },
          {
               "Name": "Grove Street / Plough Way",
               "Location": "51.49214811605064, -0.0343966945172027",
               "Audio": "",
               "AnnounceDistance": 20.0
          },
          {
               "Name": "Windlass Place",
               "Location": "51.49024111501268, -0.03436348017530656",
               "Audio": "",
               "AnnounceDistance": 20.0
          },
          {
               "Name": "Riverside Youth Club",
               "Location": "51.48878631815821, -0.03448367071951884",
               "Audio": "",
               "AnnounceDistance": 20.0
          },
          {
               "Name": "Deptford Park School",
               "Location": "51.48805883359408, -0.03722296319302746",
               "Audio": "",
               "AnnounceDistance": 20.0
          },
          {
               "Name": "Deptford Fire Station",
               "Location": "51.48510330257297, -0.03364822173024378",
               "Audio": "",
               "AnnounceDistance": 20.0
          },
          {
               "Name": "Abinger Grove",
               "Location": "51.483586820203705, -0.031164149106954083",
               "Audio": "",
               "AnnounceDistance": 20.0
          },
          {
               "Name": "Sayes Court Estate",
               "Location": "51.48213346395119, -0.028159029404446156",
               "Audio": "",
               "AnnounceDistance": 20.0
          },
          {
               "Name": "Deptford High Street",
               "Location": "51.48126899709986, -0.024883821276328422",
               "Audio": "",
               "AnnounceDistance": 20.0
          },
          {
               "Name": "Macmillan Students Village",
               "Location": "51.480993881787526, -0.02136719812567516",
               "Audio": "",
               "AnnounceDistance": 20.0
          },
          {
               "Name": "Creekside",
               "Location": "51.48140984459435, -0.017244561088370122",
               "Audio": "",
               "AnnounceDistance": 20.0
          },
          {
               "Name": "Creek Road / Norman Road",
               "Location": "51.48149568338978, -0.014345984928430873",
               "Audio": "",
               "AnnounceDistance": 20.0
          },
          {
               "Name": "Greenwich Tn Ctr / Cutty Sark Stn",
               "Location": "51.481494961460236, -0.011119910202632002",
               "Audio": "",
               "AnnounceDistance": 20.0
          },
          {
               "Name": "Greenwich Town Centre / Nelson Road",
               "Location": "51.48086328863832, -0.008871866416023522",
               "Audio": "",
               "AnnounceDistance": 20.0
          },
          {
               "Name": "Greenwich High Road / Royal Hill",
               "Location": "51.479087574711926, -0.010216539108163444",
               "Audio": "",
               "AnnounceDistance": 20.0
          },
          {
               "Name": "Greenwich Station",
               "Location": "51.478263147810296, -0.011447724201788637",
               "Audio": "",
               "AnnounceDistance": 20.0
          },
          {
               "Name": "Ashburnham Grove",
               "Location": "51.47478203150403, -0.013514343228229808",
               "Audio": "",
               "AnnounceDistance": 20.0
          },
          {
               "Name": "Greenwich South Street / Blackheath Road",
               "Location": "51.473446821470446, -0.0148539248652243",
               "Audio": "",
               "AnnounceDistance": 20.0
          },
          {
               "Name": "Sparta Street",
               "Location": "51.471522333110435, -0.01485107540103882",
               "Audio": "",
               "AnnounceDistance": 20.0
          },
          {
               "Name": "Morden Hill",
               "Location": "51.46921085953375, -0.01323800451769008",
               "Audio": "",
               "AnnounceDistance": 20.0
          },
          {
               "Name": "Blackheath Rise",
               "Location": "51.46760223219397, -0.011709719728985865",
               "Audio": "",
               "AnnounceDistance": 20.0
          },
          {
               "Name": "Lewisham Station",
               "Location": "51.46423516759086, -0.012547131863608025",
               "Audio": "",
               "AnnounceDistance": 20.0
          },
          {
               "Name": "Lewisham Centre",
               "Location": "51.4608834273772, -0.010576573685587683",
               "Audio": "",
               "AnnounceDistance": 20.0
          },
          {
               "Name": "Morley Road",
               "Location": "51.45873880141456, -0.012440429827506113",
               "Audio": "",
               "AnnounceDistance": 20.0
          },
          {
               "Name": "Lewisham Fire Station",
               "Location": "51.45672162490271, -0.013866742978132472",
               "Audio": "",
               "AnnounceDistance": 20.0
          },
          {
               "Name": "Lewisham Park",
               "Location": "51.454310765838436, -0.01594332576371364",
               "Audio": "",
               "AnnounceDistance": 20.0
          },
          {
               "Name": "Lewisham Hospital",
               "Location": "51.4530403321988, -0.016329455888731133",
               "Audio": "",
               "AnnounceDistance": 20.0
          },
          {
               "Name": "Mount Pleasant Road",
               "Location": "51.4511955132966, -0.0167836348582369",
               "Audio": "",
               "AnnounceDistance": 20.0
          },
          {
               "Name": "Rosenthal Road",
               "Location": "51.44813416888146, -0.017621488492106267",
               "Audio": "",
               "AnnounceDistance": 20.0
          },
          {
               "Name": "The Catford Centre",
               "Location": "51.44476389940914, -0.019868493569479756",
               "Audio": "",
               "AnnounceDistance": 20.0
          },
          {
               "Name": "Bromley Road / Lewisham Town Hall",
               "Location": "51.44338634329293, -0.02030223018056582",
               "Audio": "",
               "AnnounceDistance": 20.0
          },
          {
               "Name": "Inchmery Road",
               "Location": "51.43926629906006, -0.019689000772876494",
               "Audio": "",
               "AnnounceDistance": 20.0
          },
          {
               "Name": "Newquay Road",
               "Location": "51.43708871804618, -0.018545795493641593",
               "Audio": "",
               "AnnounceDistance": 20.0
          },
          {
               "Name": "Catford Garage",
               "Location": "51.43489996263409, -0.01780603202156241",
               "Audio": "",
               "AnnounceDistance": 20.0
          }
     ]
}