{
     "RouteNumber": "1",
     "Destination": "Canada Water Bus Station",
     "RouteAudio": "",
     "DestinationAudio": "",
     "Stops": [
          {
               "Name": "Royal Free Hospital",
               "Location": "51.55404333619374, -0.16537724740346738",
               "Audio": "",
               "AnnounceDistance": 20.0
          },
          {
               "Name": "Rosslyn Hill",
               "Location": "51.55344133518296, -0.16828640827939356",
               "Audio": "",
               "AnnounceDistance": 20.0
          },
          {
               "Name": "Haverstock Hill / Pond Street",
               "Location": "51.55226583216668, -0.16729507666756796",
               "Audio": "",
               "AnnounceDistance": 20.0
          },
          {
               "Name": "Belsize Park Station",
               "Location": "51.55074921920742, -0.1651924515772936",
               "Audio": "",
               "AnnounceDistance": 20.0
          },
          {
               "Name": "Downside Crescent",
               "Location": "51.54986438944016, -0.16381454215016053",
               "Audio": "",
               "AnnounceDistance": 20.0
          },
          {
               "Name": "Upper Park Road",
               "Location": "51.54859663465445, -0.1615290315624987",
               "Audio": "",
               "AnnounceDistance": 20.0
          },
          {
               "Name": "Haverstock Hill / Steeles Village",
               "Location": "51.54644251284115, -0.1572025804041985",
               "Audio": "",
               "AnnounceDistance": 20.0
          },
          {
               "Name": "Chalk Farm Station",
               "Location": "51.54460407843647, -0.15408961252645687",
               "Audio": "",
               "AnnounceDistance": 20.0
          },
          {
               "Name": "Chalk Farm Road / Morrisons",
               "Location": "51.54310344456476, -0.14959316128585956",
               "Audio": "",
               "AnnounceDistance": 20.0
          },
          {
               "Name": "Stables Market",
               "Location": "51.54264046881393, -0.14760737987367273",
               "Audio": "",
               "AnnounceDistance": 20.0
          },
          {
               "Name": "Hawley Road",
               "Location": "51.54288200123077, -0.14354515964045766",
               "Audio": "",
               "AnnounceDistance": 20.0
          },
          {
               "Name": "Camden Gardens",
               "Location": "51.541961142213246, -0.14104452125064995",
               "Audio": "",
               "AnnounceDistance": 20.0
          },
          {
               "Name": "Camden Town Station / Camden Street",
               "Location": "51.54022451127074, -0.1404086816715911",
               "Audio": "",
               "AnnounceDistance": 20.0
          },
          {
               "Name": "Camden Town Station / Bayham Street",
               "Location": "51.53866791206245, -0.14091915357916743",
               "Audio": "",
               "AnnounceDistance": 20.0
          },
          {
               "Name": "Pratt Street",
               "Location": "51.53696067512921, -0.13930163511449975",
               "Audio": "",
               "AnnounceDistance": 20.0
          },
          {
               "Name": "Mornington Cres Stn / Camden Tn Library",
               "Location": "51.53403557708703, -0.13800789593512858",
               "Audio": "",
               "AnnounceDistance": 20.0
          },
          {
               "Name": "Aldenham Street",
               "Location": "51.5310074301613, -0.13475772387189633",
               "Audio": "",
               "AnnounceDistance": 20.0
          },
          {
               "Name": "Euston Station",
               "Location": "51.5284994655477, -0.13199127025604043",
               "Audio": "",
               "AnnounceDistance": 20.0
          },
          {
               "Name": "Upper Woburn Place",
               "Location": "51.52680594934819, -0.13011437864911704",
               "Audio": "",
               "AnnounceDistance": 20.0
          },
          {
               "Name": "Tavistock Square",
               "Location": "51.524902493165115, -0.1280444131686839",
               "Audio": "",
               "AnnounceDistance": 20.0
          },
          {
               "Name": "Russell Square",
               "Location": "51.52335454265921, -0.1262771580458362",
               "Audio": "",
               "AnnounceDistance": 20.0
          },
          {
               "Name": "Southampton Row",
               "Location": "51.52106183238923, -0.1234883579369741",
               "Audio": "",
               "AnnounceDistance": 20.0
          },
          {
               "Name": "Southampton Row / Theobalds Road",
               "Location": "51.518507061774486, -0.12062413911049173",
               "Audio": "",
               "AnnounceDistance": 20.0
          },
          {
               "Name": "Kingsway / Holborn Station",
               "Location": "51.516739670779614, -0.11976003445207672",
               "Audio": "",
               "AnnounceDistance": 20.0
          },
          {
               "Name": "Aldwych / Drury Lane",
               "Location": "51.51229149683389, -0.11883348831509605",
               "Audio": "",
               "AnnounceDistance": 20.0
          },
          {
               "Name": "Waterloo Bridge / South Bank",
               "Location": "51.50650044511987, -0.11492194854531493",
               "Audio": "",
               "AnnounceDistance": 20.0
          },
          {
               "Name": "Waterloo Station / Waterloo Road",
               "Location": "51.50352925350181, -0.11134144932467864",
               "Audio": "",
               "AnnounceDistance": 20.0
          },
          {
               "Name": "The Old Vic",
               "Location": "51.501338303863974, -0.10875208230724906",
               "Audio": "",
               "AnnounceDistance": 20.0
          },
          {
               "Name": "St Georges Circus",
               "Location": "51.4991581454035, -0.10627777403576068",
               "Audio": "",
               "AnnounceDistance": 20.0
          },
          {
               "Name": "Elephant Castle / London Road",
               "Location": "51.496101656081564, -0.10133330233619882",
               "Audio": "",
               "AnnounceDistance": 20.0
          },
          {
               "Name": "Elephant Castle / New Kent Road",
               "Location": "51.49506076639349, -0.09869697016993449",
               "Audio": "",
               "AnnounceDistance": 20.0
          },
          {
               "Name": "Rodney Place",
               "Location": "51.494218291361555, -0.09443900442429023",
               "Audio": "",
               "AnnounceDistance": 20.0
          },
          {
               "Name": "Bricklayers Arms / New Kent Road",
               "Location": "51.49433257314077, -0.08764893808114002",
               "Audio": "",
               "AnnounceDistance": 20.0
          },
          {
               "Name": "Bricklayers Arms / Tower Bridge Road",
               "Location": "51.49563082475839, -0.08344550708809542",
               "Audio": "",
               "AnnounceDistance": 20.0
          },
          {
               "Name": "Griggs Place",
               "Location": "51.49643081143515, -0.08067465098431562",
               "Audio": "",
               "AnnounceDistance": 20.0
          },
          {
               "Name": "Fendall Street",
               "Location": "51.4956805661839, -0.07824263712682901",
               "Audio": "",
               "AnnounceDistance": 20.0
          },
          {
               "Name": "Spa Road",
               "Location": "51.49481958927503, -0.07618993006453964",
               "Audio": "",
               "AnnounceDistance": 20.0
          },
          {
               "Name": "Alscot Road",
               "Location": "51.49369087674249, -0.07426383160293344",
               "Audio": "",
               "AnnounceDistance": 20.0
          },
          {
               "Name": "Harris Academy",
               "Location": "51.49280285400478, -0.07111759380419844",
               "Audio": "",
               "AnnounceDistance": 20.0
          },
          {
               "Name": "Southwark Park Road / St Jamess Road",
               "Location": "51.492374113091735, -0.0658344370584321",
               "Audio": "",
               "AnnounceDistance": 20.0
          },
          {
               "Name": "Anchor Street",
               "Location": "51.49220014406962, -0.06128965081553004",
               "Audio": "",
               "AnnounceDistance": 20.0
          },
          {
               "Name": "Lynton Road",
               "Location": "51.490512675667865, -0.05984871407276417",
               "Audio": "",
               "AnnounceDistance": 20.0
          },
          {
               "Name": "Galleywall Road / South Bermondsey Stn",
               "Location": "51.489043888960346, -0.05803847747220648",
               "Audio": "",
               "AnnounceDistance": 20.0
          },
          {
               "Name": "Beamish House",
               "Location": "51.48961027459663, -0.05640107984750603",
               "Audio": "",
               "AnnounceDistance": 20.0
          },
          {
               "Name": "Corbetts Lane",
               "Location": "51.49094163003194, -0.05317532147024889",
               "Audio": "",
               "AnnounceDistance": 20.0
          },
          {
               "Name": "Warndon Street",
               "Location": "51.49112252207714, -0.05053145985572109",
               "Audio": "",
               "AnnounceDistance": 20.0
          },
          {
               "Name": "Surrey Quays Station",
               "Location": "51.492859653630234, -0.047921933758673",
               "Audio": "",
               "AnnounceDistance": 20.0
          },
          {
               "Name": "Rotherhithe Police Station",
               "Location": "51.495461665975284, -0.05135478926518604",
               "Audio": "",
               "AnnounceDistance": 20.0
          },
          {
               "Name": "Canada Water Bus Station",
               "Location": "51.498144991827736, -0.04994367034596607",
               "Audio": "",
               "AnnounceDistance": 20.0
          }
     ]
}