{
     "RouteNumber": "1",
     "Destination": "South End Green",
     "RouteAudio": "",
     "DestinationAudio": "",
     "Stops": [
          {
               "Name": "Canada Water Bus Station",
               "Location": "51.49777464004142, -0.049844219633395206",
               "Audio": "",
               "AnnounceDistance": 20.0
          },
          {
               "Name": "Rotherhithe Police Station",
               "Location": "51.494943599743465, -0.05048368537067522",
               "Audio": "",
               "AnnounceDistance": 20.0
          },
          {
               "Name": "Surrey Quays Shopping Centre",
               "Location": "51.494010000603794, -0.046259301630238156",
               "Audio": "",
               "AnnounceDistance": 20.0
          },
          {
               "Name": "Surrey Quays Station",
               "Location": "51.49342133750397, -0.046010758214009045",
               "Audio": "",
               "AnnounceDistance": 20.0
          },
          {
               "Name": "Warndon Street",
               "Location": "51.49115202034973, -0.04906086768947028",
               "Audio": "",
               "AnnounceDistance": 20.0
          },
          {
               "Name": "Corbetts Lane",
               "Location": "51.49064120726099, -0.05403801877825617",
               "Audio": "",
               "AnnounceDistance": 20.0
          },
          {
               "Name": "Lynton Road",
               "Location": "51.49019672543565, -0.05977569820057838",
               "Audio": "",
               "AnnounceDistance": 20.0
          },
          {
               "Name": "Anchor Street",
               "Location": "51.49182408800027, -0.0608446317223688",
               "Audio": "",
               "AnnounceDistance": 20.0
          },
          {
               "Name": "Southwark Park Road / St Jamess Road",
               "Location": "51.492147000783625, -0.06460517546680986",
               "Audio": "",
               "AnnounceDistance": 20.0
          },
          {
               "Name": "Reverdy Road",
               "Location": "51.49268669534459, -0.06952346681192843",
               "Audio": "",
               "AnnounceDistance": 20.0
          },
          {
               "Name": "Alscot Road",
               "Location": "51.49359557238397, -0.07448393747921729",
               "Audio": "",
               "AnnounceDistance": 20.0
          },
          {
               "Name": "Spa Road",
               "Location": "51.49537457621822, -0.07767924653586461",
               "Audio": "",
               "AnnounceDistance": 20.0
          },
          {
               "Name": "Grange Road / Caledonian Market",
               "Location": "51.49640303718494, -0.08227497577031577",
               "Audio": "",
               "AnnounceDistance": 20.0
          },
          {
               "Name": "Bricklayers Arms / Tower Bridge Road",
               "Location": "51.495153555855104, -0.08395534502105031",
               "Audio": "",
               "AnnounceDistance": 20.0
          },
          {
               "Name": "Bricklayers Arms / New Kent Road",
               "Location": "51.494033082597426, -0.09024015833929251",
               "Audio": "",
               "AnnounceDistance": 20.0
          },
          {
               "Name": "Rodney Place",
               "Location": "51.494168582936204, -0.09470038721269991",
               "Audio": "",
               "AnnounceDistance": 20.0
          },
          {
               "Name": "Elephant Castle / New Kent Road",
               "Location": "51.49497953637701, -0.09923338508385535",
               "Audio": "",
               "AnnounceDistance": 20.0
          },
          {
               "Name": "Elephant Castle / London Road",
               "Location": "51.49613467556886, -0.10170650459162847",
               "Audio": "",
               "AnnounceDistance": 20.0
          },
          {
               "Name": "St Georges Circus",
               "Location": "51.4998396534288, -0.10727248266007526",
               "Audio": "",
               "AnnounceDistance": 20.0
          },
          {
               "Name": "The Old Vic",
               "Location": "51.50128972467029, -0.1090854848497529",
               "Audio": "",
               "AnnounceDistance": 20.0
          },
          {
               "Name": "Waterloo Station / Tenison Way",
               "Location": "51.504359237038955, -0.11374230002115361",
               "Audio": "",
               "AnnounceDistance": 20.0
          },
          {
               "Name": "Waterloo Bridge / South Bank",
               "Location": "51.506258964623825, -0.11500396441500564",
               "Audio": "",
               "AnnounceDistance": 20.0
          },
          {
               "Name": "Lancaster Place",
               "Location": "51.510446241573725, -0.11872215509872432",
               "Audio": "",
               "AnnounceDistance": 20.0
          },
          {
               "Name": "Aldwych / Kingsway",
               "Location": "51.5130341250018, -0.11803905814371167",
               "Audio": "",
               "AnnounceDistance": 20.0
          },
          {
               "Name": "Holborn Station",
               "Location": "51.516871716747104, -0.12014375345244517",
               "Audio": "",
               "AnnounceDistance": 20.0
          },
          {
               "Name": "Southampton Row / Theobalds Road",
               "Location": "51.51952580046108, -0.12190829404857768",
               "Audio": "",
               "AnnounceDistance": 20.0
          },
          {
               "Name": "Russell Square Station",
               "Location": "51.52321236758531, -0.1263839006034952",
               "Audio": "",
               "AnnounceDistance": 20.0
          },
          {
               "Name": "Tavistock Square",
               "Location": "51.525336357790366, -0.12874741307037912",
               "Audio": "",
               "AnnounceDistance": 20.0
          },
          {
               "Name": "Upper Woburn Place / Euston Road",
               "Location": "51.52703035434254, -0.1306530083551415",
               "Audio": "",
               "AnnounceDistance": 20.0
          },
          {
               "Name": "Euston Station / Eversholt Street",
               "Location": "51.529180074530075, -0.1329437734903298",
               "Audio": "",
               "AnnounceDistance": 20.0
          },
          {
               "Name": "Aldenham Street",
               "Location": "51.531632265471046, -0.13559725520048346",
               "Audio": "",
               "AnnounceDistance": 20.0
          },
          {
               "Name": "Mornington Cres Stn / Camden Tn Library",
               "Location": "51.5341758656168, -0.13834821883072174",
               "Audio": "",
               "AnnounceDistance": 20.0
          },
          {
               "Name": "Camden High Street",
               "Location": "51.53651324667789, -0.1405743693321895",
               "Audio": "",
               "AnnounceDistance": 20.0
          },
          {
               "Name": "Camden Town Station",
               "Location": "51.53842967026495, -0.14234202120727896",
               "Audio": "",
               "AnnounceDistance": 20.0
          },
          {
               "Name": "Hartland Road / Camden Market",
               "Location": "51.54228804953514, -0.14692947344706114",
               "Audio": "",
               "AnnounceDistance": 20.0
          },
          {
               "Name": "The Roundhouse",
               "Location": "51.54332705507746, -0.15122814413405575",
               "Audio": "",
               "AnnounceDistance": 20.0
          },
          {
               "Name": "Chalk Farm Station",
               "Location": "51.54436770221527, -0.15392611638340756",
               "Audio": "",
               "AnnounceDistance": 20.0
          },
          {
               "Name": "Steeles Road / Steeles Village",
               "Location": "51.54650571397011, -0.1577913500730753",
               "Audio": "",
               "AnnounceDistance": 20.0
          },
          {
               "Name": "Upper Park Road",
               "Location": "51.54921906885525, -0.16280204249385527",
               "Audio": "",
               "AnnounceDistance": 20.0
          },
          {
               "Name": "Belsize Park Station",
               "Location": "51.5506966510991, -0.16528110964126136",
               "Audio": "",
               "AnnounceDistance": 20.0
          },
          {
               "Name": "Rosslyn Hill",
               "Location": "51.55277923866795, -0.16850052319575887",
               "Audio": "",
               "AnnounceDistance": 20.0
          },
          {
               "Name": "Royal Free Hospital",
               "Location": "51.55387714643956, -0.16682641773092122",
               "Audio": "",
               "AnnounceDistance": 20.0
          },
          {
               "Name": "South End Green",
               "Location": "51.55436531082733, -0.16584031708526192",
               "Audio": "",
               "AnnounceDistance": 20.0
          }
     ]
}