{
     "RouteNumber": "200",
     "Destination": "Lambton Road",
     "RouteAudio": "",
     "DestinationAudio": "",
     "Stops": [
          {
               "Name": "Mitcham Fair Green",
               "Location": "51.40621899257298, -0.1638948975840701",
               "Audio": "",
               "AnnounceDistance": 20.0
          },
          {
               "Name": "Glebe Court",
               "Location": "51.40345014010543, -0.16567357671689542",
               "Audio": "",
               "AnnounceDistance": 20.0
          },
          {
               "Name": "Mitcham / Lower Green",
               "Location": "51.401997166970304, -0.16936908356518404",
               "Audio": "",
               "AnnounceDistance": 20.0
          },
          {
               "Name": "Hall Place",
               "Location": "51.40251405437896, -0.17252578847318314",
               "Audio": "",
               "AnnounceDistance": 20.0
          },
          {
               "Name": "Miles Road",
               "Location": "51.40438200494886, -0.17640519399131158",
               "Audio": "",
               "AnnounceDistance": 20.0
          },
          {
               "Name": "Oxted Close",
               "Location": "51.40430561570925, -0.17901059158299418",
               "Audio": "",
               "AnnounceDistance": 20.0
          },
          {
               "Name": "Phipps Bridge Tram Stop T",
               "Location": "51.404421170260875, -0.1823991397264453",
               "Audio": "",
               "AnnounceDistance": 20.0
          },
          {
               "Name": "Frensham Court",
               "Location": "51.406000818011094, -0.1827822304179872",
               "Audio": "",
               "AnnounceDistance": 20.0
          },
          {
               "Name": "Haslemere Avenue",
               "Location": "51.4081628320012, -0.18128738792837867",
               "Audio": "",
               "AnnounceDistance": 20.0
          },
          {
               "Name": "Mount Road",
               "Location": "51.40982372458695, -0.17821618882982448",
               "Audio": "",
               "AnnounceDistance": 20.0
          },
          {
               "Name": "Runnymede",
               "Location": "51.413494186723014, -0.17888997351939878",
               "Audio": "",
               "AnnounceDistance": 20.0
          },
          {
               "Name": "Colliers Wood Station",
               "Location": "51.41771792747992, -0.17813245288659713",
               "Audio": "",
               "AnnounceDistance": 20.0
          },
          {
               "Name": "Merton Abbey",
               "Location": "51.41611788847013, -0.18338774518668077",
               "Audio": "",
               "AnnounceDistance": 20.0
          },
          {
               "Name": "Abbey Road",
               "Location": "51.41598364601461, -0.18575160468671903",
               "Audio": "",
               "AnnounceDistance": 20.0
          },
          {
               "Name": "Haydons Road / Merton High Street",
               "Location": "51.416350507749094, -0.18737656390936916",
               "Audio": "",
               "AnnounceDistance": 20.0
          },
          {
               "Name": "Quicks Road",
               "Location": "51.41886012828347, -0.18742110663551617",
               "Audio": "",
               "AnnounceDistance": 20.0
          },
          {
               "Name": "Milton Road",
               "Location": "51.42168963034776, -0.18779819023562602",
               "Audio": "",
               "AnnounceDistance": 20.0
          },
          {
               "Name": "Haydons Road Station",
               "Location": "51.42486299593407, -0.19006041803638535",
               "Audio": "",
               "AnnounceDistance": 20.0
          },
          {
               "Name": "Craven Gardens",
               "Location": "51.42443677197008, -0.19449313645877572",
               "Audio": "",
               "AnnounceDistance": 20.0
          },
          {
               "Name": "Trinity Road",
               "Location": "51.42379461713586, -0.19834452518574755",
               "Audio": "",
               "AnnounceDistance": 20.0
          },
          {
               "Name": "Wimbledon Police Station",
               "Location": "51.42130372378093, -0.20362034814979976",
               "Audio": "",
               "AnnounceDistance": 20.0
          },
          {
               "Name": "Wimbledon Bus Station",
               "Location": "51.41879934333559, -0.20333021627050984",
               "Audio": "",
               "AnnounceDistance": 20.0
          },
          {
               "Name": "Wimbledon Station T",
               "Location": "51.42031598552048, -0.20665066677881047",
               "Audio": "",
               "AnnounceDistance": 20.0
          },
          {
               "Name": "Wimbledon Hill Road",
               "Location": "51.42254053144521, -0.2092245084816982",
               "Audio": "",
               "AnnounceDistance": 20.0
          },
          {
               "Name": "Wimbledon Village / Ridgway",
               "Location": "51.423889942192034, -0.21574513950841762",
               "Audio": "",
               "AnnounceDistance": 20.0
          },
          {
               "Name": "Wimbledon Telephone Exchange",
               "Location": "51.421589939636185, -0.21943047090418438",
               "Audio": "",
               "AnnounceDistance": 20.0
          },
          {
               "Name": "Edge Hill",
               "Location": "51.419989515506586, -0.22300200206751103",
               "Audio": "",
               "AnnounceDistance": 20.0
          },
          {
               "Name": "Arterberry Road",
               "Location": "51.41838071554707, -0.22781045733883976",
               "Audio": "",
               "AnnounceDistance": 20.0
          },
          {
               "Name": "High Cedar Drive",
               "Location": "51.41814428762538, -0.2329970948641356",
               "Audio": "",
               "AnnounceDistance": 20.0
          },
          {
               "Name": "Atkinson Close / Copse Hill",
               "Location": "51.41826067959989, -0.23953639488225148",
               "Audio": "",
               "AnnounceDistance": 20.0
          },
          {
               "Name": "Woodhayes Road",
               "Location": "51.41828478157244, -0.23038854078540247",
               "Audio": "",
               "AnnounceDistance": 20.0
          },
          {
               "Name": "Pepys Road",
               "Location": "51.41615243673287, -0.23150634045353022",
               "Audio": "",
               "AnnounceDistance": 20.0
          },
          {
               "Name": "Orchard Lane",
               "Location": "51.41508762955167, -0.2336470534272214",
               "Audio": "",
               "AnnounceDistance": 20.0
          },
          {
               "Name": "Spencer Road",
               "Location": "51.41174748462746, -0.23338752729438272",
               "Audio": "",
               "AnnounceDistance": 20.0
          },
          {
               "Name": "Raynes Park Station",
               "Location": "51.409514472785105, -0.23081343967932288",
               "Audio": "",
               "AnnounceDistance": 20.0
          },
          {
               "Name": "Lambton Road",
               "Location": "51.40999879353419, -0.2301332943811094",
               "Audio": "",
               "AnnounceDistance": 20.0
          }
     ]
}