{
     "RouteNumber": "200",
     "Destination": "Mitcham Fair Green",
     "RouteAudio": "",
     "DestinationAudio": "",
     "Stops": [
          {
               "Name": "Lambton Road",
               "Location": "51.40999879353419, -0.2301332943811094",
               "Audio": "",
               "AnnounceDistance": 20.0
          },
          {
               "Name": "Raynes Park Methodist Church",
               "Location": "51.41062525358446, -0.22874304490189215",
               "Audio": "",
               "AnnounceDistance": 20.0
          },
          {
               "Name": "Raynes Park Station",
               "Location": "51.40945803569938, -0.23005352052907693",
               "Audio": "",
               "AnnounceDistance": 20.0
          },
          {
               "Name": "Spencer Road",
               "Location": "51.411876339885474, -0.23358387982996737",
               "Audio": "",
               "AnnounceDistance": 20.0
          },
          {
               "Name": "Orchard Lane",
               "Location": "51.41528794982147, -0.23381190443757044",
               "Audio": "",
               "AnnounceDistance": 20.0
          },
          {
               "Name": "Copse Hill / Christ Church",
               "Location": "51.417611690599884, -0.22988240996324774",
               "Audio": "",
               "AnnounceDistance": 20.0
          },
          {
               "Name": "High Cedar Drive",
               "Location": "51.41814428762538, -0.2329970948641356",
               "Audio": "",
               "AnnounceDistance": 20.0
          },
          {
               "Name": "Atkinson Close / Copse Hill",
               "Location": "51.41826067959989, -0.23953639488225148",
               "Audio": "",
               "AnnounceDistance": 20.0
          },
          {
               "Name": "Woodhayes Road",
               "Location": "51.41828478157244, -0.23038854078540247",
               "Audio": "",
               "AnnounceDistance": 20.0
          },
          {
               "Name": "Edge Hill",
               "Location": "51.419600775235004, -0.2240526111546533",
               "Audio": "",
               "AnnounceDistance": 20.0
          },
          {
               "Name": "Wimbledon Telephone Exchange",
               "Location": "51.42214237422632, -0.21850285906685984",
               "Audio": "",
               "AnnounceDistance": 20.0
          },
          {
               "Name": "Wimbledon Village / Ridgway",
               "Location": "51.423803133519414, -0.21594989269777892",
               "Audio": "",
               "AnnounceDistance": 20.0
          },
          {
               "Name": "Wimbledon Hill Road",
               "Location": "51.42244450922813, -0.20882552902559512",
               "Audio": "",
               "AnnounceDistance": 20.0
          },
          {
               "Name": "Wimbledon Police Station",
               "Location": "51.421007852252934, -0.20426479518889584",
               "Audio": "",
               "AnnounceDistance": 20.0
          },
          {
               "Name": "Trinity Road",
               "Location": "51.42417361468059, -0.19667547406761723",
               "Audio": "",
               "AnnounceDistance": 20.0
          },
          {
               "Name": "Craven Gardens",
               "Location": "51.42463474146378, -0.19333461163840446",
               "Audio": "",
               "AnnounceDistance": 20.0
          },
          {
               "Name": "Haydons Road Station",
               "Location": "51.42496074396074, -0.1899846352965689",
               "Audio": "",
               "AnnounceDistance": 20.0
          },
          {
               "Name": "Milton Road",
               "Location": "51.42247306237709, -0.18786788433021262",
               "Audio": "",
               "AnnounceDistance": 20.0
          },
          {
               "Name": "Quicks Road",
               "Location": "51.419538478147274, -0.18709223984105045",
               "Audio": "",
               "AnnounceDistance": 20.0
          },
          {
               "Name": "Haydons Road / Merton High Street",
               "Location": "51.416744161287525, -0.18724593960206012",
               "Audio": "",
               "AnnounceDistance": 20.0
          },
          {
               "Name": "Abbey Road",
               "Location": "51.416112444376566, -0.1853582084411689",
               "Audio": "",
               "AnnounceDistance": 20.0
          },
          {
               "Name": "Merton Abbey",
               "Location": "51.41641244647748, -0.18150647723229058",
               "Audio": "",
               "AnnounceDistance": 20.0
          },
          {
               "Name": "Colliers Wood Station",
               "Location": "51.41765211347291, -0.1779481054670734",
               "Audio": "",
               "AnnounceDistance": 20.0
          },
          {
               "Name": "Christ Church",
               "Location": "51.41598141729912, -0.1780720620059896",
               "Audio": "",
               "AnnounceDistance": 20.0
          },
          {
               "Name": "Runnymede",
               "Location": "51.413299428309614, -0.178509439423409",
               "Audio": "",
               "AnnounceDistance": 20.0
          },
          {
               "Name": "Mount Road",
               "Location": "51.41045103111461, -0.17807621772245139",
               "Audio": "",
               "AnnounceDistance": 20.0
          },
          {
               "Name": "Haslemere Avenue",
               "Location": "51.408400416620914, -0.18037208692705314",
               "Audio": "",
               "AnnounceDistance": 20.0
          },
          {
               "Name": "Frensham Court",
               "Location": "51.405493976007946, -0.18257227391363334",
               "Audio": "",
               "AnnounceDistance": 20.0
          },
          {
               "Name": "Oxted Close",
               "Location": "51.40431767024376, -0.17978650715893477",
               "Audio": "",
               "AnnounceDistance": 20.0
          },
          {
               "Name": "Miles Road",
               "Location": "51.40349299947713, -0.1759085924567814",
               "Audio": "",
               "AnnounceDistance": 20.0
          },
          {
               "Name": "Hall Place",
               "Location": "51.40256600150146, -0.17124415252452915",
               "Audio": "",
               "AnnounceDistance": 20.0
          },
          {
               "Name": "Mitcham / Lower Green",
               "Location": "51.40265525471803, -0.1677469399358845",
               "Audio": "",
               "AnnounceDistance": 20.0
          },
          {
               "Name": "Glebe Court",
               "Location": "51.4038518560464, -0.16548497236813364",
               "Audio": "",
               "AnnounceDistance": 20.0
          },
          {
               "Name": "Mitcham Fair Green",
               "Location": "51.40705635838732, -0.16396200601639876",
               "Audio": "",
               "AnnounceDistance": 20.0
          }
     ]
}