{
     "RouteNumber": "202",
     "Destination": "Blackheath / Royal Standard",
     "RouteAudio": "",
     "DestinationAudio": "",
     "Stops": [
          {
               "Name": "Crystal Palace Parade",
               "Location": "51.42178763276815, -0.0776762019180357",
               "Audio": "",
               "AnnounceDistance": 20.0
          },
          {
               "Name": "Crystal Palace Parade / College Road",
               "Location": "51.424608524236675, -0.07586048545296183",
               "Audio": "",
               "AnnounceDistance": 20.0
          },
          {
               "Name": "Westwood Hill",
               "Location": "51.427046271648805, -0.07426204070251995",
               "Audio": "",
               "AnnounceDistance": 20.0
          },
          {
               "Name": "Dome Hill Park",
               "Location": "51.42978311235524, -0.07499573107958313",
               "Audio": "",
               "AnnounceDistance": 20.0
          },
          {
               "Name": "Wells Park Road",
               "Location": "51.43185854838359, -0.07323965606402669",
               "Audio": "",
               "AnnounceDistance": 20.0
          },
          {
               "Name": "Canbury Mews",
               "Location": "51.43178902005911, -0.07065301168421613",
               "Audio": "",
               "AnnounceDistance": 20.0
          },
          {
               "Name": "Sydenham Hill Estate",
               "Location": "51.431371313703394, -0.06767824389167663",
               "Audio": "",
               "AnnounceDistance": 20.0
          },
          {
               "Name": "Coombe Road",
               "Location": "51.43090483565636, -0.0650220872812905",
               "Audio": "",
               "AnnounceDistance": 20.0
          },
          {
               "Name": "Churchley Road",
               "Location": "51.43085927002545, -0.06008953783971603",
               "Audio": "",
               "AnnounceDistance": 20.0
          },
          {
               "Name": "Peak Hill",
               "Location": "51.4295274370916, -0.05840526767530867",
               "Audio": "",
               "AnnounceDistance": 20.0
          },
          {
               "Name": "Sydenham Station / Kirkdale",
               "Location": "51.42749623842483, -0.056304826080949874",
               "Audio": "",
               "AnnounceDistance": 20.0
          },
          {
               "Name": "Newlands Park",
               "Location": "51.426226106752225, -0.05184190224378504",
               "Audio": "",
               "AnnounceDistance": 20.0
          },
          {
               "Name": "Sydenham Road / Mayow Road",
               "Location": "51.425749480350994, -0.04751801209908853",
               "Audio": "",
               "AnnounceDistance": 20.0
          },
          {
               "Name": "Highclere Street",
               "Location": "51.42662647614834, -0.04187050685639254",
               "Audio": "",
               "AnnounceDistance": 20.0
          },
          {
               "Name": "Kirtley Road",
               "Location": "51.428426544248694, -0.038197173270805386",
               "Audio": "",
               "AnnounceDistance": 20.0
          },
          {
               "Name": "Bell Green / Southend Lane",
               "Location": "51.42949406994302, -0.03750408287679309",
               "Audio": "",
               "AnnounceDistance": 20.0
          },
          {
               "Name": "Ardley Close",
               "Location": "51.431907451204964, -0.03770277958914053",
               "Audio": "",
               "AnnounceDistance": 20.0
          },
          {
               "Name": "Houston Road",
               "Location": "51.43372452291128, -0.036660973588232726",
               "Audio": "",
               "AnnounceDistance": 20.0
          },
          {
               "Name": "Castlands Road",
               "Location": "51.436748597480715, -0.03412848644564352",
               "Audio": "",
               "AnnounceDistance": 20.0
          },
          {
               "Name": "Elm Lane",
               "Location": "51.43938199178583, -0.03243262626313083",
               "Audio": "",
               "AnnounceDistance": 20.0
          },
          {
               "Name": "Beechfield Road",
               "Location": "51.44026985359282, -0.03068214824408784",
               "Audio": "",
               "AnnounceDistance": 20.0
          },
          {
               "Name": "Catford Catford Bridge Stations",
               "Location": "51.44449059806769, -0.02445652309985291",
               "Audio": "",
               "AnnounceDistance": 20.0
          },
          {
               "Name": "Catford Road / Lewisham Town Hall",
               "Location": "51.44500944119138, -0.020563018383768672",
               "Audio": "",
               "AnnounceDistance": 20.0
          },
          {
               "Name": "Brownhill Road / The Catford Centre",
               "Location": "51.44603845927611, -0.018129598089251266",
               "Audio": "",
               "AnnounceDistance": 20.0
          },
          {
               "Name": "Laleham Road",
               "Location": "51.445303777937504, -0.012448238986635649",
               "Audio": "",
               "AnnounceDistance": 20.0
          },
          {
               "Name": "Brownhill Road / St Fillans Road",
               "Location": "51.445134877399745, -0.008325409874009657",
               "Audio": "",
               "AnnounceDistance": 20.0
          },
          {
               "Name": "Torridon Road",
               "Location": "51.44514466711391, -0.0015037322278723382",
               "Audio": "",
               "AnnounceDistance": 20.0
          },
          {
               "Name": "Parkcroft Road",
               "Location": "51.44568239069347, 0.008075377800340627",
               "Audio": "",
               "AnnounceDistance": 20.0
          },
          {
               "Name": "Baring Road",
               "Location": "51.44599168962149, 0.013111449518359393",
               "Audio": "",
               "AnnounceDistance": 20.0
          },
          {
               "Name": "Westhorne Avenue",
               "Location": "51.447058892711254, 0.013806005477119803",
               "Audio": "",
               "AnnounceDistance": 20.0
          },
          {
               "Name": "Lee Station",
               "Location": "51.44839391300435, 0.013044410812820498",
               "Audio": "",
               "AnnounceDistance": 20.0
          },
          {
               "Name": "Micheldever Road",
               "Location": "51.45159273182706, 0.012148836294885753",
               "Audio": "",
               "AnnounceDistance": 20.0
          },
          {
               "Name": "Burnt Ash Road / Lee Road",
               "Location": "51.45612946866496, 0.011369532077894802",
               "Audio": "",
               "AnnounceDistance": 20.0
          },
          {
               "Name": "Manor Way",
               "Location": "51.459193377630946, 0.009949545611054841",
               "Audio": "",
               "AnnounceDistance": 20.0
          },
          {
               "Name": "Priory Park",
               "Location": "51.46207431964038, 0.00975941287110901",
               "Audio": "",
               "AnnounceDistance": 20.0
          },
          {
               "Name": "Blackheath Station",
               "Location": "51.4651540751856, 0.008987713000873618",
               "Audio": "",
               "AnnounceDistance": 20.0
          },
          {
               "Name": "Royal Parade",
               "Location": "51.46766907114445, 0.007586402819574136",
               "Audio": "",
               "AnnounceDistance": 20.0
          },
          {
               "Name": "The Clarendon Hotel",
               "Location": "51.46904747131192, 0.009014757594222848",
               "Audio": "",
               "AnnounceDistance": 20.0
          },
          {
               "Name": "Maze Hill",
               "Location": "51.47390222562635, 0.009616852540027667",
               "Audio": "",
               "AnnounceDistance": 20.0
          },
          {
               "Name": "Vanbrugh Park / Beaconsfield Road",
               "Location": "51.47711033481153, 0.014466966237135512",
               "Audio": "",
               "AnnounceDistance": 20.0
          },
          {
               "Name": "Blackheath / Royal Standard",
               "Location": "51.47801393813732, 0.019964844283734497",
               "Audio": "",
               "AnnounceDistance": 20.0
          }
     ]
}