{
     "RouteNumber": "203",
     "Destination": "Hounslow Bus Station",
     "RouteAudio": "",
     "DestinationAudio": "",
     "Stops": [
          {
               "Name": "Staines Bus Station",
               "Location": "51.43271300581122, -0.5093995971179834",
               "Audio": "",
               "AnnounceDistance": 20.0
          },
          {
               "Name": "High Street",
               "Location": "51.43511573436617, -0.5081272919594484",
               "Audio": "",
               "AnnounceDistance": 20.0
          },
          {
               "Name": "Birch Green",
               "Location": "51.43613991600527, -0.5031159772405326",
               "Audio": "",
               "AnnounceDistance": 20.0
          },
          {
               "Name": "Crooked Billet Roundabout",
               "Location": "51.437009641300456, -0.49869938525856516",
               "Audio": "",
               "AnnounceDistance": 20.0
          },
          {
               "Name": "Shortwood Avenue",
               "Location": "51.43888525013329, -0.4914007195845635",
               "Audio": "",
               "AnnounceDistance": 20.0
          },
          {
               "Name": "Kenilworth Road",
               "Location": "51.44094871263858, -0.48267074943406363",
               "Audio": "",
               "AnnounceDistance": 20.0
          },
          {
               "Name": "Town Lane",
               "Location": "51.4427225689101, -0.47523027894544706",
               "Audio": "",
               "AnnounceDistance": 20.0
          },
          {
               "Name": "Ashford Hospital",
               "Location": "51.44421201828509, -0.4749792186107236",
               "Audio": "",
               "AnnounceDistance": 20.0
          },
          {
               "Name": "Town Lane / Ashford Hospital",
               "Location": "51.444188409335744, -0.4759297264006612",
               "Audio": "",
               "AnnounceDistance": 20.0
          },
          {
               "Name": "Scots Close",
               "Location": "51.44716611666273, -0.47810431681888194",
               "Audio": "",
               "AnnounceDistance": 20.0
          },
          {
               "Name": "St Annes Avenue",
               "Location": "51.44939165846123, -0.4784476736187228",
               "Audio": "",
               "AnnounceDistance": 20.0
          },
          {
               "Name": "Viscount Road",
               "Location": "51.451175918861374, -0.47597052049887",
               "Audio": "",
               "AnnounceDistance": 20.0
          },
          {
               "Name": "Cordelia Road",
               "Location": "51.45339137792416, -0.4734643976792057",
               "Audio": "",
               "AnnounceDistance": 20.0
          },
          {
               "Name": "Everest Road",
               "Location": "51.45507950006022, -0.4732785515928103",
               "Audio": "",
               "AnnounceDistance": 20.0
          },
          {
               "Name": "Bedfont Road",
               "Location": "51.45775725709913, -0.471749816349755",
               "Audio": "",
               "AnnounceDistance": 20.0
          },
          {
               "Name": "Long Lane",
               "Location": "51.45726911281493, -0.4626116328344327",
               "Audio": "",
               "AnnounceDistance": 20.0
          },
          {
               "Name": "Beacon Road",
               "Location": "51.4553043588066, -0.4561143193729054",
               "Audio": "",
               "AnnounceDistance": 20.0
          },
          {
               "Name": "Animal Reception Centre",
               "Location": "51.45467264143751, -0.4532138416255983",
               "Audio": "",
               "AnnounceDistance": 20.0
          },
          {
               "Name": "Great South West Road",
               "Location": "51.45340752928386, -0.44594512872469777",
               "Audio": "",
               "AnnounceDistance": 20.0
          },
          {
               "Name": "Spinney Drive",
               "Location": "51.452639985551436, -0.44163907076903414",
               "Audio": "",
               "AnnounceDistance": 20.0
          },
          {
               "Name": "Bedfont Close",
               "Location": "51.45353171849217, -0.43972326287778846",
               "Audio": "",
               "AnnounceDistance": 20.0
          },
          {
               "Name": "West Road",
               "Location": "51.45563946020912, -0.43661439999436585",
               "Audio": "",
               "AnnounceDistance": 20.0
          },
          {
               "Name": "Hazelmere Close",
               "Location": "51.4583601862243, -0.4329516760928183",
               "Audio": "",
               "AnnounceDistance": 20.0
          },
          {
               "Name": "Cains Lane",
               "Location": "51.46035166600024, -0.4299037349160911",
               "Audio": "",
               "AnnounceDistance": 20.0
          },
          {
               "Name": "Myrtle Avenue",
               "Location": "51.46296808917921, -0.4258551294248635",
               "Audio": "",
               "AnnounceDistance": 20.0
          },
          {
               "Name": "Hatton Cross Station",
               "Location": "51.46677430885131, -0.4233630647605892",
               "Audio": "",
               "AnnounceDistance": 20.0
          },
          {
               "Name": "Girling Way",
               "Location": "51.46977451681355, -0.41246125888037866",
               "Audio": "",
               "AnnounceDistance": 20.0
          },
          {
               "Name": "The Parkway",
               "Location": "51.47278728319894, -0.4038757774557467",
               "Audio": "",
               "AnnounceDistance": 20.0
          },
          {
               "Name": "Grantley Road",
               "Location": "51.4738838526423, -0.400540095290814",
               "Audio": "",
               "AnnounceDistance": 20.0
          },
          {
               "Name": "Henlys Roundabout",
               "Location": "51.474781862647234, -0.397815987959925",
               "Audio": "",
               "AnnounceDistance": 20.0
          },
          {
               "Name": "Great West Road / Renfrew Road",
               "Location": "51.474484496199494, -0.3912026924701069",
               "Audio": "",
               "AnnounceDistance": 20.0
          },
          {
               "Name": "Hounslow West Station",
               "Location": "51.47296069330294, -0.3856695199971164",
               "Audio": "",
               "AnnounceDistance": 20.0
          },
          {
               "Name": "St Pauls Church",
               "Location": "51.47105532017051, -0.3805245821881607",
               "Audio": "",
               "AnnounceDistance": 20.0
          },
          {
               "Name": "Wellington Road North",
               "Location": "51.4696963539357, -0.37654128843944473",
               "Audio": "",
               "AnnounceDistance": 20.0
          },
          {
               "Name": "St Michael St Martin Church",
               "Location": "51.468965605532176, -0.3731261816610161",
               "Audio": "",
               "AnnounceDistance": 20.0
          },
          {
               "Name": "The Bell",
               "Location": "51.46717326703891, -0.36645207800958546",
               "Audio": "",
               "AnnounceDistance": 20.0
          },
          {
               "Name": "Treaty Centre",
               "Location": "51.467222413090575, -0.3635277041942919",
               "Audio": "",
               "AnnounceDistance": 20.0
          },
          {
               "Name": "Hounslow High Street",
               "Location": "51.46960439921745, -0.3576689269798172",
               "Audio": "",
               "AnnounceDistance": 20.0
          },
          {
               "Name": "Hounslow Bus Station",
               "Location": "51.47078235450986, -0.3544590095450773",
               "Audio": "",
               "AnnounceDistance": 20.0
          }
     ]
}