{
     "RouteNumber": "204",
     "Destination": "Sudbury Town Station",
     "RouteAudio": "",
     "DestinationAudio": "",
     "Stops": [
          {
               "Name": "Edgware Bus Station",
               "Location": "51.61294557415948, -0.27463680321974604",
               "Audio": "",
               "AnnounceDistance": 20.0
          },
          {
               "Name": "Whitchurch Lane",
               "Location": "51.61017847449187, -0.2784823224326726",
               "Audio": "",
               "AnnounceDistance": 20.0
          },
          {
               "Name": "Deansbrook Road",
               "Location": "51.60771726810807, -0.2756004306894003",
               "Audio": "",
               "AnnounceDistance": 20.0
          },
          {
               "Name": "Edgware Community Hospital",
               "Location": "51.6051718542112, -0.27311194670696554",
               "Audio": "",
               "AnnounceDistance": 20.0
          },
          {
               "Name": "North Road",
               "Location": "51.60366863425432, -0.27117619837317003",
               "Audio": "",
               "AnnounceDistance": 20.0
          },
          {
               "Name": "Watling Avenue",
               "Location": "51.60127756683169, -0.26635751795776136",
               "Audio": "",
               "AnnounceDistance": 20.0
          },
          {
               "Name": "Burnt Oak Station",
               "Location": "51.602565195998004, -0.26404138345368877",
               "Audio": "",
               "AnnounceDistance": 20.0
          },
          {
               "Name": "Gunter Grove",
               "Location": "51.604338744343764, -0.2599303575220792",
               "Audio": "",
               "AnnounceDistance": 20.0
          },
          {
               "Name": "Cressingham Road",
               "Location": "51.605069870350086, -0.25647991309476725",
               "Audio": "",
               "AnnounceDistance": 20.0
          },
          {
               "Name": "Pageant Avenue",
               "Location": "51.60212607976773, -0.2544411142229726",
               "Audio": "",
               "AnnounceDistance": 20.0
          },
          {
               "Name": "North Acre",
               "Location": "51.6012092214396, -0.25144393880649035",
               "Audio": "",
               "AnnounceDistance": 20.0
          },
          {
               "Name": "Quakers Course",
               "Location": "51.601523480175814, -0.24598806645718224",
               "Audio": "",
               "AnnounceDistance": 20.0
          },
          {
               "Name": "Colindale Library",
               "Location": "51.59745930163002, -0.24540828617004734",
               "Audio": "",
               "AnnounceDistance": 20.0
          },
          {
               "Name": "Colindale Station",
               "Location": "51.595648966510275, -0.24882765117781763",
               "Audio": "",
               "AnnounceDistance": 20.0
          },
          {
               "Name": "Ajax Avenue",
               "Location": "51.5938034746381, -0.2529122077598144",
               "Audio": "",
               "AnnounceDistance": 20.0
          },
          {
               "Name": "Colindale Avenue",
               "Location": "51.59162059776043, -0.2566917372547862",
               "Audio": "",
               "AnnounceDistance": 20.0
          },
          {
               "Name": "Colindeep Lane",
               "Location": "51.59018922586017, -0.2547687756984598",
               "Audio": "",
               "AnnounceDistance": 20.0
          },
          {
               "Name": "Buck Lane",
               "Location": "51.58840514365465, -0.25997622284784516",
               "Audio": "",
               "AnnounceDistance": 20.0
          },
          {
               "Name": "Fairfields Crescent",
               "Location": "51.587599393613104, -0.2644675300643009",
               "Audio": "",
               "AnnounceDistance": 20.0
          },
          {
               "Name": "Slough Lane",
               "Location": "51.58440943834537, -0.2670573487789336",
               "Audio": "",
               "AnnounceDistance": 20.0
          },
          {
               "Name": "Valley Drive",
               "Location": "51.58593393238918, -0.2747075323574131",
               "Audio": "",
               "AnnounceDistance": 20.0
          },
          {
               "Name": "Kingsbury Station",
               "Location": "51.58484171283747, -0.27932462426732757",
               "Audio": "",
               "AnnounceDistance": 20.0
          },
          {
               "Name": "Melbury Road",
               "Location": "51.58486993029832, -0.28493855908043414",
               "Audio": "",
               "AnnounceDistance": 20.0
          },
          {
               "Name": "Melcombe Gardens",
               "Location": "51.58220420030438, -0.2883586522072104",
               "Audio": "",
               "AnnounceDistance": 20.0
          },
          {
               "Name": "Sandy Lane",
               "Location": "51.57937876827673, -0.290081270056501",
               "Audio": "",
               "AnnounceDistance": 20.0
          },
          {
               "Name": "John Perrin Place",
               "Location": "51.57727817337354, -0.2921805906347839",
               "Audio": "",
               "AnnounceDistance": 20.0
          },
          {
               "Name": "Woodcock Hill",
               "Location": "51.57540285133791, -0.29431457581981757",
               "Audio": "",
               "AnnounceDistance": 20.0
          },
          {
               "Name": "Preston Road Station",
               "Location": "51.57189214576179, -0.294676869443922",
               "Audio": "",
               "AnnounceDistance": 20.0
          },
          {
               "Name": "Carlton Avenue East",
               "Location": "51.569492518087245, -0.29476666193628226",
               "Audio": "",
               "AnnounceDistance": 20.0
          },
          {
               "Name": "St Augustines Avenue",
               "Location": "51.56550395900544, -0.2938049051531243",
               "Audio": "",
               "AnnounceDistance": 20.0
          },
          {
               "Name": "East Lane",
               "Location": "51.56292448470345, -0.2920403095808126",
               "Audio": "",
               "AnnounceDistance": 20.0
          },
          {
               "Name": "Beechcroft Gardens",
               "Location": "51.56110483818624, -0.29181994602015954",
               "Audio": "",
               "AnnounceDistance": 20.0
          },
          {
               "Name": "Park Lane",
               "Location": "51.559852194181275, -0.2910157171801882",
               "Audio": "",
               "AnnounceDistance": 20.0
          },
          {
               "Name": "Dagmar Avenue",
               "Location": "51.55736815121213, -0.2914838963269906",
               "Audio": "",
               "AnnounceDistance": 20.0
          },
          {
               "Name": "Wembley High Road",
               "Location": "51.554485820589754, -0.29362579303441577",
               "Audio": "",
               "AnnounceDistance": 20.0
          },
          {
               "Name": "Wembley Central Station",
               "Location": "51.552066440385374, -0.29792814188465166",
               "Audio": "",
               "AnnounceDistance": 20.0
          },
          {
               "Name": "Ealing Road",
               "Location": "51.552208331830144, -0.3015144400904095",
               "Audio": "",
               "AnnounceDistance": 20.0
          },
          {
               "Name": "Copland Avenue",
               "Location": "51.55157578678004, -0.3075239029084191",
               "Audio": "",
               "AnnounceDistance": 20.0
          },
          {
               "Name": "Bridgewater Road",
               "Location": "51.55236240885636, -0.3128172030182754",
               "Audio": "",
               "AnnounceDistance": 20.0
          },
          {
               "Name": "Sudbury Town Station",
               "Location": "51.55095838260099, -0.3152346256299592",
               "Audio": "",
               "AnnounceDistance": 20.0
          }
     ]
}