{
     "RouteNumber": "206",
     "Destination": "Kilburn Park Station",
     "RouteAudio": "",
     "DestinationAudio": "",
     "Stops": [
          {
               "Name": "The Paddocks",
               "Location": "51.57025196509734, -0.27229988468764904",
               "Audio": "",
               "AnnounceDistance": 20.0
          },
          {
               "Name": "Greenhill Way / Lycee International",
               "Location": "51.566916414974045, -0.27233975427571017",
               "Audio": "",
               "AnnounceDistance": 20.0
          },
          {
               "Name": "Lycee International / Kings Drive",
               "Location": "51.565320314269194, -0.27570432615371254",
               "Audio": "",
               "AnnounceDistance": 20.0
          },
          {
               "Name": "Wembley Park Station",
               "Location": "51.56370000634412, -0.278651168837511",
               "Audio": "",
               "AnnounceDistance": 20.0
          },
          {
               "Name": "Fulton Road",
               "Location": "51.56085797964496, -0.28168713213890256",
               "Audio": "",
               "AnnounceDistance": 20.0
          },
          {
               "Name": "Olympic Way",
               "Location": "51.55863411842693, -0.27781818648369877",
               "Audio": "",
               "AnnounceDistance": 20.0
          },
          {
               "Name": "Fifth Way",
               "Location": "51.559200010264526, -0.2741036704383242",
               "Audio": "",
               "AnnounceDistance": 20.0
          },
          {
               "Name": "Atlas Road",
               "Location": "51.55795770085943, -0.2697363605046114",
               "Audio": "",
               "AnnounceDistance": 20.0
          },
          {
               "Name": "Carey Way",
               "Location": "51.55645470026886, -0.26964914317320043",
               "Audio": "",
               "AnnounceDistance": 20.0
          },
          {
               "Name": "Hannah Close",
               "Location": "51.55589788252357, -0.26421751219914796",
               "Audio": "",
               "AnnounceDistance": 20.0
          },
          {
               "Name": "Brent Park Tesco",
               "Location": "51.55342589152773, -0.25760420766858294",
               "Audio": "",
               "AnnounceDistance": 20.0
          },
          {
               "Name": "Ikea Brent Park",
               "Location": "51.55337642313674, -0.2615439894709185",
               "Audio": "",
               "AnnounceDistance": 20.0
          },
          {
               "Name": "Kingfisher Way",
               "Location": "51.55055273531222, -0.26093045072747245",
               "Audio": "",
               "AnnounceDistance": 20.0
          },
          {
               "Name": "Swaminarayan Temple",
               "Location": "51.54730108571411, -0.2599583201106922",
               "Audio": "",
               "AnnounceDistance": 20.0
          },
          {
               "Name": "Gloucester Close",
               "Location": "51.54525456791513, -0.2596037332406549",
               "Audio": "",
               "AnnounceDistance": 20.0
          },
          {
               "Name": "Fawood Avenue",
               "Location": "51.54332958713008, -0.2595618073273154",
               "Audio": "",
               "AnnounceDistance": 20.0
          },
          {
               "Name": "Knatchbull Road",
               "Location": "51.54053798698561, -0.2580820595919705",
               "Audio": "",
               "AnnounceDistance": 20.0
          },
          {
               "Name": "Winchelsea Road / Harlesden Station",
               "Location": "51.53779238110804, -0.2572784516367135",
               "Audio": "",
               "AnnounceDistance": 20.0
          },
          {
               "Name": "Fairlight Avenue",
               "Location": "51.53678315730282, -0.25351031216617026",
               "Audio": "",
               "AnnounceDistance": 20.0
          },
          {
               "Name": "Willesden County Court",
               "Location": "51.53571958397293, -0.24851881180032218",
               "Audio": "",
               "AnnounceDistance": 20.0
          },
          {
               "Name": "Buckingham Road",
               "Location": "51.536042686703155, -0.2460695898767425",
               "Audio": "",
               "AnnounceDistance": 20.0
          },
          {
               "Name": "Park Parade",
               "Location": "51.53675908985282, -0.24406660959853413",
               "Audio": "",
               "AnnounceDistance": 20.0
          },
          {
               "Name": "Newman College / Wrottesley Road",
               "Location": "51.537729122180885, -0.2397899171330453",
               "Audio": "",
               "AnnounceDistance": 20.0
          },
          {
               "Name": "Roundwood Park",
               "Location": "51.54053043433735, -0.23770622780106618",
               "Audio": "",
               "AnnounceDistance": 20.0
          },
          {
               "Name": "Cross Way",
               "Location": "51.5421520181826, -0.23670621895987037",
               "Audio": "",
               "AnnounceDistance": 20.0
          },
          {
               "Name": "The Oaks",
               "Location": "51.54245646173428, -0.2342284432185652",
               "Audio": "",
               "AnnounceDistance": 20.0
          },
          {
               "Name": "Peter Avenue",
               "Location": "51.54222379795198, -0.23191566360645904",
               "Audio": "",
               "AnnounceDistance": 20.0
          },
          {
               "Name": "Chambers Lane",
               "Location": "51.54546785865527, -0.22879012716444147",
               "Audio": "",
               "AnnounceDistance": 20.0
          },
          {
               "Name": "Hanover Road",
               "Location": "51.54279266476733, -0.22551943700816462",
               "Audio": "",
               "AnnounceDistance": 20.0
          },
          {
               "Name": "Brondesbury Park",
               "Location": "51.54546075455237, -0.22178127879996315",
               "Audio": "",
               "AnnounceDistance": 20.0
          },
          {
               "Name": "Milverton Road",
               "Location": "51.545426653389505, -0.21953276632287455",
               "Audio": "",
               "AnnounceDistance": 20.0
          },
          {
               "Name": "Manor House Drive",
               "Location": "51.54370908417327, -0.2142061573128606",
               "Audio": "",
               "AnnounceDistance": 20.0
          },
          {
               "Name": "Brondesbury Park Stn / The Avenue",
               "Location": "51.54193680876928, -0.21120387006619767",
               "Audio": "",
               "AnnounceDistance": 20.0
          },
          {
               "Name": "Brooksville Avenue",
               "Location": "51.53868244483316, -0.20772648350805414",
               "Audio": "",
               "AnnounceDistance": 20.0
          },
          {
               "Name": "Queens Park Stn / Victoria Road",
               "Location": "51.535023401077886, -0.20484226454397744",
               "Audio": "",
               "AnnounceDistance": 20.0
          },
          {
               "Name": "Brondesbury Road",
               "Location": "51.53650564515646, -0.19946323415949632",
               "Audio": "",
               "AnnounceDistance": 20.0
          },
          {
               "Name": "Kilburn High Road Station",
               "Location": "51.53783031243518, -0.19321048433565358",
               "Audio": "",
               "AnnounceDistance": 20.0
          },
          {
               "Name": "Kilburn High Rd Stn / Cambridge Avenue",
               "Location": "51.536531417672386, -0.19236792438533362",
               "Audio": "",
               "AnnounceDistance": 20.0
          },
          {
               "Name": "Kilburn Park Station",
               "Location": "51.534690432871095, -0.193695285810871",
               "Audio": "",
               "AnnounceDistance": 20.0
          }
     ]
}