{
     "RouteNumber": "207",
     "Destination": "White City Bus Station",
     "RouteAudio": "",
     "DestinationAudio": "",
     "Stops": [
          {
               "Name": "Hayes Bypass",
               "Location": "51.51592737833252, -0.39890934709330683",
               "Audio": "",
               "AnnounceDistance": 20.0
          },
          {
               "Name": "Brookside Road",
               "Location": "51.5146221470849, -0.39486209272221184",
               "Audio": "",
               "AnnounceDistance": 20.0
          },
          {
               "Name": "Hayes Bridge",
               "Location": "51.51332754419971, -0.3909443973739056",
               "Audio": "",
               "AnnounceDistance": 20.0
          },
          {
               "Name": "Southall / Trinity Road",
               "Location": "51.51271133473154, -0.3866714986035921",
               "Audio": "",
               "AnnounceDistance": 20.0
          },
          {
               "Name": "Northcote Avenue",
               "Location": "51.51162152972382, -0.3806717429716067",
               "Audio": "",
               "AnnounceDistance": 20.0
          },
          {
               "Name": "Southall Broadway / St Georges Avenue",
               "Location": "51.51146707369696, -0.3779535282797072",
               "Audio": "",
               "AnnounceDistance": 20.0
          },
          {
               "Name": "Southall / North Road",
               "Location": "51.5109394721152, -0.3729716826251313",
               "Audio": "",
               "AnnounceDistance": 20.0
          },
          {
               "Name": "Southall Park",
               "Location": "51.511142728953104, -0.36947698574624244",
               "Audio": "",
               "AnnounceDistance": 20.0
          },
          {
               "Name": "Dormers Wells Lane",
               "Location": "51.511092125002584, -0.3645502421092314",
               "Audio": "",
               "AnnounceDistance": 20.0
          },
          {
               "Name": "Lyndhurst Avenue",
               "Location": "51.510548407946345, -0.36167314100109205",
               "Audio": "",
               "AnnounceDistance": 20.0
          },
          {
               "Name": "Iron Bridge",
               "Location": "51.50986701305302, -0.35731676351104386",
               "Audio": "",
               "AnnounceDistance": 20.0
          },
          {
               "Name": "St Bernards Gatehouse / Windmill Park",
               "Location": "51.509110309866074, -0.3495335623638932",
               "Audio": "",
               "AnnounceDistance": 20.0
          },
          {
               "Name": "Ealing Hospital / Wharncliffe Drive",
               "Location": "51.509026775599985, -0.3474326707432068",
               "Audio": "",
               "AnnounceDistance": 20.0
          },
          {
               "Name": "Half Acre Road",
               "Location": "51.508521870371986, -0.3403323039897924",
               "Audio": "",
               "AnnounceDistance": 20.0
          },
          {
               "Name": "Hanwell Broadway",
               "Location": "51.50882648476048, -0.3351767588998744",
               "Audio": "",
               "AnnounceDistance": 20.0
          },
          {
               "Name": "Grosvenor Road",
               "Location": "51.50965700169698, -0.32907963625489617",
               "Audio": "",
               "AnnounceDistance": 20.0
          },
          {
               "Name": "West Ealing Broadway",
               "Location": "51.51029201404587, -0.32379646979086785",
               "Audio": "",
               "AnnounceDistance": 20.0
          },
          {
               "Name": "Dean Gardens / Bedford Road",
               "Location": "51.51089446782453, -0.33579310260127837",
               "Audio": "",
               "AnnounceDistance": 20.0
          },
          {
               "Name": "Broughton Road",
               "Location": "51.511402613109695, -0.3165789604422223",
               "Audio": "",
               "AnnounceDistance": 20.0
          },
          {
               "Name": "St Leonards Road",
               "Location": "51.51203981162199, -0.31273646451453024",
               "Audio": "",
               "AnnounceDistance": 20.0
          },
          {
               "Name": "Longfield Avenue",
               "Location": "51.512683793967035, -0.3087494925383758",
               "Audio": "",
               "AnnounceDistance": 20.0
          },
          {
               "Name": "Bond Street",
               "Location": "51.513011706257316, -0.3065467748196248",
               "Audio": "",
               "AnnounceDistance": 20.0
          },
          {
               "Name": "Ealing Broadway Station",
               "Location": "51.513942034025, -0.3024769237566977",
               "Audio": "",
               "AnnounceDistance": 20.0
          },
          {
               "Name": "North Common Road",
               "Location": "51.51316041543261, -0.2969430507810919",
               "Audio": "",
               "AnnounceDistance": 20.0
          },
          {
               "Name": "Hanger Lane",
               "Location": "51.51199593763183, -0.2935421593670239",
               "Audio": "",
               "AnnounceDistance": 20.0
          },
          {
               "Name": "Ealing Common Station",
               "Location": "51.51067013064412, -0.2889513697412812",
               "Audio": "",
               "AnnounceDistance": 20.0
          },
          {
               "Name": "Birch Grove",
               "Location": "51.50920975622047, -0.28439471927932763",
               "Audio": "",
               "AnnounceDistance": 20.0
          },
          {
               "Name": "Twyford Avenue",
               "Location": "51.50864589677912, -0.28150501207019796",
               "Audio": "",
               "AnnounceDistance": 20.0
          },
          {
               "Name": "Denehurst Gardens",
               "Location": "51.50843205363906, -0.27734848974616166",
               "Audio": "",
               "AnnounceDistance": 20.0
          },
          {
               "Name": "King Street",
               "Location": "51.50756702341178, -0.27233761280170776",
               "Audio": "",
               "AnnounceDistance": 20.0
          },
          {
               "Name": "Acton Old Town Hall",
               "Location": "51.50674565363649, -0.2672532173999877",
               "Audio": "",
               "AnnounceDistance": 20.0
          },
          {
               "Name": "Acton Central Station",
               "Location": "51.50655507022828, -0.2628798975676015",
               "Audio": "",
               "AnnounceDistance": 20.0
          },
          {
               "Name": "Acton Park",
               "Location": "51.50649374455774, -0.26056226988758285",
               "Audio": "",
               "AnnounceDistance": 20.0
          },
          {
               "Name": "East Acton Lane",
               "Location": "51.506564188272684, -0.258037887075223",
               "Audio": "",
               "AnnounceDistance": 20.0
          },
          {
               "Name": "Larden Road",
               "Location": "51.506708165909465, -0.2544155448795228",
               "Audio": "",
               "AnnounceDistance": 20.0
          },
          {
               "Name": "Acton Vale / Bromyard Avenue",
               "Location": "51.506786203240694, -0.2524096009659144",
               "Audio": "",
               "AnnounceDistance": 20.0
          },
          {
               "Name": "Second Avenue",
               "Location": "51.50676458045301, -0.2485486035034107",
               "Audio": "",
               "AnnounceDistance": 20.0
          },
          {
               "Name": "First Avenue",
               "Location": "51.506812110502906, -0.2463132597638167",
               "Audio": "",
               "AnnounceDistance": 20.0
          },
          {
               "Name": "Wormholt Road",
               "Location": "51.5067405229481, -0.2415319554905496",
               "Audio": "",
               "AnnounceDistance": 20.0
          },
          {
               "Name": "Adelaide Grove",
               "Location": "51.50651822693486, -0.23750578774101558",
               "Audio": "",
               "AnnounceDistance": 20.0
          },
          {
               "Name": "Bloemfontein Road",
               "Location": "51.506541483371706, -0.23367189705008354",
               "Audio": "",
               "AnnounceDistance": 20.0
          },
          {
               "Name": "Loftus Road",
               "Location": "51.50629592820194, -0.23110206054194826",
               "Audio": "",
               "AnnounceDistance": 20.0
          },
          {
               "Name": "Shepherds Bush Market Station",
               "Location": "51.50574553921623, -0.22740572161787112",
               "Audio": "",
               "AnnounceDistance": 20.0
          },
          {
               "Name": "Shepherds Bush Station",
               "Location": "51.50540750874383, -0.21815358642262705",
               "Audio": "",
               "AnnounceDistance": 20.0
          },
          {
               "Name": "White City Bus Station",
               "Location": "51.50903951765256, -0.22402109483101718",
               "Audio": "",
               "AnnounceDistance": 20.0
          }
     ]
}