{
     "RouteNumber": "208",
     "Destination": "Lewisham Station",
     "RouteAudio": "",
     "DestinationAudio": "",
     "Stops": [
          {
               "Name": "Orpington / Perry Hall Road",
               "Location": "51.38206667424114, 0.1059306037951454",
               "Audio": "",
               "AnnounceDistance": 20.0
          },
          {
               "Name": "High Street / Carlton Parade",
               "Location": "51.38162896256317, 0.10576679889991455",
               "Audio": "",
               "AnnounceDistance": 20.0
          },
          {
               "Name": "High Street / Church Hill",
               "Location": "51.37926832230172, 0.10251133793859545",
               "Audio": "",
               "AnnounceDistance": 20.0
          },
          {
               "Name": "Walnuts Centre",
               "Location": "51.37708725539875, 0.10027030983816954",
               "Audio": "",
               "AnnounceDistance": 20.0
          },
          {
               "Name": "High Street / Orpington War Memorial",
               "Location": "51.374280734183365, 0.0983026459057509",
               "Audio": "",
               "AnnounceDistance": 20.0
          },
          {
               "Name": "Tubbenden Lane",
               "Location": "51.37175962295602, 0.09143441642883285",
               "Audio": "",
               "AnnounceDistance": 20.0
          },
          {
               "Name": "Orpington Station",
               "Location": "51.37270958550848, 0.0870810206049498",
               "Audio": "",
               "AnnounceDistance": 20.0
          },
          {
               "Name": "Pound Court Drive",
               "Location": "51.373117722721055, 0.07879465642584384",
               "Audio": "",
               "AnnounceDistance": 20.0
          },
          {
               "Name": "Crofton Lane / Crofton Road",
               "Location": "51.374181406551735, 0.07560988428952761",
               "Audio": "",
               "AnnounceDistance": 20.0
          },
          {
               "Name": "St Thomas Drive",
               "Location": "51.375776370501434, 0.07644360022511716",
               "Audio": "",
               "AnnounceDistance": 20.0
          },
          {
               "Name": "Place Farm Avenue",
               "Location": "51.378839527920825, 0.07866590580957931",
               "Audio": "",
               "AnnounceDistance": 20.0
          },
          {
               "Name": "Crofton School",
               "Location": "51.38080727879195, 0.07977538989028003",
               "Audio": "",
               "AnnounceDistance": 20.0
          },
          {
               "Name": "Jersey Drive",
               "Location": "51.38468283965191, 0.07726354185788532",
               "Audio": "",
               "AnnounceDistance": 20.0
          },
          {
               "Name": "Queensway / Petts Wood Station",
               "Location": "51.3887099906191, 0.07278900117095553",
               "Audio": "",
               "AnnounceDistance": 20.0
          },
          {
               "Name": "Petts Wood Library",
               "Location": "51.389755605459065, 0.07112580312021645",
               "Audio": "",
               "AnnounceDistance": 20.0
          },
          {
               "Name": "Crescent Drive",
               "Location": "51.388629997056064, 0.06713670959439755",
               "Audio": "",
               "AnnounceDistance": 20.0
          },
          {
               "Name": "Oxhawth Crescent / East Arm",
               "Location": "51.38860938384559, 0.06371495736542862",
               "Audio": "",
               "AnnounceDistance": 20.0
          },
          {
               "Name": "Oxhawth Crescent / West Arm",
               "Location": "51.38942758945094, 0.05912352218634021",
               "Audio": "",
               "AnnounceDistance": 20.0
          },
          {
               "Name": "Southborough Lane / Blackbrook Lane",
               "Location": "51.39037190344072, 0.052970838705409244",
               "Audio": "",
               "AnnounceDistance": 20.0
          },
          {
               "Name": "The Fairway",
               "Location": "51.389726017139544, 0.05031157027030049",
               "Audio": "",
               "AnnounceDistance": 20.0
          },
          {
               "Name": "Southborough Library",
               "Location": "51.38953320332752, 0.043331822628611585",
               "Audio": "",
               "AnnounceDistance": 20.0
          },
          {
               "Name": "Newton Terrace",
               "Location": "51.388834249634385, 0.03802570791216932",
               "Audio": "",
               "AnnounceDistance": 20.0
          },
          {
               "Name": "Bromley Common / The Crown",
               "Location": "51.3899926904942, 0.03449816445627363",
               "Audio": "",
               "AnnounceDistance": 20.0
          },
          {
               "Name": "Southlands Road",
               "Location": "51.39309969044817, 0.030093649506356696",
               "Audio": "",
               "AnnounceDistance": 20.0
          },
          {
               "Name": "Homesdale Road",
               "Location": "51.394711710995345, 0.02684438103941427",
               "Audio": "",
               "AnnounceDistance": 20.0
          },
          {
               "Name": "Bertha James Day Centre",
               "Location": "51.39705815089186, 0.022721626317842435",
               "Audio": "",
               "AnnounceDistance": 20.0
          },
          {
               "Name": "Cromwell Avenue",
               "Location": "51.39852141810718, 0.019220877064780085",
               "Audio": "",
               "AnnounceDistance": 20.0
          },
          {
               "Name": "Bromley South Station",
               "Location": "51.40019844343493, 0.01687944519748438",
               "Audio": "",
               "AnnounceDistance": 20.0
          },
          {
               "Name": "Elmfield Road / The Mall",
               "Location": "51.402790627009246, 0.016749072642131452",
               "Audio": "",
               "AnnounceDistance": 20.0
          },
          {
               "Name": "Bromley Civic Centre",
               "Location": "51.404799532659176, 0.01863473167278371",
               "Audio": "",
               "AnnounceDistance": 20.0
          },
          {
               "Name": "Bromley Town Hall",
               "Location": "51.40603532817609, 0.01684869783906262",
               "Audio": "",
               "AnnounceDistance": 20.0
          },
          {
               "Name": "High Street / Market Square",
               "Location": "51.40615950553345, 0.01328826563351269",
               "Audio": "",
               "AnnounceDistance": 20.0
          },
          {
               "Name": "Bromley Magistrates Court",
               "Location": "51.40783222479841, 0.011190492232403973",
               "Audio": "",
               "AnnounceDistance": 20.0
          },
          {
               "Name": "Farwig Lane",
               "Location": "51.411336587724094, 0.009259148113230675",
               "Audio": "",
               "AnnounceDistance": 20.0
          },
          {
               "Name": "Warner Road",
               "Location": "51.41342198264411, 0.007739926904175242",
               "Audio": "",
               "AnnounceDistance": 20.0
          },
          {
               "Name": "Park Avenue",
               "Location": "51.41626315615286, 0.005146266028312309",
               "Audio": "",
               "AnnounceDistance": 20.0
          },
          {
               "Name": "Bromley Court Hotel",
               "Location": "51.417841800666864, 0.002755987073157929",
               "Audio": "",
               "AnnounceDistance": 20.0
          },
          {
               "Name": "Bromley Hill Cemetery",
               "Location": "51.41928094487627, 0.0006327261089238343",
               "Audio": "",
               "AnnounceDistance": 20.0
          },
          {
               "Name": "Ashgrove Road",
               "Location": "51.422277014742384, -0.00261658658572836",
               "Audio": "",
               "AnnounceDistance": 20.0
          },
          {
               "Name": "Bromley Road / Downham Way",
               "Location": "51.42478852584854, -0.004348279331171495",
               "Audio": "",
               "AnnounceDistance": 20.0
          },
          {
               "Name": "Old Bromley Road",
               "Location": "51.4261607907447, -0.006777070449953174",
               "Audio": "",
               "AnnounceDistance": 20.0
          },
          {
               "Name": "Green Man Community Hub",
               "Location": "51.426808348839266, -0.00995675722680324",
               "Audio": "",
               "AnnounceDistance": 20.0
          },
          {
               "Name": "Southend Lane",
               "Location": "51.42896482335785, -0.014092459059888337",
               "Audio": "",
               "AnnounceDistance": 20.0
          },
          {
               "Name": "Catford Police Station",
               "Location": "51.4309787680928, -0.015659557056383527",
               "Audio": "",
               "AnnounceDistance": 20.0
          },
          {
               "Name": "Bellingham Road",
               "Location": "51.43258224676074, -0.01741720501417245",
               "Audio": "",
               "AnnounceDistance": 20.0
          },
          {
               "Name": "Newquay Road",
               "Location": "51.43659447811364, -0.01856718425046334",
               "Audio": "",
               "AnnounceDistance": 20.0
          },
          {
               "Name": "Inchmery Road",
               "Location": "51.43845025413282, -0.01929263725204963",
               "Audio": "",
               "AnnounceDistance": 20.0
          },
          {
               "Name": "Bargery Road",
               "Location": "51.440542579904594, -0.020712994299132963",
               "Audio": "",
               "AnnounceDistance": 20.0
          },
          {
               "Name": "Bromley Road / Lewisham Town Hall",
               "Location": "51.44380286470396, -0.02047129108394355",
               "Audio": "",
               "AnnounceDistance": 20.0
          },
          {
               "Name": "The Catford Centre",
               "Location": "51.447109766492616, -0.018730823204527368",
               "Audio": "",
               "AnnounceDistance": 20.0
          },
          {
               "Name": "Rosenthal Road",
               "Location": "51.449216142636395, -0.0172579965133382",
               "Audio": "",
               "AnnounceDistance": 20.0
          },
          {
               "Name": "Mount Pleasant Road",
               "Location": "51.45183620633118, -0.01691419052542205",
               "Audio": "",
               "AnnounceDistance": 20.0
          },
          {
               "Name": "Lewisham Hospital",
               "Location": "51.453277135807284, -0.016506304110970108",
               "Audio": "",
               "AnnounceDistance": 20.0
          },
          {
               "Name": "Lewisham Park",
               "Location": "51.454824923233, -0.01603618217635531",
               "Audio": "",
               "AnnounceDistance": 20.0
          },
          {
               "Name": "Lewisham Fire Station",
               "Location": "51.457073058538946, -0.013909065490084957",
               "Audio": "",
               "AnnounceDistance": 20.0
          },
          {
               "Name": "Molesworth Street / Riverdale House",
               "Location": "51.4605491916575, -0.013139140871217769",
               "Audio": "",
               "AnnounceDistance": 20.0
          },
          {
               "Name": "Lewisham Station",
               "Location": "51.46490017606368, -0.013050926679442368",
               "Audio": "",
               "AnnounceDistance": 20.0
          }
     ]
}