{
     "RouteNumber": "20",
     "Destination": "Walthamstow Bus Station",
     "RouteAudio": "",
     "DestinationAudio": "",
     "Stops": [
          {
               "Name": "The Broadway",
               "Location": "51.64693333348803, 0.08214743728410406",
               "Audio": "",
               "AnnounceDistance": 20.0
          },
          {
               "Name": "Torrington Drive",
               "Location": "51.64728992759757, 0.08232278223268115",
               "Audio": "",
               "AnnounceDistance": 20.0
          },
          {
               "Name": "Burton Road",
               "Location": "51.648371308992445, 0.08472855795353001",
               "Audio": "",
               "AnnounceDistance": 20.0
          },
          {
               "Name": "Etheridge Road",
               "Location": "51.65191483224076, 0.08419724791194598",
               "Audio": "",
               "AnnounceDistance": 20.0
          },
          {
               "Name": "Mannock Drive",
               "Location": "51.653197151403035, 0.08389465610151639",
               "Audio": "",
               "AnnounceDistance": 20.0
          },
          {
               "Name": "Goldingham Avenue",
               "Location": "51.655157509079956, 0.08592188876691205",
               "Audio": "",
               "AnnounceDistance": 20.0
          },
          {
               "Name": "The Cottage Loaf",
               "Location": "51.65712835652636, 0.08533286228999919",
               "Audio": "",
               "AnnounceDistance": 20.0
          },
          {
               "Name": "Colebrook Lane",
               "Location": "51.65870972579377, 0.0833812590494542",
               "Audio": "",
               "AnnounceDistance": 20.0
          },
          {
               "Name": "Castell Road",
               "Location": "51.65915454244728, 0.08111717938492777",
               "Audio": "",
               "AnnounceDistance": 20.0
          },
          {
               "Name": "Chandler Road",
               "Location": "51.65770424860012, 0.07973502547354729",
               "Audio": "",
               "AnnounceDistance": 20.0
          },
          {
               "Name": "Pyrles Lane",
               "Location": "51.65687282572358, 0.07742704875136128",
               "Audio": "",
               "AnnounceDistance": 20.0
          },
          {
               "Name": "Hillcroft",
               "Location": "51.65631217192333, 0.07251465978802168",
               "Audio": "",
               "AnnounceDistance": 20.0
          },
          {
               "Name": "Hillyfields",
               "Location": "51.65614602999633, 0.07020829346610036",
               "Audio": "",
               "AnnounceDistance": 20.0
          },
          {
               "Name": "Maple Gate",
               "Location": "51.65580632192807, 0.06805307775825388",
               "Audio": "",
               "AnnounceDistance": 20.0
          },
          {
               "Name": "Sedley Rise",
               "Location": "51.65571443874546, 0.066632047119241",
               "Audio": "",
               "AnnounceDistance": 20.0
          },
          {
               "Name": "Church Lane",
               "Location": "51.65338656598246, 0.06298421163456654",
               "Audio": "",
               "AnnounceDistance": 20.0
          },
          {
               "Name": "The Uplands",
               "Location": "51.65107806580916, 0.05925089687952534",
               "Audio": "",
               "AnnounceDistance": 20.0
          },
          {
               "Name": "Traps Hill",
               "Location": "51.64931971955816, 0.0569595015779241",
               "Audio": "",
               "AnnounceDistance": 20.0
          },
          {
               "Name": "Forest Road",
               "Location": "51.64680730648404, 0.05459082536737681",
               "Audio": "",
               "AnnounceDistance": 20.0
          },
          {
               "Name": "The Crown",
               "Location": "51.64412679141555, 0.05257617244797955",
               "Audio": "",
               "AnnounceDistance": 20.0
          },
          {
               "Name": "Loughton Station",
               "Location": "51.642126528618206, 0.05485616961756906",
               "Audio": "",
               "AnnounceDistance": 20.0
          },
          {
               "Name": "Sainsburys",
               "Location": "51.64326397355732, 0.05357786459986596",
               "Audio": "",
               "AnnounceDistance": 20.0
          },
          {
               "Name": "The Crown",
               "Location": "51.64388388308945, 0.05155343314850102",
               "Audio": "",
               "AnnounceDistance": 20.0
          },
          {
               "Name": "The Crescent",
               "Location": "51.64147985566779, 0.048120710576618195",
               "Audio": "",
               "AnnounceDistance": 20.0
          },
          {
               "Name": "Spring Grove",
               "Location": "51.6403743470725, 0.044992468118332705",
               "Audio": "",
               "AnnounceDistance": 20.0
          },
          {
               "Name": "North Farm",
               "Location": "51.637492684374, 0.041090909399961385",
               "Audio": "",
               "AnnounceDistance": 20.0
          },
          {
               "Name": "Cricket Ground",
               "Location": "51.63166490316039, 0.03646539574966708",
               "Audio": "",
               "AnnounceDistance": 20.0
          },
          {
               "Name": "Russell Road",
               "Location": "51.628871742481344, 0.0341873920180442",
               "Audio": "",
               "AnnounceDistance": 20.0
          },
          {
               "Name": "Stag Lane",
               "Location": "51.625866866041974, 0.0321891751932607",
               "Audio": "",
               "AnnounceDistance": 20.0
          },
          {
               "Name": "Knighton Lane",
               "Location": "51.622577656771604, 0.02999072540310516",
               "Audio": "",
               "AnnounceDistance": 20.0
          },
          {
               "Name": "Whitehall Road / Bancrofts School",
               "Location": "51.61920752061672, 0.027268939943987037",
               "Audio": "",
               "AnnounceDistance": 20.0
          },
          {
               "Name": "St Thomas Of Canterbury Church",
               "Location": "51.615721788987386, 0.025510224559010048",
               "Audio": "",
               "AnnounceDistance": 20.0
          },
          {
               "Name": "Monkhams Lane",
               "Location": "51.61228120336139, 0.023739351252035756",
               "Audio": "",
               "AnnounceDistance": 20.0
          },
          {
               "Name": "Woodford Green / Broadmead Road",
               "Location": "51.609173765811164, 0.0214202911083129",
               "Audio": "",
               "AnnounceDistance": 20.0
          },
          {
               "Name": "Chingford Lane",
               "Location": "51.60679491242752, 0.019610466496317456",
               "Audio": "",
               "AnnounceDistance": 20.0
          },
          {
               "Name": "St Aubyns School",
               "Location": "51.60258121407435, 0.015726681097576262",
               "Audio": "",
               "AnnounceDistance": 20.0
          },
          {
               "Name": "Chelmsford Road",
               "Location": "51.599497761285825, 0.013048754123359733",
               "Audio": "",
               "AnnounceDistance": 20.0
          },
          {
               "Name": "Waterworks Corner",
               "Location": "51.59702099550465, 0.01169748605192416",
               "Audio": "",
               "AnnounceDistance": 20.0
          },
          {
               "Name": "Forest Road",
               "Location": "51.593445879444204, 0.009893614260613238",
               "Audio": "",
               "AnnounceDistance": 20.0
          },
          {
               "Name": "St Peters Church",
               "Location": "51.587756395419724, 0.00710176923352973",
               "Audio": "",
               "AnnounceDistance": 20.0
          },
          {
               "Name": "Snaresbrook Road",
               "Location": "51.58410054363415, 0.006334393859381102",
               "Audio": "",
               "AnnounceDistance": 20.0
          },
          {
               "Name": "Hainault Court",
               "Location": "51.58298092332303, 0.004495209318698714",
               "Audio": "",
               "AnnounceDistance": 20.0
          },
          {
               "Name": "Whipps Cross Bus Stand",
               "Location": "51.58119027885524, 0.001399739323510473",
               "Audio": "",
               "AnnounceDistance": 20.0
          },
          {
               "Name": "Peterborough Road",
               "Location": "51.57949838095217, -0.004332439247553823",
               "Audio": "",
               "AnnounceDistance": 20.0
          },
          {
               "Name": "Essex Road",
               "Location": "51.57836192072042, -0.006778088339158197",
               "Audio": "",
               "AnnounceDistance": 20.0
          },
          {
               "Name": "Leyton Green Road",
               "Location": "51.57654177759434, -0.007622638388828228",
               "Audio": "",
               "AnnounceDistance": 20.0
          },
          {
               "Name": "Lea Bridge Road / Bakers Arms",
               "Location": "51.574753115757204, -0.011914929806813988",
               "Audio": "",
               "AnnounceDistance": 20.0
          },
          {
               "Name": "Hoe Street / Bakers Arms",
               "Location": "51.575854724284, -0.014305880374346564",
               "Audio": "",
               "AnnounceDistance": 20.0
          },
          {
               "Name": "Grove Road",
               "Location": "51.57821556917965, -0.01724830059376467",
               "Audio": "",
               "AnnounceDistance": 20.0
          },
          {
               "Name": "Queens Road",
               "Location": "51.58060177589699, -0.018501190062918865",
               "Audio": "",
               "AnnounceDistance": 20.0
          },
          {
               "Name": "Walthamstow Bus Station",
               "Location": "51.58361578903856, -0.020188816307260576",
               "Audio": "",
               "AnnounceDistance": 20.0
          }
     ]
}