{
     "RouteNumber": "210",
     "Destination": "Brent Cross Shopping Centre",
     "RouteAudio": "",
     "DestinationAudio": "",
     "Stops": [
          {
               "Name": "Finsbury Park Station",
               "Location": "51.56565185936554, -0.10702238887469277",
               "Audio": "",
               "AnnounceDistance": 20.0
          },
          {
               "Name": "Tollington Park",
               "Location": "51.56896110487376, -0.1114880094756475",
               "Audio": "",
               "AnnounceDistance": 20.0
          },
          {
               "Name": "Hanley Road / Stapleton Hall Road",
               "Location": "51.57036125103854, -0.11467676858202823",
               "Audio": "",
               "AnnounceDistance": 20.0
          },
          {
               "Name": "Crouch Hill Station / Hanley Road",
               "Location": "51.57018944366518, -0.11573727374534047",
               "Audio": "",
               "AnnounceDistance": 20.0
          },
          {
               "Name": "Almington Street",
               "Location": "51.568855236145644, -0.11833206222061456",
               "Audio": "",
               "AnnounceDistance": 20.0
          },
          {
               "Name": "Hornsey Road",
               "Location": "51.56734724219173, -0.12130902099989739",
               "Audio": "",
               "AnnounceDistance": 20.0
          },
          {
               "Name": "Fairbridge Road",
               "Location": "51.56822220485212, -0.12316321087427577",
               "Audio": "",
               "AnnounceDistance": 20.0
          },
          {
               "Name": "Beaumont Rise",
               "Location": "51.571068877273106, -0.12516722820120976",
               "Audio": "",
               "AnnounceDistance": 20.0
          },
          {
               "Name": "Mulkern Road",
               "Location": "51.57014920608041, -0.12839410941065624",
               "Audio": "",
               "AnnounceDistance": 20.0
          },
          {
               "Name": "Cressida Road",
               "Location": "51.568817499317646, -0.13059881788356986",
               "Audio": "",
               "AnnounceDistance": 20.0
          },
          {
               "Name": "Archway Road",
               "Location": "51.56650181408586, -0.13313228671451963",
               "Audio": "",
               "AnnounceDistance": 20.0
          },
          {
               "Name": "Archway Station",
               "Location": "51.5648288017386, -0.13480236147119787",
               "Audio": "",
               "AnnounceDistance": 20.0
          },
          {
               "Name": "Whittington Hospital / Magdala Avenue",
               "Location": "51.56702538164209, -0.1377858541550953",
               "Audio": "",
               "AnnounceDistance": 20.0
          },
          {
               "Name": "Waterlow Park / Lauderdale House",
               "Location": "51.56939924186254, -0.14288357798796614",
               "Audio": "",
               "AnnounceDistance": 20.0
          },
          {
               "Name": "Bisham Gardens",
               "Location": "51.57034022556609, -0.1460920000498169",
               "Audio": "",
               "AnnounceDistance": 20.0
          },
          {
               "Name": "South Grove",
               "Location": "51.57089549400858, -0.1487967288372825",
               "Audio": "",
               "AnnounceDistance": 20.0
          },
          {
               "Name": "Highgate Close",
               "Location": "51.57165204201185, -0.15172424523376027",
               "Audio": "",
               "AnnounceDistance": 20.0
          },
          {
               "Name": "Athlone House",
               "Location": "51.57208538535213, -0.15755107066487736",
               "Audio": "",
               "AnnounceDistance": 20.0
          },
          {
               "Name": "Stormont Road",
               "Location": "51.572594083962414, -0.16246582676662308",
               "Audio": "",
               "AnnounceDistance": 20.0
          },
          {
               "Name": "Compton Avenue / Kenwood House",
               "Location": "51.57266346866823, -0.16517601721646577",
               "Audio": "",
               "AnnounceDistance": 20.0
          },
          {
               "Name": "Kenwood House",
               "Location": "51.57162298934918, -0.17283719108358053",
               "Audio": "",
               "AnnounceDistance": 20.0
          },
          {
               "Name": "The Spaniards Inn",
               "Location": "51.57001951144829, -0.1738105692865562",
               "Audio": "",
               "AnnounceDistance": 20.0
          },
          {
               "Name": "Hampstead Heath",
               "Location": "51.56574708529377, -0.17721376137197853",
               "Audio": "",
               "AnnounceDistance": 20.0
          },
          {
               "Name": "Jack Straws Castle / Whitestone Pond",
               "Location": "51.563151590642484, -0.1791643067783421",
               "Audio": "",
               "AnnounceDistance": 20.0
          },
          {
               "Name": "Inverforth House",
               "Location": "51.5645224280578, -0.18058121928215054",
               "Audio": "",
               "AnnounceDistance": 20.0
          },
          {
               "Name": "North End Road / Golders Hill Park",
               "Location": "51.567987687818864, -0.18368946910852585",
               "Audio": "",
               "AnnounceDistance": 20.0
          },
          {
               "Name": "Wellgarth Road",
               "Location": "51.570200424771535, -0.18780039855469022",
               "Audio": "",
               "AnnounceDistance": 20.0
          },
          {
               "Name": "Golders Green Station",
               "Location": "51.57139697297859, -0.19366925338269622",
               "Audio": "",
               "AnnounceDistance": 20.0
          },
          {
               "Name": "Finchley Road",
               "Location": "51.57190555119323, -0.19633316500400963",
               "Audio": "",
               "AnnounceDistance": 20.0
          },
          {
               "Name": "Hoop Lane",
               "Location": "51.5737827634005, -0.2008768037007147",
               "Audio": "",
               "AnnounceDistance": 20.0
          },
          {
               "Name": "Woodstock Avenue",
               "Location": "51.57538124728721, -0.20367113837124584",
               "Audio": "",
               "AnnounceDistance": 20.0
          },
          {
               "Name": "Limes Avenue",
               "Location": "51.577369851554835, -0.20669565650869343",
               "Audio": "",
               "AnnounceDistance": 20.0
          },
          {
               "Name": "The Drive",
               "Location": "51.57736217652967, -0.2097267203435888",
               "Audio": "",
               "AnnounceDistance": 20.0
          },
          {
               "Name": "Brent Cross Station",
               "Location": "51.5764053188718, -0.21302592640882984",
               "Audio": "",
               "AnnounceDistance": 20.0
          },
          {
               "Name": "Claremont Road",
               "Location": "51.57427450174911, -0.22074360230965526",
               "Audio": "",
               "AnnounceDistance": 20.0
          },
          {
               "Name": "Brent Cross Shopping Centre",
               "Location": "51.57564740704349, -0.22351858921309795",
               "Audio": "",
               "AnnounceDistance": 20.0
          }
     ]
}