{
     "RouteNumber": "212",
     "Destination": "St James Street Station",
     "RouteAudio": "",
     "DestinationAudio": "",
     "Stops": [
          {
               "Name": "Chingford Station",
               "Location": "51.633442518520305, 0.01054866502006799",
               "Audio": "",
               "AnnounceDistance": 20.0
          },
          {
               "Name": "Station Road / Chingford Station",
               "Location": "51.63302536503618, 0.00865167974768593",
               "Audio": "",
               "AnnounceDistance": 20.0
          },
          {
               "Name": "Stanley Road",
               "Location": "51.63177120850447, 0.00521499871778999",
               "Audio": "",
               "AnnounceDistance": 20.0
          },
          {
               "Name": "Station Road / The Green",
               "Location": "51.630802524023174, 0.0019066748721439956",
               "Audio": "",
               "AnnounceDistance": 20.0
          },
          {
               "Name": "Balgonie Road",
               "Location": "51.62842891280747, 0.0034637868121528254",
               "Audio": "",
               "AnnounceDistance": 20.0
          },
          {
               "Name": "Whitehall Road",
               "Location": "51.626623626317986, 0.007545344371309567",
               "Audio": "",
               "AnnounceDistance": 20.0
          },
          {
               "Name": "Simmons Lane",
               "Location": "51.62338169231428, 0.008341305757306208",
               "Audio": "",
               "AnnounceDistance": 20.0
          },
          {
               "Name": "Chingdale Road",
               "Location": "51.61979474343356, 0.008804106711484874",
               "Audio": "",
               "AnnounceDistance": 20.0
          },
          {
               "Name": "Hatch Lane",
               "Location": "51.61886545654182, 0.0037214902010182906",
               "Audio": "",
               "AnnounceDistance": 20.0
          },
          {
               "Name": "St Annes Parish Church",
               "Location": "51.617447919623665, 0.00036551675333874325",
               "Audio": "",
               "AnnounceDistance": 20.0
          },
          {
               "Name": "Larkshall Crescent",
               "Location": "51.61544802133438, 0.000046462820627736524",
               "Audio": "",
               "AnnounceDistance": 20.0
          },
          {
               "Name": "East View",
               "Location": "51.61309578891126, -0.0017613278544681167",
               "Audio": "",
               "AnnounceDistance": 20.0
          },
          {
               "Name": "Hickman Avenue",
               "Location": "51.6095985849751, -0.0018138119544711493",
               "Audio": "",
               "AnnounceDistance": 20.0
          },
          {
               "Name": "Highams Park Station",
               "Location": "51.60748768629689, -0.0008955537530321332",
               "Audio": "",
               "AnnounceDistance": 20.0
          },
          {
               "Name": "Haldan Road",
               "Location": "51.60475964547651, -0.0022862221615356517",
               "Audio": "",
               "AnnounceDistance": 20.0
          },
          {
               "Name": "Swanage Road",
               "Location": "51.60276660900435, -0.003009091750807641",
               "Audio": "",
               "AnnounceDistance": 20.0
          },
          {
               "Name": "Wadham Road",
               "Location": "51.600820307214526, -0.004365206970019322",
               "Audio": "",
               "AnnounceDistance": 20.0
          },
          {
               "Name": "Garner Road / North Arm",
               "Location": "51.59966499033535, -0.007289350564278397",
               "Audio": "",
               "AnnounceDistance": 20.0
          },
          {
               "Name": "Queenswood Avenue",
               "Location": "51.596531702278234, -0.0065313098511585645",
               "Audio": "",
               "AnnounceDistance": 20.0
          },
          {
               "Name": "Victoria Road",
               "Location": "51.59443390444768, -0.005323746352768584",
               "Audio": "",
               "AnnounceDistance": 20.0
          },
          {
               "Name": "Forest Road / Wood Street Library",
               "Location": "51.592198052801834, -0.004988580368328449",
               "Audio": "",
               "AnnounceDistance": 20.0
          },
          {
               "Name": "Thorpe Coombe Hospital",
               "Location": "51.59105407205503, -0.007521854847591032",
               "Audio": "",
               "AnnounceDistance": 20.0
          },
          {
               "Name": "The Drive",
               "Location": "51.589111481658755, -0.00803994533888765",
               "Audio": "",
               "AnnounceDistance": 20.0
          },
          {
               "Name": "Shernhall Street",
               "Location": "51.587722970576465, -0.009414346302238188",
               "Audio": "",
               "AnnounceDistance": 20.0
          },
          {
               "Name": "Church Hill Road",
               "Location": "51.58615245268809, -0.012254583053256485",
               "Audio": "",
               "AnnounceDistance": 20.0
          },
          {
               "Name": "Hoe Street",
               "Location": "51.585162986876, -0.0180862189846854",
               "Audio": "",
               "AnnounceDistance": 20.0
          },
          {
               "Name": "Walthamstow Bus Station",
               "Location": "51.58400413218386, -0.02028741245880123",
               "Audio": "",
               "AnnounceDistance": 20.0
          },
          {
               "Name": "Selborne Walk",
               "Location": "51.582544093467085, -0.024363579285136158",
               "Audio": "",
               "AnnounceDistance": 20.0
          },
          {
               "Name": "St James Street Station",
               "Location": "51.581393383822764, -0.031875772849629364",
               "Audio": "",
               "AnnounceDistance": 20.0
          }
     ]
}