{
     "RouteNumber": "213",
     "Destination": "Sutton Bus Garage",
     "RouteAudio": "",
     "DestinationAudio": "",
     "Stops": [
          {
               "Name": "Fairfield Bus Station",
               "Location": "51.410374989256205, -0.2998877530610282",
               "Audio": "",
               "AnnounceDistance": 20.0
          },
          {
               "Name": "Eden Street",
               "Location": "51.41041876818993, -0.3022874859615926",
               "Audio": "",
               "AnnounceDistance": 20.0
          },
          {
               "Name": "Tiffin School / London Road",
               "Location": "51.41075004184179, -0.2959913790992626",
               "Audio": "",
               "AnnounceDistance": 20.0
          },
          {
               "Name": "Norbiton Church",
               "Location": "51.41079746337674, -0.29307057530197433",
               "Audio": "",
               "AnnounceDistance": 20.0
          },
          {
               "Name": "Park Road",
               "Location": "51.41427935446354, -0.28703046171800545",
               "Audio": "",
               "AnnounceDistance": 20.0
          },
          {
               "Name": "Queens Road / Kingston Hospital",
               "Location": "51.416422272784914, -0.28352761210412614",
               "Audio": "",
               "AnnounceDistance": 20.0
          },
          {
               "Name": "Kingston Hospital",
               "Location": "51.415592396050386, -0.28089820411960115",
               "Audio": "",
               "AnnounceDistance": 20.0
          },
          {
               "Name": "Gloucester Road",
               "Location": "51.41186311839599, -0.2804628915019228",
               "Audio": "",
               "AnnounceDistance": 20.0
          },
          {
               "Name": "Kenley Road",
               "Location": "51.41006158149671, -0.2771944784275443",
               "Audio": "",
               "AnnounceDistance": 20.0
          },
          {
               "Name": "The Triangle",
               "Location": "51.40880532598714, -0.27310056668489147",
               "Audio": "",
               "AnnounceDistance": 20.0
          },
          {
               "Name": "Oak Road",
               "Location": "51.409319179808364, -0.26770342858927154",
               "Audio": "",
               "AnnounceDistance": 20.0
          },
          {
               "Name": "Coombe Girls School",
               "Location": "51.40988823704419, -0.26180079822783464",
               "Audio": "",
               "AnnounceDistance": 20.0
          },
          {
               "Name": "Langley Grove",
               "Location": "51.4095449299632, -0.2586647777464993",
               "Audio": "",
               "AnnounceDistance": 20.0
          },
          {
               "Name": "Cambridge Avenue",
               "Location": "51.40605655150635, -0.2575032620727985",
               "Audio": "",
               "AnnounceDistance": 20.0
          },
          {
               "Name": "New Malden Station",
               "Location": "51.403264042734335, -0.25657424074817997",
               "Audio": "",
               "AnnounceDistance": 20.0
          },
          {
               "Name": "New Malden High Street",
               "Location": "51.40063458366039, -0.25572538360086533",
               "Audio": "",
               "AnnounceDistance": 20.0
          },
          {
               "Name": "New Malden / The Fountain",
               "Location": "51.39816539241146, -0.2553736671296368",
               "Audio": "",
               "AnnounceDistance": 20.0
          },
          {
               "Name": "St James Church / Kingston Bypass",
               "Location": "51.39543171161139, -0.2541695639101209",
               "Audio": "",
               "AnnounceDistance": 20.0
          },
          {
               "Name": "Blakes Lane",
               "Location": "51.39304981404105, -0.2530384439920437",
               "Audio": "",
               "AnnounceDistance": 20.0
          },
          {
               "Name": "Motspur Park",
               "Location": "51.389857342217375, -0.25303067940280466",
               "Audio": "",
               "AnnounceDistance": 20.0
          },
          {
               "Name": "Lyndhurst Drive",
               "Location": "51.38797789380593, -0.2530303951625364",
               "Audio": "",
               "AnnounceDistance": 20.0
          },
          {
               "Name": "Plough Green",
               "Location": "51.38510446029568, -0.2521050683687776",
               "Audio": "",
               "AnnounceDistance": 20.0
          },
          {
               "Name": "Malden Green Avenue",
               "Location": "51.383303467441046, -0.24952942635854972",
               "Audio": "",
               "AnnounceDistance": 20.0
          },
          {
               "Name": "Worcester Park Station",
               "Location": "51.38143839333687, -0.24628102452551787",
               "Audio": "",
               "AnnounceDistance": 20.0
          },
          {
               "Name": "Longfellow Road",
               "Location": "51.37884793052382, -0.24204041870586504",
               "Audio": "",
               "AnnounceDistance": 20.0
          },
          {
               "Name": "Lindsay Road",
               "Location": "51.37678964894026, -0.23732004390424846",
               "Audio": "",
               "AnnounceDistance": 20.0
          },
          {
               "Name": "Woodbine Lane",
               "Location": "51.37332525038341, -0.23239561563355646",
               "Audio": "",
               "AnnounceDistance": 20.0
          },
          {
               "Name": "North Cheam / London Road",
               "Location": "51.371524881672165, -0.22870071750176968",
               "Audio": "",
               "AnnounceDistance": 20.0
          },
          {
               "Name": "Church Hill Road",
               "Location": "51.36989428819289, -0.22672355699529276",
               "Audio": "",
               "AnnounceDistance": 20.0
          },
          {
               "Name": "Cheam Leisure Centre",
               "Location": "51.368018325098916, -0.22517264467574616",
               "Audio": "",
               "AnnounceDistance": 20.0
          },
          {
               "Name": "Malden Road / Priory Road",
               "Location": "51.36567527835358, -0.22306531126384974",
               "Audio": "",
               "AnnounceDistance": 20.0
          },
          {
               "Name": "Tilehurst Road",
               "Location": "51.36354619342375, -0.22024602225993678",
               "Audio": "",
               "AnnounceDistance": 20.0
          },
          {
               "Name": "Lumley Road",
               "Location": "51.36162368259223, -0.2185968379471407",
               "Audio": "",
               "AnnounceDistance": 20.0
          },
          {
               "Name": "Cheam Broadway",
               "Location": "51.35849840563934, -0.21650614292094428",
               "Audio": "",
               "AnnounceDistance": 20.0
          },
          {
               "Name": "St Dunstans Hill",
               "Location": "51.35909914181147, -0.21167105688331608",
               "Audio": "",
               "AnnounceDistance": 20.0
          },
          {
               "Name": "Cheam Road / Gander Green Lane",
               "Location": "51.35990132999652, -0.2064976088327213",
               "Audio": "",
               "AnnounceDistance": 20.0
          },
          {
               "Name": "Western Road",
               "Location": "51.36055302069369, -0.2026657162611037",
               "Audio": "",
               "AnnounceDistance": 20.0
          },
          {
               "Name": "Secombe Centre",
               "Location": "51.36127237649366, -0.19739464341556076",
               "Audio": "",
               "AnnounceDistance": 20.0
          },
          {
               "Name": "Sutton Civic Centre",
               "Location": "51.3619815391576, -0.19439337515721364",
               "Audio": "",
               "AnnounceDistance": 20.0
          },
          {
               "Name": "St Nicholas Centre",
               "Location": "51.365114922100446, -0.19523261775366177",
               "Audio": "",
               "AnnounceDistance": 20.0
          },
          {
               "Name": "Crown Road",
               "Location": "51.36728842995417, -0.197977275025257",
               "Audio": "",
               "AnnounceDistance": 20.0
          },
          {
               "Name": "Sutton Bus Garage",
               "Location": "51.368930191698325, -0.19947877663613503",
               "Audio": "",
               "AnnounceDistance": 20.0
          }
     ]
}