{
     "RouteNumber": "213",
     "Destination": "Fairfield Bus Station",
     "RouteAudio": "",
     "DestinationAudio": "",
     "Stops": [
          {
               "Name": "Sutton Bus Garage",
               "Location": "51.36976565619344, -0.19825355922288387",
               "Audio": "",
               "AnnounceDistance": 20.0
          },
          {
               "Name": "Sutton Green",
               "Location": "51.36981434494101, -0.19499037822477727",
               "Audio": "",
               "AnnounceDistance": 20.0
          },
          {
               "Name": "High Street / Marshalls Road",
               "Location": "51.367871561012095, -0.19496620968613035",
               "Audio": "",
               "AnnounceDistance": 20.0
          },
          {
               "Name": "Benhill Avenue",
               "Location": "51.36717162748754, -0.1933129097541142",
               "Audio": "",
               "AnnounceDistance": 20.0
          },
          {
               "Name": "Manor Place",
               "Location": "51.36548017097121, -0.19267556964941837",
               "Audio": "",
               "AnnounceDistance": 20.0
          },
          {
               "Name": "Times Square",
               "Location": "51.36374155933835, -0.19189648254992847",
               "Audio": "",
               "AnnounceDistance": 20.0
          },
          {
               "Name": "Sutton Police Station",
               "Location": "51.361654556870434, -0.19068588576698342",
               "Audio": "",
               "AnnounceDistance": 20.0
          },
          {
               "Name": "Sutton / Grove Road",
               "Location": "51.35996189947161, -0.19346733380320433",
               "Audio": "",
               "AnnounceDistance": 20.0
          },
          {
               "Name": "Sutton Park Road",
               "Location": "51.36070964026444, -0.19530523156264087",
               "Audio": "",
               "AnnounceDistance": 20.0
          },
          {
               "Name": "Sherwood Park Road",
               "Location": "51.360967888320616, -0.19923083248941473",
               "Audio": "",
               "AnnounceDistance": 20.0
          },
          {
               "Name": "Cheam Road / Gander Green Lane",
               "Location": "51.360040202028955, -0.20440944048586232",
               "Audio": "",
               "AnnounceDistance": 20.0
          },
          {
               "Name": "St Dunstans Hill",
               "Location": "51.358980772920475, -0.21157512299088754",
               "Audio": "",
               "AnnounceDistance": 20.0
          },
          {
               "Name": "Cheam Broadway",
               "Location": "51.35825727767413, -0.2166160504257319",
               "Audio": "",
               "AnnounceDistance": 20.0
          },
          {
               "Name": "Lumley Road",
               "Location": "51.36108906395918, -0.21833029888902256",
               "Audio": "",
               "AnnounceDistance": 20.0
          },
          {
               "Name": "Tilehurst Road",
               "Location": "51.363239751666804, -0.22020044253618531",
               "Audio": "",
               "AnnounceDistance": 20.0
          },
          {
               "Name": "Malden Road / Priory Road",
               "Location": "51.36643820845411, -0.22415630650309207",
               "Audio": "",
               "AnnounceDistance": 20.0
          },
          {
               "Name": "North Cheam / London Road",
               "Location": "51.37055702109552, -0.2277323777593418",
               "Audio": "",
               "AnnounceDistance": 20.0
          },
          {
               "Name": "Wellington Avenue",
               "Location": "51.37153907868941, -0.22904498509775434",
               "Audio": "",
               "AnnounceDistance": 20.0
          },
          {
               "Name": "Woodbine Lane",
               "Location": "51.37372556931001, -0.23329974896474107",
               "Audio": "",
               "AnnounceDistance": 20.0
          },
          {
               "Name": "Lindsay Road",
               "Location": "51.37564180049412, -0.23574048283039525",
               "Audio": "",
               "AnnounceDistance": 20.0
          },
          {
               "Name": "Brabham Court",
               "Location": "51.3774789803265, -0.2395064153442058",
               "Audio": "",
               "AnnounceDistance": 20.0
          },
          {
               "Name": "Longfellow Road",
               "Location": "51.37889890027934, -0.24244081464657277",
               "Audio": "",
               "AnnounceDistance": 20.0
          },
          {
               "Name": "Worcester Park Station",
               "Location": "51.3814803614039, -0.246681791514019",
               "Audio": "",
               "AnnounceDistance": 20.0
          },
          {
               "Name": "Malden Green Avenue",
               "Location": "51.38364565697281, -0.25016306846537123",
               "Audio": "",
               "AnnounceDistance": 20.0
          },
          {
               "Name": "Plough Green",
               "Location": "51.38506359368059, -0.25237968408477135",
               "Audio": "",
               "AnnounceDistance": 20.0
          },
          {
               "Name": "Lyndhurst Drive",
               "Location": "51.387162609540404, -0.2538375406839549",
               "Audio": "",
               "AnnounceDistance": 20.0
          },
          {
               "Name": "Motspur Park",
               "Location": "51.3911776406768, -0.252922898137795",
               "Audio": "",
               "AnnounceDistance": 20.0
          },
          {
               "Name": "Blakes Lane",
               "Location": "51.39345767567311, -0.25325289428695",
               "Audio": "",
               "AnnounceDistance": 20.0
          },
          {
               "Name": "St James Church / Kingston Bypass",
               "Location": "51.39556331433379, -0.25455267341963556",
               "Audio": "",
               "AnnounceDistance": 20.0
          },
          {
               "Name": "New Malden / The Fountain",
               "Location": "51.39789790780664, -0.25552759927417296",
               "Audio": "",
               "AnnounceDistance": 20.0
          },
          {
               "Name": "New Malden High Street",
               "Location": "51.40091725766579, -0.25598778291879054",
               "Audio": "",
               "AnnounceDistance": 20.0
          },
          {
               "Name": "New Malden Station",
               "Location": "51.40335819222555, -0.2568582052578628",
               "Audio": "",
               "AnnounceDistance": 20.0
          },
          {
               "Name": "Sycamore Grove",
               "Location": "51.4071615654095, -0.2580363952035083",
               "Audio": "",
               "AnnounceDistance": 20.0
          },
          {
               "Name": "Langley Grove",
               "Location": "51.41000988557503, -0.2596968042032331",
               "Audio": "",
               "AnnounceDistance": 20.0
          },
          {
               "Name": "Coombe Girls School",
               "Location": "51.40960477611915, -0.263910909392786",
               "Audio": "",
               "AnnounceDistance": 20.0
          },
          {
               "Name": "Oak Road",
               "Location": "51.4091843000345, -0.2683124461239311",
               "Audio": "",
               "AnnounceDistance": 20.0
          },
          {
               "Name": "The Triangle",
               "Location": "51.40853053938791, -0.27459193891777284",
               "Audio": "",
               "AnnounceDistance": 20.0
          },
          {
               "Name": "Kenley Road",
               "Location": "51.41032210389847, -0.2777886205923226",
               "Audio": "",
               "AnnounceDistance": 20.0
          },
          {
               "Name": "Gloucester Road",
               "Location": "51.412252324050705, -0.2806352291245172",
               "Audio": "",
               "AnnounceDistance": 20.0
          },
          {
               "Name": "Kingston Hospital",
               "Location": "51.41579391654131, -0.2811495042365974",
               "Audio": "",
               "AnnounceDistance": 20.0
          },
          {
               "Name": "Queens Road / Kingston Hospital",
               "Location": "51.41628535436491, -0.2833889280988616",
               "Audio": "",
               "AnnounceDistance": 20.0
          },
          {
               "Name": "Manor Gate Road",
               "Location": "51.41332045681512, -0.2878715996002885",
               "Audio": "",
               "AnnounceDistance": 20.0
          },
          {
               "Name": "Gordon Road",
               "Location": "51.411745458491865, -0.29024558621086566",
               "Audio": "",
               "AnnounceDistance": 20.0
          },
          {
               "Name": "Norbiton Church / Tiffin Boys School",
               "Location": "51.410546044693675, -0.29556758017691953",
               "Audio": "",
               "AnnounceDistance": 20.0
          },
          {
               "Name": "Fairfield Bus Station",
               "Location": "51.41040153521881, -0.2998580096722445",
               "Audio": "",
               "AnnounceDistance": 20.0
          }
     ]
}