{
     "RouteNumber": "214",
     "Destination": "Highgate School",
     "RouteAudio": "",
     "DestinationAudio": "",
     "Stops": [
          {
               "Name": "Finsbury Square",
               "Location": "51.52091862479251, -0.08734261641257123",
               "Audio": "",
               "AnnounceDistance": 20.0
          },
          {
               "Name": "Old Street Station",
               "Location": "51.52385383373833, -0.08756559595370035",
               "Audio": "",
               "AnnounceDistance": 20.0
          },
          {
               "Name": "Old Street Roundabout",
               "Location": "51.52645154978371, -0.08804781641490876",
               "Audio": "",
               "AnnounceDistance": 20.0
          },
          {
               "Name": "Moorfields Eye Hospital",
               "Location": "51.527829718014736, -0.09039767584700668",
               "Audio": "",
               "AnnounceDistance": 20.0
          },
          {
               "Name": "Windsor Terrace",
               "Location": "51.52857846955067, -0.09330740786156493",
               "Audio": "",
               "AnnounceDistance": 20.0
          },
          {
               "Name": "Central Street",
               "Location": "51.530151619262085, -0.09936909993056858",
               "Audio": "",
               "AnnounceDistance": 20.0
          },
          {
               "Name": "Angel Islington",
               "Location": "51.53163110378588, -0.10521882410959386",
               "Audio": "",
               "AnnounceDistance": 20.0
          },
          {
               "Name": "Pentonville Road / Baron Street",
               "Location": "51.53178010777341, -0.10776461516362401",
               "Audio": "",
               "AnnounceDistance": 20.0
          },
          {
               "Name": "Penton Street / Chapel Market",
               "Location": "51.5316433447812, -0.11043759920885488",
               "Audio": "",
               "AnnounceDistance": 20.0
          },
          {
               "Name": "Penton Rise",
               "Location": "51.53123387058445, -0.11516916582445172",
               "Audio": "",
               "AnnounceDistance": 20.0
          },
          {
               "Name": "Kings Cross / Caledonian Road",
               "Location": "51.530843119398526, -0.12051983134919299",
               "Audio": "",
               "AnnounceDistance": 20.0
          },
          {
               "Name": "St Pancras Internl Kings X Stns",
               "Location": "51.53055052786182, -0.12471296760945927",
               "Audio": "",
               "AnnounceDistance": 20.0
          },
          {
               "Name": "Chenies Place",
               "Location": "51.53401784373356, -0.12954489414004475",
               "Audio": "",
               "AnnounceDistance": 20.0
          },
          {
               "Name": "Royal College Street",
               "Location": "51.53534802819916, -0.13401794157261712",
               "Audio": "",
               "AnnounceDistance": 20.0
          },
          {
               "Name": "Mornington Crescent Station",
               "Location": "51.534801401738285, -0.13696732435746123",
               "Audio": "",
               "AnnounceDistance": 20.0
          },
          {
               "Name": "Camden High Street",
               "Location": "51.5361381688051, -0.1401714964414167",
               "Audio": "",
               "AnnounceDistance": 20.0
          },
          {
               "Name": "Camden Town Station",
               "Location": "51.537937543262785, -0.1419294645331479",
               "Audio": "",
               "AnnounceDistance": 20.0
          },
          {
               "Name": "Kentish Town Road",
               "Location": "51.5399502437533, -0.14239546669892997",
               "Audio": "",
               "AnnounceDistance": 20.0
          },
          {
               "Name": "Hawley Road",
               "Location": "51.542120910121305, -0.14204749157596563",
               "Audio": "",
               "AnnounceDistance": 20.0
          },
          {
               "Name": "Prince Of Wales Road",
               "Location": "51.54603932416544, -0.14190229719305872",
               "Audio": "",
               "AnnounceDistance": 20.0
          },
          {
               "Name": "Kentish Town Post Office",
               "Location": "51.54881559844635, -0.14118340676952712",
               "Audio": "",
               "AnnounceDistance": 20.0
          },
          {
               "Name": "Kentish Town Station",
               "Location": "51.55135745033331, -0.14099325080095715",
               "Audio": "",
               "AnnounceDistance": 20.0
          },
          {
               "Name": "Greenwood Centre",
               "Location": "51.552927583719594, -0.1424726681769633",
               "Audio": "",
               "AnnounceDistance": 20.0
          },
          {
               "Name": "Lady Somerset Road",
               "Location": "51.553814484918675, -0.14396557256953785",
               "Audio": "",
               "AnnounceDistance": 20.0
          },
          {
               "Name": "Gordon House Road",
               "Location": "51.556114906547236, -0.1461367431424421",
               "Audio": "",
               "AnnounceDistance": 20.0
          },
          {
               "Name": "Glenhurst Avenue / Lissenden Gardens",
               "Location": "51.55747532466683, -0.14743746976066036",
               "Audio": "",
               "AnnounceDistance": 20.0
          },
          {
               "Name": "William Ellis School",
               "Location": "51.55878408341111, -0.1488846347771487",
               "Audio": "",
               "AnnounceDistance": 20.0
          },
          {
               "Name": "Parliament Hill Fields",
               "Location": "51.561123442704805, -0.1506795972448917",
               "Audio": "",
               "AnnounceDistance": 20.0
          },
          {
               "Name": "Oakeshott Avenue",
               "Location": "51.56499378312973, -0.15319181546495536",
               "Audio": "",
               "AnnounceDistance": 20.0
          },
          {
               "Name": "Merton Lane",
               "Location": "51.56789189763418, -0.15392570477919842",
               "Audio": "",
               "AnnounceDistance": 20.0
          },
          {
               "Name": "Pond Square",
               "Location": "51.57087489335834, -0.15034160240627034",
               "Audio": "",
               "AnnounceDistance": 20.0
          },
          {
               "Name": "Highgate School",
               "Location": "51.57235269143136, -0.1499641396658975",
               "Audio": "",
               "AnnounceDistance": 20.0
          }
     ]
}