{
     "RouteNumber": "215",
     "Destination": "Walthamstow Bus Station",
     "RouteAudio": "",
     "DestinationAudio": "",
     "Stops": [
          {
               "Name": "Lee Valley Campsite",
               "Location": "51.65498678670815, -0.006222573817641082",
               "Audio": "",
               "AnnounceDistance": 20.0
          },
          {
               "Name": "Yardley Lane Estate",
               "Location": "51.646377979198874, -0.010286205223188767",
               "Audio": "",
               "AnnounceDistance": 20.0
          },
          {
               "Name": "Sewardstone Gardens",
               "Location": "51.64297853993377, -0.011331148216567924",
               "Audio": "",
               "AnnounceDistance": 20.0
          },
          {
               "Name": "Hawkwood Crescent",
               "Location": "51.640972743899894, -0.011303288760818842",
               "Audio": "",
               "AnnounceDistance": 20.0
          },
          {
               "Name": "Amesbury Drive",
               "Location": "51.63744577729893, -0.01225243463889876",
               "Audio": "",
               "AnnounceDistance": 20.0
          },
          {
               "Name": "Lea Valley Road",
               "Location": "51.63509325703986, -0.012991138510537759",
               "Audio": "",
               "AnnounceDistance": 20.0
          },
          {
               "Name": "Maida Avenue",
               "Location": "51.63323006575793, -0.013419378109063285",
               "Audio": "",
               "AnnounceDistance": 20.0
          },
          {
               "Name": "Mount Echo Drive",
               "Location": "51.63094179506477, -0.013172569381542149",
               "Audio": "",
               "AnnounceDistance": 20.0
          },
          {
               "Name": "Mansfield Park",
               "Location": "51.6274577982722, -0.011879949157955885",
               "Audio": "",
               "AnnounceDistance": 20.0
          },
          {
               "Name": "Ridgeway Park",
               "Location": "51.6255365632025, -0.01472348329464832",
               "Audio": "",
               "AnnounceDistance": 20.0
          },
          {
               "Name": "Chingford Old Church",
               "Location": "51.62363412913117, -0.016554646779606892",
               "Audio": "",
               "AnnounceDistance": 20.0
          },
          {
               "Name": "Alpha Road",
               "Location": "51.620233600236176, -0.017006304533889224",
               "Audio": "",
               "AnnounceDistance": 20.0
          },
          {
               "Name": "Hall Lane",
               "Location": "51.6166244409971, -0.017351419784324622",
               "Audio": "",
               "AnnounceDistance": 20.0
          },
          {
               "Name": "Larkswood Road",
               "Location": "51.61388374169771, -0.01747085867406751",
               "Audio": "",
               "AnnounceDistance": 20.0
          },
          {
               "Name": "Ainslie Wood Road",
               "Location": "51.61214657005751, -0.01790764419281514",
               "Audio": "",
               "AnnounceDistance": 20.0
          },
          {
               "Name": "Leonard Road",
               "Location": "51.60957729914519, -0.01752850885004336",
               "Audio": "",
               "AnnounceDistance": 20.0
          },
          {
               "Name": "Higham Station Avenue",
               "Location": "51.607317169212145, -0.01681821672619093",
               "Audio": "",
               "AnnounceDistance": 20.0
          },
          {
               "Name": "Rowden Park Gardens",
               "Location": "51.60518917895628, -0.01647770783416553",
               "Audio": "",
               "AnnounceDistance": 20.0
          },
          {
               "Name": "Walthamstow Stadium",
               "Location": "51.603470431212344, -0.016408206374935907",
               "Audio": "",
               "AnnounceDistance": 20.0
          },
          {
               "Name": "Walthamstow / Crooked Billet Roundabout",
               "Location": "51.59959526886293, -0.015912857557133377",
               "Audio": "",
               "AnnounceDistance": 20.0
          },
          {
               "Name": "Brettenham Road",
               "Location": "51.597913642515884, -0.015379711520988588",
               "Audio": "",
               "AnnounceDistance": 20.0
          },
          {
               "Name": "Sir George Monoux College",
               "Location": "51.59483781505113, -0.01588918776811458",
               "Audio": "",
               "AnnounceDistance": 20.0
          },
          {
               "Name": "Aveling Park Road",
               "Location": "51.59379990768282, -0.01726269479023129",
               "Audio": "",
               "AnnounceDistance": 20.0
          },
          {
               "Name": "Forest Road / Bell Corner",
               "Location": "51.59061742459319, -0.017314656531048942",
               "Audio": "",
               "AnnounceDistance": 20.0
          },
          {
               "Name": "Jewel Road",
               "Location": "51.5884917762072, -0.020308861470389312",
               "Audio": "",
               "AnnounceDistance": 20.0
          },
          {
               "Name": "Walthamstow Market",
               "Location": "51.585348355956825, -0.019478355621714613",
               "Audio": "",
               "AnnounceDistance": 20.0
          },
          {
               "Name": "Walthamstow Bus Station",
               "Location": "51.58361578903856, -0.020188816307260576",
               "Audio": "",
               "AnnounceDistance": 20.0
          }
     ]
}