{
     "RouteNumber": "216",
     "Destination": "Kingston / Wood Street",
     "RouteAudio": "",
     "DestinationAudio": "",
     "Stops": [
          {
               "Name": "Staines Bus Station",
               "Location": "51.43288802166973, -0.5090198623864052",
               "Audio": "",
               "AnnounceDistance": 20.0
          },
          {
               "Name": "High Street",
               "Location": "51.43511573436617, -0.5081272919594484",
               "Audio": "",
               "AnnounceDistance": 20.0
          },
          {
               "Name": "Birch Green",
               "Location": "51.43613991600527, -0.5031159772405326",
               "Audio": "",
               "AnnounceDistance": 20.0
          },
          {
               "Name": "Crooked Billet Roundabout",
               "Location": "51.437009641300456, -0.49869938525856516",
               "Audio": "",
               "AnnounceDistance": 20.0
          },
          {
               "Name": "Shortwood Avenue",
               "Location": "51.43888525013329, -0.4914007195845635",
               "Audio": "",
               "AnnounceDistance": 20.0
          },
          {
               "Name": "Kenilworth Road",
               "Location": "51.44094871263858, -0.48267074943406363",
               "Audio": "",
               "AnnounceDistance": 20.0
          },
          {
               "Name": "London Road",
               "Location": "51.44211211993944, -0.47392681380933976",
               "Audio": "",
               "AnnounceDistance": 20.0
          },
          {
               "Name": "Salcombe Road",
               "Location": "51.43923377122645, -0.4717925758355089",
               "Audio": "",
               "AnnounceDistance": 20.0
          },
          {
               "Name": "Station Crescent",
               "Location": "51.43785362289034, -0.4693927192794798",
               "Audio": "",
               "AnnounceDistance": 20.0
          },
          {
               "Name": "Dudley Road",
               "Location": "51.43451873124396, -0.46536080720407647",
               "Audio": "",
               "AnnounceDistance": 20.0
          },
          {
               "Name": "Ashford War Memorial",
               "Location": "51.43248410484074, -0.46037947346793573",
               "Audio": "",
               "AnnounceDistance": 20.0
          },
          {
               "Name": "Feltham Road",
               "Location": "51.432017674431044, -0.4550004325622456",
               "Audio": "",
               "AnnounceDistance": 20.0
          },
          {
               "Name": "Metcalf Road / The Ash Tree",
               "Location": "51.42919956090463, -0.45336927918192715",
               "Audio": "",
               "AnnounceDistance": 20.0
          },
          {
               "Name": "Southfields Avenue",
               "Location": "51.42798498349049, -0.4492387345529611",
               "Audio": "",
               "AnnounceDistance": 20.0
          },
          {
               "Name": "Elgin Avenue",
               "Location": "51.42681393993189, -0.4416259270999495",
               "Audio": "",
               "AnnounceDistance": 20.0
          },
          {
               "Name": "Meadhurst Primary School",
               "Location": "51.4258694839319, -0.43553046328226946",
               "Audio": "",
               "AnnounceDistance": 20.0
          },
          {
               "Name": "Saville Crescent",
               "Location": "51.42499893769425, -0.4349848411303041",
               "Audio": "",
               "AnnounceDistance": 20.0
          },
          {
               "Name": "Norman Road",
               "Location": "51.422581422865505, -0.43913780272478026",
               "Audio": "",
               "AnnounceDistance": 20.0
          },
          {
               "Name": "Napier Road",
               "Location": "51.42150046531504, -0.436298096961711",
               "Audio": "",
               "AnnounceDistance": 20.0
          },
          {
               "Name": "Windmill Road",
               "Location": "51.42056498306507, -0.42887995952100305",
               "Audio": "",
               "AnnounceDistance": 20.0
          },
          {
               "Name": "Sunbury Tesco",
               "Location": "51.41768112167661, -0.42572862278741164",
               "Audio": "",
               "AnnounceDistance": 20.0
          },
          {
               "Name": "Spelthorne Grove",
               "Location": "51.41995669229254, -0.4244279591979156",
               "Audio": "",
               "AnnounceDistance": 20.0
          },
          {
               "Name": "Sunbury Cross",
               "Location": "51.419522999569914, -0.42093365188078513",
               "Audio": "",
               "AnnounceDistance": 20.0
          },
          {
               "Name": "St Ignatius Church",
               "Location": "51.41608625288151, -0.41880863954827235",
               "Audio": "",
               "AnnounceDistance": 20.0
          },
          {
               "Name": "Nursery Road",
               "Location": "51.41361360362523, -0.418160555613331",
               "Audio": "",
               "AnnounceDistance": 20.0
          },
          {
               "Name": "Manor Lane",
               "Location": "51.41024749266037, -0.4166087398477918",
               "Audio": "",
               "AnnounceDistance": 20.0
          },
          {
               "Name": "Croysdale Avenue",
               "Location": "51.40827097975841, -0.41541170076545186",
               "Audio": "",
               "AnnounceDistance": 20.0
          },
          {
               "Name": "Three Fishes",
               "Location": "51.40631636308044, -0.41384017972192894",
               "Audio": "",
               "AnnounceDistance": 20.0
          },
          {
               "Name": "Church Street",
               "Location": "51.40477034208404, -0.41123384281561165",
               "Audio": "",
               "AnnounceDistance": 20.0
          },
          {
               "Name": "The Avenue",
               "Location": "51.406157932044465, -0.4068005046878806",
               "Audio": "",
               "AnnounceDistance": 20.0
          },
          {
               "Name": "French Street",
               "Location": "51.40746835262501, -0.40199574874319494",
               "Audio": "",
               "AnnounceDistance": 20.0
          },
          {
               "Name": "Sunbury Court",
               "Location": "51.40903863828718, -0.39713849193648604",
               "Audio": "",
               "AnnounceDistance": 20.0
          },
          {
               "Name": "Harfield Road",
               "Location": "51.41030472899385, -0.394376551583199",
               "Audio": "",
               "AnnounceDistance": 20.0
          },
          {
               "Name": "Kenton Avenue",
               "Location": "51.41367879805752, -0.3945171958322469",
               "Audio": "",
               "AnnounceDistance": 20.0
          },
          {
               "Name": "Stain Hill West Reservoir",
               "Location": "51.414416720556, -0.3906229942154497",
               "Audio": "",
               "AnnounceDistance": 20.0
          },
          {
               "Name": "Stain Hill Reservoir",
               "Location": "51.41388870309009, -0.38231532237663074",
               "Audio": "",
               "AnnounceDistance": 20.0
          },
          {
               "Name": "Hampton Care Nursing Home",
               "Location": "51.413642585740725, -0.37752100026858243",
               "Audio": "",
               "AnnounceDistance": 20.0
          },
          {
               "Name": "Percy Road",
               "Location": "51.413851046775505, -0.37374597172078244",
               "Audio": "",
               "AnnounceDistance": 20.0
          },
          {
               "Name": "Hampton Station",
               "Location": "51.41579466880809, -0.3712466200969799",
               "Audio": "",
               "AnnounceDistance": 20.0
          },
          {
               "Name": "Hampton Richmond Borough F C",
               "Location": "51.41493571568334, -0.3663877123189364",
               "Audio": "",
               "AnnounceDistance": 20.0
          },
          {
               "Name": "Algar Court",
               "Location": "51.41382665190164, -0.36359431565726197",
               "Audio": "",
               "AnnounceDistance": 20.0
          },
          {
               "Name": "Garrick Villa",
               "Location": "51.41254817277404, -0.35898085756375797",
               "Audio": "",
               "AnnounceDistance": 20.0
          },
          {
               "Name": "St Albans Lodge",
               "Location": "51.411526712272426, -0.3553937601587011",
               "Audio": "",
               "AnnounceDistance": 20.0
          },
          {
               "Name": "St Albans Riverside",
               "Location": "51.40955654238613, -0.35021610332674374",
               "Audio": "",
               "AnnounceDistance": 20.0
          },
          {
               "Name": "Hampton Lodge",
               "Location": "51.40801798093253, -0.3469644095976059",
               "Audio": "",
               "AnnounceDistance": 20.0
          },
          {
               "Name": "Hampton Court Green",
               "Location": "51.40615988141043, -0.34337940515508764",
               "Audio": "",
               "AnnounceDistance": 20.0
          },
          {
               "Name": "Hampton Court Palace",
               "Location": "51.40595455431884, -0.34094257958256824",
               "Audio": "",
               "AnnounceDistance": 20.0
          },
          {
               "Name": "Chestnut Avenue",
               "Location": "51.40671109953073, -0.33785265285006627",
               "Audio": "",
               "AnnounceDistance": 20.0
          },
          {
               "Name": "Park House",
               "Location": "51.40670561922231, -0.33177088932530824",
               "Audio": "",
               "AnnounceDistance": 20.0
          },
          {
               "Name": "Paddock Gates",
               "Location": "51.407323058504865, -0.3258820470744763",
               "Audio": "",
               "AnnounceDistance": 20.0
          },
          {
               "Name": "Church Grove / The Kings Field",
               "Location": "51.411195568496574, -0.31186429647589214",
               "Audio": "",
               "AnnounceDistance": 20.0
          },
          {
               "Name": "Kingston / Wood Street",
               "Location": "51.411628506201566, -0.30572257771792294",
               "Audio": "",
               "AnnounceDistance": 20.0
          }
     ]
}