{
     "RouteNumber": "219",
     "Destination": "Falcon Lane",
     "RouteAudio": "",
     "DestinationAudio": "",
     "Stops": [
          {
               "Name": "Francis Grove",
               "Location": "51.42121569777326, -0.20962148215511547",
               "Audio": "",
               "AnnounceDistance": 20.0
          },
          {
               "Name": "Wimbledon Station T",
               "Location": "51.42062870920168, -0.20534397886968966",
               "Audio": "",
               "AnnounceDistance": 20.0
          },
          {
               "Name": "Wimbledon Theatre",
               "Location": "51.41920343036556, -0.19977632318944546",
               "Audio": "",
               "AnnounceDistance": 20.0
          },
          {
               "Name": "The Polka Theatre",
               "Location": "51.41942235672434, -0.1958844778589176",
               "Audio": "",
               "AnnounceDistance": 20.0
          },
          {
               "Name": "Merton Road",
               "Location": "51.417463936512696, -0.19250996071111176",
               "Audio": "",
               "AnnounceDistance": 20.0
          },
          {
               "Name": "South Wimbledon Station",
               "Location": "51.415715461434765, -0.19050803063693938",
               "Audio": "",
               "AnnounceDistance": 20.0
          },
          {
               "Name": "Abbey Road",
               "Location": "51.416112444376566, -0.1853582084411689",
               "Audio": "",
               "AnnounceDistance": 20.0
          },
          {
               "Name": "Merton Abbey",
               "Location": "51.41641244647748, -0.18150647723229058",
               "Audio": "",
               "AnnounceDistance": 20.0
          },
          {
               "Name": "Colliers Wood Station",
               "Location": "51.41888696142536, -0.17755382658042562",
               "Audio": "",
               "AnnounceDistance": 20.0
          },
          {
               "Name": "Walpole Road",
               "Location": "51.42097748676209, -0.1755145954199201",
               "Audio": "",
               "AnnounceDistance": 20.0
          },
          {
               "Name": "Longley Road",
               "Location": "51.42339399613597, -0.17304505141880228",
               "Audio": "",
               "AnnounceDistance": 20.0
          },
          {
               "Name": "Nutwell Street",
               "Location": "51.42575990491553, -0.17021765294715188",
               "Audio": "",
               "AnnounceDistance": 20.0
          },
          {
               "Name": "Tooting Broadway Station",
               "Location": "51.42738364354238, -0.16881499073664824",
               "Audio": "",
               "AnnounceDistance": 20.0
          },
          {
               "Name": "Broadwater Road",
               "Location": "51.42948905678195, -0.16658736110031858",
               "Audio": "",
               "AnnounceDistance": 20.0
          },
          {
               "Name": "Hebdon Road",
               "Location": "51.43150793258752, -0.1645787855508784",
               "Audio": "",
               "AnnounceDistance": 20.0
          },
          {
               "Name": "Lynwood Road",
               "Location": "51.4335276998541, -0.16320301686311053",
               "Audio": "",
               "AnnounceDistance": 20.0
          },
          {
               "Name": "Tooting Bec Station",
               "Location": "51.43541682320746, -0.16037923356842446",
               "Audio": "",
               "AnnounceDistance": 20.0
          },
          {
               "Name": "Glenburnie Road",
               "Location": "51.436865596446765, -0.16158716621801153",
               "Audio": "",
               "AnnounceDistance": 20.0
          },
          {
               "Name": "Eatonville Road",
               "Location": "51.438789790578646, -0.16329408450246832",
               "Audio": "",
               "AnnounceDistance": 20.0
          },
          {
               "Name": "Brodrick Road",
               "Location": "51.441382385957496, -0.16576576741479473",
               "Audio": "",
               "AnnounceDistance": 20.0
          },
          {
               "Name": "Burntwood Lane",
               "Location": "51.443308319695134, -0.16758807407758358",
               "Audio": "",
               "AnnounceDistance": 20.0
          },
          {
               "Name": "Routh Road",
               "Location": "51.44745307200552, -0.1715668281490401",
               "Audio": "",
               "AnnounceDistance": 20.0
          },
          {
               "Name": "County Arms",
               "Location": "51.45054311415814, -0.17481115778298967",
               "Audio": "",
               "AnnounceDistance": 20.0
          },
          {
               "Name": "Windmill Road",
               "Location": "51.45265290172954, -0.176900337497142",
               "Audio": "",
               "AnnounceDistance": 20.0
          },
          {
               "Name": "West Side",
               "Location": "51.454909126194025, -0.17915660237916436",
               "Audio": "",
               "AnnounceDistance": 20.0
          },
          {
               "Name": "Alexander Court",
               "Location": "51.45746567278388, -0.18164585432783395",
               "Audio": "",
               "AnnounceDistance": 20.0
          },
          {
               "Name": "Marcilly Road",
               "Location": "51.45837095188807, -0.17855820871175973",
               "Audio": "",
               "AnnounceDistance": 20.0
          },
          {
               "Name": "Spencer Road",
               "Location": "51.458706864484114, -0.17471582618370446",
               "Audio": "",
               "AnnounceDistance": 20.0
          },
          {
               "Name": "Bolingbroke Grove",
               "Location": "51.459723840120866, -0.1718826044151041",
               "Audio": "",
               "AnnounceDistance": 20.0
          },
          {
               "Name": "Northcote Road",
               "Location": "51.46077646293147, -0.16788179773999748",
               "Audio": "",
               "AnnounceDistance": 20.0
          },
          {
               "Name": "Clapham Junction / The Northcote",
               "Location": "51.461753114677634, -0.16765554055263285",
               "Audio": "",
               "AnnounceDistance": 20.0
          },
          {
               "Name": "Clapham Junction Stn / The Falcon",
               "Location": "51.46321281813137, -0.16784180855280384",
               "Audio": "",
               "AnnounceDistance": 20.0
          },
          {
               "Name": "Falcon Lane",
               "Location": "51.4643386099375, -0.16565163009431716",
               "Audio": "",
               "AnnounceDistance": 20.0
          }
     ]
}