{
     "RouteNumber": "219",
     "Destination": "Francis Grove",
     "RouteAudio": "",
     "DestinationAudio": "",
     "Stops": [
          {
               "Name": "Falcon Lane",
               "Location": "51.4643386099375, -0.16565163009431716",
               "Audio": "",
               "AnnounceDistance": 20.0
          },
          {
               "Name": "Clapham Junction Stn / The Falcon",
               "Location": "51.46307554109297, -0.16768894875738072",
               "Audio": "",
               "AnnounceDistance": 20.0
          },
          {
               "Name": "Clapham Junction / The Northcote",
               "Location": "51.46127927347947, -0.16725704650534623",
               "Audio": "",
               "AnnounceDistance": 20.0
          },
          {
               "Name": "Bolingbroke Grove",
               "Location": "51.46008109522529, -0.17057275982697143",
               "Audio": "",
               "AnnounceDistance": 20.0
          },
          {
               "Name": "Spencer Road",
               "Location": "51.45844934751653, -0.1755034130349317",
               "Audio": "",
               "AnnounceDistance": 20.0
          },
          {
               "Name": "Marcilly Road",
               "Location": "51.458136243451406, -0.18023732463628786",
               "Audio": "",
               "AnnounceDistance": 20.0
          },
          {
               "Name": "West Side",
               "Location": "51.454991845814725, -0.17869271562510497",
               "Audio": "",
               "AnnounceDistance": 20.0
          },
          {
               "Name": "Windmill Road",
               "Location": "51.45288164167009, -0.17657458033232645",
               "Audio": "",
               "AnnounceDistance": 20.0
          },
          {
               "Name": "County Arms",
               "Location": "51.44993407017502, -0.1738136128665575",
               "Audio": "",
               "AnnounceDistance": 20.0
          },
          {
               "Name": "Routh Road",
               "Location": "51.44735017728371, -0.17131189666229987",
               "Audio": "",
               "AnnounceDistance": 20.0
          },
          {
               "Name": "Burntwood Lane",
               "Location": "51.444382939105026, -0.16845164602750243",
               "Audio": "",
               "AnnounceDistance": 20.0
          },
          {
               "Name": "Brodrick Road",
               "Location": "51.441882067842016, -0.16609109549444054",
               "Audio": "",
               "AnnounceDistance": 20.0
          },
          {
               "Name": "Upper Tooting Park",
               "Location": "51.439982847190485, -0.16425344678116657",
               "Audio": "",
               "AnnounceDistance": 20.0
          },
          {
               "Name": "Eatonville Road",
               "Location": "51.43847612245141, -0.16278868358834228",
               "Audio": "",
               "AnnounceDistance": 20.0
          },
          {
               "Name": "Tooting Bec Station",
               "Location": "51.43587759831525, -0.15994348117879845",
               "Audio": "",
               "AnnounceDistance": 20.0
          },
          {
               "Name": "Dafforne Road",
               "Location": "51.43472287307327, -0.1614286069290124",
               "Audio": "",
               "AnnounceDistance": 20.0
          },
          {
               "Name": "Lynwood Road",
               "Location": "51.432912331751176, -0.1635298188421485",
               "Audio": "",
               "AnnounceDistance": 20.0
          },
          {
               "Name": "Broadwater Road",
               "Location": "51.4302738253048, -0.1655920944594369",
               "Audio": "",
               "AnnounceDistance": 20.0
          },
          {
               "Name": "Tooting Broadway Station",
               "Location": "51.428478256501556, -0.16750532419366837",
               "Audio": "",
               "AnnounceDistance": 20.0
          },
          {
               "Name": "Tooting Broadway / Sth Thames College",
               "Location": "51.4275568689388, -0.16839090076197707",
               "Audio": "",
               "AnnounceDistance": 20.0
          },
          {
               "Name": "Nutwell Street",
               "Location": "51.42588100946233, -0.16991074171121745",
               "Audio": "",
               "AnnounceDistance": 20.0
          },
          {
               "Name": "Longley Road",
               "Location": "51.42435880475244, -0.17148187210168472",
               "Audio": "",
               "AnnounceDistance": 20.0
          },
          {
               "Name": "Walpole Road",
               "Location": "51.421390701101956, -0.17490843530864036",
               "Audio": "",
               "AnnounceDistance": 20.0
          },
          {
               "Name": "Colliers Wood Station",
               "Location": "51.418556675954605, -0.17771078499365853",
               "Audio": "",
               "AnnounceDistance": 20.0
          },
          {
               "Name": "Merton Abbey",
               "Location": "51.41611788847013, -0.18338774518668077",
               "Audio": "",
               "AnnounceDistance": 20.0
          },
          {
               "Name": "Abbey Road",
               "Location": "51.41598364601461, -0.18575160468671903",
               "Audio": "",
               "AnnounceDistance": 20.0
          },
          {
               "Name": "South Wimbledon Station",
               "Location": "51.415568557109964, -0.19147737092497713",
               "Audio": "",
               "AnnounceDistance": 20.0
          },
          {
               "Name": "Merton Road",
               "Location": "51.41702489785444, -0.19261356872771582",
               "Audio": "",
               "AnnounceDistance": 20.0
          },
          {
               "Name": "The Polka Theatre",
               "Location": "51.41937689254355, -0.19526782595269895",
               "Audio": "",
               "AnnounceDistance": 20.0
          },
          {
               "Name": "Wimbledon Theatre",
               "Location": "51.41929408745677, -0.20099526010467442",
               "Audio": "",
               "AnnounceDistance": 20.0
          },
          {
               "Name": "Wimbledon Bus Station",
               "Location": "51.41879934333559, -0.20333021627050984",
               "Audio": "",
               "AnnounceDistance": 20.0
          },
          {
               "Name": "Wimbledon Station T",
               "Location": "51.42031598552048, -0.20665066677881047",
               "Audio": "",
               "AnnounceDistance": 20.0
          },
          {
               "Name": "Francis Grove",
               "Location": "51.420303614669386, -0.2099591587648196",
               "Audio": "",
               "AnnounceDistance": 20.0
          }
     ]
}