{
     "RouteNumber": "220",
     "Destination": "Willesden Junction Station",
     "RouteAudio": "",
     "DestinationAudio": "",
     "Stops": [
          {
               "Name": "Mapleton Road",
               "Location": "51.45386139567115, -0.19222416747043736",
               "Audio": "",
               "AnnounceDistance": 20.0
          },
          {
               "Name": "Southside Shopping Centre",
               "Location": "51.45622642790196, -0.19280724914175668",
               "Audio": "",
               "AnnounceDistance": 20.0
          },
          {
               "Name": "Wandsworth Police Station",
               "Location": "51.45730669014689, -0.19580178099007967",
               "Audio": "",
               "AnnounceDistance": 20.0
          },
          {
               "Name": "Frogmore",
               "Location": "51.45867726149736, -0.19838197164197027",
               "Audio": "",
               "AnnounceDistance": 20.0
          },
          {
               "Name": "Riverside Quarter Pier R",
               "Location": "51.46115033589699, -0.2030782862513102",
               "Audio": "",
               "AnnounceDistance": 20.0
          },
          {
               "Name": "Skelgill Road / Wandsworth Park",
               "Location": "51.46190900558934, -0.20622994431133204",
               "Audio": "",
               "AnnounceDistance": 20.0
          },
          {
               "Name": "Deodar Road",
               "Location": "51.46252267503363, -0.20872516865582472",
               "Audio": "",
               "AnnounceDistance": 20.0
          },
          {
               "Name": "Brewhouse Lane",
               "Location": "51.46443309865776, -0.2137035383712224",
               "Audio": "",
               "AnnounceDistance": 20.0
          },
          {
               "Name": "St Marys Church / Putney Pier R",
               "Location": "51.46673819046447, -0.2133111785851246",
               "Audio": "",
               "AnnounceDistance": 20.0
          },
          {
               "Name": "Putney Bridge",
               "Location": "51.46803758322909, -0.21183505395307786",
               "Audio": "",
               "AnnounceDistance": 20.0
          },
          {
               "Name": "Fulham High Street",
               "Location": "51.47100288385253, -0.21109997627650917",
               "Audio": "",
               "AnnounceDistance": 20.0
          },
          {
               "Name": "Bishops Park Road",
               "Location": "51.474919992896865, -0.21440269601778683",
               "Audio": "",
               "AnnounceDistance": 20.0
          },
          {
               "Name": "Kingwood Road",
               "Location": "51.47757116869917, -0.21666086971249893",
               "Audio": "",
               "AnnounceDistance": 20.0
          },
          {
               "Name": "Fulham Cemetery",
               "Location": "51.4795928068583, -0.21773411802344406",
               "Audio": "",
               "AnnounceDistance": 20.0
          },
          {
               "Name": "Lillie Road",
               "Location": "51.48274001466901, -0.2189076263262797",
               "Audio": "",
               "AnnounceDistance": 20.0
          },
          {
               "Name": "Greyhound Road",
               "Location": "51.484256823027025, -0.21989992812634102",
               "Audio": "",
               "AnnounceDistance": 20.0
          },
          {
               "Name": "Charing Cross Hospital",
               "Location": "51.48724286017623, -0.2217137320000366",
               "Audio": "",
               "AnnounceDistance": 20.0
          },
          {
               "Name": "Hammersmith Broadway",
               "Location": "51.48997504890619, -0.2233935893725399",
               "Audio": "",
               "AnnounceDistance": 20.0
          },
          {
               "Name": "Hammersmith Bus Station",
               "Location": "51.49213388156773, -0.22402992550779535",
               "Audio": "",
               "AnnounceDistance": 20.0
          },
          {
               "Name": "Hammersmith Library",
               "Location": "51.493617851821746, -0.2240442816449077",
               "Audio": "",
               "AnnounceDistance": 20.0
          },
          {
               "Name": "Brook Green",
               "Location": "51.497661937690786, -0.22269131706197365",
               "Audio": "",
               "AnnounceDistance": 20.0
          },
          {
               "Name": "Blythe Road",
               "Location": "51.50056700381763, -0.22213165919085426",
               "Audio": "",
               "AnnounceDistance": 20.0
          },
          {
               "Name": "Goldhawk Road",
               "Location": "51.50245688111693, -0.22282175977028895",
               "Audio": "",
               "AnnounceDistance": 20.0
          },
          {
               "Name": "Shepherds Bush Green",
               "Location": "51.503872352951745, -0.2242508113388048",
               "Audio": "",
               "AnnounceDistance": 20.0
          },
          {
               "Name": "Uxbridge Rd / Westfield Shopping Centre",
               "Location": "51.506343112385345, -0.22470232643591662",
               "Audio": "",
               "AnnounceDistance": 20.0
          },
          {
               "Name": "White City Station",
               "Location": "51.51135352211809, -0.22481019575104194",
               "Audio": "",
               "AnnounceDistance": 20.0
          },
          {
               "Name": "Westway",
               "Location": "51.513316805273895, -0.22559858981983633",
               "Audio": "",
               "AnnounceDistance": 20.0
          },
          {
               "Name": "Cavell House",
               "Location": "51.515924049461105, -0.22675117963733443",
               "Audio": "",
               "AnnounceDistance": 20.0
          },
          {
               "Name": "North Pole Road",
               "Location": "51.51807119769683, -0.2278064479213275",
               "Audio": "",
               "AnnounceDistance": 20.0
          },
          {
               "Name": "Mitre Way / Wormwood Scrubs",
               "Location": "51.52134796334495, -0.22982699824016667",
               "Audio": "",
               "AnnounceDistance": 20.0
          },
          {
               "Name": "Mitre Bridge",
               "Location": "51.52483525719827, -0.233886682917295",
               "Audio": "",
               "AnnounceDistance": 20.0
          },
          {
               "Name": "Hythe Road",
               "Location": "51.52716880591386, -0.23538217768467387",
               "Audio": "",
               "AnnounceDistance": 20.0
          },
          {
               "Name": "Cumberland Business Park",
               "Location": "51.52935042064467, -0.23694135959125198",
               "Audio": "",
               "AnnounceDistance": 20.0
          },
          {
               "Name": "Harrow Road / College Park",
               "Location": "51.53154231147044, -0.23739013265236272",
               "Audio": "",
               "AnnounceDistance": 20.0
          },
          {
               "Name": "Willesden Junction Station",
               "Location": "51.532897054576324, -0.24017816473035228",
               "Audio": "",
               "AnnounceDistance": 20.0
          },
          {
               "Name": "Park Parade",
               "Location": "51.53573972705872, -0.24445189337569387",
               "Audio": "",
               "AnnounceDistance": 20.0
          },
          {
               "Name": "Harlesden Jubilee Clock",
               "Location": "51.53480606682527, -0.24816457312189646",
               "Audio": "",
               "AnnounceDistance": 20.0
          },
          {
               "Name": "Willesden Junction Station",
               "Location": "51.53223414431919, -0.24514905274488344",
               "Audio": "",
               "AnnounceDistance": 20.0
          }
     ]
}