{
     "RouteNumber": "221",
     "Destination": "Edgware Station",
     "RouteAudio": "",
     "DestinationAudio": "",
     "Stops": [
          {
               "Name": "Turnpike Lane Bus Station",
               "Location": "51.590358099407254, -0.10225644759006211",
               "Audio": "",
               "AnnounceDistance": 20.0
          },
          {
               "Name": "Brampton Park Road",
               "Location": "51.59218249516547, -0.10552981561714465",
               "Audio": "",
               "AnnounceDistance": 20.0
          },
          {
               "Name": "Wood Green Shopping City",
               "Location": "51.59408689971062, -0.10819373660941267",
               "Audio": "",
               "AnnounceDistance": 20.0
          },
          {
               "Name": "Wood Green Station",
               "Location": "51.59680932669102, -0.10972660330429952",
               "Audio": "",
               "AnnounceDistance": 20.0
          },
          {
               "Name": "Wood Green Bus Garage",
               "Location": "51.597812702128195, -0.11060902816267824",
               "Audio": "",
               "AnnounceDistance": 20.0
          },
          {
               "Name": "Haringey Civic Centre",
               "Location": "51.59936019772043, -0.11233527907615762",
               "Audio": "",
               "AnnounceDistance": 20.0
          },
          {
               "Name": "Park Avenue",
               "Location": "51.600738982623426, -0.11643676029824047",
               "Audio": "",
               "AnnounceDistance": 20.0
          },
          {
               "Name": "Nightingale Road",
               "Location": "51.60225540126641, -0.12015735708107114",
               "Audio": "",
               "AnnounceDistance": 20.0
          },
          {
               "Name": "Palace Road",
               "Location": "51.6054118181087, -0.1224097926968556",
               "Audio": "",
               "AnnounceDistance": 20.0
          },
          {
               "Name": "Bounds Green Station",
               "Location": "51.607257324631085, -0.12535199617388754",
               "Audio": "",
               "AnnounceDistance": 20.0
          },
          {
               "Name": "Warwick Road",
               "Location": "51.60852256834994, -0.12743732566851662",
               "Audio": "",
               "AnnounceDistance": 20.0
          },
          {
               "Name": "Cline Road",
               "Location": "51.61023718212168, -0.13289834905265582",
               "Audio": "",
               "AnnounceDistance": 20.0
          },
          {
               "Name": "Hobart Corner",
               "Location": "51.611700492884395, -0.137272375504134",
               "Audio": "",
               "AnnounceDistance": 20.0
          },
          {
               "Name": "Lower Park Road",
               "Location": "51.61223778255327, -0.13996573751214325",
               "Audio": "",
               "AnnounceDistance": 20.0
          },
          {
               "Name": "Whitmore Close",
               "Location": "51.61379376853598, -0.14225648007047742",
               "Audio": "",
               "AnnounceDistance": 20.0
          },
          {
               "Name": "New Southgate Station",
               "Location": "51.61453332819458, -0.14296293228428628",
               "Audio": "",
               "AnnounceDistance": 20.0
          },
          {
               "Name": "Beaconsfield Road / New Southgate Stn",
               "Location": "51.614971444481476, -0.1467872197643844",
               "Audio": "",
               "AnnounceDistance": 20.0
          },
          {
               "Name": "Bellevue Road",
               "Location": "51.61452067588044, -0.1495644036072538",
               "Audio": "",
               "AnnounceDistance": 20.0
          },
          {
               "Name": "St Johns Church",
               "Location": "51.61327168530963, -0.15419385123258791",
               "Audio": "",
               "AnnounceDistance": 20.0
          },
          {
               "Name": "Friern Barnet Town Hall",
               "Location": "51.613050239944904, -0.15784262627253307",
               "Audio": "",
               "AnnounceDistance": 20.0
          },
          {
               "Name": "Colney Hatch Lane",
               "Location": "51.61252311340915, -0.15920720814551304",
               "Audio": "",
               "AnnounceDistance": 20.0
          },
          {
               "Name": "Summers Lane",
               "Location": "51.61158077081476, -0.16276945725842043",
               "Audio": "",
               "AnnounceDistance": 20.0
          },
          {
               "Name": "Crescent Way",
               "Location": "51.61138124724305, -0.16553614008580347",
               "Audio": "",
               "AnnounceDistance": 20.0
          },
          {
               "Name": "Woodhouse College",
               "Location": "51.611095371933736, -0.16795964227090518",
               "Audio": "",
               "AnnounceDistance": 20.0
          },
          {
               "Name": "Churchfield Avenue",
               "Location": "51.61181598463395, -0.17265355470586025",
               "Audio": "",
               "AnnounceDistance": 20.0
          },
          {
               "Name": "North Finchley High Road",
               "Location": "51.6123198965114, -0.17498758407009085",
               "Audio": "",
               "AnnounceDistance": 20.0
          },
          {
               "Name": "North Finchley Bus Station",
               "Location": "51.612664487523695, -0.17690918618559837",
               "Audio": "",
               "AnnounceDistance": 20.0
          },
          {
               "Name": "Thyra Grove",
               "Location": "51.610914770087895, -0.18121105742541618",
               "Audio": "",
               "AnnounceDistance": 20.0
          },
          {
               "Name": "Nether Street",
               "Location": "51.61309373634769, -0.18487929001342238",
               "Audio": "",
               "AnnounceDistance": 20.0
          },
          {
               "Name": "Argyle Road / Avondale Avenue",
               "Location": "51.61336500076799, -0.18613951090962727",
               "Audio": "",
               "AnnounceDistance": 20.0
          },
          {
               "Name": "Sussex Ring",
               "Location": "51.614853836332124, -0.18996562723485608",
               "Audio": "",
               "AnnounceDistance": 20.0
          },
          {
               "Name": "Singleton Scarp",
               "Location": "51.61561792800488, -0.19286743541957532",
               "Audio": "",
               "AnnounceDistance": 20.0
          },
          {
               "Name": "Cissbury Ring / Western Arm",
               "Location": "51.61623315536482, -0.19720525419762183",
               "Audio": "",
               "AnnounceDistance": 20.0
          },
          {
               "Name": "Partingdale Lane",
               "Location": "51.6148982306713, -0.20280469310261234",
               "Audio": "",
               "AnnounceDistance": 20.0
          },
          {
               "Name": "Finchley Golf Club",
               "Location": "51.61085633367381, -0.204870785994697",
               "Audio": "",
               "AnnounceDistance": 20.0
          },
          {
               "Name": "Mill Hill East Station",
               "Location": "51.60855415323476, -0.2101607541320667",
               "Audio": "",
               "AnnounceDistance": 20.0
          },
          {
               "Name": "Sanders Lane",
               "Location": "51.60979554188282, -0.21196056658605084",
               "Audio": "",
               "AnnounceDistance": 20.0
          },
          {
               "Name": "Bittacy Hill",
               "Location": "51.61273548298918, -0.21606251667968696",
               "Audio": "",
               "AnnounceDistance": 20.0
          },
          {
               "Name": "Rushden Gardens",
               "Location": "51.611337033950036, -0.21812491375943202",
               "Audio": "",
               "AnnounceDistance": 20.0
          },
          {
               "Name": "Bittacy Rise",
               "Location": "51.609275495649314, -0.21975096254147083",
               "Audio": "",
               "AnnounceDistance": 20.0
          },
          {
               "Name": "Salcombe Gardens",
               "Location": "51.60878395552594, -0.22291857865067335",
               "Audio": "",
               "AnnounceDistance": 20.0
          },
          {
               "Name": "Barnet Copthall Leisure Centre",
               "Location": "51.60826217156116, -0.22766147834074896",
               "Audio": "",
               "AnnounceDistance": 20.0
          },
          {
               "Name": "Page Street",
               "Location": "51.60778426055534, -0.23234479505683672",
               "Audio": "",
               "AnnounceDistance": 20.0
          },
          {
               "Name": "Copthall Gardens / Page Street",
               "Location": "51.607722236879226, -0.2353944206095014",
               "Audio": "",
               "AnnounceDistance": 20.0
          },
          {
               "Name": "Bunns Lane Bridge",
               "Location": "51.607540702013296, -0.23947402452235916",
               "Audio": "",
               "AnnounceDistance": 20.0
          },
          {
               "Name": "Parkmead Gardens",
               "Location": "51.611679377371665, -0.24442673696089823",
               "Audio": "",
               "AnnounceDistance": 20.0
          },
          {
               "Name": "Flower Lane / Sacred Heart Church",
               "Location": "51.61505529072788, -0.2458853294863906",
               "Audio": "",
               "AnnounceDistance": 20.0
          },
          {
               "Name": "Mill Hill Broadway Station",
               "Location": "51.613511773012185, -0.2491079826152175",
               "Audio": "",
               "AnnounceDistance": 20.0
          },
          {
               "Name": "Beech Walk",
               "Location": "51.6142963264781, -0.25348316373342755",
               "Audio": "",
               "AnnounceDistance": 20.0
          },
          {
               "Name": "Downhurst Avenue",
               "Location": "51.61555505929824, -0.25589036537482795",
               "Audio": "",
               "AnnounceDistance": 20.0
          },
          {
               "Name": "Cloister Gardens",
               "Location": "51.616983220022874, -0.2612379272708348",
               "Audio": "",
               "AnnounceDistance": 20.0
          },
          {
               "Name": "Farm Road",
               "Location": "51.617652594083076, -0.26636916864554505",
               "Audio": "",
               "AnnounceDistance": 20.0
          },
          {
               "Name": "Broadfields Avenue",
               "Location": "51.617569031990136, -0.2729014245748772",
               "Audio": "",
               "AnnounceDistance": 20.0
          },
          {
               "Name": "Edgware Library",
               "Location": "51.6162019136186, -0.2747155394011822",
               "Audio": "",
               "AnnounceDistance": 20.0
          },
          {
               "Name": "Edgware Station",
               "Location": "51.613399098298515, -0.27551510419458686",
               "Audio": "",
               "AnnounceDistance": 20.0
          }
     ]
}