{
     "RouteNumber": "223",
     "Destination": "Wembley Central Station",
     "RouteAudio": "",
     "DestinationAudio": "",
     "Stops": [
          {
               "Name": "Harrow View West",
               "Location": "51.5960960216112, -0.348533598783896",
               "Audio": "",
               "AnnounceDistance": 20.0
          },
          {
               "Name": "Headstone Drive",
               "Location": "51.593237104845485, -0.3466594174484559",
               "Audio": "",
               "AnnounceDistance": 20.0
          },
          {
               "Name": "Hide Road",
               "Location": "51.58958891422668, -0.3442944628087101",
               "Audio": "",
               "AnnounceDistance": 20.0
          },
          {
               "Name": "Hindes Road",
               "Location": "51.584910795219365, -0.341592077421592",
               "Audio": "",
               "AnnounceDistance": 20.0
          },
          {
               "Name": "St Georges Centre",
               "Location": "51.58103189019861, -0.33945285238227196",
               "Audio": "",
               "AnnounceDistance": 20.0
          },
          {
               "Name": "Harrow Bus Station",
               "Location": "51.57998443830964, -0.33787455734656285",
               "Audio": "",
               "AnnounceDistance": 20.0
          },
          {
               "Name": "Harrow Town Centre",
               "Location": "51.57956868863363, -0.33392073892643914",
               "Audio": "",
               "AnnounceDistance": 20.0
          },
          {
               "Name": "Tyburn Lane",
               "Location": "51.57758508153681, -0.33354588210526626",
               "Audio": "",
               "AnnounceDistance": 20.0
          },
          {
               "Name": "Northwick Park Hospital",
               "Location": "51.57643557481281, -0.3241784587308254",
               "Audio": "",
               "AnnounceDistance": 20.0
          },
          {
               "Name": "Northwick Avenue",
               "Location": "51.57984934110917, -0.32206116290065523",
               "Audio": "",
               "AnnounceDistance": 20.0
          },
          {
               "Name": "Kenton Station",
               "Location": "51.58143303126701, -0.3183656407855132",
               "Audio": "",
               "AnnounceDistance": 20.0
          },
          {
               "Name": "Carlton Avenue",
               "Location": "51.58299452795394, -0.31563774430368285",
               "Audio": "",
               "AnnounceDistance": 20.0
          },
          {
               "Name": "Odeon Parade / Upton Gardens",
               "Location": "51.58414875760442, -0.31335776794738407",
               "Audio": "",
               "AnnounceDistance": 20.0
          },
          {
               "Name": "St Leonards Avenue",
               "Location": "51.58556348339698, -0.30981220347231586",
               "Audio": "",
               "AnnounceDistance": 20.0
          },
          {
               "Name": "Sedgecombe Avenue",
               "Location": "51.584617779290056, -0.3059644619715632",
               "Audio": "",
               "AnnounceDistance": 20.0
          },
          {
               "Name": "Dovedale Avenue",
               "Location": "51.58214142004938, -0.30634522470510983",
               "Audio": "",
               "AnnounceDistance": 20.0
          },
          {
               "Name": "Hail And Ride Draycott Avenue",
               "Location": "51.57694024364952, -0.306091183483632",
               "Audio": "",
               "AnnounceDistance": 20.0
          },
          {
               "Name": "Grassmere Avenue",
               "Location": "51.57488668456336, -0.30960216157134884",
               "Audio": "",
               "AnnounceDistance": 20.0
          },
          {
               "Name": "South Kenton Station",
               "Location": "51.57066507283322, -0.3074355422598761",
               "Audio": "",
               "AnnounceDistance": 20.0
          },
          {
               "Name": "Preston Park",
               "Location": "51.56900914036895, -0.3017397165110495",
               "Audio": "",
               "AnnounceDistance": 20.0
          },
          {
               "Name": "Fernleigh Court",
               "Location": "51.57008761073523, -0.2961152205655174",
               "Audio": "",
               "AnnounceDistance": 20.0
          },
          {
               "Name": "Carlton Avenue East",
               "Location": "51.5707536838032, -0.2949214908486589",
               "Audio": "",
               "AnnounceDistance": 20.0
          },
          {
               "Name": "Preston Road Station",
               "Location": "51.57235259723905, -0.2948039428274617",
               "Audio": "",
               "AnnounceDistance": 20.0
          },
          {
               "Name": "Ravenscroft Avenue",
               "Location": "51.57260828075511, -0.2919804191401815",
               "Audio": "",
               "AnnounceDistance": 20.0
          },
          {
               "Name": "Beverley Gardens",
               "Location": "51.57030359219151, -0.2874781153852101",
               "Audio": "",
               "AnnounceDistance": 20.0
          },
          {
               "Name": "Mayfields Close",
               "Location": "51.56782927207386, -0.28491614476549776",
               "Audio": "",
               "AnnounceDistance": 20.0
          },
          {
               "Name": "Corringham Road",
               "Location": "51.56595686310427, -0.28109091857359264",
               "Audio": "",
               "AnnounceDistance": 20.0
          },
          {
               "Name": "Bridge Road",
               "Location": "51.56563227653491, -0.2785781969092618",
               "Audio": "",
               "AnnounceDistance": 20.0
          },
          {
               "Name": "Wembley Park Station",
               "Location": "51.56370000634412, -0.278651168837511",
               "Audio": "",
               "AnnounceDistance": 20.0
          },
          {
               "Name": "Fulton Road",
               "Location": "51.560496216243266, -0.28338869457933785",
               "Audio": "",
               "AnnounceDistance": 20.0
          },
          {
               "Name": "Lakeside Way",
               "Location": "51.55790058271621, -0.28544834675948255",
               "Audio": "",
               "AnnounceDistance": 20.0
          },
          {
               "Name": "Wembley Stadium Station",
               "Location": "51.5555900612629, -0.2860978111945499",
               "Audio": "",
               "AnnounceDistance": 20.0
          },
          {
               "Name": "Cecil Avenue",
               "Location": "51.553653291813795, -0.28956037633452736",
               "Audio": "",
               "AnnounceDistance": 20.0
          },
          {
               "Name": "Ark Elvin Academy / Park Lane",
               "Location": "51.55350609725813, -0.29180169488098445",
               "Audio": "",
               "AnnounceDistance": 20.0
          },
          {
               "Name": "Wembley Central Station",
               "Location": "51.55205034760752, -0.2980585587631369",
               "Audio": "",
               "AnnounceDistance": 20.0
          },
          {
               "Name": "Wembley Central Station",
               "Location": "51.55160598378964, -0.2971808617451417",
               "Audio": "",
               "AnnounceDistance": 20.0
          }
     ]
}