{
     "RouteNumber": "223",
     "Destination": "Harrow View West",
     "RouteAudio": "",
     "DestinationAudio": "",
     "Stops": [
          {
               "Name": "Wembley Central Station",
               "Location": "51.55160598378964, -0.2971808617451417",
               "Audio": "",
               "AnnounceDistance": 20.0
          },
          {
               "Name": "Ealing Road",
               "Location": "51.55008230750656, -0.2975262209437554",
               "Audio": "",
               "AnnounceDistance": 20.0
          },
          {
               "Name": "High Road Wembley",
               "Location": "51.55159638116348, -0.29899862944566336",
               "Audio": "",
               "AnnounceDistance": 20.0
          },
          {
               "Name": "Wembley Central Station",
               "Location": "51.55276158107479, -0.2962578311938578",
               "Audio": "",
               "AnnounceDistance": 20.0
          },
          {
               "Name": "Ark Elvin Academy / Park Lane",
               "Location": "51.55366391942717, -0.29214197190941826",
               "Audio": "",
               "AnnounceDistance": 20.0
          },
          {
               "Name": "Wembley Triangle",
               "Location": "51.55364777412331, -0.28856528958549227",
               "Audio": "",
               "AnnounceDistance": 20.0
          },
          {
               "Name": "Wembley Stadium Station",
               "Location": "51.555234567956276, -0.2863852494670035",
               "Audio": "",
               "AnnounceDistance": 20.0
          },
          {
               "Name": "Lakeside Way",
               "Location": "51.557804881819195, -0.2856683336741101",
               "Audio": "",
               "AnnounceDistance": 20.0
          },
          {
               "Name": "Wembley Arena",
               "Location": "51.55939886619443, -0.28459854976699756",
               "Audio": "",
               "AnnounceDistance": 20.0
          },
          {
               "Name": "Empire Way",
               "Location": "51.56202114473996, -0.2819029781311053",
               "Audio": "",
               "AnnounceDistance": 20.0
          },
          {
               "Name": "Wembley Park Station",
               "Location": "51.56352554781661, -0.2790184491213951",
               "Audio": "",
               "AnnounceDistance": 20.0
          },
          {
               "Name": "Corringham Road",
               "Location": "51.5657628481826, -0.2807375253643374",
               "Audio": "",
               "AnnounceDistance": 20.0
          },
          {
               "Name": "Mayfields",
               "Location": "51.56796977212532, -0.28530044299583196",
               "Audio": "",
               "AnnounceDistance": 20.0
          },
          {
               "Name": "Beverley Gardens",
               "Location": "51.57047940215916, -0.2878178258773354",
               "Audio": "",
               "AnnounceDistance": 20.0
          },
          {
               "Name": "Ravenscroft Avenue",
               "Location": "51.572952145756794, -0.2927467855520691",
               "Audio": "",
               "AnnounceDistance": 20.0
          },
          {
               "Name": "Preston Road Station",
               "Location": "51.57189214576179, -0.294676869443922",
               "Audio": "",
               "AnnounceDistance": 20.0
          },
          {
               "Name": "Fernleigh Court",
               "Location": "51.56995278170277, -0.2954997845046598",
               "Audio": "",
               "AnnounceDistance": 20.0
          },
          {
               "Name": "Third Avenue",
               "Location": "51.56875391448793, -0.30274484912999267",
               "Audio": "",
               "AnnounceDistance": 20.0
          },
          {
               "Name": "Montpelier Rise",
               "Location": "51.56849782091299, -0.3043127423354423",
               "Audio": "",
               "AnnounceDistance": 20.0
          },
          {
               "Name": "South Kenton Station",
               "Location": "51.57050267507894, -0.30739828414531617",
               "Audio": "",
               "AnnounceDistance": 20.0
          },
          {
               "Name": "Grassmere Avenue",
               "Location": "51.5752798461238, -0.30942883083871",
               "Audio": "",
               "AnnounceDistance": 20.0
          },
          {
               "Name": "Hail And Ride Draycott Avenue",
               "Location": "51.57749933691916, -0.30620028580817266",
               "Audio": "",
               "AnnounceDistance": 20.0
          },
          {
               "Name": "Dovedale Avenue",
               "Location": "51.58180218841118, -0.3065166047990972",
               "Audio": "",
               "AnnounceDistance": 20.0
          },
          {
               "Name": "Sedgecombe Avenue",
               "Location": "51.584304677814515, -0.306077146053529",
               "Audio": "",
               "AnnounceDistance": 20.0
          },
          {
               "Name": "Woodgrange Avenue",
               "Location": "51.58598691239589, -0.3073714513442578",
               "Audio": "",
               "AnnounceDistance": 20.0
          },
          {
               "Name": "St Leonards Avenue",
               "Location": "51.58499591603895, -0.31098801959410977",
               "Audio": "",
               "AnnounceDistance": 20.0
          },
          {
               "Name": "Upton Gardens",
               "Location": "51.58333828575048, -0.3145280562685468",
               "Audio": "",
               "AnnounceDistance": 20.0
          },
          {
               "Name": "Kenton Station",
               "Location": "51.5810856204234, -0.31859496293471945",
               "Audio": "",
               "AnnounceDistance": 20.0
          },
          {
               "Name": "Northwick Avenue",
               "Location": "51.57955852810393, -0.3224759893051073",
               "Audio": "",
               "AnnounceDistance": 20.0
          },
          {
               "Name": "Northwick Park Hospital",
               "Location": "51.57647350833547, -0.32368638515735587",
               "Audio": "",
               "AnnounceDistance": 20.0
          },
          {
               "Name": "Tyburn Lane",
               "Location": "51.57783286506998, -0.3338976224280981",
               "Audio": "",
               "AnnounceDistance": 20.0
          },
          {
               "Name": "Harrow Town Centre",
               "Location": "51.57934563837393, -0.33404435675767535",
               "Audio": "",
               "AnnounceDistance": 20.0
          },
          {
               "Name": "Harrow Bus Station",
               "Location": "51.58005756448708, -0.3379584863873811",
               "Audio": "",
               "AnnounceDistance": 20.0
          },
          {
               "Name": "Harrow View West",
               "Location": "51.595845790575716, -0.3486437395303422",
               "Audio": "",
               "AnnounceDistance": 20.0
          }
     ]
}