{
     "RouteNumber": "225",
     "Destination": "Springbank Road / Hither Green Station",
     "RouteAudio": "",
     "DestinationAudio": "",
     "Stops": [
          {
               "Name": "Canada Water Bus Station",
               "Location": "51.4979480124273, -0.04999530026434328",
               "Audio": "",
               "AnnounceDistance": 20.0
          },
          {
               "Name": "Rotherhithe Police Station",
               "Location": "51.494943599743465, -0.05048368537067522",
               "Audio": "",
               "AnnounceDistance": 20.0
          },
          {
               "Name": "Surrey Quays Shopping Centre",
               "Location": "51.49400352404766, -0.04587061278471306",
               "Audio": "",
               "AnnounceDistance": 20.0
          },
          {
               "Name": "Surrey Quays Station",
               "Location": "51.49342133750397, -0.046010758214009045",
               "Audio": "",
               "AnnounceDistance": 20.0
          },
          {
               "Name": "John Silkin Lane",
               "Location": "51.48901061687303, -0.04467246465909268",
               "Audio": "",
               "AnnounceDistance": 20.0
          },
          {
               "Name": "Alloa Road",
               "Location": "51.48778917465877, -0.04368762136889818",
               "Audio": "",
               "AnnounceDistance": 20.0
          },
          {
               "Name": "Grinstead Road",
               "Location": "51.485671599746446, -0.04235231030163998",
               "Audio": "",
               "AnnounceDistance": 20.0
          },
          {
               "Name": "Cold Blow Lane",
               "Location": "51.48288893843468, -0.04157852091876327",
               "Audio": "",
               "AnnounceDistance": 20.0
          },
          {
               "Name": "Sterling Gardens",
               "Location": "51.48121557562448, -0.04153499342358643",
               "Audio": "",
               "AnnounceDistance": 20.0
          },
          {
               "Name": "Cottesbrook Street",
               "Location": "51.47972933085441, -0.04084977868993934",
               "Audio": "",
               "AnnounceDistance": 20.0
          },
          {
               "Name": "Edward Street",
               "Location": "51.47867152012187, -0.03674752968412815",
               "Audio": "",
               "AnnounceDistance": 20.0
          },
          {
               "Name": "Exeter Way",
               "Location": "51.477255217499824, -0.033798563589335744",
               "Audio": "",
               "AnnounceDistance": 20.0
          },
          {
               "Name": "New Cross Station",
               "Location": "51.47585628621201, -0.031353045412694056",
               "Audio": "",
               "AnnounceDistance": 20.0
          },
          {
               "Name": "Deptford High Street",
               "Location": "51.47513744381315, -0.027107129387771677",
               "Audio": "",
               "AnnounceDistance": 20.0
          },
          {
               "Name": "Friendly Street",
               "Location": "51.47308338451516, -0.02368225529170988",
               "Audio": "",
               "AnnounceDistance": 20.0
          },
          {
               "Name": "Cranbrook Road",
               "Location": "51.47064476835103, -0.02145503654713893",
               "Audio": "",
               "AnnounceDistance": 20.0
          },
          {
               "Name": "Elverson Road",
               "Location": "51.4681397952863, -0.018496625159090205",
               "Audio": "",
               "AnnounceDistance": 20.0
          },
          {
               "Name": "Jerrard Street",
               "Location": "51.466162784462576, -0.01645145843870631",
               "Audio": "",
               "AnnounceDistance": 20.0
          },
          {
               "Name": "Loampit Vale",
               "Location": "51.46532140087672, -0.014558727391000755",
               "Audio": "",
               "AnnounceDistance": 20.0
          },
          {
               "Name": "Lewisham Station",
               "Location": "51.46405398213337, -0.012468623778652543",
               "Audio": "",
               "AnnounceDistance": 20.0
          },
          {
               "Name": "Lewisham Centre",
               "Location": "51.46064470828161, -0.010817286142982723",
               "Audio": "",
               "AnnounceDistance": 20.0
          },
          {
               "Name": "Morley Road",
               "Location": "51.45886265588817, -0.01231988804882738",
               "Audio": "",
               "AnnounceDistance": 20.0
          },
          {
               "Name": "Longbridge Way",
               "Location": "51.45676648914528, -0.012799604841383332",
               "Audio": "",
               "AnnounceDistance": 20.0
          },
          {
               "Name": "Thornford Road",
               "Location": "51.45447662660513, -0.008753653395233756",
               "Audio": "",
               "AnnounceDistance": 20.0
          },
          {
               "Name": "Theodore Road",
               "Location": "51.451313469357586, -0.006243026590001194",
               "Audio": "",
               "AnnounceDistance": 20.0
          },
          {
               "Name": "George Lane",
               "Location": "51.44980394428091, -0.0036750010710866234",
               "Audio": "",
               "AnnounceDistance": 20.0
          },
          {
               "Name": "Springbank Road / Hither Green Station",
               "Location": "51.44968938380318, 0.00040740423366353865",
               "Audio": "",
               "AnnounceDistance": 20.0
          }
     ]
}