{
     "RouteNumber": "226",
     "Destination": "Haven Grn / Ealing Broadway Stn",
     "RouteAudio": "",
     "DestinationAudio": "",
     "Stops": [
          {
               "Name": "Golders Green Station",
               "Location": "51.571976350999165, -0.19392046655310746",
               "Audio": "",
               "AnnounceDistance": 20.0
          },
          {
               "Name": "Hodford Road",
               "Location": "51.57177606720175, -0.19668462097507516",
               "Audio": "",
               "AnnounceDistance": 20.0
          },
          {
               "Name": "Dunstan Road",
               "Location": "51.56862471065041, -0.20286968782425308",
               "Audio": "",
               "AnnounceDistance": 20.0
          },
          {
               "Name": "The Vale / Hendon Way",
               "Location": "51.56737511183898, -0.20524203784094974",
               "Audio": "",
               "AnnounceDistance": 20.0
          },
          {
               "Name": "Hendon Way",
               "Location": "51.56840471131508, -0.20847695667218058",
               "Audio": "",
               "AnnounceDistance": 20.0
          },
          {
               "Name": "Cleveland Gardens",
               "Location": "51.56706908506337, -0.2111122374882492",
               "Audio": "",
               "AnnounceDistance": 20.0
          },
          {
               "Name": "Pennine Drive",
               "Location": "51.5638097662264, -0.2155685234802029",
               "Audio": "",
               "AnnounceDistance": 20.0
          },
          {
               "Name": "Somerton Road",
               "Location": "51.56098847187931, -0.2133562151985461",
               "Audio": "",
               "AnnounceDistance": 20.0
          },
          {
               "Name": "Cricklewood Station",
               "Location": "51.55949637744933, -0.21221728953865793",
               "Audio": "",
               "AnnounceDistance": 20.0
          },
          {
               "Name": "Cricklewood Broadway",
               "Location": "51.55707125717654, -0.2147647643949314",
               "Audio": "",
               "AnnounceDistance": 20.0
          },
          {
               "Name": "Sheldon Road",
               "Location": "51.555374252818154, -0.2161150538014412",
               "Audio": "",
               "AnnounceDistance": 20.0
          },
          {
               "Name": "Anson Primary School",
               "Location": "51.553843367560525, -0.21833865553172074",
               "Audio": "",
               "AnnounceDistance": 20.0
          },
          {
               "Name": "Dawson Road",
               "Location": "51.55424719210365, -0.22243396048836706",
               "Audio": "",
               "AnnounceDistance": 20.0
          },
          {
               "Name": "Henson Avenue",
               "Location": "51.55460860613172, -0.2261126615914378",
               "Audio": "",
               "AnnounceDistance": 20.0
          },
          {
               "Name": "The Gladstone Centre",
               "Location": "51.5550299872218, -0.22960156506855992",
               "Audio": "",
               "AnnounceDistance": 20.0
          },
          {
               "Name": "Cullingworth Road",
               "Location": "51.555323005262856, -0.23472555018912702",
               "Audio": "",
               "AnnounceDistance": 20.0
          },
          {
               "Name": "Geary Road",
               "Location": "51.55471776091964, -0.237533002598689",
               "Audio": "",
               "AnnounceDistance": 20.0
          },
          {
               "Name": "Dollis Hill Station",
               "Location": "51.55273344397105, -0.23833091529837794",
               "Audio": "",
               "AnnounceDistance": 20.0
          },
          {
               "Name": "Aberdeen Road",
               "Location": "51.55307050406315, -0.24281832123944738",
               "Audio": "",
               "AnnounceDistance": 20.0
          },
          {
               "Name": "Chapter Road",
               "Location": "51.55038516331335, -0.24064286398300744",
               "Audio": "",
               "AnnounceDistance": 20.0
          },
          {
               "Name": "Pound Lane",
               "Location": "51.548568370134895, -0.2400206447981143",
               "Audio": "",
               "AnnounceDistance": 20.0
          },
          {
               "Name": "Bertie Road",
               "Location": "51.54710077433609, -0.23929845850747944",
               "Audio": "",
               "AnnounceDistance": 20.0
          },
          {
               "Name": "Clare Road",
               "Location": "51.545553812966446, -0.2374833048045841",
               "Audio": "",
               "AnnounceDistance": 20.0
          },
          {
               "Name": "Willesden Centre For Health And Care",
               "Location": "51.54347810076858, -0.23578967380549257",
               "Audio": "",
               "AnnounceDistance": 20.0
          },
          {
               "Name": "Robson Avenue",
               "Location": "51.542085858784866, -0.2364924615774967",
               "Audio": "",
               "AnnounceDistance": 20.0
          },
          {
               "Name": "Roundwood Park",
               "Location": "51.54015448958461, -0.23782169276417428",
               "Audio": "",
               "AnnounceDistance": 20.0
          },
          {
               "Name": "Newman College / Wrottesley Road",
               "Location": "51.53823848217589, -0.23897717913572636",
               "Audio": "",
               "AnnounceDistance": 20.0
          },
          {
               "Name": "Park Parade",
               "Location": "51.53693509142854, -0.24320909526740242",
               "Audio": "",
               "AnnounceDistance": 20.0
          },
          {
               "Name": "Willesden County Court",
               "Location": "51.53568002604355, -0.2488808035549305",
               "Audio": "",
               "AnnounceDistance": 20.0
          },
          {
               "Name": "Fairlight Avenue",
               "Location": "51.53658350742298, -0.25338818136638347",
               "Audio": "",
               "AnnounceDistance": 20.0
          },
          {
               "Name": "Harlesden Station",
               "Location": "51.53576768210352, -0.2571827559587321",
               "Audio": "",
               "AnnounceDistance": 20.0
          },
          {
               "Name": "Waxlow Road",
               "Location": "51.53486275265466, -0.2586159292619354",
               "Audio": "",
               "AnnounceDistance": 20.0
          },
          {
               "Name": "Barretts Green Road",
               "Location": "51.53251459995739, -0.26339135650048406",
               "Audio": "",
               "AnnounceDistance": 20.0
          },
          {
               "Name": "Central Middlesex Hospital",
               "Location": "51.53058817083662, -0.26872697449512295",
               "Audio": "",
               "AnnounceDistance": 20.0
          },
          {
               "Name": "Abbey Road",
               "Location": "51.529346527955134, -0.2698985928273061",
               "Audio": "",
               "AnnounceDistance": 20.0
          },
          {
               "Name": "Western Road",
               "Location": "51.52885414693139, -0.2718779338557597",
               "Audio": "",
               "AnnounceDistance": 20.0
          },
          {
               "Name": "Radnor Way",
               "Location": "51.52821769302342, -0.276904567579831",
               "Audio": "",
               "AnnounceDistance": 20.0
          },
          {
               "Name": "Park Royal Station",
               "Location": "51.5288447409549, -0.2822583301349806",
               "Audio": "",
               "AnnounceDistance": 20.0
          },
          {
               "Name": "Lakeside Drive",
               "Location": "51.52937488868728, -0.28468924643769994",
               "Audio": "",
               "AnnounceDistance": 20.0
          },
          {
               "Name": "Bodiam Way",
               "Location": "51.53236094509459, -0.28596112016135844",
               "Audio": "",
               "AnnounceDistance": 20.0
          },
          {
               "Name": "Twyford Abbey Road",
               "Location": "51.53216482001335, -0.2873093378274392",
               "Audio": "",
               "AnnounceDistance": 20.0
          },
          {
               "Name": "Hanger Lane Station",
               "Location": "51.530585495592355, -0.2924723140790091",
               "Audio": "",
               "AnnounceDistance": 20.0
          },
          {
               "Name": "Hail Ride Birkdale Road",
               "Location": "51.527821262794994, -0.2996541649034782",
               "Audio": "",
               "AnnounceDistance": 20.0
          },
          {
               "Name": "Hail Ride Birkdale Road",
               "Location": "51.52527279124988, -0.3000229930865574",
               "Audio": "",
               "AnnounceDistance": 20.0
          },
          {
               "Name": "Hail Ride Helena Road",
               "Location": "51.52381297973185, -0.30291713011207994",
               "Audio": "",
               "AnnounceDistance": 20.0
          },
          {
               "Name": "Hail Ride Montpelier Road",
               "Location": "51.52265567881304, -0.30310430048296627",
               "Audio": "",
               "AnnounceDistance": 20.0
          },
          {
               "Name": "Hail Ride Montpelier Road",
               "Location": "51.52218815760831, -0.3062208115401635",
               "Audio": "",
               "AnnounceDistance": 20.0
          },
          {
               "Name": "Hail Ride Section",
               "Location": "51.52203911420807, -0.3064858027388542",
               "Audio": "",
               "AnnounceDistance": 20.0
          },
          {
               "Name": "Montpelier Road",
               "Location": "51.52154625756483, -0.30660498608315595",
               "Audio": "",
               "AnnounceDistance": 20.0
          },
          {
               "Name": "Marchwood Crescent",
               "Location": "51.52026233649728, -0.3061192919690846",
               "Audio": "",
               "AnnounceDistance": 20.0
          },
          {
               "Name": "Castlebar Road",
               "Location": "51.51676765364186, -0.30634982762619567",
               "Audio": "",
               "AnnounceDistance": 20.0
          },
          {
               "Name": "Haven Grn / Ealing Broadway Stn",
               "Location": "51.51517871290584, -0.3034254038298024",
               "Audio": "",
               "AnnounceDistance": 20.0
          }
     ]
}