{
     "RouteNumber": "226",
     "Destination": "Golders Green Station",
     "RouteAudio": "",
     "DestinationAudio": "",
     "Stops": [
          {
               "Name": "Hanger Lane Station",
               "Location": "51.52948339808009, -0.29274421782843907",
               "Audio": "",
               "AnnounceDistance": 20.0
          },
          {
               "Name": "Hanger Lane Gyratory",
               "Location": "51.53099002824292, -0.29493696644106715",
               "Audio": "",
               "AnnounceDistance": 20.0
          },
          {
               "Name": "Bispham Road",
               "Location": "51.53151688456984, -0.28974138488153023",
               "Audio": "",
               "AnnounceDistance": 20.0
          },
          {
               "Name": "Park Avenue",
               "Location": "51.532351030683294, -0.2871293355251765",
               "Audio": "",
               "AnnounceDistance": 20.0
          },
          {
               "Name": "Bodiam Way",
               "Location": "51.53219517159844, -0.28569340900751483",
               "Audio": "",
               "AnnounceDistance": 20.0
          },
          {
               "Name": "Lakeside Drive",
               "Location": "51.53032207081466, -0.28612419864634175",
               "Audio": "",
               "AnnounceDistance": 20.0
          },
          {
               "Name": "Park Royal Station",
               "Location": "51.52903263188942, -0.2821935914726467",
               "Audio": "",
               "AnnounceDistance": 20.0
          },
          {
               "Name": "Radnor Way",
               "Location": "51.528228484270066, -0.2776394030704729",
               "Audio": "",
               "AnnounceDistance": 20.0
          },
          {
               "Name": "Western Road",
               "Location": "51.52904549955153, -0.27143818458916735",
               "Audio": "",
               "AnnounceDistance": 20.0
          },
          {
               "Name": "Central Middlesex Hospital",
               "Location": "51.53026031819653, -0.2690565896564277",
               "Audio": "",
               "AnnounceDistance": 20.0
          },
          {
               "Name": "Barretts Green Road",
               "Location": "51.53252742653689, -0.2636503907573634",
               "Audio": "",
               "AnnounceDistance": 20.0
          },
          {
               "Name": "Waxlow Road",
               "Location": "51.53451629761427, -0.2601142610966049",
               "Audio": "",
               "AnnounceDistance": 20.0
          },
          {
               "Name": "Harlesden Station",
               "Location": "51.53630627456906, -0.25711892637137357",
               "Audio": "",
               "AnnounceDistance": 20.0
          },
          {
               "Name": "Fairlight Avenue",
               "Location": "51.53678315730282, -0.25351031216617026",
               "Audio": "",
               "AnnounceDistance": 20.0
          },
          {
               "Name": "Willesden County Court",
               "Location": "51.53571958397293, -0.24851881180032218",
               "Audio": "",
               "AnnounceDistance": 20.0
          },
          {
               "Name": "Buckingham Road",
               "Location": "51.536042686703155, -0.2460695898767425",
               "Audio": "",
               "AnnounceDistance": 20.0
          },
          {
               "Name": "Park Parade",
               "Location": "51.53675908985282, -0.24406660959853413",
               "Audio": "",
               "AnnounceDistance": 20.0
          },
          {
               "Name": "Newman College / Wrottesley Road",
               "Location": "51.537729122180885, -0.2397899171330453",
               "Audio": "",
               "AnnounceDistance": 20.0
          },
          {
               "Name": "Roundwood Park",
               "Location": "51.54053043433735, -0.23770622780106618",
               "Audio": "",
               "AnnounceDistance": 20.0
          },
          {
               "Name": "Cross Way",
               "Location": "51.5421520181826, -0.23670621895987037",
               "Audio": "",
               "AnnounceDistance": 20.0
          },
          {
               "Name": "Clare Road",
               "Location": "51.54485119155838, -0.2368037837295071",
               "Audio": "",
               "AnnounceDistance": 20.0
          },
          {
               "Name": "Bertie Road",
               "Location": "51.54645316792811, -0.23868887436475555",
               "Audio": "",
               "AnnounceDistance": 20.0
          },
          {
               "Name": "Pound Lane / Willesden Bus Garage",
               "Location": "51.54769877922893, -0.24019842884912743",
               "Audio": "",
               "AnnounceDistance": 20.0
          },
          {
               "Name": "Meyrick Road",
               "Location": "51.54950834390258, -0.23973917386830068",
               "Audio": "",
               "AnnounceDistance": 20.0
          },
          {
               "Name": "Chapter Road",
               "Location": "51.55044362509114, -0.24094350452794974",
               "Audio": "",
               "AnnounceDistance": 20.0
          },
          {
               "Name": "Aberdeen Road",
               "Location": "51.55308278036971, -0.24183698568878753",
               "Audio": "",
               "AnnounceDistance": 20.0
          },
          {
               "Name": "Dollis Hill Station",
               "Location": "51.55265612363595, -0.23917051292207528",
               "Audio": "",
               "AnnounceDistance": 20.0
          },
          {
               "Name": "Geary Road",
               "Location": "51.55508644947861, -0.23753317661233506",
               "Audio": "",
               "AnnounceDistance": 20.0
          },
          {
               "Name": "Cullingworth Road",
               "Location": "51.555412969092465, -0.23413063399825854",
               "Audio": "",
               "AnnounceDistance": 20.0
          },
          {
               "Name": "The Gladstone Centre",
               "Location": "51.55505766823844, -0.22905233662537797",
               "Audio": "",
               "AnnounceDistance": 20.0
          },
          {
               "Name": "Henson Avenue",
               "Location": "51.55460320434714, -0.22516082445432678",
               "Audio": "",
               "AnnounceDistance": 20.0
          },
          {
               "Name": "Dawson Road",
               "Location": "51.55425052906855, -0.2214673651999585",
               "Audio": "",
               "AnnounceDistance": 20.0
          },
          {
               "Name": "Anson Primary School",
               "Location": "51.55389992770816, -0.2179181278125724",
               "Audio": "",
               "AnnounceDistance": 20.0
          },
          {
               "Name": "Sheldon Road",
               "Location": "51.55593868130533, -0.21597756753163053",
               "Audio": "",
               "AnnounceDistance": 20.0
          },
          {
               "Name": "Cricklewood Broadway",
               "Location": "51.557206720358586, -0.21480273757606144",
               "Audio": "",
               "AnnounceDistance": 20.0
          },
          {
               "Name": "Cricklewood Station",
               "Location": "51.559034525857356, -0.21200457882103663",
               "Audio": "",
               "AnnounceDistance": 20.0
          },
          {
               "Name": "Somerton Road",
               "Location": "51.56069080331748, -0.21329574693372377",
               "Audio": "",
               "AnnounceDistance": 20.0
          },
          {
               "Name": "Pennine Drive",
               "Location": "51.564194674786606, -0.2160440073980537",
               "Audio": "",
               "AnnounceDistance": 20.0
          },
          {
               "Name": "Pennine Drive / Claremont Road",
               "Location": "51.56501248925227, -0.21542043984457146",
               "Audio": "",
               "AnnounceDistance": 20.0
          },
          {
               "Name": "Cleveland Gardens",
               "Location": "51.566967835582226, -0.21154907854014332",
               "Audio": "",
               "AnnounceDistance": 20.0
          },
          {
               "Name": "Hendon Way",
               "Location": "51.56863528979033, -0.20826588048527012",
               "Audio": "",
               "AnnounceDistance": 20.0
          },
          {
               "Name": "The Vale",
               "Location": "51.567796991864235, -0.2069569247226573",
               "Audio": "",
               "AnnounceDistance": 20.0
          },
          {
               "Name": "Dunstan Road",
               "Location": "51.56895958760953, -0.20242359592769268",
               "Audio": "",
               "AnnounceDistance": 20.0
          },
          {
               "Name": "Hodford Road",
               "Location": "51.57177850493213, -0.19684325945153153",
               "Audio": "",
               "AnnounceDistance": 20.0
          },
          {
               "Name": "Golders Green Station",
               "Location": "51.571976350999165, -0.19392046655310746",
               "Audio": "",
               "AnnounceDistance": 20.0
          }
     ]
}