{
     "RouteNumber": "228",
     "Destination": "Chippenham Road / Shirland Road",
     "RouteAudio": "",
     "DestinationAudio": "",
     "Stops": [
          {
               "Name": "Central Middlesex Hospital",
               "Location": "51.5306453398091, -0.26833553849611286",
               "Audio": "",
               "AnnounceDistance": 20.0
          },
          {
               "Name": "Barretts Green Road",
               "Location": "51.53252742653689, -0.2636503907573634",
               "Audio": "",
               "AnnounceDistance": 20.0
          },
          {
               "Name": "Waxlow Road",
               "Location": "51.53451629761427, -0.2601142610966049",
               "Audio": "",
               "AnnounceDistance": 20.0
          },
          {
               "Name": "Harlesden Station",
               "Location": "51.53630627456906, -0.25711892637137357",
               "Audio": "",
               "AnnounceDistance": 20.0
          },
          {
               "Name": "Fairlight Avenue",
               "Location": "51.53678315730282, -0.25351031216617026",
               "Audio": "",
               "AnnounceDistance": 20.0
          },
          {
               "Name": "Willesden County Court",
               "Location": "51.53571958397293, -0.24851881180032218",
               "Audio": "",
               "AnnounceDistance": 20.0
          },
          {
               "Name": "Harlesden Jubilee Clock",
               "Location": "51.53480606682527, -0.24816457312189646",
               "Audio": "",
               "AnnounceDistance": 20.0
          },
          {
               "Name": "Willesden Junction Station",
               "Location": "51.532613886181075, -0.24648973865522222",
               "Audio": "",
               "AnnounceDistance": 20.0
          },
          {
               "Name": "Webb Place",
               "Location": "51.53061587629979, -0.24818125083490852",
               "Audio": "",
               "AnnounceDistance": 20.0
          },
          {
               "Name": "Old Oak Common Railway Depots",
               "Location": "51.52598340147685, -0.2517035298911553",
               "Audio": "",
               "AnnounceDistance": 20.0
          },
          {
               "Name": "Wells House Road",
               "Location": "51.5234470977531, -0.2522763662734091",
               "Audio": "",
               "AnnounceDistance": 20.0
          },
          {
               "Name": "The Fairway",
               "Location": "51.518257066769564, -0.25037068433584203",
               "Audio": "",
               "AnnounceDistance": 20.0
          },
          {
               "Name": "East Acton Station / Erconwald Street",
               "Location": "51.515771391224284, -0.24951469688371636",
               "Audio": "",
               "AnnounceDistance": 20.0
          },
          {
               "Name": "Westway",
               "Location": "51.51426256741135, -0.2490392870789794",
               "Audio": "",
               "AnnounceDistance": 20.0
          },
          {
               "Name": "East Acton Lane / Old Oak Road",
               "Location": "51.5133995323518, -0.24845266770286373",
               "Audio": "",
               "AnnounceDistance": 20.0
          },
          {
               "Name": "Hemlock Road",
               "Location": "51.511468631084206, -0.24681178308105675",
               "Audio": "",
               "AnnounceDistance": 20.0
          },
          {
               "Name": "Steventon Road",
               "Location": "51.5096569723117, -0.24593022121712083",
               "Audio": "",
               "AnnounceDistance": 20.0
          },
          {
               "Name": "Uxbridge Road",
               "Location": "51.50733562055842, -0.24524123104253834",
               "Audio": "",
               "AnnounceDistance": 20.0
          },
          {
               "Name": "Wormholt Road",
               "Location": "51.5067405229481, -0.2415319554905496",
               "Audio": "",
               "AnnounceDistance": 20.0
          },
          {
               "Name": "Adelaide Grove",
               "Location": "51.50651822693486, -0.23750578774101558",
               "Audio": "",
               "AnnounceDistance": 20.0
          },
          {
               "Name": "Ellerslie Road",
               "Location": "51.508956888440444, -0.2346304525962184",
               "Audio": "",
               "AnnounceDistance": 20.0
          },
          {
               "Name": "Queens Park Rangers Football Stadium",
               "Location": "51.50994836606052, -0.23299252593570802",
               "Audio": "",
               "AnnounceDistance": 20.0
          },
          {
               "Name": "Mandela Close",
               "Location": "51.51134802820335, -0.2292058502133234",
               "Audio": "",
               "AnnounceDistance": 20.0
          },
          {
               "Name": "White City Station",
               "Location": "51.5115847894652, -0.22464268099076318",
               "Audio": "",
               "AnnounceDistance": 20.0
          },
          {
               "Name": "White City Bus Station",
               "Location": "51.50831923896962, -0.2239626407859367",
               "Audio": "",
               "AnnounceDistance": 20.0
          },
          {
               "Name": "Shepherds Bush Station",
               "Location": "51.50460503093235, -0.21801197965419142",
               "Audio": "",
               "AnnounceDistance": 20.0
          },
          {
               "Name": "Royal Crescent",
               "Location": "51.50520808704816, -0.21450138769060959",
               "Audio": "",
               "AnnounceDistance": 20.0
          },
          {
               "Name": "Norland Square",
               "Location": "51.50611020343137, -0.20997031197969068",
               "Audio": "",
               "AnnounceDistance": 20.0
          },
          {
               "Name": "Holland Park Station",
               "Location": "51.50745334051046, -0.20488855294817268",
               "Audio": "",
               "AnnounceDistance": 20.0
          },
          {
               "Name": "Ladbroke Square Gardens",
               "Location": "51.5101509936794, -0.20488339626403348",
               "Audio": "",
               "AnnounceDistance": 20.0
          },
          {
               "Name": "Blenheim Crescent",
               "Location": "51.51476137744305, -0.20823319048647257",
               "Audio": "",
               "AnnounceDistance": 20.0
          },
          {
               "Name": "Ladbroke Grove Station",
               "Location": "51.51778902758918, -0.2104060981602372",
               "Audio": "",
               "AnnounceDistance": 20.0
          },
          {
               "Name": "Chesterton Road",
               "Location": "51.51979384029986, -0.21155270034682133",
               "Audio": "",
               "AnnounceDistance": 20.0
          },
          {
               "Name": "St Charles Square",
               "Location": "51.52134511865915, -0.21244328251808609",
               "Audio": "",
               "AnnounceDistance": 20.0
          },
          {
               "Name": "Barlby Road",
               "Location": "51.523431673082875, -0.21364452096061354",
               "Audio": "",
               "AnnounceDistance": 20.0
          },
          {
               "Name": "Kensal House",
               "Location": "51.52553662816249, -0.2148739786429804",
               "Audio": "",
               "AnnounceDistance": 20.0
          },
          {
               "Name": "Ladbroke Grove Sainsburys",
               "Location": "51.52582859788385, -0.21574192827367747",
               "Audio": "",
               "AnnounceDistance": 20.0
          },
          {
               "Name": "Fifth Avenue",
               "Location": "51.52717005616118, -0.2128927251182301",
               "Audio": "",
               "AnnounceDistance": 20.0
          },
          {
               "Name": "Third Avenue",
               "Location": "51.52675102676252, -0.20900234845522542",
               "Audio": "",
               "AnnounceDistance": 20.0
          },
          {
               "Name": "Portnall Road",
               "Location": "51.52571783283806, -0.20435773612776523",
               "Audio": "",
               "AnnounceDistance": 20.0
          },
          {
               "Name": "Great Western Road / Elgin Avenue",
               "Location": "51.52470912353729, -0.20249456597379945",
               "Audio": "",
               "AnnounceDistance": 20.0
          },
          {
               "Name": "Elgin Avenue / Harrow Road",
               "Location": "51.52453683826599, -0.20064175192653438",
               "Audio": "",
               "AnnounceDistance": 20.0
          },
          {
               "Name": "Elgin Avenue / Chippenham Road",
               "Location": "51.52514298662282, -0.1979509548764051",
               "Audio": "",
               "AnnounceDistance": 20.0
          },
          {
               "Name": "Chippenham Road / Shirland Road",
               "Location": "51.5273188515426, -0.19734605712911754",
               "Audio": "",
               "AnnounceDistance": 20.0
          }
     ]
}