{
     "RouteNumber": "228",
     "Destination": "Central Middlesex Hospital",
     "RouteAudio": "",
     "DestinationAudio": "",
     "Stops": [
          {
               "Name": "Chippenham Road / Shirland Road",
               "Location": "51.5274417906627, -0.19715378805315212",
               "Audio": "",
               "AnnounceDistance": 20.0
          },
          {
               "Name": "Westminster Registration Office",
               "Location": "51.52377618490252, -0.20029693956997888",
               "Audio": "",
               "AnnounceDistance": 20.0
          },
          {
               "Name": "Ashmore Road",
               "Location": "51.52498232733649, -0.2033054982056693",
               "Audio": "",
               "AnnounceDistance": 20.0
          },
          {
               "Name": "Second Avenue",
               "Location": "51.52633134906296, -0.2068419930133085",
               "Audio": "",
               "AnnounceDistance": 20.0
          },
          {
               "Name": "Fifth Avenue / Queens Park Library",
               "Location": "51.52691465440003, -0.21147551902648842",
               "Audio": "",
               "AnnounceDistance": 20.0
          },
          {
               "Name": "Ladbroke Grove / Kilburn Lane",
               "Location": "51.527489011753005, -0.2149417819940773",
               "Audio": "",
               "AnnounceDistance": 20.0
          },
          {
               "Name": "Ladbroke Grove Sainsburys",
               "Location": "51.5255802470717, -0.21596787335919224",
               "Audio": "",
               "AnnounceDistance": 20.0
          },
          {
               "Name": "Kensal House",
               "Location": "51.52548796541486, -0.21463081372150866",
               "Audio": "",
               "AnnounceDistance": 20.0
          },
          {
               "Name": "Barlby Road",
               "Location": "51.52353666547353, -0.21345301523202548",
               "Audio": "",
               "AnnounceDistance": 20.0
          },
          {
               "Name": "St Charles Square",
               "Location": "51.521387419382805, -0.21226865242035953",
               "Audio": "",
               "AnnounceDistance": 20.0
          },
          {
               "Name": "Chesterton Road",
               "Location": "51.519717990134986, -0.21129622055209543",
               "Audio": "",
               "AnnounceDistance": 20.0
          },
          {
               "Name": "Ladbroke Grove Station",
               "Location": "51.51712220234574, -0.20972599115597326",
               "Audio": "",
               "AnnounceDistance": 20.0
          },
          {
               "Name": "Elgin Crescent",
               "Location": "51.51395753322597, -0.2074144161370154",
               "Audio": "",
               "AnnounceDistance": 20.0
          },
          {
               "Name": "Ladbroke Square Gardens",
               "Location": "51.509992702910054, -0.20452934578434184",
               "Audio": "",
               "AnnounceDistance": 20.0
          },
          {
               "Name": "Holland Park",
               "Location": "51.50759046581187, -0.20386004393744817",
               "Audio": "",
               "AnnounceDistance": 20.0
          },
          {
               "Name": "Holland Park Station",
               "Location": "51.506959588075745, -0.20611839292215522",
               "Audio": "",
               "AnnounceDistance": 20.0
          },
          {
               "Name": "Norland Square",
               "Location": "51.50568719505083, -0.21112524159051968",
               "Audio": "",
               "AnnounceDistance": 20.0
          },
          {
               "Name": "Royal Crescent",
               "Location": "51.50510440556934, -0.21418843515108268",
               "Audio": "",
               "AnnounceDistance": 20.0
          },
          {
               "Name": "Shepherds Bush Station",
               "Location": "51.50491474940685, -0.2182736731369111",
               "Audio": "",
               "AnnounceDistance": 20.0
          },
          {
               "Name": "White City Bus Station",
               "Location": "51.50903951765256, -0.22402109483101718",
               "Audio": "",
               "AnnounceDistance": 20.0
          },
          {
               "Name": "White City Station",
               "Location": "51.51135352211809, -0.22481019575104194",
               "Audio": "",
               "AnnounceDistance": 20.0
          },
          {
               "Name": "Queens Park Rangers Football Club",
               "Location": "51.510749727970484, -0.23007930327022416",
               "Audio": "",
               "AnnounceDistance": 20.0
          },
          {
               "Name": "Ellerslie Road",
               "Location": "51.50831619736101, -0.23448229308670168",
               "Audio": "",
               "AnnounceDistance": 20.0
          },
          {
               "Name": "Adelaide Grove",
               "Location": "51.506372163215644, -0.2367621197912877",
               "Audio": "",
               "AnnounceDistance": 20.0
          },
          {
               "Name": "Galloway Road",
               "Location": "51.50639183358027, -0.23926864787673988",
               "Audio": "",
               "AnnounceDistance": 20.0
          },
          {
               "Name": "Wormholt Road",
               "Location": "51.50658774027955, -0.24153783741192136",
               "Audio": "",
               "AnnounceDistance": 20.0
          },
          {
               "Name": "Uxbridge Road",
               "Location": "51.5070583090851, -0.24533834417596007",
               "Audio": "",
               "AnnounceDistance": 20.0
          },
          {
               "Name": "St Saviours Church",
               "Location": "51.50930690100413, -0.24597248728381005",
               "Audio": "",
               "AnnounceDistance": 20.0
          },
          {
               "Name": "Hilary Road",
               "Location": "51.51188936257449, -0.24728561936240648",
               "Audio": "",
               "AnnounceDistance": 20.0
          },
          {
               "Name": "Old Oak Common Lane / Savoy Circus",
               "Location": "51.51333133431369, -0.24930558384701185",
               "Audio": "",
               "AnnounceDistance": 20.0
          },
          {
               "Name": "The Fairway",
               "Location": "51.51695882138015, -0.2501465852641779",
               "Audio": "",
               "AnnounceDistance": 20.0
          },
          {
               "Name": "Long Drive",
               "Location": "51.51896430203905, -0.2507615775626346",
               "Audio": "",
               "AnnounceDistance": 20.0
          },
          {
               "Name": "Wells House Road",
               "Location": "51.52353933120311, -0.25243140095207933",
               "Audio": "",
               "AnnounceDistance": 20.0
          },
          {
               "Name": "Old Oak Common Railway Depots",
               "Location": "51.52649972180626, -0.2513521847043984",
               "Audio": "",
               "AnnounceDistance": 20.0
          },
          {
               "Name": "Old Oak Lane / Atlas Road",
               "Location": "51.52864333690484, -0.2503762203128859",
               "Audio": "",
               "AnnounceDistance": 20.0
          },
          {
               "Name": "Webb Place",
               "Location": "51.530325107288434, -0.2485816776780403",
               "Audio": "",
               "AnnounceDistance": 20.0
          },
          {
               "Name": "Willesden Junction Station",
               "Location": "51.53238431097083, -0.24677250020450792",
               "Audio": "",
               "AnnounceDistance": 20.0
          },
          {
               "Name": "Acton Lane",
               "Location": "51.534409123489795, -0.24807888274792456",
               "Audio": "",
               "AnnounceDistance": 20.0
          },
          {
               "Name": "Willesden County Court",
               "Location": "51.53568002604355, -0.2488808035549305",
               "Audio": "",
               "AnnounceDistance": 20.0
          },
          {
               "Name": "Fairlight Avenue",
               "Location": "51.53658350742298, -0.25338818136638347",
               "Audio": "",
               "AnnounceDistance": 20.0
          },
          {
               "Name": "Harlesden Station",
               "Location": "51.53576768210352, -0.2571827559587321",
               "Audio": "",
               "AnnounceDistance": 20.0
          },
          {
               "Name": "Waxlow Road",
               "Location": "51.53486275265466, -0.2586159292619354",
               "Audio": "",
               "AnnounceDistance": 20.0
          },
          {
               "Name": "Barretts Green Road",
               "Location": "51.53251459995739, -0.26339135650048406",
               "Audio": "",
               "AnnounceDistance": 20.0
          },
          {
               "Name": "Central Middlesex Hospital",
               "Location": "51.53058817083662, -0.26872697449512295",
               "Audio": "",
               "AnnounceDistance": 20.0
          }
     ]
}