{
     "RouteNumber": "229",
     "Destination": "Queen Marys Hospital / Chislehurst Road",
     "RouteAudio": "",
     "DestinationAudio": "",
     "Stops": [
          {
               "Name": "Thamesmead Town Centre",
               "Location": "51.50742705371728, 0.10896841870076727",
               "Audio": "",
               "AnnounceDistance": 20.0
          },
          {
               "Name": "Linton Mead Primary School",
               "Location": "51.50746697301902, 0.11274586656345804",
               "Audio": "",
               "AnnounceDistance": 20.0
          },
          {
               "Name": "Hoveton Road",
               "Location": "51.50934564053634, 0.11678148350010394",
               "Audio": "",
               "AnnounceDistance": 20.0
          },
          {
               "Name": "Nickelby Close",
               "Location": "51.50947632715708, 0.12000127349461509",
               "Audio": "",
               "AnnounceDistance": 20.0
          },
          {
               "Name": "Eastgate Close",
               "Location": "51.508986850536296, 0.1261753691221451",
               "Audio": "",
               "AnnounceDistance": 20.0
          },
          {
               "Name": "Lister Walk",
               "Location": "51.5066322998523, 0.12658452362587794",
               "Audio": "",
               "AnnounceDistance": 20.0
          },
          {
               "Name": "Poplar Place",
               "Location": "51.50620933368142, 0.12163649378435433",
               "Audio": "",
               "AnnounceDistance": 20.0
          },
          {
               "Name": "Thamesmead / Carlyle Road",
               "Location": "51.50372638130837, 0.11920121586029496",
               "Audio": "",
               "AnnounceDistance": 20.0
          },
          {
               "Name": "Southmere Lake",
               "Location": "51.498718074135546, 0.12164874872139662",
               "Audio": "",
               "AnnounceDistance": 20.0
          },
          {
               "Name": "Harrow Manorway / Yarnton Way",
               "Location": "51.4952282613095, 0.12118413833134216",
               "Audio": "",
               "AnnounceDistance": 20.0
          },
          {
               "Name": "Overton Road",
               "Location": "51.493481987096814, 0.12127594125112942",
               "Audio": "",
               "AnnounceDistance": 20.0
          },
          {
               "Name": "Harrow Manorway / Abbey Wood Station",
               "Location": "51.49060330144526, 0.12232354498849911",
               "Audio": "",
               "AnnounceDistance": 20.0
          },
          {
               "Name": "Abbey Wood Road",
               "Location": "51.489491728061836, 0.12113391962092213",
               "Audio": "",
               "AnnounceDistance": 20.0
          },
          {
               "Name": "Lesnes Abbey",
               "Location": "51.49014538930577, 0.12823724696075234",
               "Audio": "",
               "AnnounceDistance": 20.0
          },
          {
               "Name": "Elstree Gardens",
               "Location": "51.490506602825725, 0.13211471518676723",
               "Audio": "",
               "AnnounceDistance": 20.0
          },
          {
               "Name": "Tunstock Way",
               "Location": "51.49042925122406, 0.13784444573807528",
               "Audio": "",
               "AnnounceDistance": 20.0
          },
          {
               "Name": "Kingswood Avenue",
               "Location": "51.490824675839335, 0.14081607568119064",
               "Audio": "",
               "AnnounceDistance": 20.0
          },
          {
               "Name": "St Augustines Road",
               "Location": "51.49123487269933, 0.14445111144729184",
               "Audio": "",
               "AnnounceDistance": 20.0
          },
          {
               "Name": "Gilbert Road",
               "Location": "51.491347107067526, 0.14765444181136325",
               "Audio": "",
               "AnnounceDistance": 20.0
          },
          {
               "Name": "Lower Road / Belvedere Station",
               "Location": "51.49055837729928, 0.15339395619561713",
               "Audio": "",
               "AnnounceDistance": 20.0
          },
          {
               "Name": "Halt Robin Lane",
               "Location": "51.490182789333424, 0.15670389004821703",
               "Audio": "",
               "AnnounceDistance": 20.0
          },
          {
               "Name": "Poplar Mount",
               "Location": "51.49045615580727, 0.15992920437558855",
               "Audio": "",
               "AnnounceDistance": 20.0
          },
          {
               "Name": "Mayfield Road",
               "Location": "51.490134867846635, 0.1627230585729407",
               "Audio": "",
               "AnnounceDistance": 20.0
          },
          {
               "Name": "Lower Road / Church Manorway",
               "Location": "51.48794280674019, 0.16941831325103163",
               "Audio": "",
               "AnnounceDistance": 20.0
          },
          {
               "Name": "St Francis Road",
               "Location": "51.48617585263588, 0.1715958802266759",
               "Audio": "",
               "AnnounceDistance": 20.0
          },
          {
               "Name": "Winifred Road / The Ship",
               "Location": "51.48435397109222, 0.1747933205801182",
               "Audio": "",
               "AnnounceDistance": 20.0
          },
          {
               "Name": "Erith Station / West Street",
               "Location": "51.482507244432206, 0.17883910087163185",
               "Audio": "",
               "AnnounceDistance": 20.0
          },
          {
               "Name": "Erith Town Centre / Cross Street",
               "Location": "51.480658476490376, 0.17863575567486428",
               "Audio": "",
               "AnnounceDistance": 20.0
          },
          {
               "Name": "Fraser Road",
               "Location": "51.48054432707762, 0.17461206028451776",
               "Audio": "",
               "AnnounceDistance": 20.0
          },
          {
               "Name": "Lesney Park",
               "Location": "51.47964540002331, 0.16682099245591028",
               "Audio": "",
               "AnnounceDistance": 20.0
          },
          {
               "Name": "Carlton Road",
               "Location": "51.47736854095134, 0.16350157747724664",
               "Audio": "",
               "AnnounceDistance": 20.0
          },
          {
               "Name": "Northumberland Park",
               "Location": "51.47338344944687, 0.16259300031885127",
               "Audio": "",
               "AnnounceDistance": 20.0
          },
          {
               "Name": "Brook Street",
               "Location": "51.47063175793428, 0.16063416214371995",
               "Audio": "",
               "AnnounceDistance": 20.0
          },
          {
               "Name": "Rydal Drive",
               "Location": "51.467620011220674, 0.1581449535961721",
               "Audio": "",
               "AnnounceDistance": 20.0
          },
          {
               "Name": "Barnehurst Station",
               "Location": "51.46556244919682, 0.15706882415210413",
               "Audio": "",
               "AnnounceDistance": 20.0
          },
          {
               "Name": "Lyndhurst Road",
               "Location": "51.463318851240345, 0.15437157564969775",
               "Audio": "",
               "AnnounceDistance": 20.0
          },
          {
               "Name": "Long Lane",
               "Location": "51.461592644335774, 0.15336890766465655",
               "Audio": "",
               "AnnounceDistance": 20.0
          },
          {
               "Name": "Bexleyheath Bus Garage",
               "Location": "51.45957679331003, 0.15295730825126044",
               "Audio": "",
               "AnnounceDistance": 20.0
          },
          {
               "Name": "Tower Road",
               "Location": "51.45784129032894, 0.15050043391176798",
               "Audio": "",
               "AnnounceDistance": 20.0
          },
          {
               "Name": "Bexleyheath Clock Tower",
               "Location": "51.456471411201036, 0.14673660320355816",
               "Audio": "",
               "AnnounceDistance": 20.0
          },
          {
               "Name": "Bexleyheath / Highland Road",
               "Location": "51.45577814004179, 0.15070574006306478",
               "Audio": "",
               "AnnounceDistance": 20.0
          },
          {
               "Name": "Halcot Avenue",
               "Location": "51.45276020369756, 0.15197445010443664",
               "Audio": "",
               "AnnounceDistance": 20.0
          },
          {
               "Name": "Broomfield Road",
               "Location": "51.45144785077894, 0.15292024973841511",
               "Audio": "",
               "AnnounceDistance": 20.0
          },
          {
               "Name": "Gravel Hill Close",
               "Location": "51.44867695022617, 0.15689168437472495",
               "Audio": "",
               "AnnounceDistance": 20.0
          },
          {
               "Name": "Hartford Road",
               "Location": "51.444813602770644, 0.15229156658956605",
               "Audio": "",
               "AnnounceDistance": 20.0
          },
          {
               "Name": "Bexley Library",
               "Location": "51.44233022148237, 0.15089406144116807",
               "Audio": "",
               "AnnounceDistance": 20.0
          },
          {
               "Name": "Bexley Station",
               "Location": "51.44147226066551, 0.14765917062661993",
               "Audio": "",
               "AnnounceDistance": 20.0
          },
          {
               "Name": "Bexley War Memorial",
               "Location": "51.44156623305598, 0.14596555878082235",
               "Audio": "",
               "AnnounceDistance": 20.0
          },
          {
               "Name": "Woodstock Close",
               "Location": "51.4405545922352, 0.14030615777124114",
               "Audio": "",
               "AnnounceDistance": 20.0
          },
          {
               "Name": "Valentine Avenue",
               "Location": "51.438477261488224, 0.13241019154576628",
               "Audio": "",
               "AnnounceDistance": 20.0
          },
          {
               "Name": "Carisbrooke Avenue",
               "Location": "51.43858052276983, 0.12821340362345768",
               "Audio": "",
               "AnnounceDistance": 20.0
          },
          {
               "Name": "Crofton Avenue",
               "Location": "51.43918356181334, 0.12273036942657832",
               "Audio": "",
               "AnnounceDistance": 20.0
          },
          {
               "Name": "Penhill Road",
               "Location": "51.43894239064331, 0.11766860330800168",
               "Audio": "",
               "AnnounceDistance": 20.0
          },
          {
               "Name": "Hurstmere School",
               "Location": "51.4358684267654, 0.11309487100824224",
               "Audio": "",
               "AnnounceDistance": 20.0
          },
          {
               "Name": "Sidcup Leisure Centre",
               "Location": "51.4353184680012, 0.10367414998071757",
               "Audio": "",
               "AnnounceDistance": 20.0
          },
          {
               "Name": "Sidcup Station",
               "Location": "51.43263726386153, 0.1027452912748907",
               "Audio": "",
               "AnnounceDistance": 20.0
          },
          {
               "Name": "Station Road / Crescent Road",
               "Location": "51.43053495222056, 0.10213084460365604",
               "Audio": "",
               "AnnounceDistance": 20.0
          },
          {
               "Name": "Sidcup / Carlton Road",
               "Location": "51.42542995861547, 0.10096152391217283",
               "Audio": "",
               "AnnounceDistance": 20.0
          },
          {
               "Name": "The Green",
               "Location": "51.42420483437447, 0.10107794260064992",
               "Audio": "",
               "AnnounceDistance": 20.0
          },
          {
               "Name": "Queen Marys Hospital / Chislehurst Road",
               "Location": "51.420273607956794, 0.0996462948864906",
               "Audio": "",
               "AnnounceDistance": 20.0
          }
     ]
}