{
     "RouteNumber": "229",
     "Destination": "Thamesmead Town Centre",
     "RouteAudio": "",
     "DestinationAudio": "",
     "Stops": [
          {
               "Name": "Sidcup / Queen Marys Hospital",
               "Location": "51.41982613307345, 0.09952510451259626",
               "Audio": "",
               "AnnounceDistance": 20.0
          },
          {
               "Name": "Queen Marys Hospital",
               "Location": "51.42031009068587, 0.09911578763420947",
               "Audio": "",
               "AnnounceDistance": 20.0
          },
          {
               "Name": "The Green",
               "Location": "51.423403093163714, 0.10065279354329575",
               "Audio": "",
               "AnnounceDistance": 20.0
          },
          {
               "Name": "Sidcup / Carlton Road",
               "Location": "51.42613443721847, 0.10079244833706774",
               "Audio": "",
               "AnnounceDistance": 20.0
          },
          {
               "Name": "Crescent Road",
               "Location": "51.43114674071047, 0.1021157688544202",
               "Audio": "",
               "AnnounceDistance": 20.0
          },
          {
               "Name": "Sidcup Station / Station Road",
               "Location": "51.43256103651505, 0.10248282333810736",
               "Audio": "",
               "AnnounceDistance": 20.0
          },
          {
               "Name": "Sidcup Leisure Centre",
               "Location": "51.43564689227148, 0.1029122848775318",
               "Audio": "",
               "AnnounceDistance": 20.0
          },
          {
               "Name": "Hurstmere School",
               "Location": "51.43769771796912, 0.11538077680329084",
               "Audio": "",
               "AnnounceDistance": 20.0
          },
          {
               "Name": "Eynsford Crescent",
               "Location": "51.43940218847326, 0.12108574039899148",
               "Audio": "",
               "AnnounceDistance": 20.0
          },
          {
               "Name": "Crofton Avenue",
               "Location": "51.439375372716015, 0.12455231152053889",
               "Audio": "",
               "AnnounceDistance": 20.0
          },
          {
               "Name": "Carisbrooke Avenue",
               "Location": "51.43872230751012, 0.12882433603576443",
               "Audio": "",
               "AnnounceDistance": 20.0
          },
          {
               "Name": "Hurst Springs",
               "Location": "51.43858517607934, 0.13290444551319755",
               "Audio": "",
               "AnnounceDistance": 20.0
          },
          {
               "Name": "Grange Wood",
               "Location": "51.43984870067915, 0.13808595756481337",
               "Audio": "",
               "AnnounceDistance": 20.0
          },
          {
               "Name": "Parkwood Road",
               "Location": "51.4409187380043, 0.14252482198820557",
               "Audio": "",
               "AnnounceDistance": 20.0
          },
          {
               "Name": "Bexley Station",
               "Location": "51.44171536011337, 0.14715253442894913",
               "Audio": "",
               "AnnounceDistance": 20.0
          },
          {
               "Name": "Bexley Library",
               "Location": "51.4423880904226, 0.1506809266013767",
               "Audio": "",
               "AnnounceDistance": 20.0
          },
          {
               "Name": "Hartford Road",
               "Location": "51.444864073179716, 0.15199172778136508",
               "Audio": "",
               "AnnounceDistance": 20.0
          },
          {
               "Name": "Gravel Hill Close",
               "Location": "51.44919942359262, 0.15635500520112064",
               "Audio": "",
               "AnnounceDistance": 20.0
          },
          {
               "Name": "Broomfield Road",
               "Location": "51.4514182488448, 0.15257342209515817",
               "Audio": "",
               "AnnounceDistance": 20.0
          },
          {
               "Name": "Halcot Avenue",
               "Location": "51.45294281170806, 0.1518247088687712",
               "Audio": "",
               "AnnounceDistance": 20.0
          },
          {
               "Name": "Bexleyheath / Highland Road",
               "Location": "51.45579027678277, 0.15004416399154752",
               "Audio": "",
               "AnnounceDistance": 20.0
          },
          {
               "Name": "Mayplace Rd West / Bexleyheath Clock Twr",
               "Location": "51.45688030593041, 0.14797935039981175",
               "Audio": "",
               "AnnounceDistance": 20.0
          },
          {
               "Name": "Foresters Crescent",
               "Location": "51.4585522080064, 0.1519445987434139",
               "Audio": "",
               "AnnounceDistance": 20.0
          },
          {
               "Name": "Bexleyheath Bus Garage",
               "Location": "51.46022504664626, 0.15291583898624805",
               "Audio": "",
               "AnnounceDistance": 20.0
          },
          {
               "Name": "Long Lane",
               "Location": "51.4619982980362, 0.15331602249493861",
               "Audio": "",
               "AnnounceDistance": 20.0
          },
          {
               "Name": "Lyndhurst Road",
               "Location": "51.46365790795474, 0.15451711873485924",
               "Audio": "",
               "AnnounceDistance": 20.0
          },
          {
               "Name": "Barnehurst Station",
               "Location": "51.465793945172074, 0.1571949238632507",
               "Audio": "",
               "AnnounceDistance": 20.0
          },
          {
               "Name": "Rydal Drive",
               "Location": "51.468344628481496, 0.15835193165380557",
               "Audio": "",
               "AnnounceDistance": 20.0
          },
          {
               "Name": "Brook Street",
               "Location": "51.47024516203971, 0.1601407260875872",
               "Audio": "",
               "AnnounceDistance": 20.0
          },
          {
               "Name": "Mill Road",
               "Location": "51.472734702559244, 0.16217351994630963",
               "Audio": "",
               "AnnounceDistance": 20.0
          },
          {
               "Name": "Northumberland Park",
               "Location": "51.47462259620208, 0.16269481378407188",
               "Audio": "",
               "AnnounceDistance": 20.0
          },
          {
               "Name": "Carlton Road",
               "Location": "51.47871041521794, 0.1643715821516784",
               "Audio": "",
               "AnnounceDistance": 20.0
          },
          {
               "Name": "Lesney Park",
               "Location": "51.480217664363295, 0.16797149282257237",
               "Audio": "",
               "AnnounceDistance": 20.0
          },
          {
               "Name": "Fraser Road",
               "Location": "51.48066584652174, 0.17484827957934923",
               "Audio": "",
               "AnnounceDistance": 20.0
          },
          {
               "Name": "Erith Health Centre",
               "Location": "51.479598493904994, 0.18099037915848126",
               "Audio": "",
               "AnnounceDistance": 20.0
          },
          {
               "Name": "Colebrooke Street",
               "Location": "51.48060939416848, 0.18175873167744852",
               "Audio": "",
               "AnnounceDistance": 20.0
          },
          {
               "Name": "Erith Town Centre / Riverside",
               "Location": "51.480861970948425, 0.17978324851950814",
               "Audio": "",
               "AnnounceDistance": 20.0
          },
          {
               "Name": "Walnut Tree Road",
               "Location": "51.48129298054633, 0.17739857065410178",
               "Audio": "",
               "AnnounceDistance": 20.0
          },
          {
               "Name": "Erith High Street",
               "Location": "51.48309559147848, 0.17718197880252892",
               "Audio": "",
               "AnnounceDistance": 20.0
          },
          {
               "Name": "Maxim Road / The Ship",
               "Location": "51.485288493829835, 0.1728932726338478",
               "Audio": "",
               "AnnounceDistance": 20.0
          },
          {
               "Name": "St Francis Road",
               "Location": "51.48677906691597, 0.17058743434946433",
               "Audio": "",
               "AnnounceDistance": 20.0
          },
          {
               "Name": "Lower Road / Church Manorway",
               "Location": "51.48805309120915, 0.16880414674079622",
               "Audio": "",
               "AnnounceDistance": 20.0
          },
          {
               "Name": "Mayfield Road",
               "Location": "51.49020656161769, 0.1617612924780853",
               "Audio": "",
               "AnnounceDistance": 20.0
          },
          {
               "Name": "Poplar Mount",
               "Location": "51.49017266323025, 0.15872016018914267",
               "Audio": "",
               "AnnounceDistance": 20.0
          },
          {
               "Name": "Halt Robin Lane",
               "Location": "51.49004141026845, 0.15656756953641376",
               "Audio": "",
               "AnnounceDistance": 20.0
          },
          {
               "Name": "Lower Road / Belvedere Station",
               "Location": "51.49060594573292, 0.1522725712855464",
               "Audio": "",
               "AnnounceDistance": 20.0
          },
          {
               "Name": "Gilbert Road",
               "Location": "51.491267052239266, 0.14809725478996738",
               "Audio": "",
               "AnnounceDistance": 20.0
          },
          {
               "Name": "St Augustines Road",
               "Location": "51.4911510377429, 0.143626056432606",
               "Audio": "",
               "AnnounceDistance": 20.0
          },
          {
               "Name": "Kingswood Avenue",
               "Location": "51.49045586018934, 0.13934385145364128",
               "Audio": "",
               "AnnounceDistance": 20.0
          },
          {
               "Name": "Tunstock Way",
               "Location": "51.49022291858042, 0.136336639595485",
               "Audio": "",
               "AnnounceDistance": 20.0
          },
          {
               "Name": "Lesnes Abbey",
               "Location": "51.4902971486983, 0.1312694330895638",
               "Audio": "",
               "AnnounceDistance": 20.0
          },
          {
               "Name": "Fossington Road",
               "Location": "51.48992305037213, 0.1266135092079011",
               "Audio": "",
               "AnnounceDistance": 20.0
          },
          {
               "Name": "Abbey Wood / Florence Road",
               "Location": "51.48968822976815, 0.1226987932976124",
               "Audio": "",
               "AnnounceDistance": 20.0
          },
          {
               "Name": "Abbey Wood Road",
               "Location": "51.48927061227633, 0.1214261605947159",
               "Audio": "",
               "AnnounceDistance": 20.0
          },
          {
               "Name": "Abbey Wood Station",
               "Location": "51.49162658661282, 0.12143470140844871",
               "Audio": "",
               "AnnounceDistance": 20.0
          },
          {
               "Name": "Harrow Manorway / Lensbury Way",
               "Location": "51.49449302860112, 0.1210635635243113",
               "Audio": "",
               "AnnounceDistance": 20.0
          },
          {
               "Name": "Southmere Lake",
               "Location": "51.49790210432744, 0.12102013636096431",
               "Audio": "",
               "AnnounceDistance": 20.0
          },
          {
               "Name": "Thamesmead / Carlyle Road",
               "Location": "51.503433508736215, 0.11898589465342688",
               "Audio": "",
               "AnnounceDistance": 20.0
          },
          {
               "Name": "Poplar Place",
               "Location": "51.50569847343523, 0.12054640890791504",
               "Audio": "",
               "AnnounceDistance": 20.0
          },
          {
               "Name": "Curlew Close",
               "Location": "51.50658979598409, 0.12446420717932731",
               "Audio": "",
               "AnnounceDistance": 20.0
          },
          {
               "Name": "Lister Walk",
               "Location": "51.506699896280914, 0.1263282824298213",
               "Audio": "",
               "AnnounceDistance": 20.0
          },
          {
               "Name": "Manordene Road",
               "Location": "51.50951183337194, 0.12449927035675212",
               "Audio": "",
               "AnnounceDistance": 20.0
          },
          {
               "Name": "Nickelby Close",
               "Location": "51.509352615500546, 0.11988023948908313",
               "Audio": "",
               "AnnounceDistance": 20.0
          },
          {
               "Name": "Hoveton Road",
               "Location": "51.50886080408563, 0.11624020735262497",
               "Audio": "",
               "AnnounceDistance": 20.0
          },
          {
               "Name": "Linton Mead Primary School",
               "Location": "51.50728700690701, 0.11275195131184758",
               "Audio": "",
               "AnnounceDistance": 20.0
          },
          {
               "Name": "Thamesmead Town Centre",
               "Location": "51.507461000717306, 0.10858089758274435",
               "Audio": "",
               "AnnounceDistance": 20.0
          }
     ]
}