{
     "RouteNumber": "229",
     "Destination": "Erith Town Centre / Riverside",
     "RouteAudio": "",
     "DestinationAudio": "",
     "Stops": [
          {
               "Name": "Sidcup / Queen Marys Hospital",
               "Location": "51.41982613307345, 0.09952510451259626",
               "Audio": "",
               "AnnounceDistance": 20.0
          },
          {
               "Name": "Queen Marys Hospital",
               "Location": "51.42031009068587, 0.09911578763420947",
               "Audio": "",
               "AnnounceDistance": 20.0
          },
          {
               "Name": "The Green",
               "Location": "51.423403093163714, 0.10065279354329575",
               "Audio": "",
               "AnnounceDistance": 20.0
          },
          {
               "Name": "Sidcup / Carlton Road",
               "Location": "51.42613443721847, 0.10079244833706774",
               "Audio": "",
               "AnnounceDistance": 20.0
          },
          {
               "Name": "Crescent Road",
               "Location": "51.43114674071047, 0.1021157688544202",
               "Audio": "",
               "AnnounceDistance": 20.0
          },
          {
               "Name": "Sidcup Station / Station Road",
               "Location": "51.43256103651505, 0.10248282333810736",
               "Audio": "",
               "AnnounceDistance": 20.0
          },
          {
               "Name": "Sidcup Leisure Centre",
               "Location": "51.43564689227148, 0.1029122848775318",
               "Audio": "",
               "AnnounceDistance": 20.0
          },
          {
               "Name": "Hurstmere School",
               "Location": "51.43769771796912, 0.11538077680329084",
               "Audio": "",
               "AnnounceDistance": 20.0
          },
          {
               "Name": "Eynsford Crescent",
               "Location": "51.43940218847326, 0.12108574039899148",
               "Audio": "",
               "AnnounceDistance": 20.0
          },
          {
               "Name": "Crofton Avenue",
               "Location": "51.439375372716015, 0.12455231152053889",
               "Audio": "",
               "AnnounceDistance": 20.0
          },
          {
               "Name": "Carisbrooke Avenue",
               "Location": "51.43872230751012, 0.12882433603576443",
               "Audio": "",
               "AnnounceDistance": 20.0
          },
          {
               "Name": "Hurst Springs",
               "Location": "51.43858517607934, 0.13290444551319755",
               "Audio": "",
               "AnnounceDistance": 20.0
          },
          {
               "Name": "Grange Wood",
               "Location": "51.43984870067915, 0.13808595756481337",
               "Audio": "",
               "AnnounceDistance": 20.0
          },
          {
               "Name": "Parkwood Road",
               "Location": "51.4409187380043, 0.14252482198820557",
               "Audio": "",
               "AnnounceDistance": 20.0
          },
          {
               "Name": "Bexley Station",
               "Location": "51.44171536011337, 0.14715253442894913",
               "Audio": "",
               "AnnounceDistance": 20.0
          },
          {
               "Name": "Bexley Library",
               "Location": "51.4423880904226, 0.1506809266013767",
               "Audio": "",
               "AnnounceDistance": 20.0
          },
          {
               "Name": "Hartford Road",
               "Location": "51.444864073179716, 0.15199172778136508",
               "Audio": "",
               "AnnounceDistance": 20.0
          },
          {
               "Name": "Gravel Hill Close",
               "Location": "51.44919942359262, 0.15635500520112064",
               "Audio": "",
               "AnnounceDistance": 20.0
          },
          {
               "Name": "Broomfield Road",
               "Location": "51.4514182488448, 0.15257342209515817",
               "Audio": "",
               "AnnounceDistance": 20.0
          },
          {
               "Name": "Halcot Avenue",
               "Location": "51.45294281170806, 0.1518247088687712",
               "Audio": "",
               "AnnounceDistance": 20.0
          },
          {
               "Name": "Bexleyheath / Highland Road",
               "Location": "51.45579027678277, 0.15004416399154752",
               "Audio": "",
               "AnnounceDistance": 20.0
          },
          {
               "Name": "Mayplace Rd West / Bexleyheath Clock Twr",
               "Location": "51.45688030593041, 0.14797935039981175",
               "Audio": "",
               "AnnounceDistance": 20.0
          },
          {
               "Name": "Foresters Crescent",
               "Location": "51.4585522080064, 0.1519445987434139",
               "Audio": "",
               "AnnounceDistance": 20.0
          },
          {
               "Name": "Bexleyheath Bus Garage",
               "Location": "51.46022504664626, 0.15291583898624805",
               "Audio": "",
               "AnnounceDistance": 20.0
          },
          {
               "Name": "Long Lane",
               "Location": "51.4619982980362, 0.15331602249493861",
               "Audio": "",
               "AnnounceDistance": 20.0
          },
          {
               "Name": "Lyndhurst Road",
               "Location": "51.46365790795474, 0.15451711873485924",
               "Audio": "",
               "AnnounceDistance": 20.0
          },
          {
               "Name": "Barnehurst Station",
               "Location": "51.465793945172074, 0.1571949238632507",
               "Audio": "",
               "AnnounceDistance": 20.0
          },
          {
               "Name": "Rydal Drive",
               "Location": "51.468344628481496, 0.15835193165380557",
               "Audio": "",
               "AnnounceDistance": 20.0
          },
          {
               "Name": "Brook Street",
               "Location": "51.47024516203971, 0.1601407260875872",
               "Audio": "",
               "AnnounceDistance": 20.0
          },
          {
               "Name": "Mill Road",
               "Location": "51.472734702559244, 0.16217351994630963",
               "Audio": "",
               "AnnounceDistance": 20.0
          },
          {
               "Name": "Northumberland Park",
               "Location": "51.47462259620208, 0.16269481378407188",
               "Audio": "",
               "AnnounceDistance": 20.0
          },
          {
               "Name": "Carlton Road",
               "Location": "51.47871041521794, 0.1643715821516784",
               "Audio": "",
               "AnnounceDistance": 20.0
          },
          {
               "Name": "Lesney Park",
               "Location": "51.480217664363295, 0.16797149282257237",
               "Audio": "",
               "AnnounceDistance": 20.0
          },
          {
               "Name": "Fraser Road",
               "Location": "51.48066584652174, 0.17484827957934923",
               "Audio": "",
               "AnnounceDistance": 20.0
          },
          {
               "Name": "Erith Health Centre",
               "Location": "51.479598493904994, 0.18099037915848126",
               "Audio": "",
               "AnnounceDistance": 20.0
          },
          {
               "Name": "Colebrooke Street",
               "Location": "51.48060939416848, 0.18175873167744852",
               "Audio": "",
               "AnnounceDistance": 20.0
          },
          {
               "Name": "Erith Town Centre / Riverside",
               "Location": "51.480861970948425, 0.17978324851950814",
               "Audio": "",
               "AnnounceDistance": 20.0
          }
     ]
}