{
     "RouteNumber": "230",
     "Destination": "Fyfield Road",
     "RouteAudio": "",
     "DestinationAudio": "",
     "Stops": [
          {
               "Name": "Lordship Lane",
               "Location": "51.596621696243034, -0.10924348528165151",
               "Audio": "",
               "AnnounceDistance": 20.0
          },
          {
               "Name": "Brampton Park Road",
               "Location": "51.5931364051501, -0.10668842896185599",
               "Audio": "",
               "AnnounceDistance": 20.0
          },
          {
               "Name": "Coleraine Road",
               "Location": "51.59137142433782, -0.10430755631474604",
               "Audio": "",
               "AnnounceDistance": 20.0
          },
          {
               "Name": "Turnpike Lane Station",
               "Location": "51.58962424791957, -0.10247470239650062",
               "Audio": "",
               "AnnounceDistance": 20.0
          },
          {
               "Name": "Willow Walk",
               "Location": "51.58798195728458, -0.09990138843245064",
               "Audio": "",
               "AnnounceDistance": 20.0
          },
          {
               "Name": "Stanley Road",
               "Location": "51.5870603921762, -0.09741363045567403",
               "Audio": "",
               "AnnounceDistance": 20.0
          },
          {
               "Name": "West Green Primary School",
               "Location": "51.58613230665493, -0.09231347508571544",
               "Audio": "",
               "AnnounceDistance": 20.0
          },
          {
               "Name": "Philip Lane",
               "Location": "51.58635589588396, -0.08726620036647997",
               "Audio": "",
               "AnnounceDistance": 20.0
          },
          {
               "Name": "Summerhill Road",
               "Location": "51.58837121233805, -0.08402008810795514",
               "Audio": "",
               "AnnounceDistance": 20.0
          },
          {
               "Name": "Mount Pleasant Road",
               "Location": "51.589217564053676, -0.07913391745893",
               "Audio": "",
               "AnnounceDistance": 20.0
          },
          {
               "Name": "Winchelsea Road",
               "Location": "51.589335367199496, -0.07589523096200043",
               "Audio": "",
               "AnnounceDistance": 20.0
          },
          {
               "Name": "Tottenham Bus Garage",
               "Location": "51.5885837483826, -0.0717405469763123",
               "Audio": "",
               "AnnounceDistance": 20.0
          },
          {
               "Name": "Tottenham High Road",
               "Location": "51.588801417607066, -0.06911839911641497",
               "Audio": "",
               "AnnounceDistance": 20.0
          },
          {
               "Name": "Park View Road",
               "Location": "51.5893469532208, -0.06565943695882295",
               "Audio": "",
               "AnnounceDistance": 20.0
          },
          {
               "Name": "Tottenham Hale Bus Station",
               "Location": "51.58834019214465, -0.06077954264834822",
               "Audio": "",
               "AnnounceDistance": 20.0
          },
          {
               "Name": "Mill Mead Road",
               "Location": "51.58804850775668, -0.05836673851956823",
               "Audio": "",
               "AnnounceDistance": 20.0
          },
          {
               "Name": "Walthamstow Wetlands / Ferry Boat Inn",
               "Location": "51.587124953370385, -0.05364237413224505",
               "Audio": "",
               "AnnounceDistance": 20.0
          },
          {
               "Name": "Blackhorse Road Station",
               "Location": "51.58621127758029, -0.039809093384456824",
               "Audio": "",
               "AnnounceDistance": 20.0
          },
          {
               "Name": "Longfield Avenue",
               "Location": "51.584309937115684, -0.03742258924538494",
               "Audio": "",
               "AnnounceDistance": 20.0
          },
          {
               "Name": "Walthamstow Market",
               "Location": "51.58189083704309, -0.03419258022441844",
               "Audio": "",
               "AnnounceDistance": 20.0
          },
          {
               "Name": "St Jamess Street Station",
               "Location": "51.580301161712406, -0.032702371844951804",
               "Audio": "",
               "AnnounceDistance": 20.0
          },
          {
               "Name": "South Grove",
               "Location": "51.5810676342308, -0.02854122777375348",
               "Audio": "",
               "AnnounceDistance": 20.0
          },
          {
               "Name": "Selborne Walk / Vernon Road",
               "Location": "51.58248555239247, -0.025694061957337474",
               "Audio": "",
               "AnnounceDistance": 20.0
          },
          {
               "Name": "Selborne Walk",
               "Location": "51.58275344121009, -0.02344514057858816",
               "Audio": "",
               "AnnounceDistance": 20.0
          },
          {
               "Name": "Walthamstow Bus Station",
               "Location": "51.58368307074412, -0.020445713646167575",
               "Audio": "",
               "AnnounceDistance": 20.0
          },
          {
               "Name": "Grosvenor Park Road",
               "Location": "51.57945105984027, -0.017988350708556703",
               "Audio": "",
               "AnnounceDistance": 20.0
          },
          {
               "Name": "Grove Road",
               "Location": "51.57758018256093, -0.01636669986622848",
               "Audio": "",
               "AnnounceDistance": 20.0
          },
          {
               "Name": "Bakers Avenue",
               "Location": "51.576204730661786, -0.01479575165669404",
               "Audio": "",
               "AnnounceDistance": 20.0
          },
          {
               "Name": "Lea Bridge Road / Bakers Arms",
               "Location": "51.57638586715008, -0.011684923166397888",
               "Audio": "",
               "AnnounceDistance": 20.0
          },
          {
               "Name": "Leyton Green Road",
               "Location": "51.57767799166921, -0.008337877293849173",
               "Audio": "",
               "AnnounceDistance": 20.0
          },
          {
               "Name": "Shernhall Street",
               "Location": "51.57935984419904, -0.005175635235498597",
               "Audio": "",
               "AnnounceDistance": 20.0
          },
          {
               "Name": "Peterborough Road",
               "Location": "51.580013827680396, -0.0034438510820336407",
               "Audio": "",
               "AnnounceDistance": 20.0
          },
          {
               "Name": "Whipps Cross / Wood Street",
               "Location": "51.58114898775326, -0.000925915817145971",
               "Audio": "",
               "AnnounceDistance": 20.0
          },
          {
               "Name": "Woodside Park Avenue",
               "Location": "51.58283822250673, -0.0003177039945416357",
               "Audio": "",
               "AnnounceDistance": 20.0
          },
          {
               "Name": "Chestnut Avenue North",
               "Location": "51.58466330071747, -0.0013490582557031876",
               "Audio": "",
               "AnnounceDistance": 20.0
          },
          {
               "Name": "Wood Street Station",
               "Location": "51.58671168808501, -0.0017644042735325933",
               "Audio": "",
               "AnnounceDistance": 20.0
          },
          {
               "Name": "Bisterne Avenue",
               "Location": "51.58916601795619, 0.003020670062374681",
               "Audio": "",
               "AnnounceDistance": 20.0
          },
          {
               "Name": "Fyfield Road",
               "Location": "51.58981224595668, 0.000984670866261548",
               "Audio": "",
               "AnnounceDistance": 20.0
          }
     ]
}