{
     "RouteNumber": "232",
     "Destination": "Turnpike Lane Station",
     "RouteAudio": "",
     "DestinationAudio": "",
     "Stops": [
          {
               "Name": "Mitchell Way",
               "Location": "51.548239428570284, -0.26807144682784495",
               "Audio": "",
               "AnnounceDistance": 20.0
          },
          {
               "Name": "Lilburne Walk",
               "Location": "51.549235487212414, -0.2654951403324529",
               "Audio": "",
               "AnnounceDistance": 20.0
          },
          {
               "Name": "Owen Way",
               "Location": "51.55101777155623, -0.2650090644473254",
               "Audio": "",
               "AnnounceDistance": 20.0
          },
          {
               "Name": "Lovett Way",
               "Location": "51.552605188967334, -0.2629004236456639",
               "Audio": "",
               "AnnounceDistance": 20.0
          },
          {
               "Name": "Woodheyes Road",
               "Location": "51.55254236068328, -0.2574504518907828",
               "Audio": "",
               "AnnounceDistance": 20.0
          },
          {
               "Name": "Village Way",
               "Location": "51.55718908643854, -0.2536664319244352",
               "Audio": "",
               "AnnounceDistance": 20.0
          },
          {
               "Name": "Winslow Close",
               "Location": "51.561052767829615, -0.2546725834780792",
               "Audio": "",
               "AnnounceDistance": 20.0
          },
          {
               "Name": "Neasden Shopping Centre / Birse Crescent",
               "Location": "51.559677081006114, -0.2504550009947974",
               "Audio": "",
               "AnnounceDistance": 20.0
          },
          {
               "Name": "St Catherine Neasden Church",
               "Location": "51.55842121328259, -0.24764682169058866",
               "Audio": "",
               "AnnounceDistance": 20.0
          },
          {
               "Name": "Randall Avenue",
               "Location": "51.559227794902206, -0.24445644028957533",
               "Audio": "",
               "AnnounceDistance": 20.0
          },
          {
               "Name": "Gladstone Park",
               "Location": "51.56009895957751, -0.24018145241208277",
               "Audio": "",
               "AnnounceDistance": 20.0
          },
          {
               "Name": "Brook Road",
               "Location": "51.56021527766067, -0.2371473525804788",
               "Audio": "",
               "AnnounceDistance": 20.0
          },
          {
               "Name": "Pippin Close",
               "Location": "51.56190812429037, -0.23311439335260156",
               "Audio": "",
               "AnnounceDistance": 20.0
          },
          {
               "Name": "Oxgate Gardens",
               "Location": "51.5630068941147, -0.23024399229550235",
               "Audio": "",
               "AnnounceDistance": 20.0
          },
          {
               "Name": "Humber Road",
               "Location": "51.56511385220024, -0.23161944160385833",
               "Audio": "",
               "AnnounceDistance": 20.0
          },
          {
               "Name": "Oxgate Lane",
               "Location": "51.567965729134784, -0.23051317383395745",
               "Audio": "",
               "AnnounceDistance": 20.0
          },
          {
               "Name": "Staples Corner",
               "Location": "51.57042847249553, -0.23162966628770695",
               "Audio": "",
               "AnnounceDistance": 20.0
          },
          {
               "Name": "Etheridge Road",
               "Location": "51.5734264433161, -0.22471635997374773",
               "Audio": "",
               "AnnounceDistance": 20.0
          },
          {
               "Name": "Brent Cross Shopping Centre",
               "Location": "51.57569590213609, -0.22256420987201092",
               "Audio": "",
               "AnnounceDistance": 20.0
          },
          {
               "Name": "Heathfield Gardens",
               "Location": "51.57816155580773, -0.21556931254661887",
               "Audio": "",
               "AnnounceDistance": 20.0
          },
          {
               "Name": "Golders Green Road",
               "Location": "51.58051148377092, -0.21280712458535261",
               "Audio": "",
               "AnnounceDistance": 20.0
          },
          {
               "Name": "Bridge Lane",
               "Location": "51.5861676576694, -0.20985697252076263",
               "Audio": "",
               "AnnounceDistance": 20.0
          },
          {
               "Name": "Southbourne Crescent",
               "Location": "51.58818365009498, -0.20761238517687675",
               "Audio": "",
               "AnnounceDistance": 20.0
          },
          {
               "Name": "Henlys Corner",
               "Location": "51.58989344469951, -0.19888338069426034",
               "Audio": "",
               "AnnounceDistance": 20.0
          },
          {
               "Name": "Beechwood Avenue",
               "Location": "51.59020870443008, -0.19306752140879108",
               "Audio": "",
               "AnnounceDistance": 20.0
          },
          {
               "Name": "Amberden Avenue",
               "Location": "51.592013169921294, -0.1893722615345536",
               "Audio": "",
               "AnnounceDistance": 20.0
          },
          {
               "Name": "East End Road",
               "Location": "51.593840395760516, -0.18599342236231414",
               "Audio": "",
               "AnnounceDistance": 20.0
          },
          {
               "Name": "Long Lane",
               "Location": "51.59780393397448, -0.17889046735894504",
               "Audio": "",
               "AnnounceDistance": 20.0
          },
          {
               "Name": "Finchley High Road",
               "Location": "51.600735781703385, -0.17486002698545164",
               "Audio": "",
               "AnnounceDistance": 20.0
          },
          {
               "Name": "Coppetts Close",
               "Location": "51.605874924797995, -0.16074695416553925",
               "Audio": "",
               "AnnounceDistance": 20.0
          },
          {
               "Name": "Colney Hatch Lane",
               "Location": "51.60652435988591, -0.15342772901310453",
               "Audio": "",
               "AnnounceDistance": 20.0
          },
          {
               "Name": "Alexandra Road",
               "Location": "51.60941776941499, -0.14246401860649413",
               "Audio": "",
               "AnnounceDistance": 20.0
          },
          {
               "Name": "Bounds Green Road",
               "Location": "51.610942468661335, -0.1365379283196979",
               "Audio": "",
               "AnnounceDistance": 20.0
          },
          {
               "Name": "Hobart Corner",
               "Location": "51.611700492884395, -0.137272375504134",
               "Audio": "",
               "AnnounceDistance": 20.0
          },
          {
               "Name": "Lower Park Road",
               "Location": "51.61223778255327, -0.13996573751214325",
               "Audio": "",
               "AnnounceDistance": 20.0
          },
          {
               "Name": "Whitmore Close",
               "Location": "51.61379376853598, -0.14225648007047742",
               "Audio": "",
               "AnnounceDistance": 20.0
          },
          {
               "Name": "New Southgate Station",
               "Location": "51.61453332819458, -0.14296293228428628",
               "Audio": "",
               "AnnounceDistance": 20.0
          },
          {
               "Name": "Betstyle Road",
               "Location": "51.61638929234952, -0.13807708680510522",
               "Audio": "",
               "AnnounceDistance": 20.0
          },
          {
               "Name": "Arnos Grove Station",
               "Location": "51.61618113589883, -0.13346331800474728",
               "Audio": "",
               "AnnounceDistance": 20.0
          },
          {
               "Name": "Telford Road",
               "Location": "51.61457785072642, -0.12652368106748957",
               "Audio": "",
               "AnnounceDistance": 20.0
          },
          {
               "Name": "Brownlow Road",
               "Location": "51.61345658207109, -0.12331999537075893",
               "Audio": "",
               "AnnounceDistance": 20.0
          },
          {
               "Name": "Pymmes Road",
               "Location": "51.612536995037914, -0.11867822414943872",
               "Audio": "",
               "AnnounceDistance": 20.0
          },
          {
               "Name": "Tottenhall Road",
               "Location": "51.61126481315584, -0.10945833534771009",
               "Audio": "",
               "AnnounceDistance": 20.0
          },
          {
               "Name": "Berkshire Gardens",
               "Location": "51.60840930776572, -0.11027019498786182",
               "Audio": "",
               "AnnounceDistance": 20.0
          },
          {
               "Name": "Arcadian Gardens",
               "Location": "51.60693677250745, -0.11096677914778043",
               "Audio": "",
               "AnnounceDistance": 20.0
          },
          {
               "Name": "Nightingale Road",
               "Location": "51.603371790232956, -0.11183677414387698",
               "Audio": "",
               "AnnounceDistance": 20.0
          },
          {
               "Name": "Canning Crescent",
               "Location": "51.601783283038145, -0.11203263073840686",
               "Audio": "",
               "AnnounceDistance": 20.0
          },
          {
               "Name": "Haringey Civic Centre",
               "Location": "51.599945574088316, -0.11127135767619527",
               "Audio": "",
               "AnnounceDistance": 20.0
          },
          {
               "Name": "Wood Green Station",
               "Location": "51.59757208602863, -0.11018585078941825",
               "Audio": "",
               "AnnounceDistance": 20.0
          },
          {
               "Name": "Wood Green Shopping City",
               "Location": "51.59558198193645, -0.10889683457433948",
               "Audio": "",
               "AnnounceDistance": 20.0
          },
          {
               "Name": "Brampton Park Road",
               "Location": "51.5929430353129, -0.1064077231720321",
               "Audio": "",
               "AnnounceDistance": 20.0
          },
          {
               "Name": "Coleraine Road",
               "Location": "51.59137142433782, -0.10430755631474604",
               "Audio": "",
               "AnnounceDistance": 20.0
          },
          {
               "Name": "Turnpike Lane Station",
               "Location": "51.58962424791957, -0.10247470239650062",
               "Audio": "",
               "AnnounceDistance": 20.0
          }
     ]
}