{
     "RouteNumber": "233",
     "Destination": "Eltham Bus Station",
     "RouteAudio": "",
     "DestinationAudio": "",
     "Stops": [
          {
               "Name": "Beechenlea Lane",
               "Location": "51.390177320629455, 0.18842092222922915",
               "Audio": "",
               "AnnounceDistance": 20.0
          },
          {
               "Name": "Rogers Court",
               "Location": "51.39236695606163, 0.18481676548739281",
               "Audio": "",
               "AnnounceDistance": 20.0
          },
          {
               "Name": "High Street / Goldsel Road",
               "Location": "51.39465182038428, 0.17898862226609075",
               "Audio": "",
               "AnnounceDistance": 20.0
          },
          {
               "Name": "High Street / Station Road",
               "Location": "51.39550666904536, 0.1765422693646921",
               "Audio": "",
               "AnnounceDistance": 20.0
          },
          {
               "Name": "Bartholomew Way",
               "Location": "51.39726267486045, 0.17544678900342364",
               "Audio": "",
               "AnnounceDistance": 20.0
          },
          {
               "Name": "Sycamore Drive",
               "Location": "51.40012704195493, 0.1742312728110211",
               "Audio": "",
               "AnnounceDistance": 20.0
          },
          {
               "Name": "Northview",
               "Location": "51.40185306552343, 0.17378116901821145",
               "Audio": "",
               "AnnounceDistance": 20.0
          },
          {
               "Name": "Hilda May Avenue",
               "Location": "51.40014802621203, 0.16970349885765385",
               "Audio": "",
               "AnnounceDistance": 20.0
          },
          {
               "Name": "Lesley Close",
               "Location": "51.39962832983305, 0.16862939020531076",
               "Audio": "",
               "AnnounceDistance": 20.0
          },
          {
               "Name": "Walnut Way",
               "Location": "51.40311406744796, 0.16249675313247836",
               "Audio": "",
               "AnnounceDistance": 20.0
          },
          {
               "Name": "Birchwood Corner",
               "Location": "51.40481691528257, 0.15939944714895302",
               "Audio": "",
               "AnnounceDistance": 20.0
          },
          {
               "Name": "Hillside Nursery",
               "Location": "51.40916527858903, 0.1469069396389059",
               "Audio": "",
               "AnnounceDistance": 20.0
          },
          {
               "Name": "Old Maidstone Road",
               "Location": "51.41134330072758, 0.14042271059157835",
               "Audio": "",
               "AnnounceDistance": 20.0
          },
          {
               "Name": "Glebe Cottages",
               "Location": "51.41399161054463, 0.1337728188887287",
               "Audio": "",
               "AnnounceDistance": 20.0
          },
          {
               "Name": "Ruxley Nursery",
               "Location": "51.414963127791154, 0.12881326101262658",
               "Audio": "",
               "AnnounceDistance": 20.0
          },
          {
               "Name": "Ruxley Corner",
               "Location": "51.415352976296134, 0.12566739442907773",
               "Audio": "",
               "AnnounceDistance": 20.0
          },
          {
               "Name": "Five Arches Business Estate",
               "Location": "51.4172751904698, 0.12132682220003484",
               "Audio": "",
               "AnnounceDistance": 20.0
          },
          {
               "Name": "Sidcup Hill / Cray Road",
               "Location": "51.418884732034655, 0.11735977806296703",
               "Audio": "",
               "AnnounceDistance": 20.0
          },
          {
               "Name": "Middleton Avenue",
               "Location": "51.420320738851544, 0.11403169977841802",
               "Audio": "",
               "AnnounceDistance": 20.0
          },
          {
               "Name": "Knoll Road",
               "Location": "51.42213541075182, 0.11014551068422383",
               "Audio": "",
               "AnnounceDistance": 20.0
          },
          {
               "Name": "Church Road",
               "Location": "51.424790257871265, 0.10603872927163702",
               "Audio": "",
               "AnnounceDistance": 20.0
          },
          {
               "Name": "Sidcup High Street / Station Road",
               "Location": "51.42634283951925, 0.10170827025344856",
               "Audio": "",
               "AnnounceDistance": 20.0
          },
          {
               "Name": "Crescent Road",
               "Location": "51.43114674071047, 0.1021157688544202",
               "Audio": "",
               "AnnounceDistance": 20.0
          },
          {
               "Name": "Sidcup Station / Station Road",
               "Location": "51.43256103651505, 0.10248282333810736",
               "Audio": "",
               "AnnounceDistance": 20.0
          },
          {
               "Name": "Hail Ride King Georges Rec Ground",
               "Location": "51.43284084814841, 0.0989132663751874",
               "Audio": "",
               "AnnounceDistance": 20.0
          },
          {
               "Name": "Hail Ride Longlands Road",
               "Location": "51.43284300408114, 0.09628051459981683",
               "Audio": "",
               "AnnounceDistance": 20.0
          },
          {
               "Name": "Hail Ride Little Birches",
               "Location": "51.43258144000546, 0.09330480306077672",
               "Audio": "",
               "AnnounceDistance": 20.0
          },
          {
               "Name": "Hail Ride Longlands Park Crescent",
               "Location": "51.43222658457285, 0.08950481190138287",
               "Audio": "",
               "AnnounceDistance": 20.0
          },
          {
               "Name": "Hail Ride Bedford Road",
               "Location": "51.431559802142424, 0.08806448599863737",
               "Audio": "",
               "AnnounceDistance": 20.0
          },
          {
               "Name": "Hail Ride Main Road",
               "Location": "51.43031843466889, 0.08656924894597426",
               "Audio": "",
               "AnnounceDistance": 20.0
          },
          {
               "Name": "Marechal Niel Parade",
               "Location": "51.43045501268264, 0.08293571661545396",
               "Audio": "",
               "AnnounceDistance": 20.0
          },
          {
               "Name": "County Gate",
               "Location": "51.43274708233533, 0.07793255779039568",
               "Audio": "",
               "AnnounceDistance": 20.0
          },
          {
               "Name": "Thaxted Road",
               "Location": "51.4346542365836, 0.07535738463519323",
               "Audio": "",
               "AnnounceDistance": 20.0
          },
          {
               "Name": "Footscray Road / Southwood Road",
               "Location": "51.43718770353593, 0.07245064335374966",
               "Audio": "",
               "AnnounceDistance": 20.0
          },
          {
               "Name": "New Eltham Station / Footscray Road",
               "Location": "51.43874500116842, 0.0708376306280894",
               "Audio": "",
               "AnnounceDistance": 20.0
          },
          {
               "Name": "Footscray Rugby Club",
               "Location": "51.441000774629714, 0.0688819508697571",
               "Audio": "",
               "AnnounceDistance": 20.0
          },
          {
               "Name": "Green Lane",
               "Location": "51.44320176725671, 0.06441968659891315",
               "Audio": "",
               "AnnounceDistance": 20.0
          },
          {
               "Name": "Halons Road",
               "Location": "51.44568954814934, 0.06256030931934763",
               "Audio": "",
               "AnnounceDistance": 20.0
          },
          {
               "Name": "Footscray Road / Southend Crescent",
               "Location": "51.44768336477758, 0.06270773042615475",
               "Audio": "",
               "AnnounceDistance": 20.0
          },
          {
               "Name": "Southend Crescent / Southend Close",
               "Location": "51.44923978700594, 0.0642027146692683",
               "Audio": "",
               "AnnounceDistance": 20.0
          },
          {
               "Name": "Eltham High Street / Foots Cray Road",
               "Location": "51.45070394126017, 0.06123189703455162",
               "Audio": "",
               "AnnounceDistance": 20.0
          },
          {
               "Name": "Eltham High Street / Pound Place",
               "Location": "51.4507390379254, 0.05821100780544754",
               "Audio": "",
               "AnnounceDistance": 20.0
          },
          {
               "Name": "Eltham High Street / Passey Place",
               "Location": "51.45071965093792, 0.053676435030767224",
               "Audio": "",
               "AnnounceDistance": 20.0
          },
          {
               "Name": "Eltham Church / Well Hall Road",
               "Location": "51.45140457621858, 0.05205198873684403",
               "Audio": "",
               "AnnounceDistance": 20.0
          },
          {
               "Name": "Eltham Station / Lassa Road",
               "Location": "51.45421425357667, 0.051314366223223114",
               "Audio": "",
               "AnnounceDistance": 20.0
          },
          {
               "Name": "Eltham Bus Station",
               "Location": "51.45525468457847, 0.052498147274331046",
               "Audio": "",
               "AnnounceDistance": 20.0
          }
     ]
}