{
     "RouteNumber": "233",
     "Destination": "Beechenlea Lane",
     "RouteAudio": "",
     "DestinationAudio": "",
     "Stops": [
          {
               "Name": "Eltham Bus Station",
               "Location": "51.45502810546089, 0.05208494980516047",
               "Audio": "",
               "AnnounceDistance": 20.0
          },
          {
               "Name": "Eltham Station / Lassa Road",
               "Location": "51.45376866522653, 0.05159665674973277",
               "Audio": "",
               "AnnounceDistance": 20.0
          },
          {
               "Name": "Eltham Church / Well Hall Road",
               "Location": "51.45139156195434, 0.05228169161445907",
               "Audio": "",
               "AnnounceDistance": 20.0
          },
          {
               "Name": "Eltham High Street / Passey Place",
               "Location": "51.45073710515679, 0.05524602301618048",
               "Audio": "",
               "AnnounceDistance": 20.0
          },
          {
               "Name": "Eltham High Street / Pound Place",
               "Location": "51.45089194180252, 0.05872163157437243",
               "Audio": "",
               "AnnounceDistance": 20.0
          },
          {
               "Name": "Southend Crescent / Wythens Walk",
               "Location": "51.45004128722969, 0.06413812000030229",
               "Audio": "",
               "AnnounceDistance": 20.0
          },
          {
               "Name": "Holy Trinity Church",
               "Location": "51.448110502954876, 0.06347536037753955",
               "Audio": "",
               "AnnounceDistance": 20.0
          },
          {
               "Name": "Halons Road",
               "Location": "51.44681871172838, 0.06278389319076175",
               "Audio": "",
               "AnnounceDistance": 20.0
          },
          {
               "Name": "Inca Drive",
               "Location": "51.44471947234932, 0.06300588337478356",
               "Audio": "",
               "AnnounceDistance": 20.0
          },
          {
               "Name": "Green Lane",
               "Location": "51.443004202369735, 0.06491443656912167",
               "Audio": "",
               "AnnounceDistance": 20.0
          },
          {
               "Name": "Footscray Rugby Club",
               "Location": "51.44168840393216, 0.06813597472220376",
               "Audio": "",
               "AnnounceDistance": 20.0
          },
          {
               "Name": "New Eltham Station / Footscray Road",
               "Location": "51.43835718609878, 0.07141003110900475",
               "Audio": "",
               "AnnounceDistance": 20.0
          },
          {
               "Name": "Thaxted Road",
               "Location": "51.43556036067282, 0.07446323833799294",
               "Audio": "",
               "AnnounceDistance": 20.0
          },
          {
               "Name": "County Gate",
               "Location": "51.433317698830294, 0.07719592682069173",
               "Audio": "",
               "AnnounceDistance": 20.0
          },
          {
               "Name": "Marechal Niel Parade",
               "Location": "51.43053311488672, 0.0836010437538742",
               "Audio": "",
               "AnnounceDistance": 20.0
          },
          {
               "Name": "Hail Ride Longlands Road",
               "Location": "51.430933066382195, 0.08689937165514428",
               "Audio": "",
               "AnnounceDistance": 20.0
          },
          {
               "Name": "Hail Ride Bedford Road",
               "Location": "51.43161806940128, 0.0878225680296517",
               "Audio": "",
               "AnnounceDistance": 20.0
          },
          {
               "Name": "Hail Ride Longlands Park Crescent",
               "Location": "51.43249693533093, 0.08997753355120935",
               "Audio": "",
               "AnnounceDistance": 20.0
          },
          {
               "Name": "Hail Ride Little Birches",
               "Location": "51.43272777653142, 0.0931676216444942",
               "Audio": "",
               "AnnounceDistance": 20.0
          },
          {
               "Name": "Hail Ride Longlands Court",
               "Location": "51.4329661969655, 0.09743713032285528",
               "Audio": "",
               "AnnounceDistance": 20.0
          },
          {
               "Name": "Hail Ride King Georges Rec Ground",
               "Location": "51.432997349173185, 0.10071884190214078",
               "Audio": "",
               "AnnounceDistance": 20.0
          },
          {
               "Name": "Sidcup Station",
               "Location": "51.43263726386153, 0.1027452912748907",
               "Audio": "",
               "AnnounceDistance": 20.0
          },
          {
               "Name": "Station Road / Crescent Road",
               "Location": "51.43053495222056, 0.10213084460365604",
               "Audio": "",
               "AnnounceDistance": 20.0
          },
          {
               "Name": "Sidcup High Street / Station Road",
               "Location": "51.42641881129655, 0.10198507432529723",
               "Audio": "",
               "AnnounceDistance": 20.0
          },
          {
               "Name": "Church Road",
               "Location": "51.42478942692293, 0.10658530768464641",
               "Audio": "",
               "AnnounceDistance": 20.0
          },
          {
               "Name": "Knoll Road",
               "Location": "51.42166775854976, 0.11114520931888602",
               "Audio": "",
               "AnnounceDistance": 20.0
          },
          {
               "Name": "Middleton Avenue",
               "Location": "51.419945668666, 0.11538079002870995",
               "Audio": "",
               "AnnounceDistance": 20.0
          },
          {
               "Name": "Rectory Lane",
               "Location": "51.418558968208224, 0.11846657381491067",
               "Audio": "",
               "AnnounceDistance": 20.0
          },
          {
               "Name": "Five Arches Business Estate",
               "Location": "51.41771441112748, 0.12041229959542692",
               "Audio": "",
               "AnnounceDistance": 20.0
          },
          {
               "Name": "Palm Avenue",
               "Location": "51.416625789568414, 0.12292193337717441",
               "Audio": "",
               "AnnounceDistance": 20.0
          },
          {
               "Name": "Ruxley Corner",
               "Location": "51.41569950976298, 0.12490685259173685",
               "Audio": "",
               "AnnounceDistance": 20.0
          },
          {
               "Name": "Ruxley Nursery",
               "Location": "51.41487630914288, 0.13062130655687243",
               "Audio": "",
               "AnnounceDistance": 20.0
          },
          {
               "Name": "Glebe Cottages",
               "Location": "51.41380570987522, 0.13459827462604937",
               "Audio": "",
               "AnnounceDistance": 20.0
          },
          {
               "Name": "Old Maidstone Road",
               "Location": "51.410930939952436, 0.14182710606062424",
               "Audio": "",
               "AnnounceDistance": 20.0
          },
          {
               "Name": "Hillside Nursery",
               "Location": "51.40892408854648, 0.14829047634600723",
               "Audio": "",
               "AnnounceDistance": 20.0
          },
          {
               "Name": "Birchwood Corner",
               "Location": "51.40561347696651, 0.15765401324559072",
               "Audio": "",
               "AnnounceDistance": 20.0
          },
          {
               "Name": "Walnut Way",
               "Location": "51.40274667231047, 0.16339960246725876",
               "Audio": "",
               "AnnounceDistance": 20.0
          },
          {
               "Name": "Hilda May Avenue",
               "Location": "51.40044427067363, 0.16973189726926804",
               "Audio": "",
               "AnnounceDistance": 20.0
          },
          {
               "Name": "Northview",
               "Location": "51.40190164568989, 0.17407102476545183",
               "Audio": "",
               "AnnounceDistance": 20.0
          },
          {
               "Name": "Sycamore Drive",
               "Location": "51.4003223158487, 0.17436992835929835",
               "Audio": "",
               "AnnounceDistance": 20.0
          },
          {
               "Name": "Bartholomew Way",
               "Location": "51.39770782776024, 0.17472034500102632",
               "Audio": "",
               "AnnounceDistance": 20.0
          },
          {
               "Name": "High Street / Station Road",
               "Location": "51.395184269106146, 0.17792138817235023",
               "Audio": "",
               "AnnounceDistance": 20.0
          },
          {
               "Name": "High Street / Goldsel Road",
               "Location": "51.394757771874964, 0.17909428500129937",
               "Audio": "",
               "AnnounceDistance": 20.0
          },
          {
               "Name": "Rogers Court",
               "Location": "51.39236522642348, 0.18539166830145928",
               "Audio": "",
               "AnnounceDistance": 20.0
          },
          {
               "Name": "Beechenlea Lane",
               "Location": "51.390177320629455, 0.18842092222922915",
               "Audio": "",
               "AnnounceDistance": 20.0
          }
     ]
}