{
     "RouteNumber": "235",
     "Destination": "Great West Quarter",
     "RouteAudio": "",
     "DestinationAudio": "",
     "Stops": [
          {
               "Name": "Three Fishes",
               "Location": "51.40573664701569, -0.41352954895283744",
               "Audio": "",
               "AnnounceDistance": 20.0
          },
          {
               "Name": "Croysdale Avenue",
               "Location": "51.40893410981049, -0.41590641242508414",
               "Audio": "",
               "AnnounceDistance": 20.0
          },
          {
               "Name": "Manor Lane",
               "Location": "51.41199831922095, -0.4177417722269812",
               "Audio": "",
               "AnnounceDistance": 20.0
          },
          {
               "Name": "St Ignatius Church",
               "Location": "51.41538323665278, -0.41868908724759263",
               "Audio": "",
               "AnnounceDistance": 20.0
          },
          {
               "Name": "Sunbury Station",
               "Location": "51.418474127525315, -0.4191720799656892",
               "Audio": "",
               "AnnounceDistance": 20.0
          },
          {
               "Name": "St Saviours Church / Sunbury Cross",
               "Location": "51.421155702022816, -0.4193096865280048",
               "Audio": "",
               "AnnounceDistance": 20.0
          },
          {
               "Name": "Wolsey Road",
               "Location": "51.422901149841586, -0.4193789175662337",
               "Audio": "",
               "AnnounceDistance": 20.0
          },
          {
               "Name": "Beechwood Avenue",
               "Location": "51.425258567197304, -0.41948457510031967",
               "Audio": "",
               "AnnounceDistance": 20.0
          },
          {
               "Name": "Kings Avenue",
               "Location": "51.4275178159101, -0.4203128556849982",
               "Audio": "",
               "AnnounceDistance": 20.0
          },
          {
               "Name": "Kinross Drive",
               "Location": "51.42940563912341, -0.4209382404559665",
               "Audio": "",
               "AnnounceDistance": 20.0
          },
          {
               "Name": "Hamilton Road",
               "Location": "51.432607836163164, -0.4183390369557492",
               "Audio": "",
               "AnnounceDistance": 20.0
          },
          {
               "Name": "Ludlow Road",
               "Location": "51.43560288565335, -0.41971747138508886",
               "Audio": "",
               "AnnounceDistance": 20.0
          },
          {
               "Name": "St Dunstans Road",
               "Location": "51.438366628959514, -0.4206148661215348",
               "Audio": "",
               "AnnounceDistance": 20.0
          },
          {
               "Name": "Vernon Road",
               "Location": "51.439293780529134, -0.4186836365525339",
               "Audio": "",
               "AnnounceDistance": 20.0
          },
          {
               "Name": "Parkfield Crescent",
               "Location": "51.440093368689745, -0.41596537009868384",
               "Audio": "",
               "AnnounceDistance": 20.0
          },
          {
               "Name": "Feltham Tesco",
               "Location": "51.44285349903183, -0.412603486042145",
               "Audio": "",
               "AnnounceDistance": 20.0
          },
          {
               "Name": "Feltham Station / Victoria Road",
               "Location": "51.44663718165265, -0.4097956380354532",
               "Audio": "",
               "AnnounceDistance": 20.0
          },
          {
               "Name": "Feltham Assembly Hall",
               "Location": "51.4509112245447, -0.40668241257707716",
               "Audio": "",
               "AnnounceDistance": 20.0
          },
          {
               "Name": "Harlington Road East",
               "Location": "51.452705708020225, -0.4063896621441792",
               "Audio": "",
               "AnnounceDistance": 20.0
          },
          {
               "Name": "Lansbury Avenue",
               "Location": "51.456399399197146, -0.40954279156046347",
               "Audio": "",
               "AnnounceDistance": 20.0
          },
          {
               "Name": "Faggs Road",
               "Location": "51.45778806639956, -0.4085013338086058",
               "Audio": "",
               "AnnounceDistance": 20.0
          },
          {
               "Name": "Hounslow Road",
               "Location": "51.45851429708155, -0.40437369134159523",
               "Audio": "",
               "AnnounceDistance": 20.0
          },
          {
               "Name": "Green Lane",
               "Location": "51.46091477074071, -0.394458128574581",
               "Audio": "",
               "AnnounceDistance": 20.0
          },
          {
               "Name": "Islay Gardens",
               "Location": "51.46182124030589, -0.39170559021955415",
               "Audio": "",
               "AnnounceDistance": 20.0
          },
          {
               "Name": "Frampton Road",
               "Location": "51.46315904406689, -0.38762773299384645",
               "Audio": "",
               "AnnounceDistance": 20.0
          },
          {
               "Name": "Martindale Road",
               "Location": "51.46379769414322, -0.3850283364011586",
               "Audio": "",
               "AnnounceDistance": 20.0
          },
          {
               "Name": "Cranbrook Road",
               "Location": "51.46461972335764, -0.3813858493800259",
               "Audio": "",
               "AnnounceDistance": 20.0
          },
          {
               "Name": "Wellington Road South",
               "Location": "51.465490787090545, -0.3773959730195689",
               "Audio": "",
               "AnnounceDistance": 20.0
          },
          {
               "Name": "Hibernia Road",
               "Location": "51.46675058981241, -0.37162129152536005",
               "Audio": "",
               "AnnounceDistance": 20.0
          },
          {
               "Name": "The Bell",
               "Location": "51.4673088867804, -0.3665048235077725",
               "Audio": "",
               "AnnounceDistance": 20.0
          },
          {
               "Name": "Treaty Centre",
               "Location": "51.467517498404405, -0.3621206157763458",
               "Audio": "",
               "AnnounceDistance": 20.0
          },
          {
               "Name": "Hounslow High Street",
               "Location": "51.46960439921745, -0.3576689269798172",
               "Audio": "",
               "AnnounceDistance": 20.0
          },
          {
               "Name": "Hounslow Bus Station",
               "Location": "51.47101330860795, -0.3536155959976823",
               "Audio": "",
               "AnnounceDistance": 20.0
          },
          {
               "Name": "Bridge Road",
               "Location": "51.47201499208551, -0.34938952513422566",
               "Audio": "",
               "AnnounceDistance": 20.0
          },
          {
               "Name": "Star Road",
               "Location": "51.472957962054785, -0.34674927816706524",
               "Audio": "",
               "AnnounceDistance": 20.0
          },
          {
               "Name": "Thornbury Road",
               "Location": "51.474025433769924, -0.34465158685224",
               "Audio": "",
               "AnnounceDistance": 20.0
          },
          {
               "Name": "West Thames College",
               "Location": "51.47496134191819, -0.3421553757777225",
               "Audio": "",
               "AnnounceDistance": 20.0
          },
          {
               "Name": "Isleworth Station",
               "Location": "51.47524441542606, -0.3373788114078764",
               "Audio": "",
               "AnnounceDistance": 20.0
          },
          {
               "Name": "Linkfield Road",
               "Location": "51.4753624901182, -0.33492656143647426",
               "Audio": "",
               "AnnounceDistance": 20.0
          },
          {
               "Name": "Wood Lane",
               "Location": "51.47590436749334, -0.3325596432908238",
               "Audio": "",
               "AnnounceDistance": 20.0
          },
          {
               "Name": "Turnpike Way",
               "Location": "51.477176759486355, -0.32845235255048977",
               "Audio": "",
               "AnnounceDistance": 20.0
          },
          {
               "Name": "The Green School",
               "Location": "51.47825662379126, -0.3247263035257531",
               "Audio": "",
               "AnnounceDistance": 20.0
          },
          {
               "Name": "Busch Corner",
               "Location": "51.4790050082157, -0.3223515339825495",
               "Audio": "",
               "AnnounceDistance": 20.0
          },
          {
               "Name": "Syon Lane",
               "Location": "51.47999262130736, -0.3191038213298181",
               "Audio": "",
               "AnnounceDistance": 20.0
          },
          {
               "Name": "Beech Avenue",
               "Location": "51.48102146756567, -0.31622888835466184",
               "Audio": "",
               "AnnounceDistance": 20.0
          },
          {
               "Name": "Brent Lea",
               "Location": "51.482044359640426, -0.31357007243591617",
               "Audio": "",
               "AnnounceDistance": 20.0
          },
          {
               "Name": "Market Place",
               "Location": "51.48339319478833, -0.3073273173147876",
               "Audio": "",
               "AnnounceDistance": 20.0
          },
          {
               "Name": "Brentford County Court",
               "Location": "51.48492767607214, -0.30212869441784806",
               "Audio": "",
               "AnnounceDistance": 20.0
          },
          {
               "Name": "Albany Road",
               "Location": "51.486179731509814, -0.299792077779982",
               "Audio": "",
               "AnnounceDistance": 20.0
          },
          {
               "Name": "New Road",
               "Location": "51.488684070651765, -0.3013409791326832",
               "Audio": "",
               "AnnounceDistance": 20.0
          },
          {
               "Name": "Great West Quarter",
               "Location": "51.49045357044163, -0.3012031908115112",
               "Audio": "",
               "AnnounceDistance": 20.0
          }
     ]
}