{
     "RouteNumber": "236",
     "Destination": "Finsbury Park Interchange",
     "RouteAudio": "",
     "DestinationAudio": "",
     "Stops": [
          {
               "Name": "Trowbridge Estate",
               "Location": "51.547378293211565, -0.028887359885150378",
               "Audio": "",
               "AnnounceDistance": 20.0
          },
          {
               "Name": "Crowfoot Close",
               "Location": "51.54913106014181, -0.028840445873290134",
               "Audio": "",
               "AnnounceDistance": 20.0
          },
          {
               "Name": "Poplar Close",
               "Location": "51.55052550660624, -0.030482203914066624",
               "Audio": "",
               "AnnounceDistance": 20.0
          },
          {
               "Name": "Kingsmead Estate",
               "Location": "51.550271283897885, -0.033017375037817785",
               "Audio": "",
               "AnnounceDistance": 20.0
          },
          {
               "Name": "Marsh Hill",
               "Location": "51.549692782504856, -0.03552321528602191",
               "Audio": "",
               "AnnounceDistance": 20.0
          },
          {
               "Name": "Glyn Road",
               "Location": "51.5488092074851, -0.039686391891078025",
               "Audio": "",
               "AnnounceDistance": 20.0
          },
          {
               "Name": "Brooksbys Walk / Homerton Station",
               "Location": "51.54958906398813, -0.042768389824894275",
               "Audio": "",
               "AnnounceDistance": 20.0
          },
          {
               "Name": "Homerton Hospital",
               "Location": "51.549907240987444, -0.0440528763686712",
               "Audio": "",
               "AnnounceDistance": 20.0
          },
          {
               "Name": "Banister House",
               "Location": "51.547995157410874, -0.045332011942642185",
               "Audio": "",
               "AnnounceDistance": 20.0
          },
          {
               "Name": "Ponsford Street",
               "Location": "51.546925995006866, -0.049171048549698206",
               "Audio": "",
               "AnnounceDistance": 20.0
          },
          {
               "Name": "Trelawney Estate",
               "Location": "51.54598629829871, -0.054316827505403245",
               "Audio": "",
               "AnnounceDistance": 20.0
          },
          {
               "Name": "St Thomass Square",
               "Location": "51.54198968024333, -0.05516510911718442",
               "Audio": "",
               "AnnounceDistance": 20.0
          },
          {
               "Name": "Well Street",
               "Location": "51.53925733177458, -0.05633428832801926",
               "Audio": "",
               "AnnounceDistance": 20.0
          },
          {
               "Name": "Broadway Market",
               "Location": "51.53768677847254, -0.060871374910324974",
               "Audio": "",
               "AnnounceDistance": 20.0
          },
          {
               "Name": "Trederwen Road",
               "Location": "51.53806581365849, -0.06258566731869458",
               "Audio": "",
               "AnnounceDistance": 20.0
          },
          {
               "Name": "Pownall Road / Laxfield Court",
               "Location": "51.53651762027438, -0.06576603201209638",
               "Audio": "",
               "AnnounceDistance": 20.0
          },
          {
               "Name": "Regents Court",
               "Location": "51.53637264972864, -0.0695212432838525",
               "Audio": "",
               "AnnounceDistance": 20.0
          },
          {
               "Name": "Queensbridge Road / Brownlow Road",
               "Location": "51.53779087104974, -0.07045620644465232",
               "Audio": "",
               "AnnounceDistance": 20.0
          },
          {
               "Name": "Middleton Road",
               "Location": "51.539766672138015, -0.07030053305272656",
               "Audio": "",
               "AnnounceDistance": 20.0
          },
          {
               "Name": "Richmond Road",
               "Location": "51.5423797879381, -0.07007461601826445",
               "Audio": "",
               "AnnounceDistance": 20.0
          },
          {
               "Name": "Dalston Lane",
               "Location": "51.54512935605612, -0.06994385021219551",
               "Audio": "",
               "AnnounceDistance": 20.0
          },
          {
               "Name": "Graham Road",
               "Location": "51.54689277739489, -0.06945096219912254",
               "Audio": "",
               "AnnounceDistance": 20.0
          },
          {
               "Name": "Ridley Road Market",
               "Location": "51.54833017747533, -0.07100551875397773",
               "Audio": "",
               "AnnounceDistance": 20.0
          },
          {
               "Name": "Shacklewell Lane / Kingsland High Street",
               "Location": "51.55068702471827, -0.07433873268648593",
               "Audio": "",
               "AnnounceDistance": 20.0
          },
          {
               "Name": "Crossway",
               "Location": "51.55009936467765, -0.07633961051185485",
               "Audio": "",
               "AnnounceDistance": 20.0
          },
          {
               "Name": "Boleyn Road",
               "Location": "51.550176185849196, -0.07828358692815264",
               "Audio": "",
               "AnnounceDistance": 20.0
          },
          {
               "Name": "Matthias Road",
               "Location": "51.551972849328855, -0.08146778155812943",
               "Audio": "",
               "AnnounceDistance": 20.0
          },
          {
               "Name": "Newington Green",
               "Location": "51.55159167128457, -0.08455618819888866",
               "Audio": "",
               "AnnounceDistance": 20.0
          },
          {
               "Name": "Beresford Road",
               "Location": "51.5499054482279, -0.08813198221821114",
               "Audio": "",
               "AnnounceDistance": 20.0
          },
          {
               "Name": "Canonbury Station",
               "Location": "51.54909250850814, -0.09288253610476549",
               "Audio": "",
               "AnnounceDistance": 20.0
          },
          {
               "Name": "Highbury New Pk / Highbury Grove School",
               "Location": "51.54805705086665, -0.09778643046556322",
               "Audio": "",
               "AnnounceDistance": 20.0
          },
          {
               "Name": "Highbury Grove School / Baalbec Road",
               "Location": "51.54888135902942, -0.09815590203143922",
               "Audio": "",
               "AnnounceDistance": 20.0
          },
          {
               "Name": "Aberdeen Park",
               "Location": "51.55056415803361, -0.09822995896558223",
               "Audio": "",
               "AnnounceDistance": 20.0
          },
          {
               "Name": "Highbury Barn",
               "Location": "51.5541702852749, -0.09823822713193509",
               "Audio": "",
               "AnnounceDistance": 20.0
          },
          {
               "Name": "St Joan Of Arc School",
               "Location": "51.556596619106614, -0.09813701830176111",
               "Audio": "",
               "AnnounceDistance": 20.0
          },
          {
               "Name": "Riversdale Road",
               "Location": "51.558007145793795, -0.09861194690994766",
               "Audio": "",
               "AnnounceDistance": 20.0
          },
          {
               "Name": "Monsell Road",
               "Location": "51.56177048642488, -0.09999870926095145",
               "Audio": "",
               "AnnounceDistance": 20.0
          },
          {
               "Name": "Rock Street",
               "Location": "51.563885960317826, -0.10458523773011627",
               "Audio": "",
               "AnnounceDistance": 20.0
          },
          {
               "Name": "Finsbury Park Interchange",
               "Location": "51.564318895341266, -0.10577920737162076",
               "Audio": "",
               "AnnounceDistance": 20.0
          }
     ]
}