{
     "RouteNumber": "236",
     "Destination": "Hackney Wick",
     "RouteAudio": "",
     "DestinationAudio": "",
     "Stops": [
          {
               "Name": "Finsbury Park Interchange",
               "Location": "51.56483778145253, -0.1056133582889856",
               "Audio": "",
               "AnnounceDistance": 20.0
          },
          {
               "Name": "City Islington College",
               "Location": "51.56401729423675, -0.10325238528832156",
               "Audio": "",
               "AnnounceDistance": 20.0
          },
          {
               "Name": "Gillespie Road",
               "Location": "51.56055100289411, -0.0985491229663258",
               "Audio": "",
               "AnnounceDistance": 20.0
          },
          {
               "Name": "Riversdale Road",
               "Location": "51.55847327141941, -0.09852037373524071",
               "Audio": "",
               "AnnounceDistance": 20.0
          },
          {
               "Name": "Highbury Grange",
               "Location": "51.55504885163357, -0.09807175344071041",
               "Audio": "",
               "AnnounceDistance": 20.0
          },
          {
               "Name": "Highbury Barn",
               "Location": "51.552858500891205, -0.09830736386074075",
               "Audio": "",
               "AnnounceDistance": 20.0
          },
          {
               "Name": "Highbury Grove School / Aberdeen Park",
               "Location": "51.550786949480354, -0.09810527562925367",
               "Audio": "",
               "AnnounceDistance": 20.0
          },
          {
               "Name": "Highbury New Pk / Highbury Grove School",
               "Location": "51.54831181430973, -0.0974152240445231",
               "Audio": "",
               "AnnounceDistance": 20.0
          },
          {
               "Name": "Canonbury Station",
               "Location": "51.54925996973691, -0.092673603749702",
               "Audio": "",
               "AnnounceDistance": 20.0
          },
          {
               "Name": "Beresford Road",
               "Location": "51.54993270161398, -0.08759716149561442",
               "Audio": "",
               "AnnounceDistance": 20.0
          },
          {
               "Name": "Newington Green",
               "Location": "51.5516916047816, -0.08572035824698197",
               "Audio": "",
               "AnnounceDistance": 20.0
          },
          {
               "Name": "Matthias Road",
               "Location": "51.552086577730456, -0.0818236071357589",
               "Audio": "",
               "AnnounceDistance": 20.0
          },
          {
               "Name": "Boleyn Road",
               "Location": "51.55057347291636, -0.078382236010482",
               "Audio": "",
               "AnnounceDistance": 20.0
          },
          {
               "Name": "Crossway / Kingsland High Street",
               "Location": "51.55041625377212, -0.07592237322194896",
               "Audio": "",
               "AnnounceDistance": 20.0
          },
          {
               "Name": "Shacklewell Lane",
               "Location": "51.55084877288706, -0.07378378830873292",
               "Audio": "",
               "AnnounceDistance": 20.0
          },
          {
               "Name": "Ridley Road Market",
               "Location": "51.5484895607089, -0.07085454394210496",
               "Audio": "",
               "AnnounceDistance": 20.0
          },
          {
               "Name": "Graham Road",
               "Location": "51.54697955681003, -0.06925979192887857",
               "Audio": "",
               "AnnounceDistance": 20.0
          },
          {
               "Name": "Queensbridge Road / Forest Road",
               "Location": "51.544308521223414, -0.06979109888136473",
               "Audio": "",
               "AnnounceDistance": 20.0
          },
          {
               "Name": "Richmond Road",
               "Location": "51.54218799355555, -0.0698952536851716",
               "Audio": "",
               "AnnounceDistance": 20.0
          },
          {
               "Name": "Middleton Road",
               "Location": "51.53987118889, -0.0700942237026698",
               "Audio": "",
               "AnnounceDistance": 20.0
          },
          {
               "Name": "Brownlow Road",
               "Location": "51.53768822916541, -0.07022982935895053",
               "Audio": "",
               "AnnounceDistance": 20.0
          },
          {
               "Name": "Pownall Road / Regents Court",
               "Location": "51.536473342551886, -0.06853645592810195",
               "Audio": "",
               "AnnounceDistance": 20.0
          },
          {
               "Name": "Laxfield Court",
               "Location": "51.536614762125375, -0.06511303330843292",
               "Audio": "",
               "AnnounceDistance": 20.0
          },
          {
               "Name": "Trederwen Road",
               "Location": "51.538008145137916, -0.06290535654657822",
               "Audio": "",
               "AnnounceDistance": 20.0
          },
          {
               "Name": "Broadway Market",
               "Location": "51.537617680979125, -0.06049939477645228",
               "Audio": "",
               "AnnounceDistance": 20.0
          },
          {
               "Name": "King Edwards Road",
               "Location": "51.538489613437044, -0.05721778772133374",
               "Audio": "",
               "AnnounceDistance": 20.0
          },
          {
               "Name": "Mare Street / Well Street",
               "Location": "51.54056588830715, -0.05552864970253164",
               "Audio": "",
               "AnnounceDistance": 20.0
          },
          {
               "Name": "St Thomass Square",
               "Location": "51.541921374000346, -0.055384340361772956",
               "Audio": "",
               "AnnounceDistance": 20.0
          },
          {
               "Name": "Hackney Town Hall",
               "Location": "51.54526735124927, -0.055429172085227144",
               "Audio": "",
               "AnnounceDistance": 20.0
          },
          {
               "Name": "Morning Lane / Trelawney Estate",
               "Location": "51.54660255925733, -0.05297806675905949",
               "Audio": "",
               "AnnounceDistance": 20.0
          },
          {
               "Name": "Homerton Terrace",
               "Location": "51.546976077188226, -0.04893814029820061",
               "Audio": "",
               "AnnounceDistance": 20.0
          },
          {
               "Name": "Fenn Street",
               "Location": "51.5483226641364, -0.04717858047353601",
               "Audio": "",
               "AnnounceDistance": 20.0
          },
          {
               "Name": "Homerton Hospital / Homerton Row",
               "Location": "51.54931090204843, -0.0471218377349159",
               "Audio": "",
               "AnnounceDistance": 20.0
          },
          {
               "Name": "Homerton Hospital / Wardle Street",
               "Location": "51.54982650977062, -0.044604442889344925",
               "Audio": "",
               "AnnounceDistance": 20.0
          },
          {
               "Name": "Glyn Road",
               "Location": "51.54885943606981, -0.04000154940754888",
               "Audio": "",
               "AnnounceDistance": 20.0
          },
          {
               "Name": "Adley Street",
               "Location": "51.55015412902135, -0.03407537380907312",
               "Audio": "",
               "AnnounceDistance": 20.0
          },
          {
               "Name": "Kingsmead Estate",
               "Location": "51.55069927483437, -0.032263285054618326",
               "Audio": "",
               "AnnounceDistance": 20.0
          },
          {
               "Name": "Lee Conservancy Road / Poplar Close",
               "Location": "51.55060492936469, -0.03039222918209163",
               "Audio": "",
               "AnnounceDistance": 20.0
          },
          {
               "Name": "Crowfoot Close",
               "Location": "51.54899944270899, -0.028499969815903088",
               "Audio": "",
               "AnnounceDistance": 20.0
          },
          {
               "Name": "Trowbridge Estate",
               "Location": "51.54763942113677, -0.02783760865603449",
               "Audio": "",
               "AnnounceDistance": 20.0
          },
          {
               "Name": "Hackney Wick",
               "Location": "51.546786879745866, -0.02954752669176427",
               "Audio": "",
               "AnnounceDistance": 20.0
          }
     ]
}