{
     "RouteNumber": "237",
     "Destination": "Hounslow Heath / The Hussar",
     "RouteAudio": "",
     "DestinationAudio": "",
     "Stops": [
          {
               "Name": "White City Bus Station",
               "Location": "51.50884555369746, -0.22368278527802352",
               "Audio": "",
               "AnnounceDistance": 20.0
          },
          {
               "Name": "Shepherds Bush Station",
               "Location": "51.50512562656742, -0.21794844232372237",
               "Audio": "",
               "AnnounceDistance": 20.0
          },
          {
               "Name": "Shepherds Bush Road",
               "Location": "51.50277216710118, -0.2246393838600715",
               "Audio": "",
               "AnnounceDistance": 20.0
          },
          {
               "Name": "Goldhawk Road Station",
               "Location": "51.502217569891776, -0.2272112240740255",
               "Audio": "",
               "AnnounceDistance": 20.0
          },
          {
               "Name": "St Stephens Avenue",
               "Location": "51.50145692151088, -0.2310300863000672",
               "Audio": "",
               "AnnounceDistance": 20.0
          },
          {
               "Name": "Cathnor Road",
               "Location": "51.50047568656668, -0.23454036951702575",
               "Audio": "",
               "AnnounceDistance": 20.0
          },
          {
               "Name": "Paddenswick Road",
               "Location": "51.500021460345565, -0.2372233449143375",
               "Audio": "",
               "AnnounceDistance": 20.0
          },
          {
               "Name": "Askew Road",
               "Location": "51.499162054725396, -0.24107446804252966",
               "Audio": "",
               "AnnounceDistance": 20.0
          },
          {
               "Name": "Stamford Brook Road",
               "Location": "51.498049668458826, -0.24365293381285427",
               "Audio": "",
               "AnnounceDistance": 20.0
          },
          {
               "Name": "Ravenscourt Gardens",
               "Location": "51.49619685514895, -0.24422837916862003",
               "Audio": "",
               "AnnounceDistance": 20.0
          },
          {
               "Name": "Stamford Brook Station",
               "Location": "51.49435367169401, -0.24484662372004318",
               "Audio": "",
               "AnnounceDistance": 20.0
          },
          {
               "Name": "Goldhawk Road / Youngs Corner",
               "Location": "51.49329754429437, -0.2457803316525918",
               "Audio": "",
               "AnnounceDistance": 20.0
          },
          {
               "Name": "Stamford Brook Bus Garage",
               "Location": "51.49323694388485, -0.24774181025992711",
               "Audio": "",
               "AnnounceDistance": 20.0
          },
          {
               "Name": "Chiswick Lane",
               "Location": "51.49273803173897, -0.2534798713701616",
               "Audio": "",
               "AnnounceDistance": 20.0
          },
          {
               "Name": "Duke Road",
               "Location": "51.49243569090014, -0.2597577151168704",
               "Audio": "",
               "AnnounceDistance": 20.0
          },
          {
               "Name": "Turnham Green Church",
               "Location": "51.492576373560006, -0.26622033567926534",
               "Audio": "",
               "AnnounceDistance": 20.0
          },
          {
               "Name": "Chiswick Road",
               "Location": "51.492875305892774, -0.27063144639884495",
               "Audio": "",
               "AnnounceDistance": 20.0
          },
          {
               "Name": "Gunnersbury Station",
               "Location": "51.49233655072393, -0.27495898963627974",
               "Audio": "",
               "AnnounceDistance": 20.0
          },
          {
               "Name": "Power Road",
               "Location": "51.49199207350604, -0.27966805080666696",
               "Audio": "",
               "AnnounceDistance": 20.0
          },
          {
               "Name": "Brentford Fountain Leisure Centre",
               "Location": "51.49045502474696, -0.28462346975703107",
               "Audio": "",
               "AnnounceDistance": 20.0
          },
          {
               "Name": "Kew Bridge Station",
               "Location": "51.488673168157874, -0.28883870320794397",
               "Audio": "",
               "AnnounceDistance": 20.0
          },
          {
               "Name": "The Musical Museum",
               "Location": "51.48758151684563, -0.2929125996686863",
               "Audio": "",
               "AnnounceDistance": 20.0
          },
          {
               "Name": "Watermans Centre",
               "Location": "51.48626419836163, -0.2975564330728024",
               "Audio": "",
               "AnnounceDistance": 20.0
          },
          {
               "Name": "Goat Wharf",
               "Location": "51.485245222547654, -0.3004605642729955",
               "Audio": "",
               "AnnounceDistance": 20.0
          },
          {
               "Name": "Brentford County Court",
               "Location": "51.483834850860426, -0.30428644616086403",
               "Audio": "",
               "AnnounceDistance": 20.0
          },
          {
               "Name": "Market Place",
               "Location": "51.48320985746321, -0.3077085645055378",
               "Audio": "",
               "AnnounceDistance": 20.0
          },
          {
               "Name": "Brent Lea",
               "Location": "51.48163435960287, -0.31444930181733616",
               "Audio": "",
               "AnnounceDistance": 20.0
          },
          {
               "Name": "Syon Lane",
               "Location": "51.480115672518515, -0.31827842487712643",
               "Audio": "",
               "AnnounceDistance": 20.0
          },
          {
               "Name": "Busch Corner",
               "Location": "51.47875767816488, -0.3226630264498062",
               "Audio": "",
               "AnnounceDistance": 20.0
          },
          {
               "Name": "The Green School",
               "Location": "51.47822595931666, -0.32446821499388684",
               "Audio": "",
               "AnnounceDistance": 20.0
          },
          {
               "Name": "Turnpike Way",
               "Location": "51.476871626604016, -0.3291259175517443",
               "Audio": "",
               "AnnounceDistance": 20.0
          },
          {
               "Name": "Wood Lane",
               "Location": "51.47625259289262, -0.3311213420333838",
               "Audio": "",
               "AnnounceDistance": 20.0
          },
          {
               "Name": "Linkfield Road",
               "Location": "51.47531039778191, -0.33442446752857363",
               "Audio": "",
               "AnnounceDistance": 20.0
          },
          {
               "Name": "Isleworth Station",
               "Location": "51.47511123216058, -0.33749885094997156",
               "Audio": "",
               "AnnounceDistance": 20.0
          },
          {
               "Name": "West Thames College",
               "Location": "51.474814043590285, -0.34254950396569694",
               "Audio": "",
               "AnnounceDistance": 20.0
          },
          {
               "Name": "Star Road",
               "Location": "51.47263109556518, -0.34716426249901555",
               "Audio": "",
               "AnnounceDistance": 20.0
          },
          {
               "Name": "Bridge Road",
               "Location": "51.47149435521696, -0.35073297753449184",
               "Audio": "",
               "AnnounceDistance": 20.0
          },
          {
               "Name": "Hounslow Bus Station",
               "Location": "51.47082496904609, -0.35365117217606273",
               "Audio": "",
               "AnnounceDistance": 20.0
          },
          {
               "Name": "Fair Street",
               "Location": "51.46944123850926, -0.3595033118707645",
               "Audio": "",
               "AnnounceDistance": 20.0
          },
          {
               "Name": "Douglas Road",
               "Location": "51.468890627118185, -0.36192747050777585",
               "Audio": "",
               "AnnounceDistance": 20.0
          },
          {
               "Name": "Treaty Centre",
               "Location": "51.46697717910788, -0.36399718337623715",
               "Audio": "",
               "AnnounceDistance": 20.0
          },
          {
               "Name": "The Bell",
               "Location": "51.4673922402696, -0.36797035997164024",
               "Audio": "",
               "AnnounceDistance": 20.0
          },
          {
               "Name": "Hibernia Road",
               "Location": "51.46636331439615, -0.3728732068901932",
               "Audio": "",
               "AnnounceDistance": 20.0
          },
          {
               "Name": "Wellington Road South",
               "Location": "51.464857518522535, -0.3797218536180039",
               "Audio": "",
               "AnnounceDistance": 20.0
          },
          {
               "Name": "Staines Road / Martindale Road",
               "Location": "51.46400296207651, -0.38361027326899655",
               "Audio": "",
               "AnnounceDistance": 20.0
          },
          {
               "Name": "Martindale Road",
               "Location": "51.466203149119764, -0.3860087788564173",
               "Audio": "",
               "AnnounceDistance": 20.0
          },
          {
               "Name": "Dukes Avenue",
               "Location": "51.46610155195813, -0.3871209131099648",
               "Audio": "",
               "AnnounceDistance": 20.0
          },
          {
               "Name": "Hounslow Heath / The Hussar",
               "Location": "51.46321950036506, -0.38810066506355034",
               "Audio": "",
               "AnnounceDistance": 20.0
          }
     ]
}