{
     "RouteNumber": "237",
     "Destination": "Hounslow Heath / The Hussar",
     "RouteAudio": "",
     "DestinationAudio": "",
     "Stops": [
          {
               "Name": "Brent Lea",
               "Location": "51.48163435960287, -0.31444930181733616",
               "Audio": "",
               "AnnounceDistance": 20.0
          },
          {
               "Name": "Syon Lane",
               "Location": "51.480115672518515, -0.31827842487712643",
               "Audio": "",
               "AnnounceDistance": 20.0
          },
          {
               "Name": "Busch Corner",
               "Location": "51.47875767816488, -0.3226630264498062",
               "Audio": "",
               "AnnounceDistance": 20.0
          },
          {
               "Name": "The Green School",
               "Location": "51.47822595931666, -0.32446821499388684",
               "Audio": "",
               "AnnounceDistance": 20.0
          },
          {
               "Name": "Turnpike Way",
               "Location": "51.476871626604016, -0.3291259175517443",
               "Audio": "",
               "AnnounceDistance": 20.0
          },
          {
               "Name": "Wood Lane",
               "Location": "51.47625259289262, -0.3311213420333838",
               "Audio": "",
               "AnnounceDistance": 20.0
          },
          {
               "Name": "Linkfield Road",
               "Location": "51.47531039778191, -0.33442446752857363",
               "Audio": "",
               "AnnounceDistance": 20.0
          },
          {
               "Name": "Isleworth Station",
               "Location": "51.47511123216058, -0.33749885094997156",
               "Audio": "",
               "AnnounceDistance": 20.0
          },
          {
               "Name": "West Thames College",
               "Location": "51.474814043590285, -0.34254950396569694",
               "Audio": "",
               "AnnounceDistance": 20.0
          },
          {
               "Name": "Star Road",
               "Location": "51.47263109556518, -0.34716426249901555",
               "Audio": "",
               "AnnounceDistance": 20.0
          },
          {
               "Name": "Bridge Road",
               "Location": "51.47149435521696, -0.35073297753449184",
               "Audio": "",
               "AnnounceDistance": 20.0
          },
          {
               "Name": "Hounslow Bus Station",
               "Location": "51.47082496904609, -0.35365117217606273",
               "Audio": "",
               "AnnounceDistance": 20.0
          },
          {
               "Name": "Fair Street",
               "Location": "51.46944123850926, -0.3595033118707645",
               "Audio": "",
               "AnnounceDistance": 20.0
          },
          {
               "Name": "Douglas Road",
               "Location": "51.468890627118185, -0.36192747050777585",
               "Audio": "",
               "AnnounceDistance": 20.0
          },
          {
               "Name": "Treaty Centre",
               "Location": "51.46697717910788, -0.36399718337623715",
               "Audio": "",
               "AnnounceDistance": 20.0
          },
          {
               "Name": "The Bell",
               "Location": "51.4673922402696, -0.36797035997164024",
               "Audio": "",
               "AnnounceDistance": 20.0
          },
          {
               "Name": "Hibernia Road",
               "Location": "51.46636331439615, -0.3728732068901932",
               "Audio": "",
               "AnnounceDistance": 20.0
          },
          {
               "Name": "Wellington Road South",
               "Location": "51.464857518522535, -0.3797218536180039",
               "Audio": "",
               "AnnounceDistance": 20.0
          },
          {
               "Name": "Staines Road / Martindale Road",
               "Location": "51.46400296207651, -0.38361027326899655",
               "Audio": "",
               "AnnounceDistance": 20.0
          },
          {
               "Name": "Martindale Road",
               "Location": "51.466203149119764, -0.3860087788564173",
               "Audio": "",
               "AnnounceDistance": 20.0
          },
          {
               "Name": "Dukes Avenue",
               "Location": "51.46610155195813, -0.3871209131099648",
               "Audio": "",
               "AnnounceDistance": 20.0
          },
          {
               "Name": "Hounslow Heath / The Hussar",
               "Location": "51.46321950036506, -0.38810066506355034",
               "Audio": "",
               "AnnounceDistance": 20.0
          }
     ]
}