{
     "RouteNumber": "23",
     "Destination": "Aldwych / Drury Lane",
     "RouteAudio": "",
     "DestinationAudio": "",
     "Stops": [
          {
               "Name": "Great Western Road",
               "Location": "51.52226746499678, -0.20218709694634046",
               "Audio": "",
               "AnnounceDistance": 20.0
          },
          {
               "Name": "Edenham Way",
               "Location": "51.52227250076474, -0.20427704086315612",
               "Audio": "",
               "AnnounceDistance": 20.0
          },
          {
               "Name": "Golborne Road",
               "Location": "51.52349757512515, -0.20676591602003924",
               "Audio": "",
               "AnnounceDistance": 20.0
          },
          {
               "Name": "Bosworth Road",
               "Location": "51.52569837501388, -0.20778947426875055",
               "Audio": "",
               "AnnounceDistance": 20.0
          },
          {
               "Name": "West Row",
               "Location": "51.52625514326801, -0.21363493234152892",
               "Audio": "",
               "AnnounceDistance": 20.0
          },
          {
               "Name": "Ladbroke Grove Sainsburys",
               "Location": "51.5255802470717, -0.21596787335919224",
               "Audio": "",
               "AnnounceDistance": 20.0
          },
          {
               "Name": "Kensal House",
               "Location": "51.52548796541486, -0.21463081372150866",
               "Audio": "",
               "AnnounceDistance": 20.0
          },
          {
               "Name": "Barlby Road",
               "Location": "51.52353666547353, -0.21345301523202548",
               "Audio": "",
               "AnnounceDistance": 20.0
          },
          {
               "Name": "St Charles Square",
               "Location": "51.521387419382805, -0.21226865242035953",
               "Audio": "",
               "AnnounceDistance": 20.0
          },
          {
               "Name": "Chesterton Road",
               "Location": "51.519717990134986, -0.21129622055209543",
               "Audio": "",
               "AnnounceDistance": 20.0
          },
          {
               "Name": "Ladbroke Grove Station",
               "Location": "51.51712220234574, -0.20972599115597326",
               "Audio": "",
               "AnnounceDistance": 20.0
          },
          {
               "Name": "Elgin Crescent",
               "Location": "51.51442331823575, -0.207295244783375",
               "Audio": "",
               "AnnounceDistance": 20.0
          },
          {
               "Name": "Portobello Road",
               "Location": "51.51504721116544, -0.20516652742711017",
               "Audio": "",
               "AnnounceDistance": 20.0
          },
          {
               "Name": "Westbourne Grove / Colville Road",
               "Location": "51.51433114324182, -0.2012745373298063",
               "Audio": "",
               "AnnounceDistance": 20.0
          },
          {
               "Name": "Chepstow Road / Westbourne Grove",
               "Location": "51.515153456043606, -0.19451149060258222",
               "Audio": "",
               "AnnounceDistance": 20.0
          },
          {
               "Name": "Queensway",
               "Location": "51.51562563406414, -0.19014018642721406",
               "Audio": "",
               "AnnounceDistance": 20.0
          },
          {
               "Name": "Porchester Terrace North",
               "Location": "51.5164491754937, -0.1864034115138582",
               "Audio": "",
               "AnnounceDistance": 20.0
          },
          {
               "Name": "Bishops Bridge Road / Westbourne Terrace",
               "Location": "51.5177652034969, -0.1813785184093897",
               "Audio": "",
               "AnnounceDistance": 20.0
          },
          {
               "Name": "Paddington Stn / Eastbourne Terrace",
               "Location": "51.51647516469756, -0.17821580655088937",
               "Audio": "",
               "AnnounceDistance": 20.0
          },
          {
               "Name": "Paddington Station",
               "Location": "51.516737118811044, -0.17366523609941836",
               "Audio": "",
               "AnnounceDistance": 20.0
          },
          {
               "Name": "St Marys Hospital",
               "Location": "51.517402172071144, -0.17248557016351934",
               "Audio": "",
               "AnnounceDistance": 20.0
          },
          {
               "Name": "Edgware Road / Praed Street",
               "Location": "51.51889443587522, -0.16841880986659488",
               "Audio": "",
               "AnnounceDistance": 20.0
          },
          {
               "Name": "George Street",
               "Location": "51.51630879421765, -0.1646598615377263",
               "Audio": "",
               "AnnounceDistance": 20.0
          },
          {
               "Name": "Marble Arch Station / Edgware Road",
               "Location": "51.513515612813464, -0.16028997273946888",
               "Audio": "",
               "AnnounceDistance": 20.0
          },
          {
               "Name": "Marble Arch Station / Park Lane",
               "Location": "51.51245941224994, -0.15773840872965914",
               "Audio": "",
               "AnnounceDistance": 20.0
          },
          {
               "Name": "Dorchester Hotel",
               "Location": "51.50841848520999, -0.1540970456560131",
               "Audio": "",
               "AnnounceDistance": 20.0
          },
          {
               "Name": "London Hilton Hotel",
               "Location": "51.505373486710425, -0.15089150363159462",
               "Audio": "",
               "AnnounceDistance": 20.0
          },
          {
               "Name": "Old Park Lane / Hard Rock Cafe",
               "Location": "51.5040843406393, -0.1484076837169535",
               "Audio": "",
               "AnnounceDistance": 20.0
          },
          {
               "Name": "Green Park Station",
               "Location": "51.50701325871196, -0.14255374524370035",
               "Audio": "",
               "AnnounceDistance": 20.0
          },
          {
               "Name": "Old Bond Street / Royal Academy",
               "Location": "51.50840761554646, -0.13918262054871539",
               "Audio": "",
               "AnnounceDistance": 20.0
          },
          {
               "Name": "Piccadilly Circus",
               "Location": "51.50930502721494, -0.13623507462460305",
               "Audio": "",
               "AnnounceDistance": 20.0
          },
          {
               "Name": "Haymarket / Jermyn Street",
               "Location": "51.509689939835965, -0.13273192259045827",
               "Audio": "",
               "AnnounceDistance": 20.0
          },
          {
               "Name": "Trafalgar Square",
               "Location": "51.50759167417111, -0.12915750131780143",
               "Audio": "",
               "AnnounceDistance": 20.0
          },
          {
               "Name": "Charing Cross Stn / Trafalgar Square",
               "Location": "51.50812521154581, -0.12652735594817902",
               "Audio": "",
               "AnnounceDistance": 20.0
          },
          {
               "Name": "Southampton Street / Covent Garden",
               "Location": "51.51036498839243, -0.12206889223923768",
               "Audio": "",
               "AnnounceDistance": 20.0
          },
          {
               "Name": "Aldwych / Drury Lane",
               "Location": "51.51283321031063, -0.11840763728021925",
               "Audio": "",
               "AnnounceDistance": 20.0
          }
     ]
}