{
     "RouteNumber": "240",
     "Destination": "Edgware Station",
     "RouteAudio": "",
     "DestinationAudio": "",
     "Stops": [
          {
               "Name": "Golders Green Station",
               "Location": "51.5719933273629, -0.19443929250471845",
               "Audio": "",
               "AnnounceDistance": 20.0
          },
          {
               "Name": "Finchley Road",
               "Location": "51.57190555119323, -0.19633316500400963",
               "Audio": "",
               "AnnounceDistance": 20.0
          },
          {
               "Name": "Hoop Lane",
               "Location": "51.5737827634005, -0.2008768037007147",
               "Audio": "",
               "AnnounceDistance": 20.0
          },
          {
               "Name": "Woodstock Avenue",
               "Location": "51.57538124728721, -0.20367113837124584",
               "Audio": "",
               "AnnounceDistance": 20.0
          },
          {
               "Name": "Limes Avenue",
               "Location": "51.577369851554835, -0.20669565650869343",
               "Audio": "",
               "AnnounceDistance": 20.0
          },
          {
               "Name": "Golders Manor Drive",
               "Location": "51.580006320213094, -0.20975270723554904",
               "Audio": "",
               "AnnounceDistance": 20.0
          },
          {
               "Name": "North Circular Road",
               "Location": "51.58162390872963, -0.21322535373835722",
               "Audio": "",
               "AnnounceDistance": 20.0
          },
          {
               "Name": "Brent Street / Green Lane",
               "Location": "51.58342573859969, -0.21640234880246734",
               "Audio": "",
               "AnnounceDistance": 20.0
          },
          {
               "Name": "Bell Lane",
               "Location": "51.58572855222319, -0.22000748838329454",
               "Audio": "",
               "AnnounceDistance": 20.0
          },
          {
               "Name": "The Quadrant",
               "Location": "51.58899910040201, -0.22161196312887202",
               "Audio": "",
               "AnnounceDistance": 20.0
          },
          {
               "Name": "Downage",
               "Location": "51.592409365704086, -0.22056924947214684",
               "Audio": "",
               "AnnounceDistance": 20.0
          },
          {
               "Name": "Ashley Lane",
               "Location": "51.59385105366796, -0.21839060953380254",
               "Audio": "",
               "AnnounceDistance": 20.0
          },
          {
               "Name": "Great North Way",
               "Location": "51.59592222501332, -0.2162160435425239",
               "Audio": "",
               "AnnounceDistance": 20.0
          },
          {
               "Name": "Holders Hill Crescent",
               "Location": "51.59727416187192, -0.21346307420732133",
               "Audio": "",
               "AnnounceDistance": 20.0
          },
          {
               "Name": "Hendon Cemetery",
               "Location": "51.60059717840957, -0.20965057364636305",
               "Audio": "",
               "AnnounceDistance": 20.0
          },
          {
               "Name": "Holders Hill Circus",
               "Location": "51.60423740877751, -0.20777450210064427",
               "Audio": "",
               "AnnounceDistance": 20.0
          },
          {
               "Name": "Frith Lane",
               "Location": "51.60558830839324, -0.20790904165956087",
               "Audio": "",
               "AnnounceDistance": 20.0
          },
          {
               "Name": "Mill Hill East Station",
               "Location": "51.60855415323476, -0.2101607541320667",
               "Audio": "",
               "AnnounceDistance": 20.0
          },
          {
               "Name": "Sanders Lane",
               "Location": "51.60979554188282, -0.21196056658605084",
               "Audio": "",
               "AnnounceDistance": 20.0
          },
          {
               "Name": "Engel Park",
               "Location": "51.61460738802621, -0.2155702467179464",
               "Audio": "",
               "AnnounceDistance": 20.0
          },
          {
               "Name": "Medawar Drive",
               "Location": "51.617158771966416, -0.22074253088345264",
               "Audio": "",
               "AnnounceDistance": 20.0
          },
          {
               "Name": "St Vincents School",
               "Location": "51.61755648304271, -0.22384708103540954",
               "Audio": "",
               "AnnounceDistance": 20.0
          },
          {
               "Name": "Mill Hill School",
               "Location": "51.61880237738418, -0.22953322824145944",
               "Audio": "",
               "AnnounceDistance": 20.0
          },
          {
               "Name": "Mill Hill Village / Hammers Lane",
               "Location": "51.62138280759715, -0.2342866937120402",
               "Audio": "",
               "AnnounceDistance": 20.0
          },
          {
               "Name": "Shakespeare Road",
               "Location": "51.61795848947175, -0.2361963421107707",
               "Audio": "",
               "AnnounceDistance": 20.0
          },
          {
               "Name": "Wise Lane",
               "Location": "51.61528936540088, -0.23749868433801158",
               "Audio": "",
               "AnnounceDistance": 20.0
          },
          {
               "Name": "Birkbeck Road",
               "Location": "51.61562458965612, -0.24066344092578448",
               "Audio": "",
               "AnnounceDistance": 20.0
          },
          {
               "Name": "Flower Lane / Sacred Heart Church",
               "Location": "51.61505529072788, -0.2458853294863906",
               "Audio": "",
               "AnnounceDistance": 20.0
          },
          {
               "Name": "Mill Hill Broadway Station",
               "Location": "51.613511773012185, -0.2491079826152175",
               "Audio": "",
               "AnnounceDistance": 20.0
          },
          {
               "Name": "Beech Walk",
               "Location": "51.6142963264781, -0.25348316373342755",
               "Audio": "",
               "AnnounceDistance": 20.0
          },
          {
               "Name": "Downhurst Avenue",
               "Location": "51.61555505929824, -0.25589036537482795",
               "Audio": "",
               "AnnounceDistance": 20.0
          },
          {
               "Name": "Cloister Gardens",
               "Location": "51.616983220022874, -0.2612379272708348",
               "Audio": "",
               "AnnounceDistance": 20.0
          },
          {
               "Name": "Farm Road",
               "Location": "51.617652594083076, -0.26636916864554505",
               "Audio": "",
               "AnnounceDistance": 20.0
          },
          {
               "Name": "Broadfields Avenue",
               "Location": "51.617569031990136, -0.2729014245748772",
               "Audio": "",
               "AnnounceDistance": 20.0
          },
          {
               "Name": "Edgware Library",
               "Location": "51.6162019136186, -0.2747155394011822",
               "Audio": "",
               "AnnounceDistance": 20.0
          },
          {
               "Name": "Edgware Station",
               "Location": "51.613399098298515, -0.27551510419458686",
               "Audio": "",
               "AnnounceDistance": 20.0
          }
     ]
}