{
     "RouteNumber": "240",
     "Destination": "Golders Green Station",
     "RouteAudio": "",
     "DestinationAudio": "",
     "Stops": [
          {
               "Name": "Edgware Bus Station",
               "Location": "51.61274148990909, -0.27421124242353134",
               "Audio": "",
               "AnnounceDistance": 20.0
          },
          {
               "Name": "Edgware Station",
               "Location": "51.61477045566545, -0.2758242273931328",
               "Audio": "",
               "AnnounceDistance": 20.0
          },
          {
               "Name": "Broadfields Avenue",
               "Location": "51.618245536413426, -0.27182125297811527",
               "Audio": "",
               "AnnounceDistance": 20.0
          },
          {
               "Name": "Farm Road",
               "Location": "51.61784430905759, -0.2665640922469609",
               "Audio": "",
               "AnnounceDistance": 20.0
          },
          {
               "Name": "Cloister Gardens",
               "Location": "51.61719099333671, -0.2613022102112689",
               "Audio": "",
               "AnnounceDistance": 20.0
          },
          {
               "Name": "Ashbourne Grove",
               "Location": "51.61548614350041, -0.2554885692565379",
               "Audio": "",
               "AnnounceDistance": 20.0
          },
          {
               "Name": "Hale Grove Gardens",
               "Location": "51.61437133448612, -0.25187701577273364",
               "Audio": "",
               "AnnounceDistance": 20.0
          },
          {
               "Name": "Mill Hill Broadway Station",
               "Location": "51.614405039036754, -0.24810586862293973",
               "Audio": "",
               "AnnounceDistance": 20.0
          },
          {
               "Name": "Mill Hill Circus / Flower Lane",
               "Location": "51.616058315257305, -0.24500888262628215",
               "Audio": "",
               "AnnounceDistance": 20.0
          },
          {
               "Name": "Birkbeck Road",
               "Location": "51.615627415077135, -0.23965223180545914",
               "Audio": "",
               "AnnounceDistance": 20.0
          },
          {
               "Name": "Wise Lane",
               "Location": "51.61589711328425, -0.2366518115723834",
               "Audio": "",
               "AnnounceDistance": 20.0
          },
          {
               "Name": "Shakespeare Road",
               "Location": "51.61889887246628, -0.23594320209958805",
               "Audio": "",
               "AnnounceDistance": 20.0
          },
          {
               "Name": "Mill Hill Village / The Ridgeway",
               "Location": "51.62114278793559, -0.23267805318486512",
               "Audio": "",
               "AnnounceDistance": 20.0
          },
          {
               "Name": "Mill Hill School",
               "Location": "51.61857754378901, -0.22893527820845366",
               "Audio": "",
               "AnnounceDistance": 20.0
          },
          {
               "Name": "St Vincents School",
               "Location": "51.61754315608373, -0.22296646109114757",
               "Audio": "",
               "AnnounceDistance": 20.0
          },
          {
               "Name": "Medawar Drive",
               "Location": "51.617278665300766, -0.22094006972308383",
               "Audio": "",
               "AnnounceDistance": 20.0
          },
          {
               "Name": "Engel Park",
               "Location": "51.61413610570188, -0.21473654248318302",
               "Audio": "",
               "AnnounceDistance": 20.0
          },
          {
               "Name": "Sanders Lane",
               "Location": "51.60995862544426, -0.2120408138684628",
               "Audio": "",
               "AnnounceDistance": 20.0
          },
          {
               "Name": "Mill Hill East Station",
               "Location": "51.60850085453594, -0.209614051534509",
               "Audio": "",
               "AnnounceDistance": 20.0
          },
          {
               "Name": "Frith Lane",
               "Location": "51.6058745670645, -0.20781112260920329",
               "Audio": "",
               "AnnounceDistance": 20.0
          },
          {
               "Name": "Holders Hill Circus",
               "Location": "51.60392987087033, -0.20765664603708622",
               "Audio": "",
               "AnnounceDistance": 20.0
          },
          {
               "Name": "Hendon Cemetery",
               "Location": "51.60126349176009, -0.20911897492336007",
               "Audio": "",
               "AnnounceDistance": 20.0
          },
          {
               "Name": "Holders Hill Crescent",
               "Location": "51.59736532981756, -0.21295414796794573",
               "Audio": "",
               "AnnounceDistance": 20.0
          },
          {
               "Name": "Great North Way",
               "Location": "51.595555514105946, -0.21634591435438996",
               "Audio": "",
               "AnnounceDistance": 20.0
          },
          {
               "Name": "Ashley Lane",
               "Location": "51.59316978661541, -0.21912468819148956",
               "Audio": "",
               "AnnounceDistance": 20.0
          },
          {
               "Name": "Florence Street",
               "Location": "51.59051768325611, -0.2215382226406891",
               "Audio": "",
               "AnnounceDistance": 20.0
          },
          {
               "Name": "The Quadrant",
               "Location": "51.58931211479164, -0.22149868787908975",
               "Audio": "",
               "AnnounceDistance": 20.0
          },
          {
               "Name": "Bell Lane",
               "Location": "51.58620661299907, -0.22010428477145194",
               "Audio": "",
               "AnnounceDistance": 20.0
          },
          {
               "Name": "Brent Street / Green Lane",
               "Location": "51.58316116552367, -0.215561101298118",
               "Audio": "",
               "AnnounceDistance": 20.0
          },
          {
               "Name": "North Circular Road",
               "Location": "51.58147374766887, -0.21281267238994142",
               "Audio": "",
               "AnnounceDistance": 20.0
          },
          {
               "Name": "Golders Manor Drive",
               "Location": "51.58046358804265, -0.21025433149786324",
               "Audio": "",
               "AnnounceDistance": 20.0
          },
          {
               "Name": "Highfield Avenue",
               "Location": "51.57851062601202, -0.20779092456181814",
               "Audio": "",
               "AnnounceDistance": 20.0
          },
          {
               "Name": "Woodstock Avenue",
               "Location": "51.5759860831111, -0.20441217579420343",
               "Audio": "",
               "AnnounceDistance": 20.0
          },
          {
               "Name": "Hoop Lane",
               "Location": "51.573648764261335, -0.20034814627628203",
               "Audio": "",
               "AnnounceDistance": 20.0
          },
          {
               "Name": "Finchley Road",
               "Location": "51.57228076092667, -0.19734288660036836",
               "Audio": "",
               "AnnounceDistance": 20.0
          },
          {
               "Name": "Golders Green Station",
               "Location": "51.5719933273629, -0.19443929250471845",
               "Audio": "",
               "AnnounceDistance": 20.0
          }
     ]
}