{
     "RouteNumber": "242",
     "Destination": "Aldgate Station",
     "RouteAudio": "",
     "DestinationAudio": "",
     "Stops": [
          {
               "Name": "Homerton Hospital / Wardle Street",
               "Location": "51.54905725645302, -0.043772015658108496",
               "Audio": "",
               "AnnounceDistance": 20.0
          },
          {
               "Name": "Brooksbys Walk / Homerton Station",
               "Location": "51.54958906398813, -0.042768389824894275",
               "Audio": "",
               "AnnounceDistance": 20.0
          },
          {
               "Name": "Chatsworth Road / Clifden Road",
               "Location": "51.55231254836822, -0.044310313477579424",
               "Audio": "",
               "AnnounceDistance": 20.0
          },
          {
               "Name": "Redwald Road",
               "Location": "51.553842080995636, -0.0400470158745665",
               "Audio": "",
               "AnnounceDistance": 20.0
          },
          {
               "Name": "Mandeville Street / Gilpin Road",
               "Location": "51.55539672119537, -0.037830776132075215",
               "Audio": "",
               "AnnounceDistance": 20.0
          },
          {
               "Name": "Mandeville Community Primary School",
               "Location": "51.55724716910458, -0.03932358248970305",
               "Audio": "",
               "AnnounceDistance": 20.0
          },
          {
               "Name": "Millfields Road",
               "Location": "51.55750584488844, -0.0424285210415495",
               "Audio": "",
               "AnnounceDistance": 20.0
          },
          {
               "Name": "Chatsworth Road",
               "Location": "51.556393192029574, -0.046890610341099655",
               "Audio": "",
               "AnnounceDistance": 20.0
          },
          {
               "Name": "Median Road",
               "Location": "51.5530991365694, -0.049426234005965984",
               "Audio": "",
               "AnnounceDistance": 20.0
          },
          {
               "Name": "Lower Clapton Road",
               "Location": "51.551439199031066, -0.05127142870727614",
               "Audio": "",
               "AnnounceDistance": 20.0
          },
          {
               "Name": "Hackney Baths",
               "Location": "51.55073682003995, -0.05229670525599941",
               "Audio": "",
               "AnnounceDistance": 20.0
          },
          {
               "Name": "Clapton Square",
               "Location": "51.54992034189361, -0.05403358650385825",
               "Audio": "",
               "AnnounceDistance": 20.0
          },
          {
               "Name": "Pembury Circus",
               "Location": "51.54947412414736, -0.05858165352031293",
               "Audio": "",
               "AnnounceDistance": 20.0
          },
          {
               "Name": "Hackney Central Station",
               "Location": "51.54748321445536, -0.055651997321045796",
               "Audio": "",
               "AnnounceDistance": 20.0
          },
          {
               "Name": "Graham Road / Hackney Central",
               "Location": "51.54654079328696, -0.056845993316418944",
               "Audio": "",
               "AnnounceDistance": 20.0
          },
          {
               "Name": "Royal Oak Road",
               "Location": "51.54610749717016, -0.06163832743432863",
               "Audio": "",
               "AnnounceDistance": 20.0
          },
          {
               "Name": "Greenwood Road",
               "Location": "51.545795875398795, -0.06455048820228228",
               "Audio": "",
               "AnnounceDistance": 20.0
          },
          {
               "Name": "Stannard Road",
               "Location": "51.54615089237452, -0.06863143419609001",
               "Audio": "",
               "AnnounceDistance": 20.0
          },
          {
               "Name": "Dalston Junction Station",
               "Location": "51.546211123266794, -0.07338833739931833",
               "Audio": "",
               "AnnounceDistance": 20.0
          },
          {
               "Name": "Forest Road",
               "Location": "51.54430201231359, -0.07596398165185622",
               "Audio": "",
               "AnnounceDistance": 20.0
          },
          {
               "Name": "Middleton Road",
               "Location": "51.54124169305965, -0.0763382229311118",
               "Audio": "",
               "AnnounceDistance": 20.0
          },
          {
               "Name": "Haggerston Station",
               "Location": "51.538144243942035, -0.07664187360960424",
               "Audio": "",
               "AnnounceDistance": 20.0
          },
          {
               "Name": "Laburnum Street",
               "Location": "51.535521887021446, -0.07685335684451401",
               "Audio": "",
               "AnnounceDistance": 20.0
          },
          {
               "Name": "St Leonards Hospital",
               "Location": "51.533779481529194, -0.0769844716541926",
               "Audio": "",
               "AnnounceDistance": 20.0
          },
          {
               "Name": "Hoxton Station / Museum Of The Home",
               "Location": "51.53136026494124, -0.07697108026901396",
               "Audio": "",
               "AnnounceDistance": 20.0
          },
          {
               "Name": "Falkirk Street",
               "Location": "51.529632039821394, -0.07741875811690349",
               "Audio": "",
               "AnnounceDistance": 20.0
          },
          {
               "Name": "Shoreditch Church",
               "Location": "51.52794093796159, -0.07793692069893915",
               "Audio": "",
               "AnnounceDistance": 20.0
          },
          {
               "Name": "Shoreditch High Street Station",
               "Location": "51.52498988521335, -0.07729715478080725",
               "Audio": "",
               "AnnounceDistance": 20.0
          },
          {
               "Name": "Elder Street",
               "Location": "51.52181370609466, -0.0760903575269487",
               "Audio": "",
               "AnnounceDistance": 20.0
          },
          {
               "Name": "Folgate Street",
               "Location": "51.52059441194644, -0.07467146826535474",
               "Audio": "",
               "AnnounceDistance": 20.0
          },
          {
               "Name": "Brushfield Street",
               "Location": "51.51863775244776, -0.07435039973843584",
               "Audio": "",
               "AnnounceDistance": 20.0
          },
          {
               "Name": "Lolesworth Close",
               "Location": "51.51736476171851, -0.07349604467809809",
               "Audio": "",
               "AnnounceDistance": 20.0
          },
          {
               "Name": "Aldgate East Station",
               "Location": "51.51576919467706, -0.07216531262380436",
               "Audio": "",
               "AnnounceDistance": 20.0
          },
          {
               "Name": "Aldgate East Station",
               "Location": "51.514653245116286, -0.07320690056427852",
               "Audio": "",
               "AnnounceDistance": 20.0
          },
          {
               "Name": "Aldgate Station",
               "Location": "51.51413038399895, -0.07477109559964983",
               "Audio": "",
               "AnnounceDistance": 20.0
          }
     ]
}