{
     "RouteNumber": "243",
     "Destination": "Wood Green Station",
     "RouteAudio": "",
     "DestinationAudio": "",
     "Stops": [
          {
               "Name": "Waterloo Station / Tenison Way",
               "Location": "51.504260105887376, -0.11317002371221234",
               "Audio": "",
               "AnnounceDistance": 20.0
          },
          {
               "Name": "Waterloo Bridge / South Bank",
               "Location": "51.506258964623825, -0.11500396441500564",
               "Audio": "",
               "AnnounceDistance": 20.0
          },
          {
               "Name": "Lancaster Place",
               "Location": "51.510446241573725, -0.11872215509872432",
               "Audio": "",
               "AnnounceDistance": 20.0
          },
          {
               "Name": "Aldwych / Drury Lane",
               "Location": "51.51283321031063, -0.11840763728021925",
               "Audio": "",
               "AnnounceDistance": 20.0
          },
          {
               "Name": "Holborn Station",
               "Location": "51.517071730282844, -0.12027965094069236",
               "Audio": "",
               "AnnounceDistance": 20.0
          },
          {
               "Name": "Red Lion Street",
               "Location": "51.52016192360877, -0.1189560298639827",
               "Audio": "",
               "AnnounceDistance": 20.0
          },
          {
               "Name": "Grays Inn Road",
               "Location": "51.52130938746638, -0.11425282292933",
               "Audio": "",
               "AnnounceDistance": 20.0
          },
          {
               "Name": "Rosebery Avenue",
               "Location": "51.52191609520489, -0.1117195800922253",
               "Audio": "",
               "AnnounceDistance": 20.0
          },
          {
               "Name": "Farringdon Road",
               "Location": "51.52218475636346, -0.10774436451009353",
               "Audio": "",
               "AnnounceDistance": 20.0
          },
          {
               "Name": "St John Street",
               "Location": "51.52260675144178, -0.10380597553617754",
               "Audio": "",
               "AnnounceDistance": 20.0
          },
          {
               "Name": "Goswell Road",
               "Location": "51.52315115694767, -0.09966060256704821",
               "Audio": "",
               "AnnounceDistance": 20.0
          },
          {
               "Name": "Central Street",
               "Location": "51.52402106330905, -0.09674128193298998",
               "Audio": "",
               "AnnounceDistance": 20.0
          },
          {
               "Name": "St Lukes Music Education Centre",
               "Location": "51.52504243510727, -0.09263342299853579",
               "Audio": "",
               "AnnounceDistance": 20.0
          },
          {
               "Name": "Old Street Station",
               "Location": "51.52556558590375, -0.08886339531102387",
               "Audio": "",
               "AnnounceDistance": 20.0
          },
          {
               "Name": "Great Eastern Street",
               "Location": "51.5267268624943, -0.08232738925279705",
               "Audio": "",
               "AnnounceDistance": 20.0
          },
          {
               "Name": "Shoreditch Town Hall",
               "Location": "51.52730048862679, -0.07946321869811268",
               "Audio": "",
               "AnnounceDistance": 20.0
          },
          {
               "Name": "Waterson Street",
               "Location": "51.52825852927494, -0.07811096466507722",
               "Audio": "",
               "AnnounceDistance": 20.0
          },
          {
               "Name": "Hoxton Station / Museum Of The Home",
               "Location": "51.52970700031306, -0.07760302567223676",
               "Audio": "",
               "AnnounceDistance": 20.0
          },
          {
               "Name": "Pearson Street",
               "Location": "51.53286712567193, -0.07728245260152829",
               "Audio": "",
               "AnnounceDistance": 20.0
          },
          {
               "Name": "St Leonards Hospital",
               "Location": "51.53403440589269, -0.07717558982912595",
               "Audio": "",
               "AnnounceDistance": 20.0
          },
          {
               "Name": "Laburnum Street",
               "Location": "51.53561458504268, -0.07702248021778083",
               "Audio": "",
               "AnnounceDistance": 20.0
          },
          {
               "Name": "Haggerston Station",
               "Location": "51.538220150840466, -0.07688381422743978",
               "Audio": "",
               "AnnounceDistance": 20.0
          },
          {
               "Name": "Middleton Road",
               "Location": "51.541442936763566, -0.07654605228734765",
               "Audio": "",
               "AnnounceDistance": 20.0
          },
          {
               "Name": "Dalston Junction Station",
               "Location": "51.544538965657935, -0.07615589469209633",
               "Audio": "",
               "AnnounceDistance": 20.0
          },
          {
               "Name": "Kingsland High Street",
               "Location": "51.54689764039737, -0.0757679434221194",
               "Audio": "",
               "AnnounceDistance": 20.0
          },
          {
               "Name": "Dalston Kingsland Station",
               "Location": "51.54844896309109, -0.0755005611353842",
               "Audio": "",
               "AnnounceDistance": 20.0
          },
          {
               "Name": "Rio Cinema",
               "Location": "51.55026230639104, -0.07530864282668986",
               "Audio": "",
               "AnnounceDistance": 20.0
          },
          {
               "Name": "Princess May Road",
               "Location": "51.55285603818176, -0.07499721505389154",
               "Audio": "",
               "AnnounceDistance": 20.0
          },
          {
               "Name": "Amhurst Road",
               "Location": "51.55562098046951, -0.07470736892071962",
               "Audio": "",
               "AnnounceDistance": 20.0
          },
          {
               "Name": "Stoke Newington Police Station",
               "Location": "51.55787559447136, -0.07455444871219566",
               "Audio": "",
               "AnnounceDistance": 20.0
          },
          {
               "Name": "Brooke Road",
               "Location": "51.56043928488494, -0.07405663126112513",
               "Audio": "",
               "AnnounceDistance": 20.0
          },
          {
               "Name": "Stoke Newington Church Street",
               "Location": "51.562697201270524, -0.07355724944703468",
               "Audio": "",
               "AnnounceDistance": 20.0
          },
          {
               "Name": "Stoke Newington Station",
               "Location": "51.56460725400085, -0.07323123468956978",
               "Audio": "",
               "AnnounceDistance": 20.0
          },
          {
               "Name": "Lynmouth Road",
               "Location": "51.56786856091138, -0.07305006311200352",
               "Audio": "",
               "AnnounceDistance": 20.0
          },
          {
               "Name": "Stamford Hill Library",
               "Location": "51.570052460981316, -0.07297214452657577",
               "Audio": "",
               "AnnounceDistance": 20.0
          },
          {
               "Name": "Stamford Hill Broadway",
               "Location": "51.57301579647566, -0.07271693909230209",
               "Audio": "",
               "AnnounceDistance": 20.0
          },
          {
               "Name": "Egerton Road",
               "Location": "51.57436018217893, -0.07244359873691102",
               "Audio": "",
               "AnnounceDistance": 20.0
          },
          {
               "Name": "St Anns Road",
               "Location": "51.57663395682357, -0.07291025313645925",
               "Audio": "",
               "AnnounceDistance": 20.0
          },
          {
               "Name": "Lealand Road",
               "Location": "51.578527464890605, -0.07321983970380293",
               "Audio": "",
               "AnnounceDistance": 20.0
          },
          {
               "Name": "South Tottenham Station",
               "Location": "51.58105519295947, -0.07272321144913145",
               "Audio": "",
               "AnnounceDistance": 20.0
          },
          {
               "Name": "Seven Sisters Road",
               "Location": "51.58240052409915, -0.07250751278701811",
               "Audio": "",
               "AnnounceDistance": 20.0
          },
          {
               "Name": "Seven Sisters Station",
               "Location": "51.583792681129786, -0.0724052943396738",
               "Audio": "",
               "AnnounceDistance": 20.0
          },
          {
               "Name": "College Of North East London",
               "Location": "51.58475018077108, -0.07211937855441304",
               "Audio": "",
               "AnnounceDistance": 20.0
          },
          {
               "Name": "Tottenham Town Hall",
               "Location": "51.58753020355121, -0.07110667985582667",
               "Audio": "",
               "AnnounceDistance": 20.0
          },
          {
               "Name": "Tottenham Police Station",
               "Location": "51.5903849515309, -0.07026392467541674",
               "Audio": "",
               "AnnounceDistance": 20.0
          },
          {
               "Name": "Bruce Grove Station",
               "Location": "51.59370320871869, -0.06971903296894391",
               "Audio": "",
               "AnnounceDistance": 20.0
          },
          {
               "Name": "Bruce Grove Station",
               "Location": "51.59480857022696, -0.07076945567661035",
               "Audio": "",
               "AnnounceDistance": 20.0
          },
          {
               "Name": "Elmhurst Road",
               "Location": "51.596680158522396, -0.07302919340385645",
               "Audio": "",
               "AnnounceDistance": 20.0
          },
          {
               "Name": "Bruce Castle Park Museum",
               "Location": "51.59787252291755, -0.0744514948470848",
               "Audio": "",
               "AnnounceDistance": 20.0
          },
          {
               "Name": "Mount Pleasant Road",
               "Location": "51.59803044690145, -0.08024929175306726",
               "Audio": "",
               "AnnounceDistance": 20.0
          },
          {
               "Name": "Awlfield Avenue",
               "Location": "51.59784373513115, -0.08313051252316257",
               "Audio": "",
               "AnnounceDistance": 20.0
          },
          {
               "Name": "Waltheof Avenue",
               "Location": "51.597817096005365, -0.08811305939594247",
               "Audio": "",
               "AnnounceDistance": 20.0
          },
          {
               "Name": "The Roundway / West Arm",
               "Location": "51.597912990744554, -0.09124228116594699",
               "Audio": "",
               "AnnounceDistance": 20.0
          },
          {
               "Name": "Gladstone Avenue",
               "Location": "51.598081456700854, -0.0955235953152196",
               "Audio": "",
               "AnnounceDistance": 20.0
          },
          {
               "Name": "Morley Avenue",
               "Location": "51.59904368770678, -0.09829899879027561",
               "Audio": "",
               "AnnounceDistance": 20.0
          },
          {
               "Name": "Perth Road",
               "Location": "51.59919883151572, -0.10177239472463155",
               "Audio": "",
               "AnnounceDistance": 20.0
          },
          {
               "Name": "Wood Green Crown Court",
               "Location": "51.59832676149019, -0.10456661576867253",
               "Audio": "",
               "AnnounceDistance": 20.0
          },
          {
               "Name": "Wood Green Station",
               "Location": "51.597167775446444, -0.10909085746830335",
               "Audio": "",
               "AnnounceDistance": 20.0
          }
     ]
}