{
     "RouteNumber": "243",
     "Destination": "Waterloo Station / Mepham Street",
     "RouteAudio": "",
     "DestinationAudio": "",
     "Stops": [
          {
               "Name": "Redvers Road",
               "Location": "51.59743952879866, -0.10809773492564441",
               "Audio": "",
               "AnnounceDistance": 20.0
          },
          {
               "Name": "Wood Green Crown Court",
               "Location": "51.59863955032944, -0.10388939170319215",
               "Audio": "",
               "AnnounceDistance": 20.0
          },
          {
               "Name": "Perth Road",
               "Location": "51.59962363600856, -0.10023853727952253",
               "Audio": "",
               "AnnounceDistance": 20.0
          },
          {
               "Name": "Gladstone Avenue",
               "Location": "51.59854762720942, -0.09654370968972069",
               "Audio": "",
               "AnnounceDistance": 20.0
          },
          {
               "Name": "Westbury Avenue / Lordship Lane",
               "Location": "51.5982321369149, -0.0937268520549828",
               "Audio": "",
               "AnnounceDistance": 20.0
          },
          {
               "Name": "The Roundway / West Arm",
               "Location": "51.5980981139108, -0.09156661586490168",
               "Audio": "",
               "AnnounceDistance": 20.0
          },
          {
               "Name": "Waltheof Avenue",
               "Location": "51.59790329987367, -0.08678105676858225",
               "Audio": "",
               "AnnounceDistance": 20.0
          },
          {
               "Name": "Awlfield Avenue",
               "Location": "51.59800365902129, -0.08191090429413418",
               "Audio": "",
               "AnnounceDistance": 20.0
          },
          {
               "Name": "Mount Pleasant Road",
               "Location": "51.59830221148241, -0.07817304264221742",
               "Audio": "",
               "AnnounceDistance": 20.0
          },
          {
               "Name": "Bruce Castle Park Museum",
               "Location": "51.59810758526335, -0.07452818620172894",
               "Audio": "",
               "AnnounceDistance": 20.0
          },
          {
               "Name": "Elmhurst Road",
               "Location": "51.59608940136607, -0.07210126464638893",
               "Audio": "",
               "AnnounceDistance": 20.0
          },
          {
               "Name": "Bruce Grove Station",
               "Location": "51.59453895637048, -0.07023224007797127",
               "Audio": "",
               "AnnounceDistance": 20.0
          },
          {
               "Name": "Tottenham High Road / Bruce Grove Stn",
               "Location": "51.593045554069136, -0.06964585235700893",
               "Audio": "",
               "AnnounceDistance": 20.0
          },
          {
               "Name": "Tottenham Police Station",
               "Location": "51.59125068377702, -0.06986631341956467",
               "Audio": "",
               "AnnounceDistance": 20.0
          },
          {
               "Name": "Tottenham Town Hall",
               "Location": "51.58791848368024, -0.0706571596052065",
               "Audio": "",
               "AnnounceDistance": 20.0
          },
          {
               "Name": "College Of North East London",
               "Location": "51.58570365006409, -0.07158822416911242",
               "Audio": "",
               "AnnounceDistance": 20.0
          },
          {
               "Name": "Seven Sisters Station",
               "Location": "51.583175929878166, -0.07208497286968285",
               "Audio": "",
               "AnnounceDistance": 20.0
          },
          {
               "Name": "South Tottenham Station",
               "Location": "51.58058506534688, -0.07256990094645756",
               "Audio": "",
               "AnnounceDistance": 20.0
          },
          {
               "Name": "St Anns Road",
               "Location": "51.577750857768365, -0.07302176514120531",
               "Audio": "",
               "AnnounceDistance": 20.0
          },
          {
               "Name": "Egerton Road",
               "Location": "51.574501119405085, -0.07226445759985256",
               "Audio": "",
               "AnnounceDistance": 20.0
          },
          {
               "Name": "Stamford Hill Broadway",
               "Location": "51.57230232885345, -0.07253065446333341",
               "Audio": "",
               "AnnounceDistance": 20.0
          },
          {
               "Name": "Stamford Hill Library",
               "Location": "51.569968505824264, -0.07278810347041545",
               "Audio": "",
               "AnnounceDistance": 20.0
          },
          {
               "Name": "Lynmouth Road",
               "Location": "51.56752376729041, -0.07286263139239249",
               "Audio": "",
               "AnnounceDistance": 20.0
          },
          {
               "Name": "Stoke Newington Station",
               "Location": "51.56478413817549, -0.07305061539220153",
               "Audio": "",
               "AnnounceDistance": 20.0
          },
          {
               "Name": "Northwold Road / Stoke Newington Common",
               "Location": "51.56297502605773, -0.07185744394538614",
               "Audio": "",
               "AnnounceDistance": 20.0
          },
          {
               "Name": "Rectory Road / Brooke Road",
               "Location": "51.55977182157025, -0.07010301275405309",
               "Audio": "",
               "AnnounceDistance": 20.0
          },
          {
               "Name": "Manse Road",
               "Location": "51.55720433200369, -0.06982219771319294",
               "Audio": "",
               "AnnounceDistance": 20.0
          },
          {
               "Name": "Stoke Newington Road / Amhurst Road",
               "Location": "51.55600336949782, -0.07444598447767226",
               "Audio": "",
               "AnnounceDistance": 20.0
          },
          {
               "Name": "Princess May Road",
               "Location": "51.553266096751265, -0.074777955652688",
               "Audio": "",
               "AnnounceDistance": 20.0
          },
          {
               "Name": "Shacklewell Lane",
               "Location": "51.551399074225294, -0.07498660132491045",
               "Audio": "",
               "AnnounceDistance": 20.0
          },
          {
               "Name": "Rio Cinema",
               "Location": "51.55008872881173, -0.07514288332550298",
               "Audio": "",
               "AnnounceDistance": 20.0
          },
          {
               "Name": "Dalston Kingsland Station",
               "Location": "51.548724464948066, -0.07530143095007312",
               "Audio": "",
               "AnnounceDistance": 20.0
          },
          {
               "Name": "Dalston Junction Station",
               "Location": "51.54666967274324, -0.07557564362940764",
               "Audio": "",
               "AnnounceDistance": 20.0
          },
          {
               "Name": "Forest Road",
               "Location": "51.54430201231359, -0.07596398165185622",
               "Audio": "",
               "AnnounceDistance": 20.0
          },
          {
               "Name": "Middleton Road",
               "Location": "51.54124169305965, -0.0763382229311118",
               "Audio": "",
               "AnnounceDistance": 20.0
          },
          {
               "Name": "Haggerston Station / Downham Road",
               "Location": "51.53858457434884, -0.07662330926230039",
               "Audio": "",
               "AnnounceDistance": 20.0
          },
          {
               "Name": "Laburnum Street",
               "Location": "51.535521887021446, -0.07685335684451401",
               "Audio": "",
               "AnnounceDistance": 20.0
          },
          {
               "Name": "St Leonards Hospital",
               "Location": "51.533779481529194, -0.0769844716541926",
               "Audio": "",
               "AnnounceDistance": 20.0
          },
          {
               "Name": "Hoxton Station / Museum Of The Home",
               "Location": "51.53136026494124, -0.07697108026901396",
               "Audio": "",
               "AnnounceDistance": 20.0
          },
          {
               "Name": "Falkirk Street",
               "Location": "51.529632039821394, -0.07741875811690349",
               "Audio": "",
               "AnnounceDistance": 20.0
          },
          {
               "Name": "Shoreditch Church",
               "Location": "51.52794093796159, -0.07793692069893915",
               "Audio": "",
               "AnnounceDistance": 20.0
          },
          {
               "Name": "Shoreditch Town Hall",
               "Location": "51.52717515124633, -0.07949732612762342",
               "Audio": "",
               "AnnounceDistance": 20.0
          },
          {
               "Name": "Great Eastern Street",
               "Location": "51.52650875736709, -0.08328803147159873",
               "Audio": "",
               "AnnounceDistance": 20.0
          },
          {
               "Name": "Old Street Station",
               "Location": "51.52608456667743, -0.08539619417567",
               "Audio": "",
               "AnnounceDistance": 20.0
          },
          {
               "Name": "Bunhill Row",
               "Location": "51.52532023274745, -0.08981070525808671",
               "Audio": "",
               "AnnounceDistance": 20.0
          },
          {
               "Name": "St Lukes Music Education Centre",
               "Location": "51.524742430063476, -0.09353973668039962",
               "Audio": "",
               "AnnounceDistance": 20.0
          },
          {
               "Name": "Goswell Road",
               "Location": "51.52363781132736, -0.09750686313008552",
               "Audio": "",
               "AnnounceDistance": 20.0
          },
          {
               "Name": "Clerkenwell Road / St John Street",
               "Location": "51.52260857139897, -0.10113911304316764",
               "Audio": "",
               "AnnounceDistance": 20.0
          },
          {
               "Name": "Clerkenwell Green",
               "Location": "51.52225818112464, -0.10560790883978739",
               "Audio": "",
               "AnnounceDistance": 20.0
          },
          {
               "Name": "Hatton Garden",
               "Location": "51.52196969231952, -0.10890646769552056",
               "Audio": "",
               "AnnounceDistance": 20.0
          },
          {
               "Name": "Rosebery Avenue",
               "Location": "51.52181422834762, -0.11153640153387433",
               "Audio": "",
               "AnnounceDistance": 20.0
          },
          {
               "Name": "Grays Inn Road",
               "Location": "51.52126927233419, -0.11399501691034347",
               "Audio": "",
               "AnnounceDistance": 20.0
          },
          {
               "Name": "Red Lion Street",
               "Location": "51.52012549101456, -0.11836654682255747",
               "Audio": "",
               "AnnounceDistance": 20.0
          },
          {
               "Name": "Kingsway / Holborn Station",
               "Location": "51.516739670779614, -0.11976003445207672",
               "Audio": "",
               "AnnounceDistance": 20.0
          },
          {
               "Name": "Aldwych / Drury Lane",
               "Location": "51.51229149683389, -0.11883348831509605",
               "Audio": "",
               "AnnounceDistance": 20.0
          },
          {
               "Name": "Waterloo Bridge / South Bank",
               "Location": "51.50650044511987, -0.11492194854531493",
               "Audio": "",
               "AnnounceDistance": 20.0
          },
          {
               "Name": "Waterloo Station / Mepham Street",
               "Location": "51.50392482236248, -0.11301096366851586",
               "Audio": "",
               "AnnounceDistance": 20.0
          }
     ]
}