{
     "RouteNumber": "244",
     "Destination": "Queen Elizabeth Hospital / West Entrance",
     "RouteAudio": "",
     "DestinationAudio": "",
     "Stops": [
          {
               "Name": "Abbey Wood Road",
               "Location": "51.48927061227633, 0.1214261605947159",
               "Audio": "",
               "AnnounceDistance": 20.0
          },
          {
               "Name": "Abbey Wood Station",
               "Location": "51.49162658661282, 0.12143470140844871",
               "Audio": "",
               "AnnounceDistance": 20.0
          },
          {
               "Name": "Harrow Manorway / Lensbury Way",
               "Location": "51.49449302860112, 0.1210635635243113",
               "Audio": "",
               "AnnounceDistance": 20.0
          },
          {
               "Name": "Southmere Lake",
               "Location": "51.49790210432744, 0.12102013636096431",
               "Audio": "",
               "AnnounceDistance": 20.0
          },
          {
               "Name": "Thamesmead / Carlyle Road",
               "Location": "51.503433508736215, 0.11898589465342688",
               "Audio": "",
               "AnnounceDistance": 20.0
          },
          {
               "Name": "Titmuss Avenue",
               "Location": "51.50290955675048, 0.11662728357279252",
               "Audio": "",
               "AnnounceDistance": 20.0
          },
          {
               "Name": "Southwood Road",
               "Location": "51.50214479880067, 0.1126581788919253",
               "Audio": "",
               "AnnounceDistance": 20.0
          },
          {
               "Name": "Hawksmoor School",
               "Location": "51.50420988409552, 0.11134155297956733",
               "Audio": "",
               "AnnounceDistance": 20.0
          },
          {
               "Name": "Gallions Reach Health Centre",
               "Location": "51.50623261914875, 0.1098787511324291",
               "Audio": "",
               "AnnounceDistance": 20.0
          },
          {
               "Name": "Thamesmead Town Centre",
               "Location": "51.50742705371728, 0.10896841870076727",
               "Audio": "",
               "AnnounceDistance": 20.0
          },
          {
               "Name": "Watersmeet Place",
               "Location": "51.50497356344891, 0.10487798727799615",
               "Audio": "",
               "AnnounceDistance": 20.0
          },
          {
               "Name": "Grasshaven Way",
               "Location": "51.501386029717494, 0.1028395244876666",
               "Audio": "",
               "AnnounceDistance": 20.0
          },
          {
               "Name": "Belmarsh Prison",
               "Location": "51.497316447557786, 0.08952699237301534",
               "Audio": "",
               "AnnounceDistance": 20.0
          },
          {
               "Name": "Goldfinch Road",
               "Location": "51.498203684685336, 0.08868870236418286",
               "Audio": "",
               "AnnounceDistance": 20.0
          },
          {
               "Name": "Merbury Road",
               "Location": "51.499414406642494, 0.08836944922240067",
               "Audio": "",
               "AnnounceDistance": 20.0
          },
          {
               "Name": "Bluebird Way",
               "Location": "51.50018192913868, 0.08566695105855283",
               "Audio": "",
               "AnnounceDistance": 20.0
          },
          {
               "Name": "Ridge Close",
               "Location": "51.49940551300513, 0.0843203643530154",
               "Audio": "",
               "AnnounceDistance": 20.0
          },
          {
               "Name": "Gallions Park",
               "Location": "51.49783358889675, 0.08472409545490907",
               "Audio": "",
               "AnnounceDistance": 20.0
          },
          {
               "Name": "Wigeon Path",
               "Location": "51.49539925280876, 0.0840655550659028",
               "Audio": "",
               "AnnounceDistance": 20.0
          },
          {
               "Name": "Heronsgate Primary School",
               "Location": "51.493640069338134, 0.08286162308227055",
               "Audio": "",
               "AnnounceDistance": 20.0
          },
          {
               "Name": "Carronade Place",
               "Location": "51.49382063961654, 0.08079534225826783",
               "Audio": "",
               "AnnounceDistance": 20.0
          },
          {
               "Name": "Tom Cribb Road",
               "Location": "51.49232950388634, 0.08019442004575833",
               "Audio": "",
               "AnnounceDistance": 20.0
          },
          {
               "Name": "Plumstead Road / Plumstead Station",
               "Location": "51.49033218519571, 0.08379123636112228",
               "Audio": "",
               "AnnounceDistance": 20.0
          },
          {
               "Name": "Greenwich Community College",
               "Location": "51.49088334157342, 0.08009977448241652",
               "Audio": "",
               "AnnounceDistance": 20.0
          },
          {
               "Name": "Maxey Road",
               "Location": "51.490868610139565, 0.07687229478112641",
               "Audio": "",
               "AnnounceDistance": 20.0
          },
          {
               "Name": "Woolwich",
               "Location": "51.491193221191764, 0.07072149865698509",
               "Audio": "",
               "AnnounceDistance": 20.0
          },
          {
               "Name": "Woolwich Arsenal Station",
               "Location": "51.48964747813184, 0.06811617549871274",
               "Audio": "",
               "AnnounceDistance": 20.0
          },
          {
               "Name": "Claydown Mews",
               "Location": "51.486125481804606, 0.06487436808956823",
               "Audio": "",
               "AnnounceDistance": 20.0
          },
          {
               "Name": "Gunner Lane",
               "Location": "51.484257256079594, 0.06270149029856877",
               "Audio": "",
               "AnnounceDistance": 20.0
          },
          {
               "Name": "Woolwich Common",
               "Location": "51.48254339787207, 0.06299862006204761",
               "Audio": "",
               "AnnounceDistance": 20.0
          },
          {
               "Name": "Nightingale Vale",
               "Location": "51.48230390870856, 0.06536425137527534",
               "Audio": "",
               "AnnounceDistance": 20.0
          },
          {
               "Name": "Elmdene Road",
               "Location": "51.4823306414883, 0.0679291364751537",
               "Audio": "",
               "AnnounceDistance": 20.0
          },
          {
               "Name": "Herbert Road / Plumstead Common Road",
               "Location": "51.481792148460684, 0.06990672472253356",
               "Audio": "",
               "AnnounceDistance": 20.0
          },
          {
               "Name": "Eglinton Road",
               "Location": "51.47931862425853, 0.06891621784819946",
               "Audio": "",
               "AnnounceDistance": 20.0
          },
          {
               "Name": "Cantwell Road",
               "Location": "51.47777868152863, 0.06852969960724924",
               "Audio": "",
               "AnnounceDistance": 20.0
          },
          {
               "Name": "Brent Road",
               "Location": "51.4757101070461, 0.06803289281832166",
               "Audio": "",
               "AnnounceDistance": 20.0
          },
          {
               "Name": "Eaglesfield Road",
               "Location": "51.47354851802037, 0.06974951498500008",
               "Audio": "",
               "AnnounceDistance": 20.0
          },
          {
               "Name": "Shrewsbury Lane / Foxcroft Road",
               "Location": "51.47148340303441, 0.0685472969486852",
               "Audio": "",
               "AnnounceDistance": 20.0
          },
          {
               "Name": "Shooters Hill / The Bull",
               "Location": "51.46953929201304, 0.06660193093964095",
               "Audio": "",
               "AnnounceDistance": 20.0
          },
          {
               "Name": "Memorial Hospital",
               "Location": "51.469428983094346, 0.06469632918119939",
               "Audio": "",
               "AnnounceDistance": 20.0
          },
          {
               "Name": "Red Lion Lane",
               "Location": "51.47036777421811, 0.059382324691384644",
               "Audio": "",
               "AnnounceDistance": 20.0
          },
          {
               "Name": "Shooters Hill Road / Well Hall Road",
               "Location": "51.47126643937979, 0.053778320593704104",
               "Audio": "",
               "AnnounceDistance": 20.0
          },
          {
               "Name": "Greenwich Heights",
               "Location": "51.47479345547614, 0.04801823322955814",
               "Audio": "",
               "AnnounceDistance": 20.0
          },
          {
               "Name": "Queen Elizabeth Hospital / West Entrance",
               "Location": "51.47691424958834, 0.05067660186588505",
               "Audio": "",
               "AnnounceDistance": 20.0
          }
     ]
}