{
     "RouteNumber": "246",
     "Destination": "Westerham Green",
     "RouteAudio": "",
     "DestinationAudio": "",
     "Stops": [
          {
               "Name": "Bromley North Station",
               "Location": "51.40824679721085, 0.016370840806998854",
               "Audio": "",
               "AnnounceDistance": 20.0
          },
          {
               "Name": "Bromley Civic Centre",
               "Location": "51.405309260894505, 0.01880096316097585",
               "Audio": "",
               "AnnounceDistance": 20.0
          },
          {
               "Name": "Bromley High Street / The Mall",
               "Location": "51.40196827495233, 0.015936520667110213",
               "Audio": "",
               "AnnounceDistance": 20.0
          },
          {
               "Name": "Bromley South Station",
               "Location": "51.40065598974819, 0.01694270487881424",
               "Audio": "",
               "AnnounceDistance": 20.0
          },
          {
               "Name": "St Marks Church",
               "Location": "51.39878936531544, 0.016716824293663505",
               "Audio": "",
               "AnnounceDistance": 20.0
          },
          {
               "Name": "Beadon Road",
               "Location": "51.395065127274194, 0.013649247038495",
               "Audio": "",
               "AnnounceDistance": 20.0
          },
          {
               "Name": "Hayesford Park Drive",
               "Location": "51.392861711678144, 0.01313563330848288",
               "Audio": "",
               "AnnounceDistance": 20.0
          },
          {
               "Name": "Cheriton Avenue",
               "Location": "51.39079945782605, 0.01330383501872835",
               "Audio": "",
               "AnnounceDistance": 20.0
          },
          {
               "Name": "Matfield Close",
               "Location": "51.38948999630362, 0.012053361504574303",
               "Audio": "",
               "AnnounceDistance": 20.0
          },
          {
               "Name": "Culverstone Close",
               "Location": "51.389562309170195, 0.007313313354345365",
               "Audio": "",
               "AnnounceDistance": 20.0
          },
          {
               "Name": "Pickhurst Park",
               "Location": "51.38920602258963, 0.005012368787014819",
               "Audio": "",
               "AnnounceDistance": 20.0
          },
          {
               "Name": "The Pickhurst",
               "Location": "51.3841105565345, 0.0027057530383176984",
               "Audio": "",
               "AnnounceDistance": 20.0
          },
          {
               "Name": "Crest Road",
               "Location": "51.38126807320391, 0.004852249543283919",
               "Audio": "",
               "AnnounceDistance": 20.0
          },
          {
               "Name": "Hayes Hill Road",
               "Location": "51.37945918424107, 0.005980302786576831",
               "Audio": "",
               "AnnounceDistance": 20.0
          },
          {
               "Name": "Hayes / Station Approach",
               "Location": "51.37740703489328, 0.01080498064707832",
               "Audio": "",
               "AnnounceDistance": 20.0
          },
          {
               "Name": "Hayes Station",
               "Location": "51.3761085983456, 0.01100672495621842",
               "Audio": "",
               "AnnounceDistance": 20.0
          },
          {
               "Name": "Holland Way",
               "Location": "51.37526129135067, 0.005351347581237111",
               "Audio": "",
               "AnnounceDistance": 20.0
          },
          {
               "Name": "Tiepigs Lane",
               "Location": "51.373701091870515, 0.0014036957966529011",
               "Audio": "",
               "AnnounceDistance": 20.0
          },
          {
               "Name": "Glebe Way",
               "Location": "51.370380057329015, -0.00001982749110556904",
               "Audio": "",
               "AnnounceDistance": 20.0
          },
          {
               "Name": "Coney Hall",
               "Location": "51.37014115887334, 0.0023834671117879524",
               "Audio": "",
               "AnnounceDistance": 20.0
          },
          {
               "Name": "Hartfield Crescent",
               "Location": "51.368246495783254, 0.014282646976713182",
               "Audio": "",
               "AnnounceDistance": 20.0
          },
          {
               "Name": "Keston / The Fox",
               "Location": "51.36139403048637, 0.028346572217527802",
               "Audio": "",
               "AnnounceDistance": 20.0
          },
          {
               "Name": "Leafy Grove",
               "Location": "51.35911823951462, 0.030975170883066016",
               "Audio": "",
               "AnnounceDistance": 20.0
          },
          {
               "Name": "Keston Village Hall",
               "Location": "51.3566501421457, 0.03224486184174313",
               "Audio": "",
               "AnnounceDistance": 20.0
          },
          {
               "Name": "Heathfield Road / Keston Common",
               "Location": "51.35506687897411, 0.03279238455902899",
               "Audio": "",
               "AnnounceDistance": 20.0
          },
          {
               "Name": "Keston Church",
               "Location": "51.34646210060251, 0.035814865477046036",
               "Audio": "",
               "AnnounceDistance": 20.0
          },
          {
               "Name": "Blackness Lane",
               "Location": "51.34366061340023, 0.032459921806427594",
               "Audio": "",
               "AnnounceDistance": 20.0
          },
          {
               "Name": "Leaves Green / Ashmore Lane",
               "Location": "51.3396350320827, 0.030716837890755584",
               "Audio": "",
               "AnnounceDistance": 20.0
          },
          {
               "Name": "Leaves Green / The Kings Arms",
               "Location": "51.3362515147241, 0.030323240761356972",
               "Audio": "",
               "AnnounceDistance": 20.0
          },
          {
               "Name": "Biggin Hill Airport / Passenger Terminal",
               "Location": "51.33237931399656, 0.02751075024663539",
               "Audio": "",
               "AnnounceDistance": 20.0
          },
          {
               "Name": "Hanbury Drive",
               "Location": "51.329151557876536, 0.024870677806079676",
               "Audio": "",
               "AnnounceDistance": 20.0
          },
          {
               "Name": "Biggin Hill Memorial Museum",
               "Location": "51.32800511665552, 0.02304025838811486",
               "Audio": "",
               "AnnounceDistance": 20.0
          },
          {
               "Name": "Main Road / Saltbox Hill",
               "Location": "51.32537429447477, 0.023843089632026655",
               "Audio": "",
               "AnnounceDistance": 20.0
          },
          {
               "Name": "Main Road / Sunningvale Avenue",
               "Location": "51.322042617384234, 0.027729416208006227",
               "Audio": "",
               "AnnounceDistance": 20.0
          },
          {
               "Name": "Biggin Hill / Black Horse",
               "Location": "51.316302374262406, 0.0330729786876008",
               "Audio": "",
               "AnnounceDistance": 20.0
          },
          {
               "Name": "Lebanon Gardens",
               "Location": "51.311558796863046, 0.03487214441610466",
               "Audio": "",
               "AnnounceDistance": 20.0
          },
          {
               "Name": "Haig Road",
               "Location": "51.30959638585018, 0.03705237445604942",
               "Audio": "",
               "AnnounceDistance": 20.0
          },
          {
               "Name": "Village Green Way",
               "Location": "51.30821053772766, 0.03968842273546127",
               "Audio": "",
               "AnnounceDistance": 20.0
          },
          {
               "Name": "Aperfield Road",
               "Location": "51.30733727606951, 0.04386793287684177",
               "Audio": "",
               "AnnounceDistance": 20.0
          },
          {
               "Name": "St Winifreds Road",
               "Location": "51.30680022366577, 0.04629750462714005",
               "Audio": "",
               "AnnounceDistance": 20.0
          },
          {
               "Name": "Aperfield Inn",
               "Location": "51.3016399302182, 0.052365859629292244",
               "Audio": "",
               "AnnounceDistance": 20.0
          },
          {
               "Name": "Westerham Hill Baptist Church",
               "Location": "51.296670921221775, 0.05418113486965914",
               "Audio": "",
               "AnnounceDistance": 20.0
          },
          {
               "Name": "Westerham Heights",
               "Location": "51.29291431270387, 0.05557686920320254",
               "Audio": "",
               "AnnounceDistance": 20.0
          },
          {
               "Name": "Graham Hall Coachworks",
               "Location": "51.28891321957345, 0.05911276121704486",
               "Audio": "",
               "AnnounceDistance": 20.0
          },
          {
               "Name": "Pilgrims Way",
               "Location": "51.283391587949495, 0.0652328798092542",
               "Audio": "",
               "AnnounceDistance": 20.0
          },
          {
               "Name": "Force Green",
               "Location": "51.27683198060592, 0.07408648888414003",
               "Audio": "",
               "AnnounceDistance": 20.0
          },
          {
               "Name": "Westerham / Hartley Road",
               "Location": "51.274366385781235, 0.07467797971095409",
               "Audio": "",
               "AnnounceDistance": 20.0
          },
          {
               "Name": "Westerham / The Flyers Way",
               "Location": "51.27039577872609, 0.07392566994069553",
               "Audio": "",
               "AnnounceDistance": 20.0
          },
          {
               "Name": "Westerham Green",
               "Location": "51.26692004310672, 0.0726510349681179",
               "Audio": "",
               "AnnounceDistance": 20.0
          }
     ]
}