{
     "RouteNumber": "246",
     "Destination": "Bromley North Station",
     "RouteAudio": "",
     "DestinationAudio": "",
     "Stops": [
          {
               "Name": "Westerham Green",
               "Location": "51.266946130814425, 0.07219348242344692",
               "Audio": "",
               "AnnounceDistance": 20.0
          },
          {
               "Name": "Westerham / The Flyers Way",
               "Location": "51.27078811338564, 0.07411537299290581",
               "Audio": "",
               "AnnounceDistance": 20.0
          },
          {
               "Name": "Westerham / Hartley Road",
               "Location": "51.27430729301116, 0.07446025510047782",
               "Audio": "",
               "AnnounceDistance": 20.0
          },
          {
               "Name": "Force Green",
               "Location": "51.27656392632162, 0.07398838609922519",
               "Audio": "",
               "AnnounceDistance": 20.0
          },
          {
               "Name": "Pilgrims Way",
               "Location": "51.282710815433525, 0.06558952352045526",
               "Audio": "",
               "AnnounceDistance": 20.0
          },
          {
               "Name": "Graham Hall Coachworks",
               "Location": "51.28889776820708, 0.05896864985780001",
               "Audio": "",
               "AnnounceDistance": 20.0
          },
          {
               "Name": "Westerham Heights",
               "Location": "51.2932358680047, 0.05518961767883066",
               "Audio": "",
               "AnnounceDistance": 20.0
          },
          {
               "Name": "Westerham Hill Baptist Church",
               "Location": "51.295979502553855, 0.05412158142237886",
               "Audio": "",
               "AnnounceDistance": 20.0
          },
          {
               "Name": "Aperfield Inn",
               "Location": "51.301968954049606, 0.052064923661836404",
               "Audio": "",
               "AnnounceDistance": 20.0
          },
          {
               "Name": "Tatsfield Path",
               "Location": "51.305002274112645, 0.049345174971106166",
               "Audio": "",
               "AnnounceDistance": 20.0
          },
          {
               "Name": "St Winifreds Road",
               "Location": "51.30686891991714, 0.0454540526018423",
               "Audio": "",
               "AnnounceDistance": 20.0
          },
          {
               "Name": "Main Road / Aperfield Road",
               "Location": "51.30737251233701, 0.042879504076222895",
               "Audio": "",
               "AnnounceDistance": 20.0
          },
          {
               "Name": "Village Green Way",
               "Location": "51.30831288402926, 0.03897555961809144",
               "Audio": "",
               "AnnounceDistance": 20.0
          },
          {
               "Name": "Lebanon Gardens",
               "Location": "51.31063799416787, 0.03559188865272778",
               "Audio": "",
               "AnnounceDistance": 20.0
          },
          {
               "Name": "Maple Leaf Close",
               "Location": "51.3125774262921, 0.03369751958498148",
               "Audio": "",
               "AnnounceDistance": 20.0
          },
          {
               "Name": "Biggin Hill / Black Horse",
               "Location": "51.31615185155248, 0.032937169453510114",
               "Audio": "",
               "AnnounceDistance": 20.0
          },
          {
               "Name": "Main Road / Sunningvale Avenue",
               "Location": "51.32213193491673, 0.02724537661478697",
               "Audio": "",
               "AnnounceDistance": 20.0
          },
          {
               "Name": "Main Road / Saltbox Hill",
               "Location": "51.325362766427, 0.023469395613858333",
               "Audio": "",
               "AnnounceDistance": 20.0
          },
          {
               "Name": "Biggin Hill Memorial Museum",
               "Location": "51.328694322036036, 0.023228491076853642",
               "Audio": "",
               "AnnounceDistance": 20.0
          },
          {
               "Name": "Biggin Hill Airport / Passenger Terminal",
               "Location": "51.33076326021059, 0.026836546664973863",
               "Audio": "",
               "AnnounceDistance": 20.0
          },
          {
               "Name": "Leaves Green / The Kings Arms",
               "Location": "51.3362178087473, 0.03019254088637669",
               "Audio": "",
               "AnnounceDistance": 20.0
          },
          {
               "Name": "Leaves Green / Ashmore Lane",
               "Location": "51.33938441745126, 0.030648330237015436",
               "Audio": "",
               "AnnounceDistance": 20.0
          },
          {
               "Name": "Blackness Lane",
               "Location": "51.34346065654898, 0.032063382134433265",
               "Audio": "",
               "AnnounceDistance": 20.0
          },
          {
               "Name": "Keston Church",
               "Location": "51.348571570051334, 0.036037609653554854",
               "Audio": "",
               "AnnounceDistance": 20.0
          },
          {
               "Name": "Westerham Road / Heathfield Road",
               "Location": "51.353993038824946, 0.03248632745928062",
               "Audio": "",
               "AnnounceDistance": 20.0
          },
          {
               "Name": "Keston Village Hall",
               "Location": "51.35643646957346, 0.03212050047550211",
               "Audio": "",
               "AnnounceDistance": 20.0
          },
          {
               "Name": "Leafy Grove",
               "Location": "51.35959621272993, 0.030378660430706566",
               "Audio": "",
               "AnnounceDistance": 20.0
          },
          {
               "Name": "Keston / The Fox",
               "Location": "51.362030468081834, 0.027426614506926766",
               "Audio": "",
               "AnnounceDistance": 20.0
          },
          {
               "Name": "Hartfield Crescent",
               "Location": "51.36859689232241, 0.012732039844107288",
               "Audio": "",
               "AnnounceDistance": 20.0
          },
          {
               "Name": "Coney Hall",
               "Location": "51.37010462842416, 0.002942197370523282",
               "Audio": "",
               "AnnounceDistance": 20.0
          },
          {
               "Name": "Addington Road / Glebe Way",
               "Location": "51.37073834769685, -0.0020443954728271516",
               "Audio": "",
               "AnnounceDistance": 20.0
          },
          {
               "Name": "Tiepigs Lane",
               "Location": "51.37387836222166, 0.001555111833255789",
               "Audio": "",
               "AnnounceDistance": 20.0
          },
          {
               "Name": "Holland Way",
               "Location": "51.37585341838685, 0.006483645128154178",
               "Audio": "",
               "AnnounceDistance": 20.0
          },
          {
               "Name": "Hayes Station",
               "Location": "51.37625484084029, 0.010869442039496571",
               "Audio": "",
               "AnnounceDistance": 20.0
          },
          {
               "Name": "Hayes / Station Approach",
               "Location": "51.377486563122076, 0.01036300796333863",
               "Audio": "",
               "AnnounceDistance": 20.0
          },
          {
               "Name": "Hayes Hill Road",
               "Location": "51.37892200324386, 0.006890869852730591",
               "Audio": "",
               "AnnounceDistance": 20.0
          },
          {
               "Name": "Crest Road",
               "Location": "51.38091231351534, 0.004621142718167366",
               "Audio": "",
               "AnnounceDistance": 20.0
          },
          {
               "Name": "The Pickhurst",
               "Location": "51.38333602952627, 0.0027725394107597666",
               "Audio": "",
               "AnnounceDistance": 20.0
          },
          {
               "Name": "The Avenue",
               "Location": "51.387294597215096, 0.002672302990514587",
               "Audio": "",
               "AnnounceDistance": 20.0
          },
          {
               "Name": "Meadway / Pickhurst Park",
               "Location": "51.388516758017175, 0.0037749003599222486",
               "Audio": "",
               "AnnounceDistance": 20.0
          },
          {
               "Name": "Pickhurst Park",
               "Location": "51.389574344394546, 0.005560286142836683",
               "Audio": "",
               "AnnounceDistance": 20.0
          },
          {
               "Name": "Stanstead Close",
               "Location": "51.389711876628255, 0.008555975302892557",
               "Audio": "",
               "AnnounceDistance": 20.0
          },
          {
               "Name": "Matfield Close",
               "Location": "51.3895984282418, 0.012546814499524682",
               "Audio": "",
               "AnnounceDistance": 20.0
          },
          {
               "Name": "Cheriton Avenue",
               "Location": "51.390377605786, 0.013256568657962124",
               "Audio": "",
               "AnnounceDistance": 20.0
          },
          {
               "Name": "Hayesford Park Drive",
               "Location": "51.392458078655494, 0.013074791296748883",
               "Audio": "",
               "AnnounceDistance": 20.0
          },
          {
               "Name": "Beadon Road",
               "Location": "51.39493354532729, 0.013456592604059287",
               "Audio": "",
               "AnnounceDistance": 20.0
          },
          {
               "Name": "Hayes Road / Cameron Road",
               "Location": "51.39717729190456, 0.01476268799543522",
               "Audio": "",
               "AnnounceDistance": 20.0
          },
          {
               "Name": "St Marks Church",
               "Location": "51.398827534716965, 0.016589116412977414",
               "Audio": "",
               "AnnounceDistance": 20.0
          },
          {
               "Name": "Bromley South Station",
               "Location": "51.400733318007696, 0.01662981482884608",
               "Audio": "",
               "AnnounceDistance": 20.0
          },
          {
               "Name": "Elmfield Road / The Mall",
               "Location": "51.402769850123434, 0.016388719766501907",
               "Audio": "",
               "AnnounceDistance": 20.0
          },
          {
               "Name": "Bromley Civic Centre",
               "Location": "51.404799532659176, 0.01863473167278371",
               "Audio": "",
               "AnnounceDistance": 20.0
          },
          {
               "Name": "Bromley Town Hall",
               "Location": "51.40600581310172, 0.016473556354370606",
               "Audio": "",
               "AnnounceDistance": 20.0
          },
          {
               "Name": "West Street",
               "Location": "51.40797602011513, 0.01381381265496165",
               "Audio": "",
               "AnnounceDistance": 20.0
          },
          {
               "Name": "Bromley North Station",
               "Location": "51.4089984095507, 0.016590841870194186",
               "Audio": "",
               "AnnounceDistance": 20.0
          }
     ]
}