{
     "RouteNumber": "247",
     "Destination": "Romford Station",
     "RouteAudio": "",
     "DestinationAudio": "",
     "Stops": [
          {
               "Name": "Barkingside Station",
               "Location": "51.58776996057859, 0.08421940446842467",
               "Audio": "",
               "AnnounceDistance": 20.0
          },
          {
               "Name": "Barkingside Magistrates Court",
               "Location": "51.58797212404075, 0.08144248521925188",
               "Audio": "",
               "AnnounceDistance": 20.0
          },
          {
               "Name": "Fremantle Road",
               "Location": "51.589705024812346, 0.08159388332138545",
               "Audio": "",
               "AnnounceDistance": 20.0
          },
          {
               "Name": "Fullwell Cross",
               "Location": "51.59294886498796, 0.08426879155377773",
               "Audio": "",
               "AnnounceDistance": 20.0
          },
          {
               "Name": "Tomswood Hill",
               "Location": "51.59574485075348, 0.0843101712590176",
               "Audio": "",
               "AnnounceDistance": 20.0
          },
          {
               "Name": "Neville Road",
               "Location": "51.5974305110027, 0.08458950210598046",
               "Audio": "",
               "AnnounceDistance": 20.0
          },
          {
               "Name": "New North Road",
               "Location": "51.60128469996277, 0.08428949143676115",
               "Audio": "",
               "AnnounceDistance": 20.0
          },
          {
               "Name": "Trelawney Road",
               "Location": "51.60317655117303, 0.08966152423934119",
               "Audio": "",
               "AnnounceDistance": 20.0
          },
          {
               "Name": "Hainault Station",
               "Location": "51.60434472107017, 0.09475519214199277",
               "Audio": "",
               "AnnounceDistance": 20.0
          },
          {
               "Name": "Beech Grove",
               "Location": "51.60545390042685, 0.0996153369811871",
               "Audio": "",
               "AnnounceDistance": 20.0
          },
          {
               "Name": "Hainault Fire Station",
               "Location": "51.606221380836146, 0.10295795652429605",
               "Audio": "",
               "AnnounceDistance": 20.0
          },
          {
               "Name": "Staggart Green",
               "Location": "51.607155000001306, 0.10705937902416572",
               "Audio": "",
               "AnnounceDistance": 20.0
          },
          {
               "Name": "The Lowe",
               "Location": "51.60835792837503, 0.11167896119517787",
               "Audio": "",
               "AnnounceDistance": 20.0
          },
          {
               "Name": "The Forest Academy",
               "Location": "51.60943676270704, 0.11369327848008248",
               "Audio": "",
               "AnnounceDistance": 20.0
          },
          {
               "Name": "Harbourer Road",
               "Location": "51.6108952963103, 0.1165919577092416",
               "Audio": "",
               "AnnounceDistance": 20.0
          },
          {
               "Name": "Yellowpine Way",
               "Location": "51.61275508179181, 0.12017394632046767",
               "Audio": "",
               "AnnounceDistance": 20.0
          },
          {
               "Name": "Fowler Road",
               "Location": "51.61086350751377, 0.1263109378315385",
               "Audio": "",
               "AnnounceDistance": 20.0
          },
          {
               "Name": "Forest Road",
               "Location": "51.60831341374046, 0.12957135554499707",
               "Audio": "",
               "AnnounceDistance": 20.0
          },
          {
               "Name": "Hainault Forest Golf Club",
               "Location": "51.60502272010111, 0.1344863751063047",
               "Audio": "",
               "AnnounceDistance": 20.0
          },
          {
               "Name": "Romford Road",
               "Location": "51.60134275250041, 0.13854484716593693",
               "Audio": "",
               "AnnounceDistance": 20.0
          },
          {
               "Name": "The City Pavilion",
               "Location": "51.59380991754263, 0.14232026959186278",
               "Audio": "",
               "AnnounceDistance": 20.0
          },
          {
               "Name": "Sungate Cottages",
               "Location": "51.59595489008865, 0.14698387216915998",
               "Audio": "",
               "AnnounceDistance": 20.0
          },
          {
               "Name": "Gobions Farm",
               "Location": "51.597788837126544, 0.15388576356961947",
               "Audio": "",
               "AnnounceDistance": 20.0
          },
          {
               "Name": "White Hart Lane",
               "Location": "51.59806987773724, 0.15670032241317083",
               "Audio": "",
               "AnnounceDistance": 20.0
          },
          {
               "Name": "Collier Row / Clockhouse Lane",
               "Location": "51.59899173518964, 0.1618268074715309",
               "Audio": "",
               "AnnounceDistance": 20.0
          },
          {
               "Name": "Collier Row Roundabout / Rex Close",
               "Location": "51.59880155974629, 0.1633628264178664",
               "Audio": "",
               "AnnounceDistance": 20.0
          },
          {
               "Name": "Hulse Avenue",
               "Location": "51.5960544571774, 0.16408416170043513",
               "Audio": "",
               "AnnounceDistance": 20.0
          },
          {
               "Name": "Mowbrays Road",
               "Location": "51.59281092102414, 0.16587908468853238",
               "Audio": "",
               "AnnounceDistance": 20.0
          },
          {
               "Name": "Hainault Road",
               "Location": "51.59038512867103, 0.16673097071115087",
               "Audio": "",
               "AnnounceDistance": 20.0
          },
          {
               "Name": "Parklands School",
               "Location": "51.587668396545325, 0.17213076435576502",
               "Audio": "",
               "AnnounceDistance": 20.0
          },
          {
               "Name": "Romford Bus Garage",
               "Location": "51.58361376419463, 0.17498314024350345",
               "Audio": "",
               "AnnounceDistance": 20.0
          },
          {
               "Name": "The Avenue",
               "Location": "51.581854174358384, 0.17676114408747062",
               "Audio": "",
               "AnnounceDistance": 20.0
          },
          {
               "Name": "Romford Market",
               "Location": "51.58065730684441, 0.1821311305198361",
               "Audio": "",
               "AnnounceDistance": 20.0
          },
          {
               "Name": "Western Road",
               "Location": "51.577490863676815, 0.18508253602144217",
               "Audio": "",
               "AnnounceDistance": 20.0
          },
          {
               "Name": "Romford Station",
               "Location": "51.57386558859085, 0.1827294366640447",
               "Audio": "",
               "AnnounceDistance": 20.0
          }
     ]
}