{
     "RouteNumber": "249",
     "Destination": "Clapham Common Old Town",
     "RouteAudio": "",
     "DestinationAudio": "",
     "Stops": [
          {
               "Name": "Anerley Station",
               "Location": "51.41202002241121, -0.06556071450313534",
               "Audio": "",
               "AnnounceDistance": 20.0
          },
          {
               "Name": "Anerley Road / Anerley Station",
               "Location": "51.41188812015426, -0.0668317447720391",
               "Audio": "",
               "AnnounceDistance": 20.0
          },
          {
               "Name": "Anerley Park",
               "Location": "51.413251054081414, -0.06877316472653483",
               "Audio": "",
               "AnnounceDistance": 20.0
          },
          {
               "Name": "Thicket Road",
               "Location": "51.41437320948821, -0.0702934050237369",
               "Audio": "",
               "AnnounceDistance": 20.0
          },
          {
               "Name": "Crystal Palace Station",
               "Location": "51.417288370642325, -0.07366544597947755",
               "Audio": "",
               "AnnounceDistance": 20.0
          },
          {
               "Name": "Anerley Hill / Crystal Palace",
               "Location": "51.41977182283546, -0.07758818983774995",
               "Audio": "",
               "AnnounceDistance": 20.0
          },
          {
               "Name": "Westow Hill",
               "Location": "51.41901898000797, -0.07938882252307429",
               "Audio": "",
               "AnnounceDistance": 20.0
          },
          {
               "Name": "Westow Park",
               "Location": "51.41588152115642, -0.08219528688436116",
               "Audio": "",
               "AnnounceDistance": 20.0
          },
          {
               "Name": "Sylvan Hill",
               "Location": "51.41353892244334, -0.08411968030346346",
               "Audio": "",
               "AnnounceDistance": 20.0
          },
          {
               "Name": "All Saints Church",
               "Location": "51.41086777527029, -0.0863020522357811",
               "Audio": "",
               "AnnounceDistance": 20.0
          },
          {
               "Name": "Upper Beulah Hill",
               "Location": "51.41190406181276, -0.08808506785479152",
               "Audio": "",
               "AnnounceDistance": 20.0
          },
          {
               "Name": "Beulah Spa",
               "Location": "51.414527586382434, -0.0929083061437556",
               "Audio": "",
               "AnnounceDistance": 20.0
          },
          {
               "Name": "Hermitage Road",
               "Location": "51.41709804015907, -0.09835271217852068",
               "Audio": "",
               "AnnounceDistance": 20.0
          },
          {
               "Name": "Convent Hill",
               "Location": "51.41839914636274, -0.10150595050527833",
               "Audio": "",
               "AnnounceDistance": 20.0
          },
          {
               "Name": "Biggin Hill",
               "Location": "51.41891468832455, -0.10502265755567686",
               "Audio": "",
               "AnnounceDistance": 20.0
          },
          {
               "Name": "Crown Point / Beulah Hill",
               "Location": "51.42172285867965, -0.1062872983840242",
               "Audio": "",
               "AnnounceDistance": 20.0
          },
          {
               "Name": "Crown Point",
               "Location": "51.42273988244297, -0.10745347915222747",
               "Audio": "",
               "AnnounceDistance": 20.0
          },
          {
               "Name": "Ryecroft Road",
               "Location": "51.42308283006404, -0.11031604989599825",
               "Audio": "",
               "AnnounceDistance": 20.0
          },
          {
               "Name": "Streatham Common North / Leigham Crt Rd",
               "Location": "51.42326005139591, -0.11350193057696481",
               "Audio": "",
               "AnnounceDistance": 20.0
          },
          {
               "Name": "The Rookery",
               "Location": "51.42306397398692, -0.12032786597461853",
               "Audio": "",
               "AnnounceDistance": 20.0
          },
          {
               "Name": "Valley Road",
               "Location": "51.42327341817308, -0.12329670423764517",
               "Audio": "",
               "AnnounceDistance": 20.0
          },
          {
               "Name": "Albert Carr Gardens",
               "Location": "51.42318702291284, -0.1285790595824014",
               "Audio": "",
               "AnnounceDistance": 20.0
          },
          {
               "Name": "Streatham Station",
               "Location": "51.42496716163366, -0.13080781505707467",
               "Audio": "",
               "AnnounceDistance": 20.0
          },
          {
               "Name": "St Leonards Church",
               "Location": "51.42854248192211, -0.13113662664200096",
               "Audio": "",
               "AnnounceDistance": 20.0
          },
          {
               "Name": "Streatham / St Leonards Church",
               "Location": "51.4284186808215, -0.1318321738518836",
               "Audio": "",
               "AnnounceDistance": 20.0
          },
          {
               "Name": "Garrads Road",
               "Location": "51.43024640094259, -0.13649058224553542",
               "Audio": "",
               "AnnounceDistance": 20.0
          },
          {
               "Name": "Tooting Bec Lido",
               "Location": "51.43065310724939, -0.14114948956235474",
               "Audio": "",
               "AnnounceDistance": 20.0
          },
          {
               "Name": "Tooting Bec Athletics Track",
               "Location": "51.43125982832171, -0.1470951365221029",
               "Audio": "",
               "AnnounceDistance": 20.0
          },
          {
               "Name": "Franciscan Road",
               "Location": "51.43235614557715, -0.15217238605487657",
               "Audio": "",
               "AnnounceDistance": 20.0
          },
          {
               "Name": "Montana Road",
               "Location": "51.43375355046793, -0.15525235863066866",
               "Audio": "",
               "AnnounceDistance": 20.0
          },
          {
               "Name": "Upper Tooting Park",
               "Location": "51.438621694909, -0.15659579374153912",
               "Audio": "",
               "AnnounceDistance": 20.0
          },
          {
               "Name": "Du Cane Court",
               "Location": "51.44104260198628, -0.15500183594460457",
               "Audio": "",
               "AnnounceDistance": 20.0
          },
          {
               "Name": "Balham Station",
               "Location": "51.4430134612081, -0.15338268993764798",
               "Audio": "",
               "AnnounceDistance": 20.0
          },
          {
               "Name": "Hildreth Street Market",
               "Location": "51.4444673654943, -0.15205769059616936",
               "Audio": "",
               "AnnounceDistance": 20.0
          },
          {
               "Name": "Balham New Road",
               "Location": "51.44736068916303, -0.14906263055575572",
               "Audio": "",
               "AnnounceDistance": 20.0
          },
          {
               "Name": "Alderbrook Road",
               "Location": "51.44928821912019, -0.14812116806876827",
               "Audio": "",
               "AnnounceDistance": 20.0
          },
          {
               "Name": "Cathles Road",
               "Location": "51.45044524936641, -0.14793042855815897",
               "Audio": "",
               "AnnounceDistance": 20.0
          },
          {
               "Name": "Clapham South Station",
               "Location": "51.452591285449145, -0.14772843461336502",
               "Audio": "",
               "AnnounceDistance": 20.0
          },
          {
               "Name": "Lynette Avenue",
               "Location": "51.454693423295446, -0.1458873298409868",
               "Audio": "",
               "AnnounceDistance": 20.0
          },
          {
               "Name": "Elms Road / Windmill On The Common",
               "Location": "51.45712974019937, -0.14357187898010437",
               "Audio": "",
               "AnnounceDistance": 20.0
          },
          {
               "Name": "Clapham Common Old Town",
               "Location": "51.46318443710999, -0.1426063674276133",
               "Audio": "",
               "AnnounceDistance": 20.0
          }
     ]
}