{
     "RouteNumber": "24",
     "Destination": "Claverton Street / Churchill Gardens",
     "RouteAudio": "",
     "DestinationAudio": "",
     "Stops": [
          {
               "Name": "South End Green",
               "Location": "51.55433088145919, -0.16478867843916922",
               "Audio": "",
               "AnnounceDistance": 20.0
          },
          {
               "Name": "Cressy Road",
               "Location": "51.554558239496764, -0.16150503951592843",
               "Audio": "",
               "AnnounceDistance": 20.0
          },
          {
               "Name": "Mansfield Road",
               "Location": "51.55356133704526, -0.15871798464051626",
               "Audio": "",
               "AnnounceDistance": 20.0
          },
          {
               "Name": "St Dominics Priory",
               "Location": "51.55169393523908, -0.15719230691436925",
               "Audio": "",
               "AnnounceDistance": 20.0
          },
          {
               "Name": "Grafton Terrace",
               "Location": "51.55033942049011, -0.15397285558060153",
               "Audio": "",
               "AnnounceDistance": 20.0
          },
          {
               "Name": "Queens Crescent",
               "Location": "51.54872676454071, -0.1526390808155971",
               "Audio": "",
               "AnnounceDistance": 20.0
          },
          {
               "Name": "Prince Of Wales Road",
               "Location": "51.54641666615284, -0.15098752864455112",
               "Audio": "",
               "AnnounceDistance": 20.0
          },
          {
               "Name": "Ferdinand Street",
               "Location": "51.543958665451164, -0.1490825502609505",
               "Audio": "",
               "AnnounceDistance": 20.0
          },
          {
               "Name": "Stables Market",
               "Location": "51.54264046881393, -0.14760737987367273",
               "Audio": "",
               "AnnounceDistance": 20.0
          },
          {
               "Name": "Hawley Road",
               "Location": "51.54288200123077, -0.14354515964045766",
               "Audio": "",
               "AnnounceDistance": 20.0
          },
          {
               "Name": "Camden Gardens",
               "Location": "51.541961142213246, -0.14104452125064995",
               "Audio": "",
               "AnnounceDistance": 20.0
          },
          {
               "Name": "Camden Town Station",
               "Location": "51.539798780943784, -0.14134894311298615",
               "Audio": "",
               "AnnounceDistance": 20.0
          },
          {
               "Name": "Pratt Street",
               "Location": "51.53716203850378, -0.13952413638169348",
               "Audio": "",
               "AnnounceDistance": 20.0
          },
          {
               "Name": "Mornington Crescent Station",
               "Location": "51.53344284639001, -0.1386232385047347",
               "Audio": "",
               "AnnounceDistance": 20.0
          },
          {
               "Name": "Silverdale",
               "Location": "51.53074478889823, -0.13860353319177598",
               "Audio": "",
               "AnnounceDistance": 20.0
          },
          {
               "Name": "William Road",
               "Location": "51.52706558253972, -0.13852292699256696",
               "Audio": "",
               "AnnounceDistance": 20.0
          },
          {
               "Name": "Euston Road",
               "Location": "51.52557036512033, -0.1383676688094239",
               "Audio": "",
               "AnnounceDistance": 20.0
          },
          {
               "Name": "Capper Street",
               "Location": "51.522566557665954, -0.13608287141522696",
               "Audio": "",
               "AnnounceDistance": 20.0
          },
          {
               "Name": "Goodge Street Station",
               "Location": "51.52059474888717, -0.13423185567027568",
               "Audio": "",
               "AnnounceDistance": 20.0
          },
          {
               "Name": "Stephen Street",
               "Location": "51.51805404002764, -0.1316691773184828",
               "Audio": "",
               "AnnounceDistance": 20.0
          },
          {
               "Name": "Cambridge Circus",
               "Location": "51.51351847161243, -0.12920292689100635",
               "Audio": "",
               "AnnounceDistance": 20.0
          },
          {
               "Name": "Leicester Square Station",
               "Location": "51.511616110498295, -0.1283297006965525",
               "Audio": "",
               "AnnounceDistance": 20.0
          },
          {
               "Name": "St Martins Place",
               "Location": "51.509856129518475, -0.12792626975879304",
               "Audio": "",
               "AnnounceDistance": 20.0
          },
          {
               "Name": "Trafalgar Square / Charing Cross Stn",
               "Location": "51.50817911503444, -0.12708715277289037",
               "Audio": "",
               "AnnounceDistance": 20.0
          },
          {
               "Name": "Whitehall / Trafalgar Square",
               "Location": "51.50631703969836, -0.12704823078539085",
               "Audio": "",
               "AnnounceDistance": 20.0
          },
          {
               "Name": "Horse Guards Parade",
               "Location": "51.50432341569971, -0.12609251243125794",
               "Audio": "",
               "AnnounceDistance": 20.0
          },
          {
               "Name": "Westminster Stn / Parliament Square",
               "Location": "51.50247839226413, -0.12599529599389003",
               "Audio": "",
               "AnnounceDistance": 20.0
          },
          {
               "Name": "Great Smith Street / Westminster Abbey",
               "Location": "51.49868945792022, -0.13143825537608544",
               "Audio": "",
               "AnnounceDistance": 20.0
          },
          {
               "Name": "St Jamess Park Station",
               "Location": "51.49758289108594, -0.13479714594304154",
               "Audio": "",
               "AnnounceDistance": 20.0
          },
          {
               "Name": "Westminster City Hall",
               "Location": "51.497081379283586, -0.13775663542210503",
               "Audio": "",
               "AnnounceDistance": 20.0
          },
          {
               "Name": "Westminster Cathedral / Victoria Stn",
               "Location": "51.49657231686355, -0.14137907739826364",
               "Audio": "",
               "AnnounceDistance": 20.0
          },
          {
               "Name": "Victoria Station",
               "Location": "51.496001866518085, -0.1422666774707797",
               "Audio": "",
               "AnnounceDistance": 20.0
          },
          {
               "Name": "Belgrave Road",
               "Location": "51.490722134516346, -0.13879364750755202",
               "Audio": "",
               "AnnounceDistance": 20.0
          },
          {
               "Name": "St Georges Square / Pimlico Station",
               "Location": "51.48912221999353, -0.13544495374679427",
               "Audio": "",
               "AnnounceDistance": 20.0
          },
          {
               "Name": "Claverton Street / Churchill Gardens",
               "Location": "51.486011634928666, -0.13776117065756913",
               "Audio": "",
               "AnnounceDistance": 20.0
          }
     ]
}