{
     "RouteNumber": "250",
     "Destination": "West Croydon Bus Station",
     "RouteAudio": "",
     "DestinationAudio": "",
     "Stops": [
          {
               "Name": "Brixton Road / Brixton Police Station",
               "Location": "51.465394087739284, -0.11372270862379846",
               "Audio": "",
               "AnnounceDistance": 20.0
          },
          {
               "Name": "Brixton Station",
               "Location": "51.46191173876967, -0.11526270124838871",
               "Audio": "",
               "AnnounceDistance": 20.0
          },
          {
               "Name": "Rush Common",
               "Location": "51.45846418083326, -0.11729044334737623",
               "Audio": "",
               "AnnounceDistance": 20.0
          },
          {
               "Name": "Brixton Water Lane",
               "Location": "51.456122161269214, -0.11872545844741297",
               "Audio": "",
               "AnnounceDistance": 20.0
          },
          {
               "Name": "Blenheim Gardens",
               "Location": "51.45406538926714, -0.12000467090280958",
               "Audio": "",
               "AnnounceDistance": 20.0
          },
          {
               "Name": "Jebb Avenue / Brixton Prison",
               "Location": "51.452214142987756, -0.1212033640290297",
               "Audio": "",
               "AnnounceDistance": 20.0
          },
          {
               "Name": "New Park Road",
               "Location": "51.44881830847337, -0.12365983931374573",
               "Audio": "",
               "AnnounceDistance": 20.0
          },
          {
               "Name": "Holmewood Road",
               "Location": "51.44706450683884, -0.12420664459301592",
               "Audio": "",
               "AnnounceDistance": 20.0
          },
          {
               "Name": "Streatham Hill / Christchurch Road",
               "Location": "51.44429152020265, -0.12456491263960204",
               "Audio": "",
               "AnnounceDistance": 20.0
          },
          {
               "Name": "Telford Avenue",
               "Location": "51.442013735746244, -0.12439921358890153",
               "Audio": "",
               "AnnounceDistance": 20.0
          },
          {
               "Name": "Streatham Hill Stn / Streatham Hill",
               "Location": "51.43940408075149, -0.1259737799906325",
               "Audio": "",
               "AnnounceDistance": 20.0
          },
          {
               "Name": "Leigham Court Road",
               "Location": "51.437186143599725, -0.12730193419958782",
               "Audio": "",
               "AnnounceDistance": 20.0
          },
          {
               "Name": "Mount Ephraim Road",
               "Location": "51.43595401018427, -0.127855895612534",
               "Audio": "",
               "AnnounceDistance": 20.0
          },
          {
               "Name": "Kingscourt Road",
               "Location": "51.43473502558154, -0.12810715514990795",
               "Audio": "",
               "AnnounceDistance": 20.0
          },
          {
               "Name": "Becmead Avenue",
               "Location": "51.43234588951511, -0.12885220763670732",
               "Audio": "",
               "AnnounceDistance": 20.0
          },
          {
               "Name": "St Leonards Church",
               "Location": "51.42846760755663, -0.13095267224536153",
               "Audio": "",
               "AnnounceDistance": 20.0
          },
          {
               "Name": "Streatham Station",
               "Location": "51.42529715097102, -0.1306361219118402",
               "Audio": "",
               "AnnounceDistance": 20.0
          },
          {
               "Name": "Streatham United Reformed Church",
               "Location": "51.42400979051223, -0.12998384267289076",
               "Audio": "",
               "AnnounceDistance": 20.0
          },
          {
               "Name": "Streatham Common / Greyhound Lane",
               "Location": "51.42110809199656, -0.12847700133270887",
               "Audio": "",
               "AnnounceDistance": 20.0
          },
          {
               "Name": "Arragon Gardens",
               "Location": "51.41711417588774, -0.12615208580638543",
               "Audio": "",
               "AnnounceDistance": 20.0
          },
          {
               "Name": "Hermitage Lane",
               "Location": "51.41506783341459, -0.12246790550430812",
               "Audio": "",
               "AnnounceDistance": 20.0
          },
          {
               "Name": "Courtland Avenue",
               "Location": "51.41510467521757, -0.11803699668109172",
               "Audio": "",
               "AnnounceDistance": 20.0
          },
          {
               "Name": "Norbury Hill",
               "Location": "51.41400215081767, -0.11434325998583811",
               "Audio": "",
               "AnnounceDistance": 20.0
          },
          {
               "Name": "Kensington Avenue",
               "Location": "51.411250148388625, -0.10874764256524466",
               "Audio": "",
               "AnnounceDistance": 20.0
          },
          {
               "Name": "Green Lane Post Office",
               "Location": "51.408798317321235, -0.10615990173234569",
               "Audio": "",
               "AnnounceDistance": 20.0
          },
          {
               "Name": "County Road",
               "Location": "51.407059791464455, -0.10486575955706627",
               "Audio": "",
               "AnnounceDistance": 20.0
          },
          {
               "Name": "Park Lawn",
               "Location": "51.405652596334356, -0.10348611494996866",
               "Audio": "",
               "AnnounceDistance": 20.0
          },
          {
               "Name": "Sandfield Road",
               "Location": "51.40396740673892, -0.1016004655594289",
               "Audio": "",
               "AnnounceDistance": 20.0
          },
          {
               "Name": "Parchmore Methodist Church",
               "Location": "51.40134371305351, -0.10007014459073978",
               "Audio": "",
               "AnnounceDistance": 20.0
          },
          {
               "Name": "Thornton Heath Clock Tower",
               "Location": "51.39963464639453, -0.09893335375165896",
               "Audio": "",
               "AnnounceDistance": 20.0
          },
          {
               "Name": "Thornton Heath Station",
               "Location": "51.39845609678301, -0.09945662628583085",
               "Audio": "",
               "AnnounceDistance": 20.0
          },
          {
               "Name": "Brook Road",
               "Location": "51.39766303373532, -0.10268090975077669",
               "Audio": "",
               "AnnounceDistance": 20.0
          },
          {
               "Name": "Bensham Lane",
               "Location": "51.396395907295116, -0.10606841512620714",
               "Audio": "",
               "AnnounceDistance": 20.0
          },
          {
               "Name": "Whitehorse Manor Brigstock Site",
               "Location": "51.3953929511395, -0.10911421468864618",
               "Audio": "",
               "AnnounceDistance": 20.0
          },
          {
               "Name": "Brigstock Road / London Road",
               "Location": "51.39349293212439, -0.1134186314818529",
               "Audio": "",
               "AnnounceDistance": 20.0
          },
          {
               "Name": "Thornton Heath Pond",
               "Location": "51.39230760603014, -0.11352488819827145",
               "Audio": "",
               "AnnounceDistance": 20.0
          },
          {
               "Name": "Dunheved Road North",
               "Location": "51.39121508542772, -0.11269303211656363",
               "Audio": "",
               "AnnounceDistance": 20.0
          },
          {
               "Name": "Croydon University Hospital",
               "Location": "51.38863303267197, -0.11150571889089296",
               "Audio": "",
               "AnnounceDistance": 20.0
          },
          {
               "Name": "Broad Green Avenue",
               "Location": "51.38547623136214, -0.1098104518196739",
               "Audio": "",
               "AnnounceDistance": 20.0
          },
          {
               "Name": "Sumner Road",
               "Location": "51.38269649697948, -0.1069645518431064",
               "Audio": "",
               "AnnounceDistance": 20.0
          },
          {
               "Name": "Montague Road",
               "Location": "51.38127065781341, -0.10554321454652764",
               "Audio": "",
               "AnnounceDistance": 20.0
          },
          {
               "Name": "West Croydon Station",
               "Location": "51.37877940970047, -0.10330379845574851",
               "Audio": "",
               "AnnounceDistance": 20.0
          },
          {
               "Name": "Poplar Walk",
               "Location": "51.378154330176244, -0.10080058591136609",
               "Audio": "",
               "AnnounceDistance": 20.0
          },
          {
               "Name": "West Croydon Bus Station",
               "Location": "51.37932269304236, -0.10131265381360814",
               "Audio": "",
               "AnnounceDistance": 20.0
          }
     ]
}