{
     "RouteNumber": "250",
     "Destination": "Brixton Station",
     "RouteAudio": "",
     "DestinationAudio": "",
     "Stops": [
          {
               "Name": "West Croydon Bus Station",
               "Location": "51.37907362501205, -0.10148102940916087",
               "Audio": "",
               "AnnounceDistance": 20.0
          },
          {
               "Name": "West Croydon Station",
               "Location": "51.378380971647914, -0.10313346277061272",
               "Audio": "",
               "AnnounceDistance": 20.0
          },
          {
               "Name": "Montague Road",
               "Location": "51.38044357583377, -0.10500255282874933",
               "Audio": "",
               "AnnounceDistance": 20.0
          },
          {
               "Name": "Sumner Road",
               "Location": "51.38377230039343, -0.10842915213778262",
               "Audio": "",
               "AnnounceDistance": 20.0
          },
          {
               "Name": "Broad Green Avenue",
               "Location": "51.38526999964317, -0.109847693231759",
               "Audio": "",
               "AnnounceDistance": 20.0
          },
          {
               "Name": "Canterbury Road",
               "Location": "51.386899010405386, -0.1110453336480965",
               "Audio": "",
               "AnnounceDistance": 20.0
          },
          {
               "Name": "Croydon University Hospital",
               "Location": "51.390283202715516, -0.11234329719260792",
               "Audio": "",
               "AnnounceDistance": 20.0
          },
          {
               "Name": "Thornton Heath Pond",
               "Location": "51.39286435384396, -0.11403383179909778",
               "Audio": "",
               "AnnounceDistance": 20.0
          },
          {
               "Name": "Brigstock Road / London Road",
               "Location": "51.393653768464624, -0.11335451713116394",
               "Audio": "",
               "AnnounceDistance": 20.0
          },
          {
               "Name": "Whitehorse Manorbrigstock Site",
               "Location": "51.395033585012, -0.11025027416808385",
               "Audio": "",
               "AnnounceDistance": 20.0
          },
          {
               "Name": "Nutfield Road",
               "Location": "51.39609466827889, -0.10746087867543347",
               "Audio": "",
               "AnnounceDistance": 20.0
          },
          {
               "Name": "Thornton Heath Library",
               "Location": "51.39690111029134, -0.10505564029767848",
               "Audio": "",
               "AnnounceDistance": 20.0
          },
          {
               "Name": "Brook Road",
               "Location": "51.39799126577077, -0.10184790556552047",
               "Audio": "",
               "AnnounceDistance": 20.0
          },
          {
               "Name": "Thornton Heath Station",
               "Location": "51.398641321433466, -0.09923330805006751",
               "Audio": "",
               "AnnounceDistance": 20.0
          },
          {
               "Name": "Parchmore Methodist Church",
               "Location": "51.401661740509326, -0.10027261975207008",
               "Audio": "",
               "AnnounceDistance": 20.0
          },
          {
               "Name": "Sandfield Road",
               "Location": "51.40457425766298, -0.10242363009053936",
               "Audio": "",
               "AnnounceDistance": 20.0
          },
          {
               "Name": "Park Lawn",
               "Location": "51.40568420687516, -0.10377237191243578",
               "Audio": "",
               "AnnounceDistance": 20.0
          },
          {
               "Name": "County Road",
               "Location": "51.407827451414924, -0.10562485989491603",
               "Audio": "",
               "AnnounceDistance": 20.0
          },
          {
               "Name": "Green Lane Post Office",
               "Location": "51.40976692613533, -0.10711206484208355",
               "Audio": "",
               "AnnounceDistance": 20.0
          },
          {
               "Name": "Kensington Avenue",
               "Location": "51.411811142959856, -0.11007622620144562",
               "Audio": "",
               "AnnounceDistance": 20.0
          },
          {
               "Name": "Norbury Hill",
               "Location": "51.41338570047349, -0.11347702590232871",
               "Audio": "",
               "AnnounceDistance": 20.0
          },
          {
               "Name": "Courtland Avenue",
               "Location": "51.414987639522124, -0.11914915047848296",
               "Audio": "",
               "AnnounceDistance": 20.0
          },
          {
               "Name": "Hermitage Lane",
               "Location": "51.41522288973092, -0.1237270979003017",
               "Audio": "",
               "AnnounceDistance": 20.0
          },
          {
               "Name": "Arragon Gardens",
               "Location": "51.41668880972757, -0.12598251947425848",
               "Audio": "",
               "AnnounceDistance": 20.0
          },
          {
               "Name": "Kempshott Road",
               "Location": "51.41903171953889, -0.1279721385574014",
               "Audio": "",
               "AnnounceDistance": 20.0
          },
          {
               "Name": "Streatham Common / Greyhound Lane",
               "Location": "51.42117673714559, -0.12883377362438728",
               "Audio": "",
               "AnnounceDistance": 20.0
          },
          {
               "Name": "Streatham Station",
               "Location": "51.42517454558851, -0.13084250566056768",
               "Audio": "",
               "AnnounceDistance": 20.0
          },
          {
               "Name": "St Leonards Church",
               "Location": "51.42854248192211, -0.13113662664200096",
               "Audio": "",
               "AnnounceDistance": 20.0
          },
          {
               "Name": "Becmead Avenue",
               "Location": "51.43281549664888, -0.12897688711734906",
               "Audio": "",
               "AnnounceDistance": 20.0
          },
          {
               "Name": "Kingscourt Road",
               "Location": "51.43448867688229, -0.128448131954129",
               "Audio": "",
               "AnnounceDistance": 20.0
          },
          {
               "Name": "Mount Ephraim Road",
               "Location": "51.43594131816063, -0.12818733162503565",
               "Audio": "",
               "AnnounceDistance": 20.0
          },
          {
               "Name": "Streatham Hill Stn / Streatham Hill",
               "Location": "51.4393819478648, -0.12627685041238107",
               "Audio": "",
               "AnnounceDistance": 20.0
          },
          {
               "Name": "Barrhill Road",
               "Location": "51.44078252098012, -0.1255720143858337",
               "Audio": "",
               "AnnounceDistance": 20.0
          },
          {
               "Name": "Telford Avenue",
               "Location": "51.442976912066136, -0.12502168741422945",
               "Audio": "",
               "AnnounceDistance": 20.0
          },
          {
               "Name": "Christchurch Road",
               "Location": "51.444591763368635, -0.12478285847693302",
               "Audio": "",
               "AnnounceDistance": 20.0
          },
          {
               "Name": "Holmewood Road",
               "Location": "51.446950440895534, -0.1243840132126781",
               "Audio": "",
               "AnnounceDistance": 20.0
          },
          {
               "Name": "New Park Road",
               "Location": "51.44885724787639, -0.12384533595377256",
               "Audio": "",
               "AnnounceDistance": 20.0
          },
          {
               "Name": "Jebb Avenue / Brixton Prison",
               "Location": "51.45107813340878, -0.12214233454146627",
               "Audio": "",
               "AnnounceDistance": 20.0
          },
          {
               "Name": "Blenheim Gardens",
               "Location": "51.45431816994901, -0.12006625310139096",
               "Audio": "",
               "AnnounceDistance": 20.0
          },
          {
               "Name": "Rush Common",
               "Location": "51.45710469359809, -0.11831080686967911",
               "Audio": "",
               "AnnounceDistance": 20.0
          },
          {
               "Name": "Lambeth Town Hall",
               "Location": "51.460151800761594, -0.11654441403255558",
               "Audio": "",
               "AnnounceDistance": 20.0
          },
          {
               "Name": "Brixton Station",
               "Location": "51.46205047006482, -0.11550171655661838",
               "Audio": "",
               "AnnounceDistance": 20.0
          }
     ]
}