{
     "RouteNumber": "251",
     "Destination": "Arnos Grove Station",
     "RouteAudio": "",
     "DestinationAudio": "",
     "Stops": [
          {
               "Name": "Edgware Bus Station",
               "Location": "51.61294557415948, -0.27463680321974604",
               "Audio": "",
               "AnnounceDistance": 20.0
          },
          {
               "Name": "Whitchurch Lane",
               "Location": "51.61017847449187, -0.2784823224326726",
               "Audio": "",
               "AnnounceDistance": 20.0
          },
          {
               "Name": "Deansbrook Road",
               "Location": "51.60771726810807, -0.2756004306894003",
               "Audio": "",
               "AnnounceDistance": 20.0
          },
          {
               "Name": "Edgware Community Hospital",
               "Location": "51.6051718542112, -0.27311194670696554",
               "Audio": "",
               "AnnounceDistance": 20.0
          },
          {
               "Name": "North Road",
               "Location": "51.60366863425432, -0.27117619837317003",
               "Audio": "",
               "AnnounceDistance": 20.0
          },
          {
               "Name": "Watling Avenue",
               "Location": "51.60113760813739, -0.2666227615996592",
               "Audio": "",
               "AnnounceDistance": 20.0
          },
          {
               "Name": "Burnt Oak Station",
               "Location": "51.602565195998004, -0.26404138345368877",
               "Audio": "",
               "AnnounceDistance": 20.0
          },
          {
               "Name": "Gunter Grove",
               "Location": "51.604338744343764, -0.2599303575220792",
               "Audio": "",
               "AnnounceDistance": 20.0
          },
          {
               "Name": "Burnt Oak Leisure Centre",
               "Location": "51.60569811230045, -0.25639808251485563",
               "Audio": "",
               "AnnounceDistance": 20.0
          },
          {
               "Name": "Goldbeaters Grove",
               "Location": "51.60809575614354, -0.25194478054591424",
               "Audio": "",
               "AnnounceDistance": 20.0
          },
          {
               "Name": "Woodcroft Avenue",
               "Location": "51.61053563798181, -0.2479226564990111",
               "Audio": "",
               "AnnounceDistance": 20.0
          },
          {
               "Name": "Mill Hill Broadway Station",
               "Location": "51.614405039036754, -0.24810586862293973",
               "Audio": "",
               "AnnounceDistance": 20.0
          },
          {
               "Name": "Mill Hill Circus / Flower Lane",
               "Location": "51.616058315257305, -0.24500888262628215",
               "Audio": "",
               "AnnounceDistance": 20.0
          },
          {
               "Name": "Uphill Road",
               "Location": "51.61757137896353, -0.24516718862484313",
               "Audio": "",
               "AnnounceDistance": 20.0
          },
          {
               "Name": "Sunnyfield",
               "Location": "51.620974634803204, -0.2430423587327126",
               "Audio": "",
               "AnnounceDistance": 20.0
          },
          {
               "Name": "The Reddings",
               "Location": "51.62258586474739, -0.24014861117751177",
               "Audio": "",
               "AnnounceDistance": 20.0
          },
          {
               "Name": "Holcombe Hill",
               "Location": "51.625361765127884, -0.23757070127998509",
               "Audio": "",
               "AnnounceDistance": 20.0
          },
          {
               "Name": "Mill Hill / The Rising Sun",
               "Location": "51.62700042804851, -0.24130699664713973",
               "Audio": "",
               "AnnounceDistance": 20.0
          },
          {
               "Name": "Hendon Wood Lane",
               "Location": "51.63049632190866, -0.23517545446996804",
               "Audio": "",
               "AnnounceDistance": 20.0
          },
          {
               "Name": "West End House",
               "Location": "51.6305066265037, -0.22988671109732886",
               "Audio": "",
               "AnnounceDistance": 20.0
          },
          {
               "Name": "Totteridge Common / Mill Hill",
               "Location": "51.631032105937074, -0.2265718378180544",
               "Audio": "",
               "AnnounceDistance": 20.0
          },
          {
               "Name": "Ellern Mede Farm",
               "Location": "51.63175588480953, -0.22270005921181268",
               "Audio": "",
               "AnnounceDistance": 20.0
          },
          {
               "Name": "Horseshoe Lane",
               "Location": "51.63369178030712, -0.21279834287961574",
               "Audio": "",
               "AnnounceDistance": 20.0
          },
          {
               "Name": "Grange Avenue",
               "Location": "51.63459848234038, -0.20562421967851838",
               "Audio": "",
               "AnnounceDistance": 20.0
          },
          {
               "Name": "Totteridge War Memorial",
               "Location": "51.633752989816365, -0.20149595589834557",
               "Audio": "",
               "AnnounceDistance": 20.0
          },
          {
               "Name": "The Orange Tree",
               "Location": "51.63046993315985, -0.1973344342028537",
               "Audio": "",
               "AnnounceDistance": 20.0
          },
          {
               "Name": "Pine Grove",
               "Location": "51.63058748599214, -0.19211364186199748",
               "Audio": "",
               "AnnounceDistance": 20.0
          },
          {
               "Name": "Links Drive",
               "Location": "51.63098718667214, -0.18712720622960752",
               "Audio": "",
               "AnnounceDistance": 20.0
          },
          {
               "Name": "Longland Drive",
               "Location": "51.630853236769106, -0.18311566301658186",
               "Audio": "",
               "AnnounceDistance": 20.0
          },
          {
               "Name": "Totteridge Whetstone Station",
               "Location": "51.63013618490218, -0.17804381579375186",
               "Audio": "",
               "AnnounceDistance": 20.0
          },
          {
               "Name": "Whetstone / The Griffin",
               "Location": "51.630256475137834, -0.17305407404717835",
               "Audio": "",
               "AnnounceDistance": 20.0
          },
          {
               "Name": "Ashcroft Court",
               "Location": "51.629909968152255, -0.16928237144616504",
               "Audio": "",
               "AnnounceDistance": 20.0
          },
          {
               "Name": "Myddelton Park",
               "Location": "51.62901376070385, -0.16486826133836774",
               "Audio": "",
               "AnnounceDistance": 20.0
          },
          {
               "Name": "Pollard Road",
               "Location": "51.62785695335001, -0.16219866147355835",
               "Audio": "",
               "AnnounceDistance": 20.0
          },
          {
               "Name": "Raleigh Drive",
               "Location": "51.62619418585464, -0.15995420967354945",
               "Audio": "",
               "AnnounceDistance": 20.0
          },
          {
               "Name": "Bawtry Road",
               "Location": "51.62457652143985, -0.15600331406948045",
               "Audio": "",
               "AnnounceDistance": 20.0
          },
          {
               "Name": "Beaconsfield Road",
               "Location": "51.622845659725904, -0.15172502028980647",
               "Audio": "",
               "AnnounceDistance": 20.0
          },
          {
               "Name": "Spencer Road",
               "Location": "51.61929645790873, -0.14562872466318735",
               "Audio": "",
               "AnnounceDistance": 20.0
          },
          {
               "Name": "Betstyle Circus",
               "Location": "51.617164869243275, -0.14219104611266353",
               "Audio": "",
               "AnnounceDistance": 20.0
          },
          {
               "Name": "Betstyle Road",
               "Location": "51.61638929234952, -0.13807708680510522",
               "Audio": "",
               "AnnounceDistance": 20.0
          },
          {
               "Name": "Arnos Grove Station",
               "Location": "51.616205764518135, -0.13388120272620457",
               "Audio": "",
               "AnnounceDistance": 20.0
          }
     ]
}