{
     "RouteNumber": "253",
     "Destination": "Hackney Central Station",
     "RouteAudio": "",
     "DestinationAudio": "",
     "Stops": [
          {
               "Name": "Euston Bus Station",
               "Location": "51.52761391774608, -0.13228701433730822",
               "Audio": "",
               "AnnounceDistance": 20.0
          },
          {
               "Name": "Euston Station / Eversholt Street",
               "Location": "51.529180074530075, -0.1329437734903298",
               "Audio": "",
               "AnnounceDistance": 20.0
          },
          {
               "Name": "Aldenham Street",
               "Location": "51.531632265471046, -0.13559725520048346",
               "Audio": "",
               "AnnounceDistance": 20.0
          },
          {
               "Name": "Mornington Cres Stn / Camden Tn Library",
               "Location": "51.5341758656168, -0.13834821883072174",
               "Audio": "",
               "AnnounceDistance": 20.0
          },
          {
               "Name": "Camden High Street",
               "Location": "51.53651324667789, -0.1405743693321895",
               "Audio": "",
               "AnnounceDistance": 20.0
          },
          {
               "Name": "Camden Town Station",
               "Location": "51.537937543262785, -0.1419294645331479",
               "Audio": "",
               "AnnounceDistance": 20.0
          },
          {
               "Name": "Camden Town / Camden Road",
               "Location": "51.54036852630851, -0.1404172316835443",
               "Audio": "",
               "AnnounceDistance": 20.0
          },
          {
               "Name": "Camden Road Station",
               "Location": "51.54135217902762, -0.13893504118744882",
               "Audio": "",
               "AnnounceDistance": 20.0
          },
          {
               "Name": "St Pancras Way",
               "Location": "51.543167679971205, -0.13717365392609007",
               "Audio": "",
               "AnnounceDistance": 20.0
          },
          {
               "Name": "Murray Street",
               "Location": "51.544267657794165, -0.13565770197760202",
               "Audio": "",
               "AnnounceDistance": 20.0
          },
          {
               "Name": "Sandall Road",
               "Location": "51.54552524796441, -0.133875627607932",
               "Audio": "",
               "AnnounceDistance": 20.0
          },
          {
               "Name": "Torriano Avenue",
               "Location": "51.54673994200402, -0.1322250141807852",
               "Audio": "",
               "AnnounceDistance": 20.0
          },
          {
               "Name": "Brecknock Road",
               "Location": "51.54942412061063, -0.12855247858791932",
               "Audio": "",
               "AnnounceDistance": 20.0
          },
          {
               "Name": "Hilldrop Road",
               "Location": "51.55108369212234, -0.1266092480480792",
               "Audio": "",
               "AnnounceDistance": 20.0
          },
          {
               "Name": "Hillmarton Road",
               "Location": "51.55328173086519, -0.1240378893217808",
               "Audio": "",
               "AnnounceDistance": 20.0
          },
          {
               "Name": "Chambers Road",
               "Location": "51.554967040234374, -0.12258372385787313",
               "Audio": "",
               "AnnounceDistance": 20.0
          },
          {
               "Name": "Holloway / Nags Head",
               "Location": "51.557278597924636, -0.12036791435769992",
               "Audio": "",
               "AnnounceDistance": 20.0
          },
          {
               "Name": "Seven Sisters Road / Nags Head",
               "Location": "51.55856703470106, -0.11828066858276472",
               "Audio": "",
               "AnnounceDistance": 20.0
          },
          {
               "Name": "Hornsey Road",
               "Location": "51.559806565025845, -0.11595006853882985",
               "Audio": "",
               "AnnounceDistance": 20.0
          },
          {
               "Name": "Durham Road",
               "Location": "51.562081976992, -0.11093623299338697",
               "Audio": "",
               "AnnounceDistance": 20.0
          },
          {
               "Name": "Fonthill Road",
               "Location": "51.56299528746785, -0.1084600790239011",
               "Audio": "",
               "AnnounceDistance": 20.0
          },
          {
               "Name": "Finsbury Park Station",
               "Location": "51.5637572599413, -0.10663937656737213",
               "Audio": "",
               "AnnounceDistance": 20.0
          },
          {
               "Name": "Finsbury Park / Blackstock Road",
               "Location": "51.565467140019436, -0.10337962039778724",
               "Audio": "",
               "AnnounceDistance": 20.0
          },
          {
               "Name": "Alexandra Grove",
               "Location": "51.568543084176774, -0.09896601584424823",
               "Audio": "",
               "AnnounceDistance": 20.0
          },
          {
               "Name": "Manor House Station",
               "Location": "51.57121156899352, -0.0949440373837653",
               "Audio": "",
               "AnnounceDistance": 20.0
          },
          {
               "Name": "Woodberry Grove",
               "Location": "51.57234270144822, -0.09150550312387422",
               "Audio": "",
               "AnnounceDistance": 20.0
          },
          {
               "Name": "Bethune Road",
               "Location": "51.57462282365861, -0.08518999523159915",
               "Audio": "",
               "AnnounceDistance": 20.0
          },
          {
               "Name": "Cranwich Road",
               "Location": "51.57482330155995, -0.08259830898746526",
               "Audio": "",
               "AnnounceDistance": 20.0
          },
          {
               "Name": "Stamford Hill Station",
               "Location": "51.57460425874854, -0.07800385908621839",
               "Audio": "",
               "AnnounceDistance": 20.0
          },
          {
               "Name": "Stamford Hill",
               "Location": "51.57368670075386, -0.07304934234035877",
               "Audio": "",
               "AnnounceDistance": 20.0
          },
          {
               "Name": "Stamford Hill Broadway",
               "Location": "51.573138252185544, -0.07141295922887725",
               "Audio": "",
               "AnnounceDistance": 20.0
          },
          {
               "Name": "Clapton Common",
               "Location": "51.5713165217689, -0.06563126428439364",
               "Audio": "",
               "AnnounceDistance": 20.0
          },
          {
               "Name": "Osbaldeston Road",
               "Location": "51.56965874338075, -0.06271462117070888",
               "Audio": "",
               "AnnounceDistance": 20.0
          },
          {
               "Name": "Jessam Avenue",
               "Location": "51.567196737133656, -0.060654894011002165",
               "Audio": "",
               "AnnounceDistance": 20.0
          },
          {
               "Name": "Rossington Street",
               "Location": "51.56450025447678, -0.059644217917171914",
               "Audio": "",
               "AnnounceDistance": 20.0
          },
          {
               "Name": "Clapton Station",
               "Location": "51.56227867554218, -0.05744478657295714",
               "Audio": "",
               "AnnounceDistance": 20.0
          },
          {
               "Name": "Lea Bridge Roundabout",
               "Location": "51.559334284640926, -0.05612758199189167",
               "Audio": "",
               "AnnounceDistance": 20.0
          },
          {
               "Name": "Clapton Pond",
               "Location": "51.556800086741625, -0.05568745067560824",
               "Audio": "",
               "AnnounceDistance": 20.0
          },
          {
               "Name": "Millfields Road",
               "Location": "51.55513625739664, -0.0545899451002154",
               "Audio": "",
               "AnnounceDistance": 20.0
          },
          {
               "Name": "Clapton Girls Academy",
               "Location": "51.55281488822017, -0.05288590098432902",
               "Audio": "",
               "AnnounceDistance": 20.0
          },
          {
               "Name": "Hackney Baths",
               "Location": "51.550638316865715, -0.0528634495403725",
               "Audio": "",
               "AnnounceDistance": 20.0
          },
          {
               "Name": "Clapton Square",
               "Location": "51.54992034189361, -0.05403358650385825",
               "Audio": "",
               "AnnounceDistance": 20.0
          },
          {
               "Name": "Pembury Circus",
               "Location": "51.54947412414736, -0.05858165352031293",
               "Audio": "",
               "AnnounceDistance": 20.0
          },
          {
               "Name": "Hackney Central Station",
               "Location": "51.547958228015105, -0.05664136697999775",
               "Audio": "",
               "AnnounceDistance": 20.0
          }
     ]
}