{
     "RouteNumber": "254",
     "Destination": "Aldgate Station",
     "RouteAudio": "",
     "DestinationAudio": "",
     "Stops": [
          {
               "Name": "Chambers Road",
               "Location": "51.554967040234374, -0.12258372385787313",
               "Audio": "",
               "AnnounceDistance": 20.0
          },
          {
               "Name": "Holloway / Nags Head",
               "Location": "51.557278597924636, -0.12036791435769992",
               "Audio": "",
               "AnnounceDistance": 20.0
          },
          {
               "Name": "Seven Sisters Road / Nags Head",
               "Location": "51.55856703470106, -0.11828066858276472",
               "Audio": "",
               "AnnounceDistance": 20.0
          },
          {
               "Name": "Hornsey Road",
               "Location": "51.559806565025845, -0.11595006853882985",
               "Audio": "",
               "AnnounceDistance": 20.0
          },
          {
               "Name": "Durham Road",
               "Location": "51.562081976992, -0.11093623299338697",
               "Audio": "",
               "AnnounceDistance": 20.0
          },
          {
               "Name": "Fonthill Road",
               "Location": "51.56299528746785, -0.1084600790239011",
               "Audio": "",
               "AnnounceDistance": 20.0
          },
          {
               "Name": "Finsbury Park Station",
               "Location": "51.5637572599413, -0.10663937656737213",
               "Audio": "",
               "AnnounceDistance": 20.0
          },
          {
               "Name": "Finsbury Park / Blackstock Road",
               "Location": "51.565467140019436, -0.10337962039778724",
               "Audio": "",
               "AnnounceDistance": 20.0
          },
          {
               "Name": "Alexandra Grove",
               "Location": "51.568543084176774, -0.09896601584424823",
               "Audio": "",
               "AnnounceDistance": 20.0
          },
          {
               "Name": "Manor House Station",
               "Location": "51.57121156899352, -0.0949440373837653",
               "Audio": "",
               "AnnounceDistance": 20.0
          },
          {
               "Name": "Woodberry Grove",
               "Location": "51.57234270144822, -0.09150550312387422",
               "Audio": "",
               "AnnounceDistance": 20.0
          },
          {
               "Name": "Bethune Road",
               "Location": "51.57462282365861, -0.08518999523159915",
               "Audio": "",
               "AnnounceDistance": 20.0
          },
          {
               "Name": "Cranwich Road",
               "Location": "51.57482330155995, -0.08259830898746526",
               "Audio": "",
               "AnnounceDistance": 20.0
          },
          {
               "Name": "Stamford Hill Station",
               "Location": "51.57460425874854, -0.07800385908621839",
               "Audio": "",
               "AnnounceDistance": 20.0
          },
          {
               "Name": "Stamford Hill",
               "Location": "51.57368670075386, -0.07304934234035877",
               "Audio": "",
               "AnnounceDistance": 20.0
          },
          {
               "Name": "Stamford Hill Broadway",
               "Location": "51.573138252185544, -0.07141295922887725",
               "Audio": "",
               "AnnounceDistance": 20.0
          },
          {
               "Name": "Clapton Common",
               "Location": "51.5713165217689, -0.06563126428439364",
               "Audio": "",
               "AnnounceDistance": 20.0
          },
          {
               "Name": "Osbaldeston Road",
               "Location": "51.56965874338075, -0.06271462117070888",
               "Audio": "",
               "AnnounceDistance": 20.0
          },
          {
               "Name": "Jessam Avenue",
               "Location": "51.567196737133656, -0.060654894011002165",
               "Audio": "",
               "AnnounceDistance": 20.0
          },
          {
               "Name": "Rossington Street",
               "Location": "51.56450025447678, -0.059644217917171914",
               "Audio": "",
               "AnnounceDistance": 20.0
          },
          {
               "Name": "Clapton Station",
               "Location": "51.56227867554218, -0.05744478657295714",
               "Audio": "",
               "AnnounceDistance": 20.0
          },
          {
               "Name": "Lea Bridge Roundabout",
               "Location": "51.559334284640926, -0.05612758199189167",
               "Audio": "",
               "AnnounceDistance": 20.0
          },
          {
               "Name": "Clapton Pond",
               "Location": "51.556800086741625, -0.05568745067560824",
               "Audio": "",
               "AnnounceDistance": 20.0
          },
          {
               "Name": "Millfields Road",
               "Location": "51.55513625739664, -0.0545899451002154",
               "Audio": "",
               "AnnounceDistance": 20.0
          },
          {
               "Name": "Clapton Girls Academy",
               "Location": "51.55281488822017, -0.05288590098432902",
               "Audio": "",
               "AnnounceDistance": 20.0
          },
          {
               "Name": "Hackney Baths",
               "Location": "51.550638316865715, -0.0528634495403725",
               "Audio": "",
               "AnnounceDistance": 20.0
          },
          {
               "Name": "Clapton Square",
               "Location": "51.54992034189361, -0.05403358650385825",
               "Audio": "",
               "AnnounceDistance": 20.0
          },
          {
               "Name": "Pembury Circus",
               "Location": "51.54947412414736, -0.05858165352031293",
               "Audio": "",
               "AnnounceDistance": 20.0
          },
          {
               "Name": "Hackney Central Station",
               "Location": "51.547958228015105, -0.05664136697999775",
               "Audio": "",
               "AnnounceDistance": 20.0
          },
          {
               "Name": "Hackney Town Hall",
               "Location": "51.54526328984822, -0.05518416584638707",
               "Audio": "",
               "AnnounceDistance": 20.0
          },
          {
               "Name": "St Thomass Square",
               "Location": "51.542322409118285, -0.05516534394432285",
               "Audio": "",
               "AnnounceDistance": 20.0
          },
          {
               "Name": "Well Street",
               "Location": "51.53925733177458, -0.05633428832801926",
               "Audio": "",
               "AnnounceDistance": 20.0
          },
          {
               "Name": "King Edwards Road",
               "Location": "51.53736839928286, -0.05684735972140611",
               "Audio": "",
               "AnnounceDistance": 20.0
          },
          {
               "Name": "Mare Street / Victoria Park Road",
               "Location": "51.534927246282095, -0.05713877500100589",
               "Audio": "",
               "AnnounceDistance": 20.0
          },
          {
               "Name": "Cambridge Heath Station",
               "Location": "51.53316498901317, -0.05715613848442339",
               "Audio": "",
               "AnnounceDistance": 20.0
          },
          {
               "Name": "Old Ford Road",
               "Location": "51.52993517943289, -0.05598165943735591",
               "Audio": "",
               "AnnounceDistance": 20.0
          },
          {
               "Name": "Bethnal Green Station",
               "Location": "51.52810969075128, -0.05543949517484197",
               "Audio": "",
               "AnnounceDistance": 20.0
          },
          {
               "Name": "Three Colts Lane",
               "Location": "51.52508831299539, -0.054905089571733505",
               "Audio": "",
               "AnnounceDistance": 20.0
          },
          {
               "Name": "Cephas Street",
               "Location": "51.52301908854551, -0.05484911432434046",
               "Audio": "",
               "AnnounceDistance": 20.0
          },
          {
               "Name": "Darling Row",
               "Location": "51.52115815771193, -0.055966270654981824",
               "Audio": "",
               "AnnounceDistance": 20.0
          },
          {
               "Name": "Whitechapel Stn / Royal London Hosp",
               "Location": "51.518911957161755, -0.06042935961352469",
               "Audio": "",
               "AnnounceDistance": 20.0
          },
          {
               "Name": "The East London Mosque",
               "Location": "51.51783712788598, -0.06504414452887318",
               "Audio": "",
               "AnnounceDistance": 20.0
          },
          {
               "Name": "Altab Ali Park",
               "Location": "51.516937968423804, -0.0677775473624032",
               "Audio": "",
               "AnnounceDistance": 20.0
          },
          {
               "Name": "Aldgate East Station",
               "Location": "51.514653245116286, -0.07320690056427852",
               "Audio": "",
               "AnnounceDistance": 20.0
          },
          {
               "Name": "Aldgate Station",
               "Location": "51.51413038399895, -0.07477109559964983",
               "Audio": "",
               "AnnounceDistance": 20.0
          }
     ]
}