{
     "RouteNumber": "255",
     "Destination": "Balham Station / Balham Station Road",
     "RouteAudio": "",
     "DestinationAudio": "",
     "Stops": [
          {
               "Name": "South Lodge Avenue / Yorkshire Road",
               "Location": "51.398934970020676, -0.1280883499632046",
               "Audio": "",
               "AnnounceDistance": 20.0
          },
          {
               "Name": "Leicester Avenue",
               "Location": "51.39806435803675, -0.1287564281103711",
               "Audio": "",
               "AnnounceDistance": 20.0
          },
          {
               "Name": "Northumberland Gardens",
               "Location": "51.39613315489118, -0.13114964292678075",
               "Audio": "",
               "AnnounceDistance": 20.0
          },
          {
               "Name": "Westmorland Way",
               "Location": "51.39575880542342, -0.13248740623772975",
               "Audio": "",
               "AnnounceDistance": 20.0
          },
          {
               "Name": "Carisbrooke Road / Hertford Way",
               "Location": "51.397439116188494, -0.13240459592694345",
               "Audio": "",
               "AnnounceDistance": 20.0
          },
          {
               "Name": "Conway Gardens",
               "Location": "51.39877001370322, -0.1307115206164753",
               "Audio": "",
               "AnnounceDistance": 20.0
          },
          {
               "Name": "Pollards Hill Library",
               "Location": "51.39972875365848, -0.1316212701957915",
               "Audio": "",
               "AnnounceDistance": 20.0
          },
          {
               "Name": "Ivy Gardens",
               "Location": "51.40209581659155, -0.1351334473072911",
               "Audio": "",
               "AnnounceDistance": 20.0
          },
          {
               "Name": "Northborough Road",
               "Location": "51.40432562855796, -0.13737193565288583",
               "Audio": "",
               "AnnounceDistance": 20.0
          },
          {
               "Name": "St Olaves Walk",
               "Location": "51.406293956373055, -0.13900298113458556",
               "Audio": "",
               "AnnounceDistance": 20.0
          },
          {
               "Name": "Longthornton Road",
               "Location": "51.407703849094325, -0.13661637172860677",
               "Audio": "",
               "AnnounceDistance": 20.0
          },
          {
               "Name": "Darcy Road",
               "Location": "51.4088029967333, -0.13278996735718773",
               "Audio": "",
               "AnnounceDistance": 20.0
          },
          {
               "Name": "Freeman Court",
               "Location": "51.40896421433161, -0.12823956612794302",
               "Audio": "",
               "AnnounceDistance": 20.0
          },
          {
               "Name": "Oakhill Road",
               "Location": "51.40914416143709, -0.12318508837954778",
               "Audio": "",
               "AnnounceDistance": 20.0
          },
          {
               "Name": "Norbury Station",
               "Location": "51.41086017516833, -0.12308605765242074",
               "Audio": "",
               "AnnounceDistance": 20.0
          },
          {
               "Name": "Hermitage Lane",
               "Location": "51.413852268646224, -0.12461730054244054",
               "Audio": "",
               "AnnounceDistance": 20.0
          },
          {
               "Name": "Arragon Gardens",
               "Location": "51.41668880972757, -0.12598251947425848",
               "Audio": "",
               "AnnounceDistance": 20.0
          },
          {
               "Name": "Kempshott Road",
               "Location": "51.41903171953889, -0.1279721385574014",
               "Audio": "",
               "AnnounceDistance": 20.0
          },
          {
               "Name": "Streatham Common / Greyhound Lane",
               "Location": "51.42117673714559, -0.12883377362438728",
               "Audio": "",
               "AnnounceDistance": 20.0
          },
          {
               "Name": "Streatham Station",
               "Location": "51.42496716163366, -0.13080781505707467",
               "Audio": "",
               "AnnounceDistance": 20.0
          },
          {
               "Name": "St Leonards Church",
               "Location": "51.42854248192211, -0.13113662664200096",
               "Audio": "",
               "AnnounceDistance": 20.0
          },
          {
               "Name": "Becmead Avenue",
               "Location": "51.43255786368341, -0.12917443923772037",
               "Audio": "",
               "AnnounceDistance": 20.0
          },
          {
               "Name": "Kingscourt Road",
               "Location": "51.43448867688229, -0.128448131954129",
               "Audio": "",
               "AnnounceDistance": 20.0
          },
          {
               "Name": "Mount Ephraim Road",
               "Location": "51.43594131816063, -0.12818733162503565",
               "Audio": "",
               "AnnounceDistance": 20.0
          },
          {
               "Name": "Streatham Hill Station",
               "Location": "51.43863199930393, -0.1288687027179877",
               "Audio": "",
               "AnnounceDistance": 20.0
          },
          {
               "Name": "Criffel Avenue",
               "Location": "51.4404450079733, -0.13203215614895267",
               "Audio": "",
               "AnnounceDistance": 20.0
          },
          {
               "Name": "New Park Road",
               "Location": "51.44250247002353, -0.13248062598955668",
               "Audio": "",
               "AnnounceDistance": 20.0
          },
          {
               "Name": "Burnbury Road",
               "Location": "51.4434534277488, -0.13685957687582914",
               "Audio": "",
               "AnnounceDistance": 20.0
          },
          {
               "Name": "Hydethorpe Road",
               "Location": "51.44551346031119, -0.13690524547514626",
               "Audio": "",
               "AnnounceDistance": 20.0
          },
          {
               "Name": "Belthorn Crescent",
               "Location": "51.446344186192434, -0.13995109654458865",
               "Audio": "",
               "AnnounceDistance": 20.0
          },
          {
               "Name": "Balham New Road",
               "Location": "51.44650362791671, -0.14945706258910443",
               "Audio": "",
               "AnnounceDistance": 20.0
          },
          {
               "Name": "Balham Station",
               "Location": "51.44390617975707, -0.1523969281937224",
               "Audio": "",
               "AnnounceDistance": 20.0
          },
          {
               "Name": "Balham Station / Balham Station Road",
               "Location": "51.443019404241525, -0.1509073905428768",
               "Audio": "",
               "AnnounceDistance": 20.0
          }
     ]
}