{
     "RouteNumber": "255",
     "Destination": "South Lodge Avenue / Yorkshire Road",
     "RouteAudio": "",
     "DestinationAudio": "",
     "Stops": [
          {
               "Name": "Leigham Court Road",
               "Location": "51.437490314861186, -0.12720316453096694",
               "Audio": "",
               "AnnounceDistance": 20.0
          },
          {
               "Name": "Mount Ephraim Road",
               "Location": "51.43595401018427, -0.127855895612534",
               "Audio": "",
               "AnnounceDistance": 20.0
          },
          {
               "Name": "Kingscourt Road",
               "Location": "51.43473502558154, -0.12810715514990795",
               "Audio": "",
               "AnnounceDistance": 20.0
          },
          {
               "Name": "Becmead Avenue",
               "Location": "51.432657672089384, -0.12866682858092351",
               "Audio": "",
               "AnnounceDistance": 20.0
          },
          {
               "Name": "St Leonards Church",
               "Location": "51.42846760755663, -0.13095267224536153",
               "Audio": "",
               "AnnounceDistance": 20.0
          },
          {
               "Name": "Streatham Station",
               "Location": "51.42555914350935, -0.1307117367371749",
               "Audio": "",
               "AnnounceDistance": 20.0
          },
          {
               "Name": "Streatham United Reformed Church",
               "Location": "51.42400979051223, -0.12998384267289076",
               "Audio": "",
               "AnnounceDistance": 20.0
          },
          {
               "Name": "Streatham Common / Greyhound Lane",
               "Location": "51.42110809199656, -0.12847700133270887",
               "Audio": "",
               "AnnounceDistance": 20.0
          },
          {
               "Name": "Arragon Gardens",
               "Location": "51.41711417588774, -0.12615208580638543",
               "Audio": "",
               "AnnounceDistance": 20.0
          },
          {
               "Name": "Hermitage Lane",
               "Location": "51.414795435992175, -0.12398907795535095",
               "Audio": "",
               "AnnounceDistance": 20.0
          },
          {
               "Name": "Norbury Station",
               "Location": "51.41283677940225, -0.12409801956562962",
               "Audio": "",
               "AnnounceDistance": 20.0
          },
          {
               "Name": "St Helens Road",
               "Location": "51.40992164633959, -0.12231923808291173",
               "Audio": "",
               "AnnounceDistance": 20.0
          },
          {
               "Name": "Oakhill Road",
               "Location": "51.40906512149428, -0.12330335903080138",
               "Audio": "",
               "AnnounceDistance": 20.0
          },
          {
               "Name": "Freeman Court",
               "Location": "51.408907343000465, -0.12749416984532874",
               "Audio": "",
               "AnnounceDistance": 20.0
          },
          {
               "Name": "Darcy Road",
               "Location": "51.40870454065929, -0.13338352272863463",
               "Audio": "",
               "AnnounceDistance": 20.0
          },
          {
               "Name": "Longthornton Road",
               "Location": "51.40731596680299, -0.13710663684365448",
               "Audio": "",
               "AnnounceDistance": 20.0
          },
          {
               "Name": "Rosemead Avenue",
               "Location": "51.405825042177426, -0.13892137059500262",
               "Audio": "",
               "AnnounceDistance": 20.0
          },
          {
               "Name": "Northborough Road",
               "Location": "51.40358055978819, -0.13632389422454855",
               "Audio": "",
               "AnnounceDistance": 20.0
          },
          {
               "Name": "Ivy Gardens",
               "Location": "51.40194676758438, -0.1348088389198776",
               "Audio": "",
               "AnnounceDistance": 20.0
          },
          {
               "Name": "Pollards Hill Library",
               "Location": "51.39993745764529, -0.13230283188230915",
               "Audio": "",
               "AnnounceDistance": 20.0
          },
          {
               "Name": "South Lodge Avenue / Yorkshire Road",
               "Location": "51.398934970020676, -0.1280883499632046",
               "Audio": "",
               "AnnounceDistance": 20.0
          }
     ]
}