{
     "RouteNumber": "256",
     "Destination": "St Georges Park",
     "RouteAudio": "",
     "DestinationAudio": "",
     "Stops": [
          {
               "Name": "Wincanton Road",
               "Location": "51.617015056263334, 0.22097121580541057",
               "Audio": "",
               "AnnounceDistance": 20.0
          },
          {
               "Name": "Cummings Hall Lane",
               "Location": "51.61676984110383, 0.2191968831855128",
               "Audio": "",
               "AnnounceDistance": 20.0
          },
          {
               "Name": "Kynance Close",
               "Location": "51.6142863962876, 0.21498785694428105",
               "Audio": "",
               "AnnounceDistance": 20.0
          },
          {
               "Name": "Taunton Road",
               "Location": "51.613044604481715, 0.21216851936013725",
               "Audio": "",
               "AnnounceDistance": 20.0
          },
          {
               "Name": "Hailsham Road",
               "Location": "51.609243416785205, 0.20772296641098364",
               "Audio": "",
               "AnnounceDistance": 20.0
          },
          {
               "Name": "St Ursulas School",
               "Location": "51.60657422219212, 0.2085899771748135",
               "Audio": "",
               "AnnounceDistance": 20.0
          },
          {
               "Name": "Charlbury Crescent",
               "Location": "51.60515746762148, 0.21075970149423748",
               "Audio": "",
               "AnnounceDistance": 20.0
          },
          {
               "Name": "Hilldene Avenue / Chatteris Avenue",
               "Location": "51.60624057659312, 0.2143651062737018",
               "Audio": "",
               "AnnounceDistance": 20.0
          },
          {
               "Name": "Hilldene Avenue Shopping Centre",
               "Location": "51.60769054215291, 0.21901399859828344",
               "Audio": "",
               "AnnounceDistance": 20.0
          },
          {
               "Name": "Chippenham Road",
               "Location": "51.608224852772636, 0.22166865601790547",
               "Audio": "",
               "AnnounceDistance": 20.0
          },
          {
               "Name": "Central Park Leisure Centre",
               "Location": "51.60744279201707, 0.22355133721765638",
               "Audio": "",
               "AnnounceDistance": 20.0
          },
          {
               "Name": "Harold Hill Community Centre",
               "Location": "51.60539844580548, 0.22607987686134398",
               "Audio": "",
               "AnnounceDistance": 20.0
          },
          {
               "Name": "Kingsbridge Road",
               "Location": "51.60292279123908, 0.2285870710266593",
               "Audio": "",
               "AnnounceDistance": 20.0
          },
          {
               "Name": "Camborne Avenue",
               "Location": "51.60042348847681, 0.23044302016775167",
               "Audio": "",
               "AnnounceDistance": 20.0
          },
          {
               "Name": "Arundel Road",
               "Location": "51.59701315732389, 0.23244180193669967",
               "Audio": "",
               "AnnounceDistance": 20.0
          },
          {
               "Name": "Harold Wood Station",
               "Location": "51.59297630595419, 0.23286467096963248",
               "Audio": "",
               "AnnounceDistance": 20.0
          },
          {
               "Name": "St Peters Church",
               "Location": "51.59046928535373, 0.23323258240668565",
               "Audio": "",
               "AnnounceDistance": 20.0
          },
          {
               "Name": "Recreation Avenue",
               "Location": "51.58898506757795, 0.23230801297849116",
               "Audio": "",
               "AnnounceDistance": 20.0
          },
          {
               "Name": "Rosslyn Avenue",
               "Location": "51.58805610902106, 0.22819138380119058",
               "Audio": "",
               "AnnounceDistance": 20.0
          },
          {
               "Name": "Southend Arterial Road",
               "Location": "51.587169661220216, 0.22514527949557708",
               "Audio": "",
               "AnnounceDistance": 20.0
          },
          {
               "Name": "Ardleigh Green School",
               "Location": "51.584594110053835, 0.2205877728877682",
               "Audio": "",
               "AnnounceDistance": 20.0
          },
          {
               "Name": "New City College / Ardleigh Green",
               "Location": "51.58139614587501, 0.22040297605962758",
               "Audio": "",
               "AnnounceDistance": 20.0
          },
          {
               "Name": "Ayloffs Walk",
               "Location": "51.577906087694146, 0.21902044983739802",
               "Audio": "",
               "AnnounceDistance": 20.0
          },
          {
               "Name": "Haynes Road",
               "Location": "51.57464823551647, 0.21819787145767022",
               "Audio": "",
               "AnnounceDistance": 20.0
          },
          {
               "Name": "Burntwood Avenue",
               "Location": "51.57248184291175, 0.21862635535479455",
               "Audio": "",
               "AnnounceDistance": 20.0
          },
          {
               "Name": "Emerson Park Station",
               "Location": "51.56964648110238, 0.219714889837489",
               "Audio": "",
               "AnnounceDistance": 20.0
          },
          {
               "Name": "Burnway",
               "Location": "51.567093744639294, 0.22012443821924935",
               "Audio": "",
               "AnnounceDistance": 20.0
          },
          {
               "Name": "Queens Theatre",
               "Location": "51.56418735143608, 0.22021370628035253",
               "Audio": "",
               "AnnounceDistance": 20.0
          },
          {
               "Name": "Hornchurch Town Centre",
               "Location": "51.56163049752178, 0.22131553399064802",
               "Audio": "",
               "AnnounceDistance": 20.0
          },
          {
               "Name": "The Avenue",
               "Location": "51.56000676004936, 0.2206304412373155",
               "Audio": "",
               "AnnounceDistance": 20.0
          },
          {
               "Name": "Devonshire Road",
               "Location": "51.55759942874289, 0.2204843084166284",
               "Audio": "",
               "AnnounceDistance": 20.0
          },
          {
               "Name": "Hornchurch Station",
               "Location": "51.554684352591806, 0.2196065974828959",
               "Audio": "",
               "AnnounceDistance": 20.0
          },
          {
               "Name": "Vaughan Avenue",
               "Location": "51.550329008975304, 0.21832715425564436",
               "Audio": "",
               "AnnounceDistance": 20.0
          },
          {
               "Name": "St Georges Park",
               "Location": "51.54723149979131, 0.2166331484416125",
               "Audio": "",
               "AnnounceDistance": 20.0
          }
     ]
}