{
     "RouteNumber": "257",
     "Destination": "Walthamstow Bus Station",
     "RouteAudio": "",
     "DestinationAudio": "",
     "Stops": [
          {
               "Name": "Peterborough Road",
               "Location": "51.57949838095217, -0.004332439247553823",
               "Audio": "",
               "AnnounceDistance": 20.0
          },
          {
               "Name": "Essex Road",
               "Location": "51.57836192072042, -0.006778088339158197",
               "Audio": "",
               "AnnounceDistance": 20.0
          },
          {
               "Name": "Leyton Green Road",
               "Location": "51.57654177759434, -0.007622638388828228",
               "Audio": "",
               "AnnounceDistance": 20.0
          },
          {
               "Name": "Lea Bridge Road / Bakers Arms",
               "Location": "51.574753115757204, -0.011914929806813988",
               "Audio": "",
               "AnnounceDistance": 20.0
          },
          {
               "Name": "Hoe Street / Bakers Arms",
               "Location": "51.575854724284, -0.014305880374346564",
               "Audio": "",
               "AnnounceDistance": 20.0
          },
          {
               "Name": "Grove Road",
               "Location": "51.57821556917965, -0.01724830059376467",
               "Audio": "",
               "AnnounceDistance": 20.0
          },
          {
               "Name": "Queens Road",
               "Location": "51.58060177589699, -0.018501190062918865",
               "Audio": "",
               "AnnounceDistance": 20.0
          },
          {
               "Name": "Walthamstow Bus Station",
               "Location": "51.58361578903856, -0.020188816307260576",
               "Audio": "",
               "AnnounceDistance": 20.0
          }
     ]
}