{
     "RouteNumber": "257",
     "Destination": "Kirkdale Road",
     "RouteAudio": "",
     "DestinationAudio": "",
     "Stops": [
          {
               "Name": "Stratford Bus Station",
               "Location": "51.5412376148228, -0.0018535393133698322",
               "Audio": "",
               "AnnounceDistance": 20.0
          },
          {
               "Name": "The Grove",
               "Location": "51.543699161553334, 0.003561568324527658",
               "Audio": "",
               "AnnounceDistance": 20.0
          },
          {
               "Name": "Maryland Station / Manbey Grove",
               "Location": "51.545537699793165, 0.004377884425499565",
               "Audio": "",
               "AnnounceDistance": 20.0
          },
          {
               "Name": "Maryland Station",
               "Location": "51.54712830741186, 0.006019902813124377",
               "Audio": "",
               "AnnounceDistance": 20.0
          },
          {
               "Name": "Chobham Road",
               "Location": "51.5499948169104, 0.005093056172754203",
               "Audio": "",
               "AnnounceDistance": 20.0
          },
          {
               "Name": "Cann Hall Road",
               "Location": "51.551965303552315, 0.005554744926054922",
               "Audio": "",
               "AnnounceDistance": 20.0
          },
          {
               "Name": "Ranelagh Road",
               "Location": "51.555232348473375, 0.00539552131976147",
               "Audio": "",
               "AnnounceDistance": 20.0
          },
          {
               "Name": "Harrow Green",
               "Location": "51.557587609954005, 0.0064945453808304575",
               "Audio": "",
               "AnnounceDistance": 20.0
          },
          {
               "Name": "West Street",
               "Location": "51.55925785488417, 0.00715956527255565",
               "Audio": "",
               "AnnounceDistance": 20.0
          },
          {
               "Name": "Leytonstone Fire Station",
               "Location": "51.56084080735845, 0.008195902307820134",
               "Audio": "",
               "AnnounceDistance": 20.0
          },
          {
               "Name": "Leytonstone High Road Station",
               "Location": "51.56277345635886, 0.009291012540439443",
               "Audio": "",
               "AnnounceDistance": 20.0
          },
          {
               "Name": "Vernon Road",
               "Location": "51.56526163937668, 0.009977860413783894",
               "Audio": "",
               "AnnounceDistance": 20.0
          },
          {
               "Name": "Harvey Road",
               "Location": "51.56753588644132, 0.01055434150973086",
               "Audio": "",
               "AnnounceDistance": 20.0
          },
          {
               "Name": "Kirkdale Road",
               "Location": "51.56915854090029, 0.011895776466022006",
               "Audio": "",
               "AnnounceDistance": 20.0
          }
     ]
}