{
     "RouteNumber": "257",
     "Destination": "Whipps Cross Bus Stand",
     "RouteAudio": "",
     "DestinationAudio": "",
     "Stops": [
          {
               "Name": "Walthamstow Bus Station",
               "Location": "51.58339600649554, -0.02048705930761839",
               "Audio": "",
               "AnnounceDistance": 20.0
          },
          {
               "Name": "Grosvenor Park Road",
               "Location": "51.57945105984027, -0.017988350708556703",
               "Audio": "",
               "AnnounceDistance": 20.0
          },
          {
               "Name": "Grove Road",
               "Location": "51.57758018256093, -0.01636669986622848",
               "Audio": "",
               "AnnounceDistance": 20.0
          },
          {
               "Name": "Bakers Avenue",
               "Location": "51.576204730661786, -0.01479575165669404",
               "Audio": "",
               "AnnounceDistance": 20.0
          },
          {
               "Name": "Lea Bridge Road / Bakers Arms",
               "Location": "51.57638586715008, -0.011684923166397888",
               "Audio": "",
               "AnnounceDistance": 20.0
          },
          {
               "Name": "Leyton Green Road",
               "Location": "51.57767799166921, -0.008337877293849173",
               "Audio": "",
               "AnnounceDistance": 20.0
          },
          {
               "Name": "Shernhall Street",
               "Location": "51.57935984419904, -0.005175635235498597",
               "Audio": "",
               "AnnounceDistance": 20.0
          },
          {
               "Name": "Peterborough Road",
               "Location": "51.580013827680396, -0.0034438510820336407",
               "Audio": "",
               "AnnounceDistance": 20.0
          },
          {
               "Name": "Whipps Cross / Wood Street",
               "Location": "51.58114898775326, -0.000925915817145971",
               "Audio": "",
               "AnnounceDistance": 20.0
          },
          {
               "Name": "Whipps Cross Bus Stand",
               "Location": "51.581233486114755, 0.0015026746028651264",
               "Audio": "",
               "AnnounceDistance": 20.0
          }
     ]
}