{
     "RouteNumber": "25",
     "Destination": "St Pauls Station",
     "RouteAudio": "",
     "DestinationAudio": "",
     "Stops": [
          {
               "Name": "Hainault Street",
               "Location": "51.55949975758258, 0.07594380497806444",
               "Audio": "",
               "AnnounceDistance": 20.0
          },
          {
               "Name": "Redbridge Central Library",
               "Location": "51.55785159865737, 0.07405100054373803",
               "Audio": "",
               "AnnounceDistance": 20.0
          },
          {
               "Name": "Ilford Broadway",
               "Location": "51.5583966533602, 0.07068551830541044",
               "Audio": "",
               "AnnounceDistance": 20.0
          },
          {
               "Name": "Chapel Road",
               "Location": "51.557303039716444, 0.06793810976830318",
               "Audio": "",
               "AnnounceDistance": 20.0
          },
          {
               "Name": "Dersingham Avenue",
               "Location": "51.555377091196796, 0.06189290957855294",
               "Audio": "",
               "AnnounceDistance": 20.0
          },
          {
               "Name": "Little Ilford Lane",
               "Location": "51.55452258799432, 0.0593442304374143",
               "Audio": "",
               "AnnounceDistance": 20.0
          },
          {
               "Name": "Rabbits Road",
               "Location": "51.55304476592993, 0.054387404198872065",
               "Audio": "",
               "AnnounceDistance": 20.0
          },
          {
               "Name": "First Avenue",
               "Location": "51.55197352186346, 0.051367657799558465",
               "Audio": "",
               "AnnounceDistance": 20.0
          },
          {
               "Name": "High Street North",
               "Location": "51.551121302279284, 0.048675230900806915",
               "Audio": "",
               "AnnounceDistance": 20.0
          },
          {
               "Name": "Woodgrange Park Station",
               "Location": "51.54945100229793, 0.04441727289577097",
               "Audio": "",
               "AnnounceDistance": 20.0
          },
          {
               "Name": "Shrewsbury Road",
               "Location": "51.5481604846709, 0.039513144670099344",
               "Audio": "",
               "AnnounceDistance": 20.0
          },
          {
               "Name": "Katherine Road",
               "Location": "51.54740863776128, 0.0351669889514174",
               "Audio": "",
               "AnnounceDistance": 20.0
          },
          {
               "Name": "Green Street",
               "Location": "51.54680962989603, 0.030294135603453",
               "Audio": "",
               "AnnounceDistance": 20.0
          },
          {
               "Name": "Woodgrange Road",
               "Location": "51.546536967617676, 0.02682050420040225",
               "Audio": "",
               "AnnounceDistance": 20.0
          },
          {
               "Name": "Sprowston Road",
               "Location": "51.5461461058161, 0.02289456674153224",
               "Audio": "",
               "AnnounceDistance": 20.0
          },
          {
               "Name": "Margery Park Road",
               "Location": "51.54543366314228, 0.019358293324387852",
               "Audio": "",
               "AnnounceDistance": 20.0
          },
          {
               "Name": "Atherton Leisure Centre",
               "Location": "51.54395602526649, 0.013769226817578086",
               "Audio": "",
               "AnnounceDistance": 20.0
          },
          {
               "Name": "Water Lane / University Of East London",
               "Location": "51.5428713301039, 0.009899587892776143",
               "Audio": "",
               "AnnounceDistance": 20.0
          },
          {
               "Name": "Stratford Centre",
               "Location": "51.541155404066785, 0.0024403552194184157",
               "Audio": "",
               "AnnounceDistance": 20.0
          },
          {
               "Name": "Stratford Bus Station",
               "Location": "51.54094215540154, -0.0024577451094364372",
               "Audio": "",
               "AnnounceDistance": 20.0
          },
          {
               "Name": "Stratford High St / Carpenters Road",
               "Location": "51.537338059210036, -0.0025722977735137035",
               "Audio": "",
               "AnnounceDistance": 20.0
          },
          {
               "Name": "Warton Road",
               "Location": "51.53584355458729, -0.004584353587409115",
               "Audio": "",
               "AnnounceDistance": 20.0
          },
          {
               "Name": "Abbey Lane",
               "Location": "51.53378345955427, -0.00718331846590724",
               "Audio": "",
               "AnnounceDistance": 20.0
          },
          {
               "Name": "Bow Flyover",
               "Location": "51.530313449859555, -0.012020606827787118",
               "Audio": "",
               "AnnounceDistance": 20.0
          },
          {
               "Name": "Bow Church",
               "Location": "51.5283808414421, -0.01738143920420455",
               "Audio": "",
               "AnnounceDistance": 20.0
          },
          {
               "Name": "Bow Church Station",
               "Location": "51.5279474217372, -0.020471070884004967",
               "Audio": "",
               "AnnounceDistance": 20.0
          },
          {
               "Name": "Bow Road Station",
               "Location": "51.52735095160233, -0.024029038552789116",
               "Audio": "",
               "AnnounceDistance": 20.0
          },
          {
               "Name": "Coborn Road",
               "Location": "51.52605918572239, -0.02956315994169861",
               "Audio": "",
               "AnnounceDistance": 20.0
          },
          {
               "Name": "Mile End Station",
               "Location": "51.525363589387254, -0.03312512814385936",
               "Audio": "",
               "AnnounceDistance": 20.0
          },
          {
               "Name": "Regents Canal",
               "Location": "51.52432616905969, -0.03668727346743103",
               "Audio": "",
               "AnnounceDistance": 20.0
          },
          {
               "Name": "Queen Mary / University Of London",
               "Location": "51.523163230181744, -0.039202322295755584",
               "Audio": "",
               "AnnounceDistance": 20.0
          },
          {
               "Name": "Ocean Estate",
               "Location": "51.522291791650225, -0.04248314978870142",
               "Audio": "",
               "AnnounceDistance": 20.0
          },
          {
               "Name": "Stepney Green Station",
               "Location": "51.52170472250798, -0.04664539865444136",
               "Audio": "",
               "AnnounceDistance": 20.0
          },
          {
               "Name": "Stepney Green",
               "Location": "51.521136332683305, -0.04923553807750735",
               "Audio": "",
               "AnnounceDistance": 20.0
          },
          {
               "Name": "Booth Memorial",
               "Location": "51.520364754544794, -0.05313158380728771",
               "Audio": "",
               "AnnounceDistance": 20.0
          },
          {
               "Name": "Sidney Street",
               "Location": "51.51994325492222, -0.055369364032015554",
               "Audio": "",
               "AnnounceDistance": 20.0
          },
          {
               "Name": "Whitechapel Stn / Royal London Hosp",
               "Location": "51.518911957161755, -0.06042935961352469",
               "Audio": "",
               "AnnounceDistance": 20.0
          },
          {
               "Name": "The East London Mosque",
               "Location": "51.51783712788598, -0.06504414452887318",
               "Audio": "",
               "AnnounceDistance": 20.0
          },
          {
               "Name": "Altab Ali Park",
               "Location": "51.516937968423804, -0.0677775473624032",
               "Audio": "",
               "AnnounceDistance": 20.0
          },
          {
               "Name": "Aldgate East Station",
               "Location": "51.514653245116286, -0.07320690056427852",
               "Audio": "",
               "AnnounceDistance": 20.0
          },
          {
               "Name": "Aldgate Station",
               "Location": "51.51413038399895, -0.07477109559964983",
               "Audio": "",
               "AnnounceDistance": 20.0
          },
          {
               "Name": "St Katharine Cree",
               "Location": "51.513259073510916, -0.07921795329389336",
               "Audio": "",
               "AnnounceDistance": 20.0
          },
          {
               "Name": "St Mary Axe",
               "Location": "51.51342393812181, -0.08269877137907769",
               "Audio": "",
               "AnnounceDistance": 20.0
          },
          {
               "Name": "Bank Station / Cornhill",
               "Location": "51.51327258625826, -0.08774937810986959",
               "Audio": "",
               "AnnounceDistance": 20.0
          },
          {
               "Name": "Poultry / Bank Station",
               "Location": "51.513624741405174, -0.09115033369655749",
               "Audio": "",
               "AnnounceDistance": 20.0
          },
          {
               "Name": "Bread Street",
               "Location": "51.51419167562956, -0.09504681202392073",
               "Audio": "",
               "AnnounceDistance": 20.0
          },
          {
               "Name": "St Pauls Station",
               "Location": "51.51525495375123, -0.09850474962660775",
               "Audio": "",
               "AnnounceDistance": 20.0
          }
     ]
}