{
     "RouteNumber": "25",
     "Destination": "Hainault Street",
     "RouteAudio": "",
     "DestinationAudio": "",
     "Stops": [
          {
               "Name": "Stratford Bus Station",
               "Location": "51.5409957311049, -0.001907398231584913",
               "Audio": "",
               "AnnounceDistance": 20.0
          },
          {
               "Name": "Stratford Centre",
               "Location": "51.54079163290594, 0.0010976527260118478",
               "Audio": "",
               "AnnounceDistance": 20.0
          },
          {
               "Name": "Litchfield Avenue",
               "Location": "51.54236467265413, 0.0064016744570006496",
               "Audio": "",
               "AnnounceDistance": 20.0
          },
          {
               "Name": "Water Lane / University Of East London",
               "Location": "51.542659665174774, 0.008606736548542961",
               "Audio": "",
               "AnnounceDistance": 20.0
          },
          {
               "Name": "Atherton Leisure Centre",
               "Location": "51.54442624124384, 0.01518894068683848",
               "Audio": "",
               "AnnounceDistance": 20.0
          },
          {
               "Name": "Margery Park Road",
               "Location": "51.545826909858874, 0.020543939642948865",
               "Audio": "",
               "AnnounceDistance": 20.0
          },
          {
               "Name": "Woodgrange Road",
               "Location": "51.54644423618996, 0.024378921158169666",
               "Audio": "",
               "AnnounceDistance": 20.0
          },
          {
               "Name": "Green Street",
               "Location": "51.54709643355098, 0.031907864688385884",
               "Audio": "",
               "AnnounceDistance": 20.0
          },
          {
               "Name": "Katherine Road",
               "Location": "51.547770762387934, 0.03658220912003307",
               "Audio": "",
               "AnnounceDistance": 20.0
          },
          {
               "Name": "Shrewsbury Road",
               "Location": "51.548353408806165, 0.039795819270889835",
               "Audio": "",
               "AnnounceDistance": 20.0
          },
          {
               "Name": "Woodgrange Park Station",
               "Location": "51.54911743649804, 0.042916673450373276",
               "Audio": "",
               "AnnounceDistance": 20.0
          },
          {
               "Name": "High Street North",
               "Location": "51.55041819091185, 0.04671080417623305",
               "Audio": "",
               "AnnounceDistance": 20.0
          },
          {
               "Name": "First Avenue",
               "Location": "51.55187804178087, 0.050656555620995906",
               "Audio": "",
               "AnnounceDistance": 20.0
          },
          {
               "Name": "Rabbits Road",
               "Location": "51.55262021280807, 0.05295463814559451",
               "Audio": "",
               "AnnounceDistance": 20.0
          },
          {
               "Name": "Seventh Avenue",
               "Location": "51.553634072708945, 0.05565452399598645",
               "Audio": "",
               "AnnounceDistance": 20.0
          },
          {
               "Name": "Little Ilford Lane",
               "Location": "51.55508640226539, 0.060523750725687386",
               "Audio": "",
               "AnnounceDistance": 20.0
          },
          {
               "Name": "North Circular Road",
               "Location": "51.55600856558189, 0.0638256958467454",
               "Audio": "",
               "AnnounceDistance": 20.0
          },
          {
               "Name": "Ilford Hill",
               "Location": "51.55815811485951, 0.0689146315253392",
               "Audio": "",
               "AnnounceDistance": 20.0
          },
          {
               "Name": "Ilford / Chapel Road",
               "Location": "51.55769417640747, 0.0702352402520461",
               "Audio": "",
               "AnnounceDistance": 20.0
          },
          {
               "Name": "Redbridge Central Library",
               "Location": "51.55815200779665, 0.07435320184467469",
               "Audio": "",
               "AnnounceDistance": 20.0
          },
          {
               "Name": "Hainault Street",
               "Location": "51.55959063253158, 0.07589023518840078",
               "Audio": "",
               "AnnounceDistance": 20.0
          }
     ]
}