{
     "RouteNumber": "260",
     "Destination": "Golders Green Station",
     "RouteAudio": "",
     "DestinationAudio": "",
     "Stops": [
          {
               "Name": "White City Bus Station",
               "Location": "51.508561237169, -0.22390999916892712",
               "Audio": "",
               "AnnounceDistance": 20.0
          },
          {
               "Name": "Shepherds Bush Station",
               "Location": "51.50512562656742, -0.21794844232372237",
               "Audio": "",
               "AnnounceDistance": 20.0
          },
          {
               "Name": "Shepherds Bush Green",
               "Location": "51.504289031531314, -0.22445074929064546",
               "Audio": "",
               "AnnounceDistance": 20.0
          },
          {
               "Name": "Shepherds Bush Market Station",
               "Location": "51.50558311758098, -0.2273687962875027",
               "Audio": "",
               "AnnounceDistance": 20.0
          },
          {
               "Name": "Loftus Road",
               "Location": "51.50601704971213, -0.22990245472118895",
               "Audio": "",
               "AnnounceDistance": 20.0
          },
          {
               "Name": "Bloemfontein Road",
               "Location": "51.506384580271295, -0.23340418021723663",
               "Audio": "",
               "AnnounceDistance": 20.0
          },
          {
               "Name": "Adelaide Grove",
               "Location": "51.506372163215644, -0.2367621197912877",
               "Audio": "",
               "AnnounceDistance": 20.0
          },
          {
               "Name": "Galloway Road",
               "Location": "51.50639183358027, -0.23926864787673988",
               "Audio": "",
               "AnnounceDistance": 20.0
          },
          {
               "Name": "Wormholt Road",
               "Location": "51.50658774027955, -0.24153783741192136",
               "Audio": "",
               "AnnounceDistance": 20.0
          },
          {
               "Name": "Uxbridge Road",
               "Location": "51.5070583090851, -0.24533834417596007",
               "Audio": "",
               "AnnounceDistance": 20.0
          },
          {
               "Name": "St Saviours Church",
               "Location": "51.50930690100413, -0.24597248728381005",
               "Audio": "",
               "AnnounceDistance": 20.0
          },
          {
               "Name": "Hilary Road",
               "Location": "51.51188936257449, -0.24728561936240648",
               "Audio": "",
               "AnnounceDistance": 20.0
          },
          {
               "Name": "Western Avenue / Savoy Circus",
               "Location": "51.51374457319751, -0.24988063305865327",
               "Audio": "",
               "AnnounceDistance": 20.0
          },
          {
               "Name": "Perryn Road",
               "Location": "51.51499918423772, -0.25683696870063444",
               "Audio": "",
               "AnnounceDistance": 20.0
          },
          {
               "Name": "Friary Road",
               "Location": "51.517547233788896, -0.2612942563929202",
               "Audio": "",
               "AnnounceDistance": 20.0
          },
          {
               "Name": "Joseph Avenue",
               "Location": "51.51752598755282, -0.2628949275362936",
               "Audio": "",
               "AnnounceDistance": 20.0
          },
          {
               "Name": "Acton Main Line Station",
               "Location": "51.51792636311784, -0.2662524056966706",
               "Audio": "",
               "AnnounceDistance": 20.0
          },
          {
               "Name": "Noel Road",
               "Location": "51.519056890745695, -0.2654743793224282",
               "Audio": "",
               "AnnounceDistance": 20.0
          },
          {
               "Name": "Gypsy Corner",
               "Location": "51.52025867173643, -0.26465036323117774",
               "Audio": "",
               "AnnounceDistance": 20.0
          },
          {
               "Name": "Victoria Road",
               "Location": "51.52316693424341, -0.26429475461926627",
               "Audio": "",
               "AnnounceDistance": 20.0
          },
          {
               "Name": "Gorst Road",
               "Location": "51.526141146184095, -0.266574695336687",
               "Audio": "",
               "AnnounceDistance": 20.0
          },
          {
               "Name": "Park Royal Asda",
               "Location": "51.529288681644694, -0.2684158474137089",
               "Audio": "",
               "AnnounceDistance": 20.0
          },
          {
               "Name": "Central Middlesex Hospital",
               "Location": "51.53026031819653, -0.2690565896564277",
               "Audio": "",
               "AnnounceDistance": 20.0
          },
          {
               "Name": "Barretts Green Road",
               "Location": "51.53252742653689, -0.2636503907573634",
               "Audio": "",
               "AnnounceDistance": 20.0
          },
          {
               "Name": "Waxlow Road",
               "Location": "51.53451629761427, -0.2601142610966049",
               "Audio": "",
               "AnnounceDistance": 20.0
          },
          {
               "Name": "Harlesden Station",
               "Location": "51.53630627456906, -0.25711892637137357",
               "Audio": "",
               "AnnounceDistance": 20.0
          },
          {
               "Name": "Fairlight Avenue",
               "Location": "51.53678315730282, -0.25351031216617026",
               "Audio": "",
               "AnnounceDistance": 20.0
          },
          {
               "Name": "Willesden County Court",
               "Location": "51.53571958397293, -0.24851881180032218",
               "Audio": "",
               "AnnounceDistance": 20.0
          },
          {
               "Name": "Harlesden Jubilee Clock",
               "Location": "51.53603128747425, -0.24771379932284462",
               "Audio": "",
               "AnnounceDistance": 20.0
          },
          {
               "Name": "St Marys Road",
               "Location": "51.53900416987136, -0.25108925528919285",
               "Audio": "",
               "AnnounceDistance": 20.0
          },
          {
               "Name": "Harlesden Police Station",
               "Location": "51.54173966303806, -0.254834749625241",
               "Audio": "",
               "AnnounceDistance": 20.0
          },
          {
               "Name": "Dixon Way",
               "Location": "51.54286733617942, -0.25447434232515365",
               "Audio": "",
               "AnnounceDistance": 20.0
          },
          {
               "Name": "Curzon Crescent",
               "Location": "51.545460919101046, -0.2523127432607838",
               "Audio": "",
               "AnnounceDistance": 20.0
          },
          {
               "Name": "Mayo Road",
               "Location": "51.54670473792382, -0.2512987818318478",
               "Audio": "",
               "AnnounceDistance": 20.0
          },
          {
               "Name": "Eric Road",
               "Location": "51.548198328691264, -0.24834251452482464",
               "Audio": "",
               "AnnounceDistance": 20.0
          },
          {
               "Name": "Willesden Magistrates Court",
               "Location": "51.54927597504977, -0.24644052703677616",
               "Audio": "",
               "AnnounceDistance": 20.0
          },
          {
               "Name": "Beaconsfield Road",
               "Location": "51.54922594499736, -0.24309626283805646",
               "Audio": "",
               "AnnounceDistance": 20.0
          },
          {
               "Name": "Meyrick Road",
               "Location": "51.548796688545934, -0.24145414342971516",
               "Audio": "",
               "AnnounceDistance": 20.0
          },
          {
               "Name": "Willesden Bus Garage",
               "Location": "51.54855908563066, -0.2382037022689951",
               "Audio": "",
               "AnnounceDistance": 20.0
          },
          {
               "Name": "Villiers Road",
               "Location": "51.54731055319313, -0.23291555662243513",
               "Audio": "",
               "AnnounceDistance": 20.0
          },
          {
               "Name": "Willesden Green Library",
               "Location": "51.54708822622322, -0.23009734663796136",
               "Audio": "",
               "AnnounceDistance": 20.0
          },
          {
               "Name": "Willesden Lane",
               "Location": "51.54803841068782, -0.22335383426449504",
               "Audio": "",
               "AnnounceDistance": 20.0
          },
          {
               "Name": "Willesden Green Station",
               "Location": "51.54888067182171, -0.22137389755733194",
               "Audio": "",
               "AnnounceDistance": 20.0
          },
          {
               "Name": "Melrose Avenue",
               "Location": "51.5531294515857, -0.21810690875115116",
               "Audio": "",
               "AnnounceDistance": 20.0
          },
          {
               "Name": "Sheldon Road",
               "Location": "51.55593868130533, -0.21597756753163053",
               "Audio": "",
               "AnnounceDistance": 20.0
          },
          {
               "Name": "Cricklewood Broadway",
               "Location": "51.557206720358586, -0.21480273757606144",
               "Audio": "",
               "AnnounceDistance": 20.0
          },
          {
               "Name": "Claremont Road",
               "Location": "51.55893278955149, -0.21122954571242278",
               "Audio": "",
               "AnnounceDistance": 20.0
          },
          {
               "Name": "Dersingham Road",
               "Location": "51.56064033239231, -0.20762795449902674",
               "Audio": "",
               "AnnounceDistance": 20.0
          },
          {
               "Name": "Hendon Way",
               "Location": "51.56120228677963, -0.204388619836756",
               "Audio": "",
               "AnnounceDistance": 20.0
          },
          {
               "Name": "Lyndale Avenue",
               "Location": "51.56224664698116, -0.20153413483663452",
               "Audio": "",
               "AnnounceDistance": 20.0
          },
          {
               "Name": "Childs Hill / Finchley Road",
               "Location": "51.56308281868154, -0.19800964295315482",
               "Audio": "",
               "AnnounceDistance": 20.0
          },
          {
               "Name": "Llanvanor Road",
               "Location": "51.56514474261083, -0.19642757715857323",
               "Audio": "",
               "AnnounceDistance": 20.0
          },
          {
               "Name": "Dunstan Road",
               "Location": "51.567553468663085, -0.19517792801985745",
               "Audio": "",
               "AnnounceDistance": 20.0
          },
          {
               "Name": "Golders Green / Finchley Road",
               "Location": "51.57109174949335, -0.19545627123172535",
               "Audio": "",
               "AnnounceDistance": 20.0
          },
          {
               "Name": "Golders Green Station",
               "Location": "51.57179927674358, -0.19410065036444646",
               "Audio": "",
               "AnnounceDistance": 20.0
          }
     ]
}