{
     "RouteNumber": "261",
     "Destination": "Princess Royal University Hospital",
     "RouteAudio": "",
     "DestinationAudio": "",
     "Stops": [
          {
               "Name": "Lewisham Station",
               "Location": "51.46381936779687, -0.01242123131931418",
               "Audio": "",
               "AnnounceDistance": 20.0
          },
          {
               "Name": "Belmont Hill",
               "Location": "51.46181179002305, -0.006994767922184868",
               "Audio": "",
               "AnnounceDistance": 20.0
          },
          {
               "Name": "Belmont Park",
               "Location": "51.459881816355185, -0.004027009824639201",
               "Audio": "",
               "AnnounceDistance": 20.0
          },
          {
               "Name": "Manor Park",
               "Location": "51.45871665306419, -0.0016162815134020611",
               "Audio": "",
               "AnnounceDistance": 20.0
          },
          {
               "Name": "Brandram Road",
               "Location": "51.4586512598377, 0.0027425737385142162",
               "Audio": "",
               "AnnounceDistance": 20.0
          },
          {
               "Name": "Dacre Park",
               "Location": "51.45872209709859, 0.006488405463874087",
               "Audio": "",
               "AnnounceDistance": 20.0
          },
          {
               "Name": "Lampmead Road",
               "Location": "51.45703909573897, 0.009192752678288826",
               "Audio": "",
               "AnnounceDistance": 20.0
          },
          {
               "Name": "Burnt Ash Road / Lee Road",
               "Location": "51.455837968195404, 0.011587025189178764",
               "Audio": "",
               "AnnounceDistance": 20.0
          },
          {
               "Name": "Handen Road",
               "Location": "51.453026441363754, 0.011924013206611215",
               "Audio": "",
               "AnnounceDistance": 20.0
          },
          {
               "Name": "Lee Station",
               "Location": "51.44951237405372, 0.012848940078131239",
               "Audio": "",
               "AnnounceDistance": 20.0
          },
          {
               "Name": "Westhorne Avenue",
               "Location": "51.44696458546164, 0.014060901841904486",
               "Audio": "",
               "AnnounceDistance": 20.0
          },
          {
               "Name": "St Mildreds Road",
               "Location": "51.44523482811255, 0.014243823511964505",
               "Audio": "",
               "AnnounceDistance": 20.0
          },
          {
               "Name": "Harland Road",
               "Location": "51.44304365958351, 0.015111547837198525",
               "Audio": "",
               "AnnounceDistance": 20.0
          },
          {
               "Name": "Farmcote Road",
               "Location": "51.440601701151195, 0.016442999526642712",
               "Audio": "",
               "AnnounceDistance": 20.0
          },
          {
               "Name": "Heather Road",
               "Location": "51.438571274618475, 0.017375175153751886",
               "Audio": "",
               "AnnounceDistance": 20.0
          },
          {
               "Name": "Baring Road / Coopers Lane",
               "Location": "51.43575300999001, 0.019668170588466538",
               "Audio": "",
               "AnnounceDistance": 20.0
          },
          {
               "Name": "Grove Park Station",
               "Location": "51.43104783815193, 0.021345277708270494",
               "Audio": "",
               "AnnounceDistance": 20.0
          },
          {
               "Name": "Launcelot Road",
               "Location": "51.42742698647706, 0.02115670235712574",
               "Audio": "",
               "AnnounceDistance": 20.0
          },
          {
               "Name": "Treewall Gardens",
               "Location": "51.42565736466268, 0.022085546667941502",
               "Audio": "",
               "AnnounceDistance": 20.0
          },
          {
               "Name": "New Street Hill",
               "Location": "51.42129792512373, 0.021965032413863664",
               "Audio": "",
               "AnnounceDistance": 20.0
          },
          {
               "Name": "Burnt Ash Lane / Southover",
               "Location": "51.41977065302603, 0.018747771012866336",
               "Audio": "",
               "AnnounceDistance": 20.0
          },
          {
               "Name": "Park Avenue",
               "Location": "51.41711056279425, 0.017077302056860547",
               "Audio": "",
               "AnnounceDistance": 20.0
          },
          {
               "Name": "Plaistow Green",
               "Location": "51.41410379085857, 0.017261328320068176",
               "Audio": "",
               "AnnounceDistance": 20.0
          },
          {
               "Name": "Morgan Road",
               "Location": "51.412475001434956, 0.015233865859324349",
               "Audio": "",
               "AnnounceDistance": 20.0
          },
          {
               "Name": "Hammelton Road",
               "Location": "51.41037687106224, 0.014350706979034273",
               "Audio": "",
               "AnnounceDistance": 20.0
          },
          {
               "Name": "Bromley North Station",
               "Location": "51.40818768851308, 0.01667020467687566",
               "Audio": "",
               "AnnounceDistance": 20.0
          },
          {
               "Name": "Bromley Civic Centre",
               "Location": "51.405309260894505, 0.01880096316097585",
               "Audio": "",
               "AnnounceDistance": 20.0
          },
          {
               "Name": "Bromley High Street / The Mall",
               "Location": "51.40183703219131, 0.016247048984380303",
               "Audio": "",
               "AnnounceDistance": 20.0
          },
          {
               "Name": "Bromley South Station",
               "Location": "51.400500012157934, 0.01712274162580021",
               "Audio": "",
               "AnnounceDistance": 20.0
          },
          {
               "Name": "Cromwell Avenue",
               "Location": "51.398805183533135, 0.018931471976299807",
               "Audio": "",
               "AnnounceDistance": 20.0
          },
          {
               "Name": "Bertha James Day Centre",
               "Location": "51.396801390639176, 0.02352971380228855",
               "Audio": "",
               "AnnounceDistance": 20.0
          },
          {
               "Name": "Homesdale Road",
               "Location": "51.39603972127966, 0.02493364565529105",
               "Audio": "",
               "AnnounceDistance": 20.0
          },
          {
               "Name": "Southlands Road",
               "Location": "51.39268663304041, 0.031095947224410714",
               "Audio": "",
               "AnnounceDistance": 20.0
          },
          {
               "Name": "Bromley Common / The Crown",
               "Location": "51.390207605327156, 0.034550819339652566",
               "Audio": "",
               "AnnounceDistance": 20.0
          },
          {
               "Name": "Bromley Common / Turpington Lane",
               "Location": "51.38259869311284, 0.04029238703040112",
               "Audio": "",
               "AnnounceDistance": 20.0
          },
          {
               "Name": "Oakley Road / Holy Trinity Church",
               "Location": "51.37866671973079, 0.04299153732571866",
               "Audio": "",
               "AnnounceDistance": 20.0
          },
          {
               "Name": "Bromley Bus Garage",
               "Location": "51.37574594736605, 0.0444277259803246",
               "Audio": "",
               "AnnounceDistance": 20.0
          },
          {
               "Name": "Lakeside Drive",
               "Location": "51.370607464287055, 0.04771885777887792",
               "Audio": "",
               "AnnounceDistance": 20.0
          },
          {
               "Name": "Farnborough Park",
               "Location": "51.36840495112122, 0.04973251632119409",
               "Audio": "",
               "AnnounceDistance": 20.0
          },
          {
               "Name": "Princess Royal University Hospital",
               "Location": "51.36559460639634, 0.058197869580929096",
               "Audio": "",
               "AnnounceDistance": 20.0
          }
     ]
}