{
     "RouteNumber": "261",
     "Destination": "Lewisham Station",
     "RouteAudio": "",
     "DestinationAudio": "",
     "Stops": [
          {
               "Name": "Princess Royal University Hospital",
               "Location": "51.36559460639634, 0.058197869580929096",
               "Audio": "",
               "AnnounceDistance": 20.0
          },
          {
               "Name": "Farnborough Common / P R U Hospital",
               "Location": "51.36556782546828, 0.05408800223269483",
               "Audio": "",
               "AnnounceDistance": 20.0
          },
          {
               "Name": "Farnborough Park",
               "Location": "51.36862940376337, 0.0492396982958247",
               "Audio": "",
               "AnnounceDistance": 20.0
          },
          {
               "Name": "Lakeside Drive",
               "Location": "51.371425569478326, 0.04618927302184752",
               "Audio": "",
               "AnnounceDistance": 20.0
          },
          {
               "Name": "Bromley Bus Garage",
               "Location": "51.37615185072946, 0.04384230239846285",
               "Audio": "",
               "AnnounceDistance": 20.0
          },
          {
               "Name": "Bromley Common / Holy Trinity Church",
               "Location": "51.38012674868763, 0.04177757831985707",
               "Audio": "",
               "AnnounceDistance": 20.0
          },
          {
               "Name": "Bromley Common / Turpington Lane",
               "Location": "51.383577191079986, 0.03935864051251881",
               "Audio": "",
               "AnnounceDistance": 20.0
          },
          {
               "Name": "Bromley Common / The Crown",
               "Location": "51.3899926904942, 0.03449816445627363",
               "Audio": "",
               "AnnounceDistance": 20.0
          },
          {
               "Name": "Southlands Road",
               "Location": "51.39309969044817, 0.030093649506356696",
               "Audio": "",
               "AnnounceDistance": 20.0
          },
          {
               "Name": "Homesdale Road",
               "Location": "51.394711710995345, 0.02684438103941427",
               "Audio": "",
               "AnnounceDistance": 20.0
          },
          {
               "Name": "Bertha James Day Centre",
               "Location": "51.39705815089186, 0.022721626317842435",
               "Audio": "",
               "AnnounceDistance": 20.0
          },
          {
               "Name": "Cromwell Avenue",
               "Location": "51.39852141810718, 0.019220877064780085",
               "Audio": "",
               "AnnounceDistance": 20.0
          },
          {
               "Name": "Bromley South Station",
               "Location": "51.40019844343493, 0.01687944519748438",
               "Audio": "",
               "AnnounceDistance": 20.0
          },
          {
               "Name": "Elmfield Road / The Mall",
               "Location": "51.402790627009246, 0.016749072642131452",
               "Audio": "",
               "AnnounceDistance": 20.0
          },
          {
               "Name": "Bromley Civic Centre",
               "Location": "51.404799532659176, 0.01863473167278371",
               "Audio": "",
               "AnnounceDistance": 20.0
          },
          {
               "Name": "Bromley Town Hall",
               "Location": "51.40603532817609, 0.01684869783906262",
               "Audio": "",
               "AnnounceDistance": 20.0
          },
          {
               "Name": "West Street",
               "Location": "51.40692731205903, 0.014659224654875177",
               "Audio": "",
               "AnnounceDistance": 20.0
          },
          {
               "Name": "Hammelton Road",
               "Location": "51.40972311291813, 0.014192554881410639",
               "Audio": "",
               "AnnounceDistance": 20.0
          },
          {
               "Name": "Morgan Road",
               "Location": "51.41238884767482, 0.01501436860418319",
               "Audio": "",
               "AnnounceDistance": 20.0
          },
          {
               "Name": "Plaistow Green",
               "Location": "51.41382505830447, 0.016213624028373317",
               "Audio": "",
               "AnnounceDistance": 20.0
          },
          {
               "Name": "Park Avenue",
               "Location": "51.41746472765278, 0.01687716140743696",
               "Audio": "",
               "AnnounceDistance": 20.0
          },
          {
               "Name": "Burnt Ash Lane / Southover",
               "Location": "51.41973463453625, 0.01822840007074878",
               "Audio": "",
               "AnnounceDistance": 20.0
          },
          {
               "Name": "New Street Hill",
               "Location": "51.42266423045604, 0.02147875499560353",
               "Audio": "",
               "AnnounceDistance": 20.0
          },
          {
               "Name": "Treewall Gardens",
               "Location": "51.426232842885746, 0.021046467700228583",
               "Audio": "",
               "AnnounceDistance": 20.0
          },
          {
               "Name": "Launcelot Road",
               "Location": "51.428199284653715, 0.021219555213689446",
               "Audio": "",
               "AnnounceDistance": 20.0
          },
          {
               "Name": "Grove Park Station",
               "Location": "51.430402335746415, 0.02123046883893884",
               "Audio": "",
               "AnnounceDistance": 20.0
          },
          {
               "Name": "St Augustines Church",
               "Location": "51.43362774184575, 0.02088367084631754",
               "Audio": "",
               "AnnounceDistance": 20.0
          },
          {
               "Name": "Baring Road / Coopers Lane",
               "Location": "51.43523511110139, 0.01997624484865594",
               "Audio": "",
               "AnnounceDistance": 20.0
          },
          {
               "Name": "Heather Road",
               "Location": "51.43803862696922, 0.01749559110670515",
               "Audio": "",
               "AnnounceDistance": 20.0
          },
          {
               "Name": "Farmcote Road",
               "Location": "51.44083154499032, 0.01615094382914207",
               "Audio": "",
               "AnnounceDistance": 20.0
          },
          {
               "Name": "Harland Road",
               "Location": "51.44347795333305, 0.014957982421662464",
               "Audio": "",
               "AnnounceDistance": 20.0
          },
          {
               "Name": "St Mildreds Road",
               "Location": "51.44510127380578, 0.014165992041337627",
               "Audio": "",
               "AnnounceDistance": 20.0
          },
          {
               "Name": "Westhorne Avenue",
               "Location": "51.447058892711254, 0.013806005477119803",
               "Audio": "",
               "AnnounceDistance": 20.0
          },
          {
               "Name": "Lee Station",
               "Location": "51.44839391300435, 0.013044410812820498",
               "Audio": "",
               "AnnounceDistance": 20.0
          },
          {
               "Name": "Micheldever Road",
               "Location": "51.45159273182706, 0.012148836294885753",
               "Audio": "",
               "AnnounceDistance": 20.0
          },
          {
               "Name": "Burnt Ash Road / Lee Road",
               "Location": "51.45612946866496, 0.011369532077894802",
               "Audio": "",
               "AnnounceDistance": 20.0
          },
          {
               "Name": "Lampmead Road",
               "Location": "51.45722645729457, 0.008754746287994773",
               "Audio": "",
               "AnnounceDistance": 20.0
          },
          {
               "Name": "Dacre Park",
               "Location": "51.458630756564745, 0.005519928278843934",
               "Audio": "",
               "AnnounceDistance": 20.0
          },
          {
               "Name": "Brandram Road",
               "Location": "51.45851530446697, 0.0012251421445603904",
               "Audio": "",
               "AnnounceDistance": 20.0
          },
          {
               "Name": "Belmont Park",
               "Location": "51.45924323881242, -0.003493454944686609",
               "Audio": "",
               "AnnounceDistance": 20.0
          },
          {
               "Name": "Marischal Road",
               "Location": "51.4608056407708, -0.0054694653534016514",
               "Audio": "",
               "AnnounceDistance": 20.0
          },
          {
               "Name": "Belmont Hill",
               "Location": "51.46203582924488, -0.0080071327457751",
               "Audio": "",
               "AnnounceDistance": 20.0
          },
          {
               "Name": "Lewisham Clock Tower",
               "Location": "51.46265925685231, -0.01029779374678654",
               "Audio": "",
               "AnnounceDistance": 20.0
          },
          {
               "Name": "Lewisham Station",
               "Location": "51.46490017606368, -0.013050926679442368",
               "Audio": "",
               "AnnounceDistance": 20.0
          }
     ]
}