{
     "RouteNumber": "262",
     "Destination": "Stratford Bus Station",
     "RouteAudio": "",
     "DestinationAudio": "",
     "Stops": [
          {
               "Name": "Gallions Reach Shopping Park",
               "Location": "51.51640363457898, 0.07966245316563308",
               "Audio": "",
               "AnnounceDistance": 20.0
          },
          {
               "Name": "Hornet Way",
               "Location": "51.511904582652214, 0.08082667661671514",
               "Audio": "",
               "AnnounceDistance": 20.0
          },
          {
               "Name": "Beckton Dlr Depot",
               "Location": "51.510652291293056, 0.07842051168217448",
               "Audio": "",
               "AnnounceDistance": 20.0
          },
          {
               "Name": "Armada Point",
               "Location": "51.50942033588191, 0.07486250537071094",
               "Audio": "",
               "AnnounceDistance": 20.0
          },
          {
               "Name": "Gallions Reach Station",
               "Location": "51.50831117843221, 0.07249195663394414",
               "Audio": "",
               "AnnounceDistance": 20.0
          },
          {
               "Name": "Ferndale Street",
               "Location": "51.51064860194796, 0.06896631340371798",
               "Audio": "",
               "AnnounceDistance": 20.0
          },
          {
               "Name": "Horse Leaze",
               "Location": "51.51185989176756, 0.06657115791540728",
               "Audio": "",
               "AnnounceDistance": 20.0
          },
          {
               "Name": "East Ham Manor Way",
               "Location": "51.51209589477236, 0.06338235949291361",
               "Audio": "",
               "AnnounceDistance": 20.0
          },
          {
               "Name": "Beckton Bus Station",
               "Location": "51.514307118847704, 0.059345827164232784",
               "Audio": "",
               "AnnounceDistance": 20.0
          },
          {
               "Name": "Kingsford Way",
               "Location": "51.51599981599134, 0.05512701928528946",
               "Audio": "",
               "AnnounceDistance": 20.0
          },
          {
               "Name": "Swallow Street",
               "Location": "51.516129776763314, 0.052841151132404354",
               "Audio": "",
               "AnnounceDistance": 20.0
          },
          {
               "Name": "Dove Approach",
               "Location": "51.5163910192456, 0.04664072394669505",
               "Audio": "",
               "AnnounceDistance": 20.0
          },
          {
               "Name": "Beckton District Park",
               "Location": "51.516548875249434, 0.04326064287849986",
               "Audio": "",
               "AnnounceDistance": 20.0
          },
          {
               "Name": "Sullivan Avenue",
               "Location": "51.51671812470455, 0.03973691431392694",
               "Audio": "",
               "AnnounceDistance": 20.0
          },
          {
               "Name": "Colman Road",
               "Location": "51.516897769044114, 0.03560825677135639",
               "Audio": "",
               "AnnounceDistance": 20.0
          },
          {
               "Name": "Bennett Road",
               "Location": "51.5194507649196, 0.032032030028608056",
               "Audio": "",
               "AnnounceDistance": 20.0
          },
          {
               "Name": "Newham University Hosp / New Vic College",
               "Location": "51.5227640071922, 0.030766823084343448",
               "Audio": "",
               "AnnounceDistance": 20.0
          },
          {
               "Name": "Wigston Road",
               "Location": "51.524231423306404, 0.0301545691567481",
               "Audio": "",
               "AnnounceDistance": 20.0
          },
          {
               "Name": "Barking Road",
               "Location": "51.52631384288511, 0.02881996898304216",
               "Audio": "",
               "AnnounceDistance": 20.0
          },
          {
               "Name": "Gad Close",
               "Location": "51.52738809662836, 0.027541377634286778",
               "Audio": "",
               "AnnounceDistance": 20.0
          },
          {
               "Name": "Balaam Street",
               "Location": "51.529631075753926, 0.023676214064119606",
               "Audio": "",
               "AnnounceDistance": 20.0
          },
          {
               "Name": "Kennedy Close",
               "Location": "51.530192542515806, 0.021884483053768455",
               "Audio": "",
               "AnnounceDistance": 20.0
          },
          {
               "Name": "Plaistow Station",
               "Location": "51.5311910808943, 0.01820888032867156",
               "Audio": "",
               "AnnounceDistance": 20.0
          },
          {
               "Name": "Morley Road",
               "Location": "51.532540525676, 0.015038838605233458",
               "Audio": "",
               "AnnounceDistance": 20.0
          },
          {
               "Name": "Plaistow Grove",
               "Location": "51.53388090064295, 0.01186821183066701",
               "Audio": "",
               "AnnounceDistance": 20.0
          },
          {
               "Name": "Church Street",
               "Location": "51.53606198198526, 0.006859877054837494",
               "Audio": "",
               "AnnounceDistance": 20.0
          },
          {
               "Name": "Paul Street",
               "Location": "51.53810143532076, 0.00539221575332591",
               "Audio": "",
               "AnnounceDistance": 20.0
          },
          {
               "Name": "Stratford Broadway",
               "Location": "51.54056959830258, 0.0025155857876193984",
               "Audio": "",
               "AnnounceDistance": 20.0
          },
          {
               "Name": "Stratford Bus Station",
               "Location": "51.5414354000925, -0.002378460023495198",
               "Audio": "",
               "AnnounceDistance": 20.0
          }
     ]
}