{
     "RouteNumber": "262",
     "Destination": "Gallions Reach Shopping Park",
     "RouteAudio": "",
     "DestinationAudio": "",
     "Stops": [
          {
               "Name": "Stratford Bus Station",
               "Location": "51.540518004128884, -0.0018417986197622122",
               "Audio": "",
               "AnnounceDistance": 20.0
          },
          {
               "Name": "Stratford Broadway",
               "Location": "51.54036797230935, 0.0027374685612265854",
               "Audio": "",
               "AnnounceDistance": 20.0
          },
          {
               "Name": "Barnby Street",
               "Location": "51.53757839903178, 0.00600370406048223",
               "Audio": "",
               "AnnounceDistance": 20.0
          },
          {
               "Name": "Church Street",
               "Location": "51.535558251067606, 0.007919171908554562",
               "Audio": "",
               "AnnounceDistance": 20.0
          },
          {
               "Name": "Plaistow Grove",
               "Location": "51.53407858965688, 0.011876928916982062",
               "Audio": "",
               "AnnounceDistance": 20.0
          },
          {
               "Name": "Morley Road",
               "Location": "51.533127498304225, 0.014372667418851529",
               "Audio": "",
               "AnnounceDistance": 20.0
          },
          {
               "Name": "Plaistow Station",
               "Location": "51.531671975563185, 0.017437151437784373",
               "Audio": "",
               "AnnounceDistance": 20.0
          },
          {
               "Name": "Victoria Road",
               "Location": "51.53104927388952, 0.020177869932825648",
               "Audio": "",
               "AnnounceDistance": 20.0
          },
          {
               "Name": "Kennedy Close",
               "Location": "51.53030314915128, 0.022249827339680384",
               "Audio": "",
               "AnnounceDistance": 20.0
          },
          {
               "Name": "Balaam Street",
               "Location": "51.52955897745708, 0.02420646446871669",
               "Audio": "",
               "AnnounceDistance": 20.0
          },
          {
               "Name": "Perth Road",
               "Location": "51.528054516616166, 0.026965470449075653",
               "Audio": "",
               "AnnounceDistance": 20.0
          },
          {
               "Name": "Barking Road",
               "Location": "51.52686820447648, 0.028484196610721896",
               "Audio": "",
               "AnnounceDistance": 20.0
          },
          {
               "Name": "Beaumont Road",
               "Location": "51.524763828124236, 0.030048507092917",
               "Audio": "",
               "AnnounceDistance": 20.0
          },
          {
               "Name": "Newham University Hosp / New Vic College",
               "Location": "51.52250691824736, 0.031072521301151658",
               "Audio": "",
               "AnnounceDistance": 20.0
          },
          {
               "Name": "Bennett Road",
               "Location": "51.51954661377312, 0.03220926895150143",
               "Audio": "",
               "AnnounceDistance": 20.0
          },
          {
               "Name": "Newham Leisure Centre",
               "Location": "51.51844036523265, 0.03221767859088421",
               "Audio": "",
               "AnnounceDistance": 20.0
          },
          {
               "Name": "Colman Road",
               "Location": "51.516981390496035, 0.03545343621693057",
               "Audio": "",
               "AnnounceDistance": 20.0
          },
          {
               "Name": "Sullivan Avenue",
               "Location": "51.516824731886935, 0.03929485847258581",
               "Audio": "",
               "AnnounceDistance": 20.0
          },
          {
               "Name": "Beckton District Park",
               "Location": "51.51659822336282, 0.04404117777692816",
               "Audio": "",
               "AnnounceDistance": 20.0
          },
          {
               "Name": "Dove Approach",
               "Location": "51.516492123804746, 0.0465155356121292",
               "Audio": "",
               "AnnounceDistance": 20.0
          },
          {
               "Name": "Swallow Street",
               "Location": "51.516186373651905, 0.05320402947865422",
               "Audio": "",
               "AnnounceDistance": 20.0
          },
          {
               "Name": "Kingsford Way",
               "Location": "51.51601404840521, 0.056367202882725564",
               "Audio": "",
               "AnnounceDistance": 20.0
          },
          {
               "Name": "Beckton Station",
               "Location": "51.513685734229036, 0.06093200747621383",
               "Audio": "",
               "AnnounceDistance": 20.0
          },
          {
               "Name": "Covelees Wall",
               "Location": "51.51209004161352, 0.06473682931040374",
               "Audio": "",
               "AnnounceDistance": 20.0
          },
          {
               "Name": "Horse Leaze",
               "Location": "51.511832530323204, 0.06710316325257584",
               "Audio": "",
               "AnnounceDistance": 20.0
          },
          {
               "Name": "Gallions Reach Roundabout",
               "Location": "51.50970215963096, 0.06960076394810921",
               "Audio": "",
               "AnnounceDistance": 20.0
          },
          {
               "Name": "Gallions Reach Station",
               "Location": "51.50845535566922, 0.07349285454578441",
               "Audio": "",
               "AnnounceDistance": 20.0
          },
          {
               "Name": "Armada Point",
               "Location": "51.50946060887755, 0.07461934385148535",
               "Audio": "",
               "AnnounceDistance": 20.0
          },
          {
               "Name": "Beckton Dlr Depot",
               "Location": "51.51081821790549, 0.0792062957302817",
               "Audio": "",
               "AnnounceDistance": 20.0
          },
          {
               "Name": "Hornet Way",
               "Location": "51.51274845410971, 0.08090837103232451",
               "Audio": "",
               "AnnounceDistance": 20.0
          },
          {
               "Name": "Gallions Reach Shopping Park",
               "Location": "51.51650553965936, 0.07949413337749317",
               "Audio": "",
               "AnnounceDistance": 20.0
          }
     ]
}