{
     "RouteNumber": "263",
     "Destination": "Highbury Barn",
     "RouteAudio": "",
     "DestinationAudio": "",
     "Stops": [
          {
               "Name": "Barnet Hospital",
               "Location": "51.65195580835131, -0.2140315952920963",
               "Audio": "",
               "AnnounceDistance": 20.0
          },
          {
               "Name": "Union Street",
               "Location": "51.653031377262, -0.20731053878032057",
               "Audio": "",
               "AnnounceDistance": 20.0
          },
          {
               "Name": "Barnet Church / Wood Street",
               "Location": "51.653052180049436, -0.20161395589413092",
               "Audio": "",
               "AnnounceDistance": 20.0
          },
          {
               "Name": "Barnet High Street / Barnet Church",
               "Location": "51.652799078693825, -0.19918088015854998",
               "Audio": "",
               "AnnounceDistance": 20.0
          },
          {
               "Name": "High Barnet Station / Meadway",
               "Location": "51.65136144781439, -0.1969104861063337",
               "Audio": "",
               "AnnounceDistance": 20.0
          },
          {
               "Name": "High Barnet Station",
               "Location": "51.64934437514187, -0.1932177462280054",
               "Audio": "",
               "AnnounceDistance": 20.0
          },
          {
               "Name": "Potters Lane",
               "Location": "51.64720018652839, -0.18828731490185116",
               "Audio": "",
               "AnnounceDistance": 20.0
          },
          {
               "Name": "Barnet Everyman Cinema",
               "Location": "51.64639604365335, -0.1868739562542268",
               "Audio": "",
               "AnnounceDistance": 20.0
          },
          {
               "Name": "Dinsdale Gardens",
               "Location": "51.64401306272221, -0.18396271317093446",
               "Audio": "",
               "AnnounceDistance": 20.0
          },
          {
               "Name": "Lyonsdown Road",
               "Location": "51.64087628221732, -0.18057610130202184",
               "Audio": "",
               "AnnounceDistance": 20.0
          },
          {
               "Name": "Walfield Avenue",
               "Location": "51.63921940238859, -0.17984756406999566",
               "Audio": "",
               "AnnounceDistance": 20.0
          },
          {
               "Name": "Friern Mount Drive",
               "Location": "51.63655585308574, -0.17741082191452373",
               "Audio": "",
               "AnnounceDistance": 20.0
          },
          {
               "Name": "Chandos Avenue",
               "Location": "51.63388797139475, -0.17585599708003263",
               "Audio": "",
               "AnnounceDistance": 20.0
          },
          {
               "Name": "High Road Whetstone / Athenaeum Road",
               "Location": "51.63093495867222, -0.17504971138061917",
               "Audio": "",
               "AnnounceDistance": 20.0
          },
          {
               "Name": "Whetstone High Road / Friern Barnet Lane",
               "Location": "51.628695706343265, -0.17446049440965603",
               "Audio": "",
               "AnnounceDistance": 20.0
          },
          {
               "Name": "Swan Lane",
               "Location": "51.626676608710305, -0.17530728383832886",
               "Audio": "",
               "AnnounceDistance": 20.0
          },
          {
               "Name": "Derwent Crescent",
               "Location": "51.623895875827316, -0.17632900756621125",
               "Audio": "",
               "AnnounceDistance": 20.0
          },
          {
               "Name": "Finchley Park",
               "Location": "51.62023895428034, -0.17651895765524847",
               "Audio": "",
               "AnnounceDistance": 20.0
          },
          {
               "Name": "Ravensdale Avenue",
               "Location": "51.61789409209519, -0.176656284120692",
               "Audio": "",
               "AnnounceDistance": 20.0
          },
          {
               "Name": "Tally Ho Corner",
               "Location": "51.61498756715375, -0.176527217022533",
               "Audio": "",
               "AnnounceDistance": 20.0
          },
          {
               "Name": "North Finchley Bus Station",
               "Location": "51.6132506773864, -0.1758602001787185",
               "Audio": "",
               "AnnounceDistance": 20.0
          },
          {
               "Name": "Christchurch Avenue",
               "Location": "51.61100513014518, -0.17544471792629615",
               "Audio": "",
               "AnnounceDistance": 20.0
          },
          {
               "Name": "Granville Road",
               "Location": "51.608093889636294, -0.17501264347016127",
               "Audio": "",
               "AnnounceDistance": 20.0
          },
          {
               "Name": "Leisure Way",
               "Location": "51.605529304334546, -0.17489886341182978",
               "Audio": "",
               "AnnounceDistance": 20.0
          },
          {
               "Name": "Squires Lane",
               "Location": "51.60211930644075, -0.17362046315614085",
               "Audio": "",
               "AnnounceDistance": 20.0
          },
          {
               "Name": "Strawberry Vale",
               "Location": "51.60072726456231, -0.17315648723604582",
               "Audio": "",
               "AnnounceDistance": 20.0
          },
          {
               "Name": "Lewis Gardens",
               "Location": "51.59865874442582, -0.17256086309098342",
               "Audio": "",
               "AnnounceDistance": 20.0
          },
          {
               "Name": "Oak Lane",
               "Location": "51.59707123441731, -0.1716716447925511",
               "Audio": "",
               "AnnounceDistance": 20.0
          },
          {
               "Name": "Chandos Road",
               "Location": "51.59539900317512, -0.16996292558860884",
               "Audio": "",
               "AnnounceDistance": 20.0
          },
          {
               "Name": "Hertford Road",
               "Location": "51.59244717901964, -0.16635680357921298",
               "Audio": "",
               "AnnounceDistance": 20.0
          },
          {
               "Name": "Fortis Green",
               "Location": "51.590009609320646, -0.16401522481199532",
               "Audio": "",
               "AnnounceDistance": 20.0
          },
          {
               "Name": "Fairlawn Avenue",
               "Location": "51.58890198751222, -0.16391552089313913",
               "Audio": "",
               "AnnounceDistance": 20.0
          },
          {
               "Name": "East Finchley Station",
               "Location": "51.586671703957215, -0.1639043899367731",
               "Audio": "",
               "AnnounceDistance": 20.0
          },
          {
               "Name": "The Bishops Avenue",
               "Location": "51.58504926635075, -0.16251188965436816",
               "Audio": "",
               "AnnounceDistance": 20.0
          },
          {
               "Name": "Woodside Avenue",
               "Location": "51.58319767060962, -0.15912239350081256",
               "Audio": "",
               "AnnounceDistance": 20.0
          },
          {
               "Name": "North Hill Avenue",
               "Location": "51.57996367905863, -0.15474995219279092",
               "Audio": "",
               "AnnounceDistance": 20.0
          },
          {
               "Name": "Highgate Group Practice",
               "Location": "51.57757286231097, -0.15253761153171583",
               "Audio": "",
               "AnnounceDistance": 20.0
          },
          {
               "Name": "Hillcrest Estate",
               "Location": "51.57547253346146, -0.1505013184447005",
               "Audio": "",
               "AnnounceDistance": 20.0
          },
          {
               "Name": "St Michaels School",
               "Location": "51.574207472451896, -0.14954247862371575",
               "Audio": "",
               "AnnounceDistance": 20.0
          },
          {
               "Name": "Highgate School",
               "Location": "51.57209697209495, -0.14971477055993165",
               "Audio": "",
               "AnnounceDistance": 20.0
          },
          {
               "Name": "South Grove",
               "Location": "51.57094509107179, -0.14852053879326108",
               "Audio": "",
               "AnnounceDistance": 20.0
          },
          {
               "Name": "Channing School",
               "Location": "51.5700117525485, -0.14408516539463534",
               "Audio": "",
               "AnnounceDistance": 20.0
          },
          {
               "Name": "Highgate Hill / Hornsey Lane",
               "Location": "51.56872274938103, -0.14104972988031284",
               "Audio": "",
               "AnnounceDistance": 20.0
          },
          {
               "Name": "Whittington Hospital / Magdala Avenue",
               "Location": "51.5671889712861, -0.13789460259404127",
               "Audio": "",
               "AnnounceDistance": 20.0
          },
          {
               "Name": "Archway Station",
               "Location": "51.566436103526065, -0.13635261646317667",
               "Audio": "",
               "AnnounceDistance": 20.0
          },
          {
               "Name": "Archway Station / Holloway Road",
               "Location": "51.56545955833322, -0.13375212077346052",
               "Audio": "",
               "AnnounceDistance": 20.0
          },
          {
               "Name": "Upper Holloway Station",
               "Location": "51.56398001684986, -0.12949869926342966",
               "Audio": "",
               "AnnounceDistance": 20.0
          },
          {
               "Name": "Alexander Road",
               "Location": "51.561644989165394, -0.12461707597726149",
               "Audio": "",
               "AnnounceDistance": 20.0
          },
          {
               "Name": "Manor Gardens",
               "Location": "51.55979096879782, -0.12226964932187724",
               "Audio": "",
               "AnnounceDistance": 20.0
          },
          {
               "Name": "Seven Sisters Road / Parkhurst Road",
               "Location": "51.55820511262978, -0.11982479427756725",
               "Audio": "",
               "AnnounceDistance": 20.0
          },
          {
               "Name": "Holloway / Nags Head",
               "Location": "51.55722850531626, -0.11836476794848473",
               "Audio": "",
               "AnnounceDistance": 20.0
          },
          {
               "Name": "Tollington Road",
               "Location": "51.555517221673576, -0.11595421673748124",
               "Audio": "",
               "AnnounceDistance": 20.0
          },
          {
               "Name": "Holloway Road Station",
               "Location": "51.55208140998593, -0.11143711048992558",
               "Audio": "",
               "AnnounceDistance": 20.0
          },
          {
               "Name": "St Mary Magdalene Church",
               "Location": "51.54848227729649, -0.10684091596436154",
               "Audio": "",
               "AnnounceDistance": 20.0
          },
          {
               "Name": "Highbury Islington Station",
               "Location": "51.54679446250206, -0.10422835439610381",
               "Audio": "",
               "AnnounceDistance": 20.0
          },
          {
               "Name": "St Pauls Road / Highbury Corner",
               "Location": "51.54629082579711, -0.10088883410128689",
               "Audio": "",
               "AnnounceDistance": 20.0
          },
          {
               "Name": "Highbury Grove School / Baalbec Road",
               "Location": "51.54888135902942, -0.09815590203143922",
               "Audio": "",
               "AnnounceDistance": 20.0
          },
          {
               "Name": "Aberdeen Park",
               "Location": "51.55056415803361, -0.09822995896558223",
               "Audio": "",
               "AnnounceDistance": 20.0
          },
          {
               "Name": "Highbury Barn",
               "Location": "51.55293810176671, -0.09878005791179977",
               "Audio": "",
               "AnnounceDistance": 20.0
          }
     ]
}