{
     "RouteNumber": "264",
     "Destination": "Blackshaw Road",
     "RouteAudio": "",
     "DestinationAudio": "",
     "Stops": [
          {
               "Name": "West Croydon Bus Station",
               "Location": "51.3789130277036, -0.10155952371306258",
               "Audio": "",
               "AnnounceDistance": 20.0
          },
          {
               "Name": "Ruskin Road",
               "Location": "51.37685067150999, -0.10303866189371975",
               "Audio": "",
               "AnnounceDistance": 20.0
          },
          {
               "Name": "Church Street Tram Stop T",
               "Location": "51.37372103525945, -0.10525142099719362",
               "Audio": "",
               "AnnounceDistance": 20.0
          },
          {
               "Name": "Rectory Grove",
               "Location": "51.37454581397094, -0.10787553427471273",
               "Audio": "",
               "AnnounceDistance": 20.0
          },
          {
               "Name": "Factory Lane",
               "Location": "51.377929115136915, -0.10911549761197699",
               "Audio": "",
               "AnnounceDistance": 20.0
          },
          {
               "Name": "Leighton Street",
               "Location": "51.37883205868732, -0.11045778855557734",
               "Audio": "",
               "AnnounceDistance": 20.0
          },
          {
               "Name": "Sumner Road",
               "Location": "51.381184738369974, -0.11359426729989557",
               "Audio": "",
               "AnnounceDistance": 20.0
          },
          {
               "Name": "Priory Road",
               "Location": "51.382940284176556, -0.11651126779623397",
               "Audio": "",
               "AnnounceDistance": 20.0
          },
          {
               "Name": "Lombard Roundabout",
               "Location": "51.38493517889462, -0.12033846573928682",
               "Audio": "",
               "AnnounceDistance": 20.0
          },
          {
               "Name": "Ockley Road",
               "Location": "51.38616334365413, -0.12290385947252351",
               "Audio": "",
               "AnnounceDistance": 20.0
          },
          {
               "Name": "Brading Road",
               "Location": "51.38748542998116, -0.1262847826596033",
               "Audio": "",
               "AnnounceDistance": 20.0
          },
          {
               "Name": "Therapia Lane / Croydon Cemetery",
               "Location": "51.38870168601365, -0.12923902788572683",
               "Audio": "",
               "AnnounceDistance": 20.0
          },
          {
               "Name": "Rochford Way",
               "Location": "51.39034637274339, -0.1331246233482859",
               "Audio": "",
               "AnnounceDistance": 20.0
          },
          {
               "Name": "Watneys Road",
               "Location": "51.39251187428537, -0.14036723789600886",
               "Audio": "",
               "AnnounceDistance": 20.0
          },
          {
               "Name": "Beddington Lane",
               "Location": "51.39380160953744, -0.1451447507786743",
               "Audio": "",
               "AnnounceDistance": 20.0
          },
          {
               "Name": "The Ravensbury",
               "Location": "51.3976546705859, -0.15738068754405238",
               "Audio": "",
               "AnnounceDistance": 20.0
          },
          {
               "Name": "Madeira Road",
               "Location": "51.4014743841676, -0.16067761233950148",
               "Audio": "",
               "AnnounceDistance": 20.0
          },
          {
               "Name": "Three Kings Pond",
               "Location": "51.40282404184171, -0.16129919431290668",
               "Audio": "",
               "AnnounceDistance": 20.0
          },
          {
               "Name": "Upper Green East",
               "Location": "51.40510368548377, -0.16330694001781296",
               "Audio": "",
               "AnnounceDistance": 20.0
          },
          {
               "Name": "Mitcham Fair Green",
               "Location": "51.40705635838732, -0.16396200601639876",
               "Audio": "",
               "AnnounceDistance": 20.0
          },
          {
               "Name": "Downe Road / Mitcham Library",
               "Location": "51.408081530390916, -0.16338892311975303",
               "Audio": "",
               "AnnounceDistance": 20.0
          },
          {
               "Name": "Eveline Road",
               "Location": "51.41041494039729, -0.1619437359889413",
               "Audio": "",
               "AnnounceDistance": 20.0
          },
          {
               "Name": "London Road / Figges Marsh",
               "Location": "51.41503536902907, -0.16183032060503882",
               "Audio": "",
               "AnnounceDistance": 20.0
          },
          {
               "Name": "Gorringe Park Avenue",
               "Location": "51.41734008895484, -0.16199673802791453",
               "Audio": "",
               "AnnounceDistance": 20.0
          },
          {
               "Name": "Tooting Station",
               "Location": "51.41940776595304, -0.1619569407948404",
               "Audio": "",
               "AnnounceDistance": 20.0
          },
          {
               "Name": "Mitcham Road / Tooting Station",
               "Location": "51.42102110167521, -0.16104362263153035",
               "Audio": "",
               "AnnounceDistance": 20.0
          },
          {
               "Name": "Amen Corner",
               "Location": "51.422442131520704, -0.16048316323019063",
               "Audio": "",
               "AnnounceDistance": 20.0
          },
          {
               "Name": "Tooting / The Mitre",
               "Location": "51.42447648922429, -0.16347965663305383",
               "Audio": "",
               "AnnounceDistance": 20.0
          },
          {
               "Name": "Bickley Street",
               "Location": "51.426049727553035, -0.16574687510535407",
               "Audio": "",
               "AnnounceDistance": 20.0
          },
          {
               "Name": "Tooting Broadway Station",
               "Location": "51.427156042684146, -0.1669109024504383",
               "Audio": "",
               "AnnounceDistance": 20.0
          },
          {
               "Name": "Garratt Lane / Tooting Broadway",
               "Location": "51.42839490163873, -0.16907665185789927",
               "Audio": "",
               "AnnounceDistance": 20.0
          },
          {
               "Name": "Fountain Road / Garratt Lane",
               "Location": "51.42958416999797, -0.1744093336652029",
               "Audio": "",
               "AnnounceDistance": 20.0
          },
          {
               "Name": "Cranmer Terrace",
               "Location": "51.428049482962386, -0.1769159745104533",
               "Audio": "",
               "AnnounceDistance": 20.0
          },
          {
               "Name": "Lambeth Cemetery",
               "Location": "51.42663877230497, -0.1793024402740296",
               "Audio": "",
               "AnnounceDistance": 20.0
          },
          {
               "Name": "Blackshaw Road",
               "Location": "51.42491211772129, -0.17698329971774304",
               "Audio": "",
               "AnnounceDistance": 20.0
          }
     ]
}