{
     "RouteNumber": "265",
     "Destination": "Putney Bridge Station",
     "RouteAudio": "",
     "DestinationAudio": "",
     "Stops": [
          {
               "Name": "Tolworth / King Charles Road",
               "Location": "51.38337288191294, -0.28831397762847555",
               "Audio": "",
               "AnnounceDistance": 20.0
          },
          {
               "Name": "Princes Avenue",
               "Location": "51.38240678923998, -0.2849729240309997",
               "Audio": "",
               "AnnounceDistance": 20.0
          },
          {
               "Name": "Tolworth Broadway",
               "Location": "51.37990807612264, -0.2813732688178996",
               "Audio": "",
               "AnnounceDistance": 20.0
          },
          {
               "Name": "Tolworth Tower / Tolworth Station",
               "Location": "51.380342627587446, -0.27973318448324697",
               "Audio": "",
               "AnnounceDistance": 20.0
          },
          {
               "Name": "Warren Drive North",
               "Location": "51.38256622781968, -0.277451099237634",
               "Audio": "",
               "AnnounceDistance": 20.0
          },
          {
               "Name": "Highfield Road / Oakdene Drive",
               "Location": "51.38650925145174, -0.27346574196629436",
               "Audio": "",
               "AnnounceDistance": 20.0
          },
          {
               "Name": "Elmbridge Avenue / Southwood Drive",
               "Location": "51.388202753633095, -0.2706137444733395",
               "Audio": "",
               "AnnounceDistance": 20.0
          },
          {
               "Name": "Manor Drive North",
               "Location": "51.389667248420174, -0.2674827237159759",
               "Audio": "",
               "AnnounceDistance": 20.0
          },
          {
               "Name": "South Lane",
               "Location": "51.39086091620443, -0.26489356133324843",
               "Audio": "",
               "AnnounceDistance": 20.0
          },
          {
               "Name": "Malden Way / Malden Road",
               "Location": "51.39446085081843, -0.25539960242156606",
               "Audio": "",
               "AnnounceDistance": 20.0
          },
          {
               "Name": "St James Church / Kingston Bypass",
               "Location": "51.39556331433379, -0.25455267341963556",
               "Audio": "",
               "AnnounceDistance": 20.0
          },
          {
               "Name": "New Malden / The Fountain",
               "Location": "51.39789790780664, -0.25552759927417296",
               "Audio": "",
               "AnnounceDistance": 20.0
          },
          {
               "Name": "Walton Avenue",
               "Location": "51.39886662383903, -0.2535500076704883",
               "Audio": "",
               "AnnounceDistance": 20.0
          },
          {
               "Name": "Queens Road",
               "Location": "51.39908566387576, -0.250148950736197",
               "Audio": "",
               "AnnounceDistance": 20.0
          },
          {
               "Name": "Shannon Corner / Rookwood Avenue",
               "Location": "51.399511772043404, -0.24436789370862252",
               "Audio": "",
               "AnnounceDistance": 20.0
          },
          {
               "Name": "Shannon Corner / Beverley Way",
               "Location": "51.401046070657586, -0.24233955899705725",
               "Audio": "",
               "AnnounceDistance": 20.0
          },
          {
               "Name": "Beverley Way / Goals Sports Centre",
               "Location": "51.40376299584906, -0.24181845248951248",
               "Audio": "",
               "AnnounceDistance": 20.0
          },
          {
               "Name": "Huntley Way",
               "Location": "51.41025985485609, -0.2469040162793887",
               "Audio": "",
               "AnnounceDistance": 20.0
          },
          {
               "Name": "Cambridge Avenue",
               "Location": "51.41153040973739, -0.2488829725401598",
               "Audio": "",
               "AnnounceDistance": 20.0
          },
          {
               "Name": "Coombe Lane West / New Victoria Hospital",
               "Location": "51.41409190040803, -0.2505970571486507",
               "Audio": "",
               "AnnounceDistance": 20.0
          },
          {
               "Name": "Coombe Lane West",
               "Location": "51.416507817345014, -0.2509937950351964",
               "Audio": "",
               "AnnounceDistance": 20.0
          },
          {
               "Name": "Colliers Wood United Football Club",
               "Location": "51.42126392984926, -0.2533436259574156",
               "Audio": "",
               "AnnounceDistance": 20.0
          },
          {
               "Name": "Keswick Avenue",
               "Location": "51.42775798470894, -0.25646207610650096",
               "Audio": "",
               "AnnounceDistance": 20.0
          },
          {
               "Name": "Grasmere Avenue",
               "Location": "51.43173340536604, -0.2571163647905676",
               "Audio": "",
               "AnnounceDistance": 20.0
          },
          {
               "Name": "Vale Crescent / Robin Hood",
               "Location": "51.435019801466304, -0.25678986978354074",
               "Audio": "",
               "AnnounceDistance": 20.0
          },
          {
               "Name": "Roehampton Vale / Asda",
               "Location": "51.43878141847359, -0.24792730916757308",
               "Audio": "",
               "AnnounceDistance": 20.0
          },
          {
               "Name": "Ringwood Gardens",
               "Location": "51.44362919430499, -0.24077706525934525",
               "Audio": "",
               "AnnounceDistance": 20.0
          },
          {
               "Name": "Heathmere Primary School",
               "Location": "51.44517113370793, -0.24225758180798826",
               "Audio": "",
               "AnnounceDistance": 20.0
          },
          {
               "Name": "Hyacinth Road",
               "Location": "51.446601911752104, -0.241123326909904",
               "Audio": "",
               "AnnounceDistance": 20.0
          },
          {
               "Name": "Shawford Court",
               "Location": "51.448188100634034, -0.2389612378824554",
               "Audio": "",
               "AnnounceDistance": 20.0
          },
          {
               "Name": "Roehampton Lane / Danebury Avenue",
               "Location": "51.45053892994103, -0.24220975103620257",
               "Audio": "",
               "AnnounceDistance": 20.0
          },
          {
               "Name": "Clarence Lane",
               "Location": "51.45302005737795, -0.24395674042357546",
               "Audio": "",
               "AnnounceDistance": 20.0
          },
          {
               "Name": "Queen Marys Hospital",
               "Location": "51.455822308329296, -0.24312951764863844",
               "Audio": "",
               "AnnounceDistance": 20.0
          },
          {
               "Name": "Roehampton University / Main Entrance",
               "Location": "51.458718374586496, -0.24316226493385204",
               "Audio": "",
               "AnnounceDistance": 20.0
          },
          {
               "Name": "Fairacres",
               "Location": "51.46096677316595, -0.24378130120271052",
               "Audio": "",
               "AnnounceDistance": 20.0
          },
          {
               "Name": "Rosslyn Park Rugby Football Club",
               "Location": "51.46466636977327, -0.244027978554569",
               "Audio": "",
               "AnnounceDistance": 20.0
          },
          {
               "Name": "Barnes Station",
               "Location": "51.467402463874976, -0.24118743713059743",
               "Audio": "",
               "AnnounceDistance": 20.0
          },
          {
               "Name": "Commondale",
               "Location": "51.46849599349962, -0.2278130662917869",
               "Audio": "",
               "AnnounceDistance": 20.0
          },
          {
               "Name": "Festing Road",
               "Location": "51.46826758997656, -0.2234162202460388",
               "Audio": "",
               "AnnounceDistance": 20.0
          },
          {
               "Name": "Ruvigny Gardens",
               "Location": "51.467322452674225, -0.2192056948070597",
               "Audio": "",
               "AnnounceDistance": 20.0
          },
          {
               "Name": "Putney Pier R",
               "Location": "51.46636533066394, -0.21480864598672045",
               "Audio": "",
               "AnnounceDistance": 20.0
          },
          {
               "Name": "St Marys Church / Putney Pier R",
               "Location": "51.46649071616816, -0.21359439113349676",
               "Audio": "",
               "AnnounceDistance": 20.0
          },
          {
               "Name": "Putney Bridge Station",
               "Location": "51.468406248542344, -0.2106544216635255",
               "Audio": "",
               "AnnounceDistance": 20.0
          }
     ]
}