{
     "RouteNumber": "266",
     "Destination": "Brent Cross Shopping Centre",
     "RouteAudio": "",
     "DestinationAudio": "",
     "Stops": [
          {
               "Name": "Acton Old Town Hall",
               "Location": "51.50669821066833, -0.26891213757140653",
               "Audio": "",
               "AnnounceDistance": 20.0
          },
          {
               "Name": "Rosemont Road",
               "Location": "51.50958032565085, -0.27288111302953383",
               "Audio": "",
               "AnnounceDistance": 20.0
          },
          {
               "Name": "Creswick Road",
               "Location": "51.512342709945244, -0.270557269092698",
               "Audio": "",
               "AnnounceDistance": 20.0
          },
          {
               "Name": "Acacia Road",
               "Location": "51.51368019034474, -0.2697860189545462",
               "Audio": "",
               "AnnounceDistance": 20.0
          },
          {
               "Name": "Faraday Road",
               "Location": "51.51517476000708, -0.26869169444765234",
               "Audio": "",
               "AnnounceDistance": 20.0
          },
          {
               "Name": "Acton Main Line Station",
               "Location": "51.51792636311784, -0.2662524056966706",
               "Audio": "",
               "AnnounceDistance": 20.0
          },
          {
               "Name": "Noel Road",
               "Location": "51.519056890745695, -0.2654743793224282",
               "Audio": "",
               "AnnounceDistance": 20.0
          },
          {
               "Name": "Gypsy Corner",
               "Location": "51.52025867173643, -0.26465036323117774",
               "Audio": "",
               "AnnounceDistance": 20.0
          },
          {
               "Name": "Chase Road",
               "Location": "51.52289142798284, -0.262085340777568",
               "Audio": "",
               "AnnounceDistance": 20.0
          },
          {
               "Name": "North Acton Station",
               "Location": "51.522867533837946, -0.25926093755213936",
               "Audio": "",
               "AnnounceDistance": 20.0
          },
          {
               "Name": "Wales Farm Road",
               "Location": "51.52367147690124, -0.2576878627432579",
               "Audio": "",
               "AnnounceDistance": 20.0
          },
          {
               "Name": "Chandos Road",
               "Location": "51.52603317041128, -0.255046106508018",
               "Audio": "",
               "AnnounceDistance": 20.0
          },
          {
               "Name": "Shaftesbury Gardens",
               "Location": "51.52772824298719, -0.2523286826888296",
               "Audio": "",
               "AnnounceDistance": 20.0
          },
          {
               "Name": "Old Oak Lane / Atlas Road",
               "Location": "51.52864333690484, -0.2503762203128859",
               "Audio": "",
               "AnnounceDistance": 20.0
          },
          {
               "Name": "Webb Place",
               "Location": "51.530325107288434, -0.2485816776780403",
               "Audio": "",
               "AnnounceDistance": 20.0
          },
          {
               "Name": "Willesden Junction Station",
               "Location": "51.53238431097083, -0.24677250020450792",
               "Audio": "",
               "AnnounceDistance": 20.0
          },
          {
               "Name": "Acton Lane",
               "Location": "51.534409123489795, -0.24807888274792456",
               "Audio": "",
               "AnnounceDistance": 20.0
          },
          {
               "Name": "Harlesden Jubilee Clock",
               "Location": "51.53603128747425, -0.24771379932284462",
               "Audio": "",
               "AnnounceDistance": 20.0
          },
          {
               "Name": "St Marys Road",
               "Location": "51.53900416987136, -0.25108925528919285",
               "Audio": "",
               "AnnounceDistance": 20.0
          },
          {
               "Name": "Harlesden Police Station",
               "Location": "51.54173966303806, -0.254834749625241",
               "Audio": "",
               "AnnounceDistance": 20.0
          },
          {
               "Name": "Dixon Way",
               "Location": "51.54286733617942, -0.25447434232515365",
               "Audio": "",
               "AnnounceDistance": 20.0
          },
          {
               "Name": "Curzon Crescent",
               "Location": "51.545460919101046, -0.2523127432607838",
               "Audio": "",
               "AnnounceDistance": 20.0
          },
          {
               "Name": "Mayo Road",
               "Location": "51.54670473792382, -0.2512987818318478",
               "Audio": "",
               "AnnounceDistance": 20.0
          },
          {
               "Name": "Eric Road",
               "Location": "51.548198328691264, -0.24834251452482464",
               "Audio": "",
               "AnnounceDistance": 20.0
          },
          {
               "Name": "Willesden Magistrates Court",
               "Location": "51.54927597504977, -0.24644052703677616",
               "Audio": "",
               "AnnounceDistance": 20.0
          },
          {
               "Name": "Beaconsfield Road",
               "Location": "51.54922594499736, -0.24309626283805646",
               "Audio": "",
               "AnnounceDistance": 20.0
          },
          {
               "Name": "Willesden Bus Garage",
               "Location": "51.54855908563066, -0.2382037022689951",
               "Audio": "",
               "AnnounceDistance": 20.0
          },
          {
               "Name": "Meyrick Road",
               "Location": "51.548796688545934, -0.24145414342971516",
               "Audio": "",
               "AnnounceDistance": 20.0
          },
          {
               "Name": "Villiers Road",
               "Location": "51.54731055319313, -0.23291555662243513",
               "Audio": "",
               "AnnounceDistance": 20.0
          },
          {
               "Name": "Willesden Green Library",
               "Location": "51.54708822622322, -0.23009734663796136",
               "Audio": "",
               "AnnounceDistance": 20.0
          },
          {
               "Name": "Willesden Lane",
               "Location": "51.54803841068782, -0.22335383426449504",
               "Audio": "",
               "AnnounceDistance": 20.0
          },
          {
               "Name": "Willesden Green Station",
               "Location": "51.54888067182171, -0.22137389755733194",
               "Audio": "",
               "AnnounceDistance": 20.0
          },
          {
               "Name": "Melrose Avenue",
               "Location": "51.5531294515857, -0.21810690875115116",
               "Audio": "",
               "AnnounceDistance": 20.0
          },
          {
               "Name": "Sheldon Road",
               "Location": "51.55593868130533, -0.21597756753163053",
               "Audio": "",
               "AnnounceDistance": 20.0
          },
          {
               "Name": "Cricklewood Lane",
               "Location": "51.55739194712245, -0.21633905187276706",
               "Audio": "",
               "AnnounceDistance": 20.0
          },
          {
               "Name": "Mora Road",
               "Location": "51.55914110444712, -0.21842015306175028",
               "Audio": "",
               "AnnounceDistance": 20.0
          },
          {
               "Name": "Longley Way",
               "Location": "51.56145968855923, -0.22069559068810457",
               "Audio": "",
               "AnnounceDistance": 20.0
          },
          {
               "Name": "Cricklewood Bus Garage",
               "Location": "51.56300231902495, -0.22220798718314888",
               "Audio": "",
               "AnnounceDistance": 20.0
          },
          {
               "Name": "Dollis Hill Lane",
               "Location": "51.56487915763918, -0.2244144428765715",
               "Audio": "",
               "AnnounceDistance": 20.0
          },
          {
               "Name": "Brent Cross West Stn / Edgware Road",
               "Location": "51.56666761085085, -0.22672551832247964",
               "Audio": "",
               "AnnounceDistance": 20.0
          },
          {
               "Name": "Oxgate Lane",
               "Location": "51.567987386766774, -0.22896840964631734",
               "Audio": "",
               "AnnounceDistance": 20.0
          },
          {
               "Name": "Staples Corner",
               "Location": "51.57042847249553, -0.23162966628770695",
               "Audio": "",
               "AnnounceDistance": 20.0
          },
          {
               "Name": "Etheridge Road",
               "Location": "51.5734264433161, -0.22471635997374773",
               "Audio": "",
               "AnnounceDistance": 20.0
          },
          {
               "Name": "Brent Cross Shopping Centre",
               "Location": "51.57564740704349, -0.22351858921309795",
               "Audio": "",
               "AnnounceDistance": 20.0
          }
     ]
}