{
     "RouteNumber": "266",
     "Destination": "Acton Old Town Hall / Salisbury Street",
     "RouteAudio": "",
     "DestinationAudio": "",
     "Stops": [
          {
               "Name": "Brent Cross Shopping Centre",
               "Location": "51.57589052713323, -0.2229462733903144",
               "Audio": "",
               "AnnounceDistance": 20.0
          },
          {
               "Name": "Tilling Road",
               "Location": "51.572665773640665, -0.22555411350406607",
               "Audio": "",
               "AnnounceDistance": 20.0
          },
          {
               "Name": "Staples Corner Retail Park",
               "Location": "51.569103457908504, -0.22963208590751744",
               "Audio": "",
               "AnnounceDistance": 20.0
          },
          {
               "Name": "Humber Road",
               "Location": "51.56637855038307, -0.22604418775087687",
               "Audio": "",
               "AnnounceDistance": 20.0
          },
          {
               "Name": "Gladstone Park Gardens",
               "Location": "51.56361100347245, -0.2226170819647139",
               "Audio": "",
               "AnnounceDistance": 20.0
          },
          {
               "Name": "Cricklewood Bus Garage",
               "Location": "51.562165923863745, -0.22101428100521478",
               "Audio": "",
               "AnnounceDistance": 20.0
          },
          {
               "Name": "Mora Road",
               "Location": "51.560060175114906, -0.2191344243188901",
               "Audio": "",
               "AnnounceDistance": 20.0
          },
          {
               "Name": "Cricklewood Lane",
               "Location": "51.55728585662197, -0.21586715010415014",
               "Audio": "",
               "AnnounceDistance": 20.0
          },
          {
               "Name": "Sheldon Road",
               "Location": "51.555374252818154, -0.2161150538014412",
               "Audio": "",
               "AnnounceDistance": 20.0
          },
          {
               "Name": "Anson Road",
               "Location": "51.55337495754721, -0.21769342666113567",
               "Audio": "",
               "AnnounceDistance": 20.0
          },
          {
               "Name": "Willesden Green Station",
               "Location": "51.549283585116186, -0.22066586635245242",
               "Audio": "",
               "AnnounceDistance": 20.0
          },
          {
               "Name": "Willesden Lane",
               "Location": "51.547757153762554, -0.2237830515839947",
               "Audio": "",
               "AnnounceDistance": 20.0
          },
          {
               "Name": "Willesden Green Library",
               "Location": "51.54721141817794, -0.22813109065465914",
               "Audio": "",
               "AnnounceDistance": 20.0
          },
          {
               "Name": "Villiers Road",
               "Location": "51.54730030306498, -0.23402649656707009",
               "Audio": "",
               "AnnounceDistance": 20.0
          },
          {
               "Name": "Willesden Bus Garage",
               "Location": "51.54825709838863, -0.23785479463882564",
               "Audio": "",
               "AnnounceDistance": 20.0
          },
          {
               "Name": "Pound Lane",
               "Location": "51.548568370134895, -0.2400206447981143",
               "Audio": "",
               "AnnounceDistance": 20.0
          },
          {
               "Name": "Beaconsfield Road",
               "Location": "51.54906446894609, -0.24372267991501598",
               "Audio": "",
               "AnnounceDistance": 20.0
          },
          {
               "Name": "Willesden Magistrates Court",
               "Location": "51.5491413828819, -0.246460125277669",
               "Audio": "",
               "AnnounceDistance": 20.0
          },
          {
               "Name": "Ilex Road",
               "Location": "51.548370108544354, -0.24780226794713592",
               "Audio": "",
               "AnnounceDistance": 20.0
          },
          {
               "Name": "Roundwood Road",
               "Location": "51.54743601932802, -0.24968425283812323",
               "Audio": "",
               "AnnounceDistance": 20.0
          },
          {
               "Name": "Curzon Crescent",
               "Location": "51.545491714402345, -0.25196543461069976",
               "Audio": "",
               "AnnounceDistance": 20.0
          },
          {
               "Name": "Dixon Way",
               "Location": "51.54277403276984, -0.2542471739092795",
               "Audio": "",
               "AnnounceDistance": 20.0
          },
          {
               "Name": "Harlesden Police Station",
               "Location": "51.54121068495064, -0.2543358414481701",
               "Audio": "",
               "AnnounceDistance": 20.0
          },
          {
               "Name": "St Marys Road",
               "Location": "51.53928921790461, -0.25151093028209104",
               "Audio": "",
               "AnnounceDistance": 20.0
          },
          {
               "Name": "Tavistock Road",
               "Location": "51.53706147097439, -0.24624671742148935",
               "Audio": "",
               "AnnounceDistance": 20.0
          },
          {
               "Name": "Harlesden Jubilee Clock",
               "Location": "51.53480606682527, -0.24816457312189646",
               "Audio": "",
               "AnnounceDistance": 20.0
          },
          {
               "Name": "Willesden Junction Station",
               "Location": "51.532613886181075, -0.24648973865522222",
               "Audio": "",
               "AnnounceDistance": 20.0
          },
          {
               "Name": "Webb Place",
               "Location": "51.53061587629979, -0.24818125083490852",
               "Audio": "",
               "AnnounceDistance": 20.0
          },
          {
               "Name": "Old Oak Common Lane",
               "Location": "51.52782836105985, -0.25180585705825453",
               "Audio": "",
               "AnnounceDistance": 20.0
          },
          {
               "Name": "Shaftesbury Gardens",
               "Location": "51.52701272356689, -0.2531922188867869",
               "Audio": "",
               "AnnounceDistance": 20.0
          },
          {
               "Name": "Chandos Road",
               "Location": "51.52572161684221, -0.2552598376631508",
               "Audio": "",
               "AnnounceDistance": 20.0
          },
          {
               "Name": "School Road",
               "Location": "51.52427255156985, -0.25698740087508815",
               "Audio": "",
               "AnnounceDistance": 20.0
          },
          {
               "Name": "North Acton Station",
               "Location": "51.52301904376436, -0.25795781790482836",
               "Audio": "",
               "AnnounceDistance": 20.0
          },
          {
               "Name": "Wales Farm Road",
               "Location": "51.52119930904862, -0.26016057946297616",
               "Audio": "",
               "AnnounceDistance": 20.0
          },
          {
               "Name": "Gypsy Corner",
               "Location": "51.519619999911484, -0.2634206359569567",
               "Audio": "",
               "AnnounceDistance": 20.0
          },
          {
               "Name": "Noel Road",
               "Location": "51.51956899331896, -0.2648351298222613",
               "Audio": "",
               "AnnounceDistance": 20.0
          },
          {
               "Name": "Acton Main Line Station",
               "Location": "51.5174857716656, -0.2662547226559815",
               "Audio": "",
               "AnnounceDistance": 20.0
          },
          {
               "Name": "Faraday Road",
               "Location": "51.514682582654835, -0.2688544778113145",
               "Audio": "",
               "AnnounceDistance": 20.0
          },
          {
               "Name": "Acacia Road",
               "Location": "51.513054050843834, -0.27001150688782266",
               "Audio": "",
               "AnnounceDistance": 20.0
          },
          {
               "Name": "Creswick Road",
               "Location": "51.51135707473909, -0.2707963514170625",
               "Audio": "",
               "AnnounceDistance": 20.0
          },
          {
               "Name": "Rosemont Road",
               "Location": "51.509346866333985, -0.27290435198750124",
               "Audio": "",
               "AnnounceDistance": 20.0
          },
          {
               "Name": "King Street",
               "Location": "51.50756702341178, -0.27233761280170776",
               "Audio": "",
               "AnnounceDistance": 20.0
          },
          {
               "Name": "Acton Old Town Hall",
               "Location": "51.50674565363649, -0.2672532173999877",
               "Audio": "",
               "AnnounceDistance": 20.0
          },
          {
               "Name": "Acton Old Town Hall / Salisbury Street",
               "Location": "51.50589292013716, -0.26735761269839864",
               "Audio": "",
               "AnnounceDistance": 20.0
          }
     ]
}