{
     "RouteNumber": "269",
     "Destination": "Bromley North Station",
     "RouteAudio": "",
     "DestinationAudio": "",
     "Stops": [
          {
               "Name": "Bexleyheath Clock Tower",
               "Location": "51.456471411201036, 0.14673660320355816",
               "Audio": "",
               "AnnounceDistance": 20.0
          },
          {
               "Name": "Bexleyheath Library",
               "Location": "51.45596486682811, 0.14394908410638577",
               "Audio": "",
               "AnnounceDistance": 20.0
          },
          {
               "Name": "Latham Road",
               "Location": "51.45292036075449, 0.14274130321174017",
               "Audio": "",
               "AnnounceDistance": 20.0
          },
          {
               "Name": "Townley Grammar School",
               "Location": "51.45011867942573, 0.1390695114863422",
               "Audio": "",
               "AnnounceDistance": 20.0
          },
          {
               "Name": "Arbuthnot Lane",
               "Location": "51.44699743473428, 0.13417436420836895",
               "Audio": "",
               "AnnounceDistance": 20.0
          },
          {
               "Name": "The Anchor",
               "Location": "51.44525542216542, 0.13304258110080147",
               "Audio": "",
               "AnnounceDistance": 20.0
          },
          {
               "Name": "Riverdale Road",
               "Location": "51.44450088794255, 0.1359575525859747",
               "Audio": "",
               "AnnounceDistance": 20.0
          },
          {
               "Name": "Cross Lane",
               "Location": "51.44320924437053, 0.14070370671410418",
               "Audio": "",
               "AnnounceDistance": 20.0
          },
          {
               "Name": "Parkhurst Road",
               "Location": "51.44285855054469, 0.14316245478805467",
               "Audio": "",
               "AnnounceDistance": 20.0
          },
          {
               "Name": "Bexley War Memorial",
               "Location": "51.44156623305598, 0.14596555878082235",
               "Audio": "",
               "AnnounceDistance": 20.0
          },
          {
               "Name": "Woodstock Close",
               "Location": "51.4405545922352, 0.14030615777124114",
               "Audio": "",
               "AnnounceDistance": 20.0
          },
          {
               "Name": "Valentine Avenue",
               "Location": "51.438477261488224, 0.13241019154576628",
               "Audio": "",
               "AnnounceDistance": 20.0
          },
          {
               "Name": "Carisbrooke Avenue",
               "Location": "51.43858052276983, 0.12821340362345768",
               "Audio": "",
               "AnnounceDistance": 20.0
          },
          {
               "Name": "Crofton Avenue",
               "Location": "51.43918356181334, 0.12273036942657832",
               "Audio": "",
               "AnnounceDistance": 20.0
          },
          {
               "Name": "Foots Cray Lane / Hurst Road",
               "Location": "51.43834341838531, 0.11896467856390527",
               "Audio": "",
               "AnnounceDistance": 20.0
          },
          {
               "Name": "Canterbury Avenue",
               "Location": "51.436589071610285, 0.11950218295246966",
               "Audio": "",
               "AnnounceDistance": 20.0
          },
          {
               "Name": "Wren Road",
               "Location": "51.434105832566885, 0.11907070483879902",
               "Audio": "",
               "AnnounceDistance": 20.0
          },
          {
               "Name": "Melville Road",
               "Location": "51.43382308429779, 0.11580604182452102",
               "Audio": "",
               "AnnounceDistance": 20.0
          },
          {
               "Name": "Birchwood Avenue",
               "Location": "51.433499285792045, 0.11182015691548029",
               "Audio": "",
               "AnnounceDistance": 20.0
          },
          {
               "Name": "Hemmings Close",
               "Location": "51.43319875103327, 0.1075332684875862",
               "Audio": "",
               "AnnounceDistance": 20.0
          },
          {
               "Name": "Hatherley Crescent / Sidcup Station",
               "Location": "51.43284926135595, 0.10345999806880295",
               "Audio": "",
               "AnnounceDistance": 20.0
          },
          {
               "Name": "Station Road / Crescent Road",
               "Location": "51.43053495222056, 0.10213084460365604",
               "Audio": "",
               "AnnounceDistance": 20.0
          },
          {
               "Name": "Sidcup / Carlton Road",
               "Location": "51.42542995861547, 0.10096152391217283",
               "Audio": "",
               "AnnounceDistance": 20.0
          },
          {
               "Name": "The Green",
               "Location": "51.42420483437447, 0.10107794260064992",
               "Audio": "",
               "AnnounceDistance": 20.0
          },
          {
               "Name": "Queen Marys Hospital",
               "Location": "51.41950267838597, 0.09900687681914555",
               "Audio": "",
               "AnnounceDistance": 20.0
          },
          {
               "Name": "Leas Green",
               "Location": "51.4179115908943, 0.0929364919625939",
               "Audio": "",
               "AnnounceDistance": 20.0
          },
          {
               "Name": "Beaverwood Road",
               "Location": "51.416393209654835, 0.0893291647690145",
               "Audio": "",
               "AnnounceDistance": 20.0
          },
          {
               "Name": "Ashfield Lane",
               "Location": "51.414044724998924, 0.08030571679722392",
               "Audio": "",
               "AnnounceDistance": 20.0
          },
          {
               "Name": "Bromley Lane / Chislehurst War Memorial",
               "Location": "51.41292036873677, 0.07727783378092476",
               "Audio": "",
               "AnnounceDistance": 20.0
          },
          {
               "Name": "Chislehurst Common",
               "Location": "51.4113092050255, 0.07024471161754567",
               "Audio": "",
               "AnnounceDistance": 20.0
          },
          {
               "Name": "Camden Park Road",
               "Location": "51.40988364937253, 0.0659238665686603",
               "Audio": "",
               "AnnounceDistance": 20.0
          },
          {
               "Name": "Susan Wood",
               "Location": "51.40820976968992, 0.06292940382319559",
               "Audio": "",
               "AnnounceDistance": 20.0
          },
          {
               "Name": "Chislehurst Station",
               "Location": "51.40509919894197, 0.059295461550057264",
               "Audio": "",
               "AnnounceDistance": 20.0
          },
          {
               "Name": "Blackbrook Lane",
               "Location": "51.40191511115817, 0.054206610715068104",
               "Audio": "",
               "AnnounceDistance": 20.0
          },
          {
               "Name": "Bickley Park Road / St Georges Church",
               "Location": "51.401605263944276, 0.049304459204017256",
               "Audio": "",
               "AnnounceDistance": 20.0
          },
          {
               "Name": "Southborough Road / Bickley Station",
               "Location": "51.401480365289586, 0.04512948547176563",
               "Audio": "",
               "AnnounceDistance": 20.0
          },
          {
               "Name": "Bird In Hand Lane",
               "Location": "51.4038696958912, 0.03909670094423404",
               "Audio": "",
               "AnnounceDistance": 20.0
          },
          {
               "Name": "Plaistow Lane",
               "Location": "51.40616011277271, 0.03252689823005757",
               "Audio": "",
               "AnnounceDistance": 20.0
          },
          {
               "Name": "Wanstead Road",
               "Location": "51.40665465227566, 0.028378976568752826",
               "Audio": "",
               "AnnounceDistance": 20.0
          },
          {
               "Name": "Freelands Road",
               "Location": "51.40695641714905, 0.02497015601589386",
               "Audio": "",
               "AnnounceDistance": 20.0
          },
          {
               "Name": "Bromley / Widmore Road",
               "Location": "51.406515266092875, 0.019788698595525612",
               "Audio": "",
               "AnnounceDistance": 20.0
          },
          {
               "Name": "Bromley Town Hall",
               "Location": "51.40600581310172, 0.016473556354370606",
               "Audio": "",
               "AnnounceDistance": 20.0
          },
          {
               "Name": "West Street",
               "Location": "51.40797602011513, 0.01381381265496165",
               "Audio": "",
               "AnnounceDistance": 20.0
          },
          {
               "Name": "Bromley North Station",
               "Location": "51.4089984095507, 0.016590841870194186",
               "Audio": "",
               "AnnounceDistance": 20.0
          }
     ]
}