{
     "RouteNumber": "269",
     "Destination": "Friswell Place",
     "RouteAudio": "",
     "DestinationAudio": "",
     "Stops": [
          {
               "Name": "Bromley North Station",
               "Location": "51.40818768851308, 0.01667020467687566",
               "Audio": "",
               "AnnounceDistance": 20.0
          },
          {
               "Name": "Bromley / Widmore Road",
               "Location": "51.406648818035485, 0.019866477643774364",
               "Audio": "",
               "AnnounceDistance": 20.0
          },
          {
               "Name": "Freelands Road",
               "Location": "51.4071532121839, 0.0234690614295806",
               "Audio": "",
               "AnnounceDistance": 20.0
          },
          {
               "Name": "Wanstead Road",
               "Location": "51.40663474981682, 0.029528399010937983",
               "Audio": "",
               "AnnounceDistance": 20.0
          },
          {
               "Name": "Plaistow Lane",
               "Location": "51.40571684642136, 0.03475029004756481",
               "Audio": "",
               "AnnounceDistance": 20.0
          },
          {
               "Name": "Bird In Hand Lane",
               "Location": "51.40380752898657, 0.03956840699399958",
               "Audio": "",
               "AnnounceDistance": 20.0
          },
          {
               "Name": "Southborough Road / Bickley Station",
               "Location": "51.40151200269066, 0.04589288925695535",
               "Audio": "",
               "AnnounceDistance": 20.0
          },
          {
               "Name": "Bickley Park Road / St Georges Church",
               "Location": "51.40163459592691, 0.04814121239838386",
               "Audio": "",
               "AnnounceDistance": 20.0
          },
          {
               "Name": "Blackbrook Lane",
               "Location": "51.40192752704669, 0.05298509136695825",
               "Audio": "",
               "AnnounceDistance": 20.0
          },
          {
               "Name": "Chislehurst Station",
               "Location": "51.40524574906349, 0.059143883053700504",
               "Audio": "",
               "AnnounceDistance": 20.0
          },
          {
               "Name": "Susan Wood",
               "Location": "51.407488615402045, 0.06200543875159991",
               "Audio": "",
               "AnnounceDistance": 20.0
          },
          {
               "Name": "Camden Park Road",
               "Location": "51.4092270675676, 0.06439878258668226",
               "Audio": "",
               "AnnounceDistance": 20.0
          },
          {
               "Name": "Chislehurst Common",
               "Location": "51.41161507315586, 0.07074746447800773",
               "Audio": "",
               "AnnounceDistance": 20.0
          },
          {
               "Name": "Bromley Lane / Chislehurst War Memorial",
               "Location": "51.412697287606086, 0.075657072788258",
               "Audio": "",
               "AnnounceDistance": 20.0
          },
          {
               "Name": "Ashfield Lane",
               "Location": "51.41514190251481, 0.08182245016240328",
               "Audio": "",
               "AnnounceDistance": 20.0
          },
          {
               "Name": "Beaverwood Road",
               "Location": "51.41661170017053, 0.08968429732242958",
               "Audio": "",
               "AnnounceDistance": 20.0
          },
          {
               "Name": "Leas Green",
               "Location": "51.41830207971344, 0.09373099015280671",
               "Audio": "",
               "AnnounceDistance": 20.0
          },
          {
               "Name": "Queen Marys Hospital",
               "Location": "51.42031009068587, 0.09911578763420947",
               "Audio": "",
               "AnnounceDistance": 20.0
          },
          {
               "Name": "The Green",
               "Location": "51.423403093163714, 0.10065279354329575",
               "Audio": "",
               "AnnounceDistance": 20.0
          },
          {
               "Name": "Sidcup / Carlton Road",
               "Location": "51.42613443721847, 0.10079244833706774",
               "Audio": "",
               "AnnounceDistance": 20.0
          },
          {
               "Name": "Crescent Road",
               "Location": "51.43114674071047, 0.1021157688544202",
               "Audio": "",
               "AnnounceDistance": 20.0
          },
          {
               "Name": "Sidcup Station / Station Road",
               "Location": "51.43256103651505, 0.10248282333810736",
               "Audio": "",
               "AnnounceDistance": 20.0
          },
          {
               "Name": "Hemmings Close",
               "Location": "51.433395075286874, 0.10811779894970537",
               "Audio": "",
               "AnnounceDistance": 20.0
          },
          {
               "Name": "Birchwood Avenue",
               "Location": "51.43361446023257, 0.11241535368284179",
               "Audio": "",
               "AnnounceDistance": 20.0
          },
          {
               "Name": "Melville Road",
               "Location": "51.433948781301204, 0.11631541428556001",
               "Audio": "",
               "AnnounceDistance": 20.0
          },
          {
               "Name": "Wren Road",
               "Location": "51.434184881744315, 0.11917507667367046",
               "Audio": "",
               "AnnounceDistance": 20.0
          },
          {
               "Name": "Canterbury Avenue",
               "Location": "51.43687177876538, 0.11928505513157517",
               "Audio": "",
               "AnnounceDistance": 20.0
          },
          {
               "Name": "Foots Cray Lane / Hurst Road",
               "Location": "51.438817157186776, 0.11862687884410442",
               "Audio": "",
               "AnnounceDistance": 20.0
          },
          {
               "Name": "Eynsford Crescent",
               "Location": "51.43940218847326, 0.12108574039899148",
               "Audio": "",
               "AnnounceDistance": 20.0
          },
          {
               "Name": "Crofton Avenue",
               "Location": "51.439375372716015, 0.12455231152053889",
               "Audio": "",
               "AnnounceDistance": 20.0
          },
          {
               "Name": "Carisbrooke Avenue",
               "Location": "51.43872230751012, 0.12882433603576443",
               "Audio": "",
               "AnnounceDistance": 20.0
          },
          {
               "Name": "Hurst Springs",
               "Location": "51.43858517607934, 0.13290444551319755",
               "Audio": "",
               "AnnounceDistance": 20.0
          },
          {
               "Name": "Grange Wood",
               "Location": "51.43984870067915, 0.13808595756481337",
               "Audio": "",
               "AnnounceDistance": 20.0
          },
          {
               "Name": "Parkwood Road",
               "Location": "51.4409187380043, 0.14252482198820557",
               "Audio": "",
               "AnnounceDistance": 20.0
          },
          {
               "Name": "Bexley War Memorial",
               "Location": "51.44210790561883, 0.1448685197125439",
               "Audio": "",
               "AnnounceDistance": 20.0
          },
          {
               "Name": "Cross Lane",
               "Location": "51.44330612782353, 0.13983041484745143",
               "Audio": "",
               "AnnounceDistance": 20.0
          },
          {
               "Name": "Riverdale Road",
               "Location": "51.44469919391218, 0.13494504818823014",
               "Audio": "",
               "AnnounceDistance": 20.0
          },
          {
               "Name": "Bridgen / The Anchor",
               "Location": "51.445058094303135, 0.1335082903299863",
               "Audio": "",
               "AnnounceDistance": 20.0
          },
          {
               "Name": "Arbuthnot Lane",
               "Location": "51.44797437499709, 0.13534249828773484",
               "Audio": "",
               "AnnounceDistance": 20.0
          },
          {
               "Name": "Upton Road",
               "Location": "51.4494665596516, 0.13784445352892372",
               "Audio": "",
               "AnnounceDistance": 20.0
          },
          {
               "Name": "Townley Grammar School",
               "Location": "51.45123749432323, 0.1403452197297587",
               "Audio": "",
               "AnnounceDistance": 20.0
          },
          {
               "Name": "Latham Road",
               "Location": "51.453206836950685, 0.14281229353658859",
               "Audio": "",
               "AnnounceDistance": 20.0
          },
          {
               "Name": "Bexleyheath Library",
               "Location": "51.45596486682811, 0.14394908410638577",
               "Audio": "",
               "AnnounceDistance": 20.0
          },
          {
               "Name": "Trinity Place",
               "Location": "51.45711238089964, 0.14168528212746265",
               "Audio": "",
               "AnnounceDistance": 20.0
          },
          {
               "Name": "Friswell Place",
               "Location": "51.45718749850916, 0.14544587200276318",
               "Audio": "",
               "AnnounceDistance": 20.0
          }
     ]
}