{
     "RouteNumber": "270",
     "Destination": "Madeira Road",
     "RouteAudio": "",
     "DestinationAudio": "",
     "Stops": [
          {
               "Name": "Putney Bridge Station",
               "Location": "51.46780668725078, -0.20907974547268224",
               "Audio": "",
               "AnnounceDistance": 20.0
          },
          {
               "Name": "Putney Bridge Stn / Gonville Street",
               "Location": "51.468174354054234, -0.21136898067532622",
               "Audio": "",
               "AnnounceDistance": 20.0
          },
          {
               "Name": "Brewhouse Lane",
               "Location": "51.46442542530808, -0.21319996017058282",
               "Audio": "",
               "AnnounceDistance": 20.0
          },
          {
               "Name": "Deodar Road",
               "Location": "51.46242969858028, -0.20793703520938467",
               "Audio": "",
               "AnnounceDistance": 20.0
          },
          {
               "Name": "Skelgill Road / Wandsworth Park",
               "Location": "51.46188923062754, -0.2055253291757787",
               "Audio": "",
               "AnnounceDistance": 20.0
          },
          {
               "Name": "Riverside Quarter Pier R",
               "Location": "51.46094787306343, -0.20160350860572424",
               "Audio": "",
               "AnnounceDistance": 20.0
          },
          {
               "Name": "Frogmore",
               "Location": "51.459045068506946, -0.19832430412848395",
               "Audio": "",
               "AnnounceDistance": 20.0
          },
          {
               "Name": "Armoury Way",
               "Location": "51.458326079409495, -0.1965964725427487",
               "Audio": "",
               "AnnounceDistance": 20.0
          },
          {
               "Name": "Ram Street",
               "Location": "51.457208572291016, -0.1923510246510435",
               "Audio": "",
               "AnnounceDistance": 20.0
          },
          {
               "Name": "Southside Shopping Centre",
               "Location": "51.45576409639446, -0.1925664197641152",
               "Audio": "",
               "AnnounceDistance": 20.0
          },
          {
               "Name": "Mapleton Road",
               "Location": "51.453911990640414, -0.19200627019991273",
               "Audio": "",
               "AnnounceDistance": 20.0
          },
          {
               "Name": "The Old Sergeant",
               "Location": "51.451565144618705, -0.19027113757091443",
               "Audio": "",
               "AnnounceDistance": 20.0
          },
          {
               "Name": "Swaffield Road",
               "Location": "51.448278756077706, -0.18942246060124537",
               "Audio": "",
               "AnnounceDistance": 20.0
          },
          {
               "Name": "Henry Prince Estate",
               "Location": "51.446073373979495, -0.1892794417463739",
               "Audio": "",
               "AnnounceDistance": 20.0
          },
          {
               "Name": "Earlsfield Road",
               "Location": "51.44317665411797, -0.18920695051525363",
               "Audio": "",
               "AnnounceDistance": 20.0
          },
          {
               "Name": "Earlsfield Station",
               "Location": "51.44122862583998, -0.18709683346310874",
               "Audio": "",
               "AnnounceDistance": 20.0
          },
          {
               "Name": "Isis Street",
               "Location": "51.43891228112092, -0.18675689454861347",
               "Audio": "",
               "AnnounceDistance": 20.0
          },
          {
               "Name": "Waldron Road",
               "Location": "51.43720318392927, -0.1867238594975404",
               "Audio": "",
               "AnnounceDistance": 20.0
          },
          {
               "Name": "Burntwood Lane",
               "Location": "51.435784652740786, -0.18629085536389814",
               "Audio": "",
               "AnnounceDistance": 20.0
          },
          {
               "Name": "Summerstown",
               "Location": "51.43340920481886, -0.18445710451648026",
               "Audio": "",
               "AnnounceDistance": 20.0
          },
          {
               "Name": "Wimbledon Road",
               "Location": "51.43273616593516, -0.17990884932234918",
               "Audio": "",
               "AnnounceDistance": 20.0
          },
          {
               "Name": "Streatham Cemetery",
               "Location": "51.43170992319476, -0.17636745072018978",
               "Audio": "",
               "AnnounceDistance": 20.0
          },
          {
               "Name": "Fairlight Road",
               "Location": "51.42988124372234, -0.1732754069825708",
               "Audio": "",
               "AnnounceDistance": 20.0
          },
          {
               "Name": "Tooting Broadway Station",
               "Location": "51.42847264027084, -0.1688721504554542",
               "Audio": "",
               "AnnounceDistance": 20.0
          },
          {
               "Name": "Mitcham Road / Tooting Broadway Stn",
               "Location": "51.426905749162245, -0.16643183607360773",
               "Audio": "",
               "AnnounceDistance": 20.0
          },
          {
               "Name": "Tooting / The Mitre",
               "Location": "51.425416783570896, -0.16437694014305454",
               "Audio": "",
               "AnnounceDistance": 20.0
          },
          {
               "Name": "Amen Corner",
               "Location": "51.423669160468556, -0.16188665481230177",
               "Audio": "",
               "AnnounceDistance": 20.0
          },
          {
               "Name": "Tooting Station",
               "Location": "51.42067982305427, -0.16107170378091523",
               "Audio": "",
               "AnnounceDistance": 20.0
          },
          {
               "Name": "Gorringe Park Avenue",
               "Location": "51.41713921996527, -0.1618034511046233",
               "Audio": "",
               "AnnounceDistance": 20.0
          },
          {
               "Name": "London Road / Figges Marsh",
               "Location": "51.41518589312806, -0.16168047146716558",
               "Audio": "",
               "AnnounceDistance": 20.0
          },
          {
               "Name": "Eveline Road",
               "Location": "51.41180025617588, -0.1613992557108913",
               "Audio": "",
               "AnnounceDistance": 20.0
          },
          {
               "Name": "Downe Road / Mitcham Library",
               "Location": "51.40770340147977, -0.16336093780169805",
               "Audio": "",
               "AnnounceDistance": 20.0
          },
          {
               "Name": "Mitcham Fair Green",
               "Location": "51.4057770541406, -0.1638119520823822",
               "Audio": "",
               "AnnounceDistance": 20.0
          },
          {
               "Name": "Three Kings Pond",
               "Location": "51.4021872871527, -0.16083591272485384",
               "Audio": "",
               "AnnounceDistance": 20.0
          },
          {
               "Name": "Madeira Road",
               "Location": "51.4014743841676, -0.16067761233950148",
               "Audio": "",
               "AnnounceDistance": 20.0
          }
     ]
}