{
     "RouteNumber": "272",
     "Destination": "Shepherds Bush Station",
     "RouteAudio": "",
     "DestinationAudio": "",
     "Stops": [
          {
               "Name": "Cavendish Road",
               "Location": "51.47837828623965, -0.26871727966871856",
               "Audio": "",
               "AnnounceDistance": 20.0
          },
          {
               "Name": "Chiswick Station",
               "Location": "51.48135772162203, -0.2695261668945942",
               "Audio": "",
               "AnnounceDistance": 20.0
          },
          {
               "Name": "Lawford Road",
               "Location": "51.48409951172421, -0.26946558732237624",
               "Audio": "",
               "AnnounceDistance": 20.0
          },
          {
               "Name": "Chesterfield Road",
               "Location": "51.48589131327915, -0.26840393422181813",
               "Audio": "",
               "AnnounceDistance": 20.0
          },
          {
               "Name": "Barrowgate Road",
               "Location": "51.48878626177106, -0.266536960367332",
               "Audio": "",
               "AnnounceDistance": 20.0
          },
          {
               "Name": "Chiswick Town Hall",
               "Location": "51.49099720025566, -0.2658481007032016",
               "Audio": "",
               "AnnounceDistance": 20.0
          },
          {
               "Name": "Turnham Green / Sutton Lane North",
               "Location": "51.49236403167544, -0.2670638944742346",
               "Audio": "",
               "AnnounceDistance": 20.0
          },
          {
               "Name": "Turnham Green Church",
               "Location": "51.492601973464474, -0.26430345957242835",
               "Audio": "",
               "AnnounceDistance": 20.0
          },
          {
               "Name": "Dolman Road",
               "Location": "51.49297060463849, -0.2612643203274508",
               "Audio": "",
               "AnnounceDistance": 20.0
          },
          {
               "Name": "The Orchard",
               "Location": "51.49573898333061, -0.25814806521921596",
               "Audio": "",
               "AnnounceDistance": 20.0
          },
          {
               "Name": "Turnham Green Station",
               "Location": "51.4959683451573, -0.2542207873574246",
               "Audio": "",
               "AnnounceDistance": 20.0
          },
          {
               "Name": "Abinger Road",
               "Location": "51.496970658829795, -0.24967319454044135",
               "Audio": "",
               "AnnounceDistance": 20.0
          },
          {
               "Name": "Hail Ride Larden Road",
               "Location": "51.5028082503578, -0.2521871598968074",
               "Audio": "",
               "AnnounceDistance": 20.0
          },
          {
               "Name": "Acton Vale / Bromyard Avenue",
               "Location": "51.506786203240694, -0.2524096009659144",
               "Audio": "",
               "AnnounceDistance": 20.0
          },
          {
               "Name": "Second Avenue",
               "Location": "51.50676458045301, -0.2485486035034107",
               "Audio": "",
               "AnnounceDistance": 20.0
          },
          {
               "Name": "First Avenue",
               "Location": "51.506812110502906, -0.2463132597638167",
               "Audio": "",
               "AnnounceDistance": 20.0
          },
          {
               "Name": "Uxbridge Road",
               "Location": "51.5070583090851, -0.24533834417596007",
               "Audio": "",
               "AnnounceDistance": 20.0
          },
          {
               "Name": "St Saviours Church",
               "Location": "51.50930690100413, -0.24597248728381005",
               "Audio": "",
               "AnnounceDistance": 20.0
          },
          {
               "Name": "Hilary Road",
               "Location": "51.51188936257449, -0.24728561936240648",
               "Audio": "",
               "AnnounceDistance": 20.0
          },
          {
               "Name": "Old Oak Common Lane / Savoy Circus",
               "Location": "51.51333133431369, -0.24930558384701185",
               "Audio": "",
               "AnnounceDistance": 20.0
          },
          {
               "Name": "East Acton Station / Fitzneal Street",
               "Location": "51.51535035963423, -0.24781574905836182",
               "Audio": "",
               "AnnounceDistance": 20.0
          },
          {
               "Name": "Wulfstan Street",
               "Location": "51.5156736744355, -0.24177886862419207",
               "Audio": "",
               "AnnounceDistance": 20.0
          },
          {
               "Name": "Hammersmith Hospital",
               "Location": "51.51625989276335, -0.23470842981846762",
               "Audio": "",
               "AnnounceDistance": 20.0
          },
          {
               "Name": "Latymer Upper School / Playing Fields",
               "Location": "51.516871274106876, -0.22814128221362198",
               "Audio": "",
               "AnnounceDistance": 20.0
          },
          {
               "Name": "Cavell House",
               "Location": "51.516372970408035, -0.22670491962123013",
               "Audio": "",
               "AnnounceDistance": 20.0
          },
          {
               "Name": "South Africa Road",
               "Location": "51.514252991808426, -0.22566309676830507",
               "Audio": "",
               "AnnounceDistance": 20.0
          },
          {
               "Name": "White City Station",
               "Location": "51.5115847894652, -0.22464268099076318",
               "Audio": "",
               "AnnounceDistance": 20.0
          },
          {
               "Name": "Ariel Way / White City Bus Station",
               "Location": "51.50741018329607, -0.2245023408626772",
               "Audio": "",
               "AnnounceDistance": 20.0
          },
          {
               "Name": "Uxbridge Rd / Westfield Shopping Centre",
               "Location": "51.505729153311876, -0.22453886509165977",
               "Audio": "",
               "AnnounceDistance": 20.0
          },
          {
               "Name": "Shepherds Bush Green",
               "Location": "51.5046241969564, -0.22105156728450837",
               "Audio": "",
               "AnnounceDistance": 20.0
          },
          {
               "Name": "Shepherds Bush Station",
               "Location": "51.503879635124434, -0.21998548420758152",
               "Audio": "",
               "AnnounceDistance": 20.0
          }
     ]
}