{
     "RouteNumber": "272",
     "Destination": "Cavendish Road",
     "RouteAudio": "",
     "DestinationAudio": "",
     "Stops": [
          {
               "Name": "Shepherds Bush Green",
               "Location": "51.503872352951745, -0.2242508113388048",
               "Audio": "",
               "AnnounceDistance": 20.0
          },
          {
               "Name": "Uxbridge Rd / Westfield Shopping Centre",
               "Location": "51.506343112385345, -0.22470232643591662",
               "Audio": "",
               "AnnounceDistance": 20.0
          },
          {
               "Name": "White City Station",
               "Location": "51.51135352211809, -0.22481019575104194",
               "Audio": "",
               "AnnounceDistance": 20.0
          },
          {
               "Name": "Westway",
               "Location": "51.513316805273895, -0.22559858981983633",
               "Audio": "",
               "AnnounceDistance": 20.0
          },
          {
               "Name": "Cavell House",
               "Location": "51.515924049461105, -0.22675117963733443",
               "Audio": "",
               "AnnounceDistance": 20.0
          },
          {
               "Name": "Latymer Upper School / Playing Fields",
               "Location": "51.51666667770003, -0.2288842826886056",
               "Audio": "",
               "AnnounceDistance": 20.0
          },
          {
               "Name": "Hammersmith Hospital",
               "Location": "51.515996788494185, -0.2363472407842207",
               "Audio": "",
               "AnnounceDistance": 20.0
          },
          {
               "Name": "Wulfstan Street",
               "Location": "51.51550293129695, -0.24358701398101548",
               "Audio": "",
               "AnnounceDistance": 20.0
          },
          {
               "Name": "East Acton Station",
               "Location": "51.51518201656513, -0.24858606899263305",
               "Audio": "",
               "AnnounceDistance": 20.0
          },
          {
               "Name": "Westway",
               "Location": "51.51426256741135, -0.2490392870789794",
               "Audio": "",
               "AnnounceDistance": 20.0
          },
          {
               "Name": "East Acton Lane / Old Oak Road",
               "Location": "51.5133995323518, -0.24845266770286373",
               "Audio": "",
               "AnnounceDistance": 20.0
          },
          {
               "Name": "Hemlock Road",
               "Location": "51.511468631084206, -0.24681178308105675",
               "Audio": "",
               "AnnounceDistance": 20.0
          },
          {
               "Name": "Steventon Road",
               "Location": "51.5096569723117, -0.24593022121712083",
               "Audio": "",
               "AnnounceDistance": 20.0
          },
          {
               "Name": "Uxbridge Road",
               "Location": "51.50733562055842, -0.24524123104253834",
               "Audio": "",
               "AnnounceDistance": 20.0
          },
          {
               "Name": "Third Avenue",
               "Location": "51.50660689570601, -0.24882843510715463",
               "Audio": "",
               "AnnounceDistance": 20.0
          },
          {
               "Name": "Acton Vale / Bromyard Avenue",
               "Location": "51.506627596576486, -0.25142139668771085",
               "Audio": "",
               "AnnounceDistance": 20.0
          },
          {
               "Name": "Hail Ride Larden Road",
               "Location": "51.50279690239121, -0.2520291001421729",
               "Audio": "",
               "AnnounceDistance": 20.0
          },
          {
               "Name": "Abinger Road",
               "Location": "51.49678751267139, -0.2500547830845066",
               "Audio": "",
               "AnnounceDistance": 20.0
          },
          {
               "Name": "Turnham Green Station",
               "Location": "51.49580187278605, -0.2545152741228784",
               "Audio": "",
               "AnnounceDistance": 20.0
          },
          {
               "Name": "Esmond Road",
               "Location": "51.49542355461569, -0.2593125852217261",
               "Audio": "",
               "AnnounceDistance": 20.0
          },
          {
               "Name": "Fishers Lane",
               "Location": "51.49273355443688, -0.25983280451799623",
               "Audio": "",
               "AnnounceDistance": 20.0
          },
          {
               "Name": "Turnham Green Church",
               "Location": "51.49249817352129, -0.26458110204193913",
               "Audio": "",
               "AnnounceDistance": 20.0
          },
          {
               "Name": "Chiswick Town Hall",
               "Location": "51.490932372707775, -0.26572091759822136",
               "Audio": "",
               "AnnounceDistance": 20.0
          },
          {
               "Name": "Barrowgate Road",
               "Location": "51.48818666178774, -0.26673254752812964",
               "Audio": "",
               "AnnounceDistance": 20.0
          },
          {
               "Name": "Chesterfield Road",
               "Location": "51.48539057071091, -0.26859573913207524",
               "Audio": "",
               "AnnounceDistance": 20.0
          },
          {
               "Name": "Lawford Road",
               "Location": "51.48371305419127, -0.26948021687216656",
               "Audio": "",
               "AnnounceDistance": 20.0
          },
          {
               "Name": "Grove Park Road",
               "Location": "51.48120019640121, -0.269820163286404",
               "Audio": "",
               "AnnounceDistance": 20.0
          },
          {
               "Name": "Cavendish Road",
               "Location": "51.47837828623965, -0.26871727966871856",
               "Audio": "",
               "AnnounceDistance": 20.0
          }
     ]
}