{
     "RouteNumber": "273",
     "Destination": "Conington Road",
     "RouteAudio": "",
     "DestinationAudio": "",
     "Stops": [
          {
               "Name": "Station Square / Petts Wood Station",
               "Location": "51.38924736854437, 0.07443748508693429",
               "Audio": "",
               "AnnounceDistance": 20.0
          },
          {
               "Name": "Woodland Way",
               "Location": "51.39035896678233, 0.07565204196246161",
               "Audio": "",
               "AnnounceDistance": 20.0
          },
          {
               "Name": "Crossway",
               "Location": "51.39059991859061, 0.08032007688501802",
               "Audio": "",
               "AnnounceDistance": 20.0
          },
          {
               "Name": "Petts Wood Road",
               "Location": "51.39086125042797, 0.08534843936404186",
               "Audio": "",
               "AnnounceDistance": 20.0
          },
          {
               "Name": "Ladywood Avenue",
               "Location": "51.39110642614786, 0.08975804265768143",
               "Audio": "",
               "AnnounceDistance": 20.0
          },
          {
               "Name": "Poverest Road / Chislehurst Road",
               "Location": "51.39102588180405, 0.09225545108858313",
               "Audio": "",
               "AnnounceDistance": 20.0
          },
          {
               "Name": "Poverest Road / Church Hill Wood",
               "Location": "51.39071369828965, 0.09613654180581921",
               "Audio": "",
               "AnnounceDistance": 20.0
          },
          {
               "Name": "Cray Valley Road",
               "Location": "51.390043482555946, 0.1004180250684147",
               "Audio": "",
               "AnnounceDistance": 20.0
          },
          {
               "Name": "Austin Road",
               "Location": "51.38950389393941, 0.10342613351952805",
               "Audio": "",
               "AnnounceDistance": 20.0
          },
          {
               "Name": "Marion Crescent",
               "Location": "51.38922955512193, 0.10518148906823171",
               "Audio": "",
               "AnnounceDistance": 20.0
          },
          {
               "Name": "Nugent Retail Park",
               "Location": "51.391639620195036, 0.11068246645062503",
               "Audio": "",
               "AnnounceDistance": 20.0
          },
          {
               "Name": "St Mary Cray / Station Approach",
               "Location": "51.395037369108664, 0.11127012876028607",
               "Audio": "",
               "AnnounceDistance": 20.0
          },
          {
               "Name": "St Mary Cray Station",
               "Location": "51.39574031018486, 0.10719109438874437",
               "Audio": "",
               "AnnounceDistance": 20.0
          },
          {
               "Name": "Leesons Primary School",
               "Location": "51.397831310915, 0.10543266956163311",
               "Audio": "",
               "AnnounceDistance": 20.0
          },
          {
               "Name": "Clarendon Way",
               "Location": "51.397360999943636, 0.10207583326381213",
               "Audio": "",
               "AnnounceDistance": 20.0
          },
          {
               "Name": "Manorfields Close",
               "Location": "51.398947852295066, 0.096326101368103",
               "Audio": "",
               "AnnounceDistance": 20.0
          },
          {
               "Name": "Marlings Park Avenue",
               "Location": "51.3996759636571, 0.09332590363880301",
               "Audio": "",
               "AnnounceDistance": 20.0
          },
          {
               "Name": "St Pauls Cray Road / Leesons Hill",
               "Location": "51.40235496898099, 0.08631696556213549",
               "Audio": "",
               "AnnounceDistance": 20.0
          },
          {
               "Name": "Manor Park Road",
               "Location": "51.40912179309212, 0.07950705942562504",
               "Audio": "",
               "AnnounceDistance": 20.0
          },
          {
               "Name": "St Pauls Cray Road / Church Lane",
               "Location": "51.41073328088233, 0.07738001684085123",
               "Audio": "",
               "AnnounceDistance": 20.0
          },
          {
               "Name": "Centre Common Road / War Memorial",
               "Location": "51.41344285327052, 0.0726564502620415",
               "Audio": "",
               "AnnounceDistance": 20.0
          },
          {
               "Name": "Chislehurst / Ashfield Lane",
               "Location": "51.416617430249744, 0.06908949819938064",
               "Audio": "",
               "AnnounceDistance": 20.0
          },
          {
               "Name": "Chislehurst Sainsburys",
               "Location": "51.41884356700493, 0.06677374171675544",
               "Audio": "",
               "AnnounceDistance": 20.0
          },
          {
               "Name": "Ingleby Way",
               "Location": "51.42186646745373, 0.06210598660834037",
               "Audio": "",
               "AnnounceDistance": 20.0
          },
          {
               "Name": "Oakdene Avenue",
               "Location": "51.42470306191517, 0.058306711210894424",
               "Audio": "",
               "AnnounceDistance": 20.0
          },
          {
               "Name": "Elmstead Lane",
               "Location": "51.427875539055876, 0.054320642105236266",
               "Audio": "",
               "AnnounceDistance": 20.0
          },
          {
               "Name": "Dunkery Road / Mottingham Road",
               "Location": "51.42890595510393, 0.052482318293482565",
               "Audio": "",
               "AnnounceDistance": 20.0
          },
          {
               "Name": "Dunkery Road / Ravensworth Road",
               "Location": "51.428765869802426, 0.049181695328134045",
               "Audio": "",
               "AnnounceDistance": 20.0
          },
          {
               "Name": "Beaconsfield Road",
               "Location": "51.42973621858412, 0.04562859286472203",
               "Audio": "",
               "AnnounceDistance": 20.0
          },
          {
               "Name": "Court Farm Road",
               "Location": "51.42974572587133, 0.041989339414530216",
               "Audio": "",
               "AnnounceDistance": 20.0
          },
          {
               "Name": "Duddington Close",
               "Location": "51.42899582026487, 0.038057341472207455",
               "Audio": "",
               "AnnounceDistance": 20.0
          },
          {
               "Name": "Henry Cooper Way",
               "Location": "51.42801589398574, 0.034417354637017",
               "Audio": "",
               "AnnounceDistance": 20.0
          },
          {
               "Name": "Marvels Lane Primary School",
               "Location": "51.42899459901552, 0.033468208171531795",
               "Audio": "",
               "AnnounceDistance": 20.0
          },
          {
               "Name": "Marvels Lane / Chinbrook Road",
               "Location": "51.43122031834585, 0.03165363117972872",
               "Audio": "",
               "AnnounceDistance": 20.0
          },
          {
               "Name": "Marbrook Court",
               "Location": "51.43303636802507, 0.02908697996152422",
               "Audio": "",
               "AnnounceDistance": 20.0
          },
          {
               "Name": "Le May Avenue / Luffman Road",
               "Location": "51.43270866080357, 0.025677131969489304",
               "Audio": "",
               "AnnounceDistance": 20.0
          },
          {
               "Name": "Baring Road",
               "Location": "51.43268334331862, 0.02193540152298195",
               "Audio": "",
               "AnnounceDistance": 20.0
          },
          {
               "Name": "St Augustines Church",
               "Location": "51.43362774184575, 0.02088367084631754",
               "Audio": "",
               "AnnounceDistance": 20.0
          },
          {
               "Name": "Baring Road / Coopers Lane",
               "Location": "51.43523511110139, 0.01997624484865594",
               "Audio": "",
               "AnnounceDistance": 20.0
          },
          {
               "Name": "Coopers Lane",
               "Location": "51.436204848127296, 0.02214846053673322",
               "Audio": "",
               "AnnounceDistance": 20.0
          },
          {
               "Name": "Jevington Way",
               "Location": "51.439779637083056, 0.026565559200419257",
               "Audio": "",
               "AnnounceDistance": 20.0
          },
          {
               "Name": "Burnt Ash Road",
               "Location": "51.44252631256351, 0.019046036123043952",
               "Audio": "",
               "AnnounceDistance": 20.0
          },
          {
               "Name": "Horncastle Road",
               "Location": "51.44553978534892, 0.01533656788679995",
               "Audio": "",
               "AnnounceDistance": 20.0
          },
          {
               "Name": "Westhorne Avenue",
               "Location": "51.447058892711254, 0.013806005477119803",
               "Audio": "",
               "AnnounceDistance": 20.0
          },
          {
               "Name": "Lee Station",
               "Location": "51.44839391300435, 0.013044410812820498",
               "Audio": "",
               "AnnounceDistance": 20.0
          },
          {
               "Name": "Fernbrook Crescent",
               "Location": "51.45154930180814, 0.001553778259051329",
               "Audio": "",
               "AnnounceDistance": 20.0
          },
          {
               "Name": "Hither Green Station",
               "Location": "51.45269051175446, -0.0010302625516117386",
               "Audio": "",
               "AnnounceDistance": 20.0
          },
          {
               "Name": "Kellerton Road",
               "Location": "51.45467290533297, -0.00020957306786611478",
               "Audio": "",
               "AnnounceDistance": 20.0
          },
          {
               "Name": "Northbrook Road",
               "Location": "51.45565648962802, -0.0014620569826700185",
               "Audio": "",
               "AnnounceDistance": 20.0
          },
          {
               "Name": "Manor Park / Lee High Road",
               "Location": "51.458381802900334, -0.0020195728242619637",
               "Audio": "",
               "AnnounceDistance": 20.0
          },
          {
               "Name": "Belmont Park",
               "Location": "51.45924323881242, -0.003493454944686609",
               "Audio": "",
               "AnnounceDistance": 20.0
          },
          {
               "Name": "Marischal Road",
               "Location": "51.4608056407708, -0.0054694653534016514",
               "Audio": "",
               "AnnounceDistance": 20.0
          },
          {
               "Name": "Belmont Hill",
               "Location": "51.46203582924488, -0.0080071327457751",
               "Audio": "",
               "AnnounceDistance": 20.0
          },
          {
               "Name": "Lewisham Clock Tower",
               "Location": "51.46265925685231, -0.01029779374678654",
               "Audio": "",
               "AnnounceDistance": 20.0
          },
          {
               "Name": "Lewisham Station",
               "Location": "51.46438297033292, -0.011187404120236936",
               "Audio": "",
               "AnnounceDistance": 20.0
          },
          {
               "Name": "Conington Road",
               "Location": "51.46619775803957, -0.012145108462516454",
               "Audio": "",
               "AnnounceDistance": 20.0
          }
     ]
}