{
     "RouteNumber": "274",
     "Destination": "Angel Islington / City Road",
     "RouteAudio": "",
     "DestinationAudio": "",
     "Stops": [
          {
               "Name": "Lancaster Gate Station",
               "Location": "51.512133734135915, -0.17602550285125917",
               "Audio": "",
               "AnnounceDistance": 20.0
          },
          {
               "Name": "Victoria Gate",
               "Location": "51.512185092401445, -0.17123878677139184",
               "Audio": "",
               "AnnounceDistance": 20.0
          },
          {
               "Name": "Hyde Park Street",
               "Location": "51.51256901119429, -0.1670295867606163",
               "Audio": "",
               "AnnounceDistance": 20.0
          },
          {
               "Name": "Marble Arch / Bayswater Road",
               "Location": "51.513123489028736, -0.1622369732941048",
               "Audio": "",
               "AnnounceDistance": 20.0
          },
          {
               "Name": "Marble Arch Station",
               "Location": "51.513684880688594, -0.15675217839192496",
               "Audio": "",
               "AnnounceDistance": 20.0
          },
          {
               "Name": "Orchard Street / Selfridges",
               "Location": "51.514607280736065, -0.1542215914474216",
               "Audio": "",
               "AnnounceDistance": 20.0
          },
          {
               "Name": "Portman Square",
               "Location": "51.51674379517732, -0.15512972603833963",
               "Audio": "",
               "AnnounceDistance": 20.0
          },
          {
               "Name": "York Street",
               "Location": "51.52065687951907, -0.15693194545568426",
               "Audio": "",
               "AnnounceDistance": 20.0
          },
          {
               "Name": "Baker Street Station",
               "Location": "51.52284910388063, -0.15795339183100499",
               "Audio": "",
               "AnnounceDistance": 20.0
          },
          {
               "Name": "Park Road / Ivor Place",
               "Location": "51.52508053967602, -0.16032843149703532",
               "Audio": "",
               "AnnounceDistance": 20.0
          },
          {
               "Name": "Alpha Close",
               "Location": "51.52709184229645, -0.1641541984341886",
               "Audio": "",
               "AnnounceDistance": 20.0
          },
          {
               "Name": "London Central Mosque",
               "Location": "51.52924925504955, -0.16697965740340212",
               "Audio": "",
               "AnnounceDistance": 20.0
          },
          {
               "Name": "Prince Albert Rd / Lords Cricket Ground",
               "Location": "51.531408791723656, -0.16706592731446115",
               "Audio": "",
               "AnnounceDistance": 20.0
          },
          {
               "Name": "Eamont Street",
               "Location": "51.53333260060313, -0.16587843936950833",
               "Audio": "",
               "AnnounceDistance": 20.0
          },
          {
               "Name": "Avenue Road",
               "Location": "51.53466661783547, -0.16435410313290566",
               "Audio": "",
               "AnnounceDistance": 20.0
          },
          {
               "Name": "Primrose Hill / London Zoo",
               "Location": "51.53657292898004, -0.1586105953621092",
               "Audio": "",
               "AnnounceDistance": 20.0
          },
          {
               "Name": "Albert Terrace / London Zoo",
               "Location": "51.53788276393837, -0.1549816212879504",
               "Audio": "",
               "AnnounceDistance": 20.0
          },
          {
               "Name": "Regents Park Road",
               "Location": "51.53821484289955, -0.15208421108556683",
               "Audio": "",
               "AnnounceDistance": 20.0
          },
          {
               "Name": "Gloucester Avenue",
               "Location": "51.53740292786281, -0.1473586109344509",
               "Audio": "",
               "AnnounceDistance": 20.0
          },
          {
               "Name": "Parkway",
               "Location": "51.53753372171876, -0.14539222044308414",
               "Audio": "",
               "AnnounceDistance": 20.0
          },
          {
               "Name": "Camden High Street",
               "Location": "51.53874402452691, -0.14345398806456908",
               "Audio": "",
               "AnnounceDistance": 20.0
          },
          {
               "Name": "Camden Town / Camden Road",
               "Location": "51.54036852630851, -0.1404172316835443",
               "Audio": "",
               "AnnounceDistance": 20.0
          },
          {
               "Name": "Camden Road Station",
               "Location": "51.54135217902762, -0.13893504118744882",
               "Audio": "",
               "AnnounceDistance": 20.0
          },
          {
               "Name": "St Pancras Way",
               "Location": "51.54233776464674, -0.13644322032645395",
               "Audio": "",
               "AnnounceDistance": 20.0
          },
          {
               "Name": "Agar Grove Estate",
               "Location": "51.542578552319306, -0.13405386586600496",
               "Audio": "",
               "AnnounceDistance": 20.0
          },
          {
               "Name": "Murray Street",
               "Location": "51.54312418103374, -0.13104629635112083",
               "Audio": "",
               "AnnounceDistance": 20.0
          },
          {
               "Name": "York Way",
               "Location": "51.543401315002725, -0.1269968962700135",
               "Audio": "",
               "AnnounceDistance": 20.0
          },
          {
               "Name": "Brewery Road",
               "Location": "51.54421703421522, -0.12627115110457224",
               "Audio": "",
               "AnnounceDistance": 20.0
          },
          {
               "Name": "York Way Estate",
               "Location": "51.54552632355045, -0.12491935980121083",
               "Audio": "",
               "AnnounceDistance": 20.0
          },
          {
               "Name": "Caledonian Road / Market Road Gardens",
               "Location": "51.54689517375874, -0.11942572180037934",
               "Audio": "",
               "AnnounceDistance": 20.0
          },
          {
               "Name": "H M Prison Pentonville",
               "Location": "51.545358392161184, -0.1178016857931458",
               "Audio": "",
               "AnnounceDistance": 20.0
          },
          {
               "Name": "Caledonian Road Barnsbury Station",
               "Location": "51.54187733083645, -0.11718100521212724",
               "Audio": "",
               "AnnounceDistance": 20.0
          },
          {
               "Name": "Story Street",
               "Location": "51.53995648939914, -0.11684208968445223",
               "Audio": "",
               "AnnounceDistance": 20.0
          },
          {
               "Name": "Caledonian Road / Copenhagen Street",
               "Location": "51.53731510358522, -0.11643200968759804",
               "Audio": "",
               "AnnounceDistance": 20.0
          },
          {
               "Name": "Hemingford Road",
               "Location": "51.53683197755881, -0.11434670311254527",
               "Audio": "",
               "AnnounceDistance": 20.0
          },
          {
               "Name": "Barnsbury Road",
               "Location": "51.535028373374935, -0.11123465026694543",
               "Audio": "",
               "AnnounceDistance": 20.0
          },
          {
               "Name": "Liverpool Road / Chapel Market",
               "Location": "51.534511850446506, -0.10819924347980038",
               "Audio": "",
               "AnnounceDistance": 20.0
          },
          {
               "Name": "Angel Islington / City Road",
               "Location": "51.5316503821376, -0.1047422323413949",
               "Audio": "",
               "AnnounceDistance": 20.0
          }
     ]
}