{
     "RouteNumber": "274",
     "Destination": "Marble Arch Station",
     "RouteAudio": "",
     "DestinationAudio": "",
     "Stops": [
          {
               "Name": "Angel Islington",
               "Location": "51.53084150433454, -0.10421353808676811",
               "Audio": "",
               "AnnounceDistance": 20.0
          },
          {
               "Name": "Chapel Market",
               "Location": "51.53440145614934, -0.10804521401101194",
               "Audio": "",
               "AnnounceDistance": 20.0
          },
          {
               "Name": "Penton Street / Islington Police Station",
               "Location": "51.534025301060886, -0.11093012441697463",
               "Audio": "",
               "AnnounceDistance": 20.0
          },
          {
               "Name": "Copenhagen Street",
               "Location": "51.53553324252776, -0.11131468436260628",
               "Audio": "",
               "AnnounceDistance": 20.0
          },
          {
               "Name": "Hemingford Road",
               "Location": "51.536786858915534, -0.11489650977482269",
               "Audio": "",
               "AnnounceDistance": 20.0
          },
          {
               "Name": "Caledonian Road / Copenhagen Street",
               "Location": "51.537776193710144, -0.11658601117329348",
               "Audio": "",
               "AnnounceDistance": 20.0
          },
          {
               "Name": "Story Street",
               "Location": "51.54031918957733, -0.11702900608417449",
               "Audio": "",
               "AnnounceDistance": 20.0
          },
          {
               "Name": "Caledonian Road Barnsbury Station",
               "Location": "51.54282646832047, -0.11748794214956806",
               "Audio": "",
               "AnnounceDistance": 20.0
          },
          {
               "Name": "H M Prison Pentonville",
               "Location": "51.546090463719274, -0.11803107889096938",
               "Audio": "",
               "AnnounceDistance": 20.0
          },
          {
               "Name": "Market Road Gardens",
               "Location": "51.5467721344208, -0.11960386724552771",
               "Audio": "",
               "AnnounceDistance": 20.0
          },
          {
               "Name": "York Way Estate",
               "Location": "51.54534013926898, -0.12508565833970833",
               "Audio": "",
               "AnnounceDistance": 20.0
          },
          {
               "Name": "Brewery Road",
               "Location": "51.5443131242632, -0.1260941411539291",
               "Audio": "",
               "AnnounceDistance": 20.0
          },
          {
               "Name": "Agar Grove",
               "Location": "51.543285855186255, -0.12765060732731137",
               "Audio": "",
               "AnnounceDistance": 20.0
          },
          {
               "Name": "Murray Street",
               "Location": "51.5430091918076, -0.13116637950933668",
               "Audio": "",
               "AnnounceDistance": 20.0
          },
          {
               "Name": "Agar Grove Estate",
               "Location": "51.54263182964877, -0.13344599033168758",
               "Audio": "",
               "AnnounceDistance": 20.0
          },
          {
               "Name": "Camden Road Station",
               "Location": "51.541119805334716, -0.13789179937557147",
               "Audio": "",
               "AnnounceDistance": 20.0
          },
          {
               "Name": "Camden Town Station / Camden Street",
               "Location": "51.54022451127074, -0.1404086816715911",
               "Audio": "",
               "AnnounceDistance": 20.0
          },
          {
               "Name": "Camden Town Station / Bayham Street",
               "Location": "51.53866791206245, -0.14091915357916743",
               "Audio": "",
               "AnnounceDistance": 20.0
          },
          {
               "Name": "Pratt Street",
               "Location": "51.5371828280231, -0.14083547233740945",
               "Audio": "",
               "AnnounceDistance": 20.0
          },
          {
               "Name": "Arlington Road",
               "Location": "51.53665418706913, -0.14265944291951924",
               "Audio": "",
               "AnnounceDistance": 20.0
          },
          {
               "Name": "Parkway",
               "Location": "51.53633426240415, -0.1446046563789789",
               "Audio": "",
               "AnnounceDistance": 20.0
          },
          {
               "Name": "Gloucester Avenue",
               "Location": "51.537390188219376, -0.1476907802813331",
               "Audio": "",
               "AnnounceDistance": 20.0
          },
          {
               "Name": "Regents Park Road",
               "Location": "51.538040821473444, -0.15131258772426218",
               "Audio": "",
               "AnnounceDistance": 20.0
          },
          {
               "Name": "Zsl London Zoo",
               "Location": "51.5373710369389, -0.15389200359931426",
               "Audio": "",
               "AnnounceDistance": 20.0
          },
          {
               "Name": "Wells Rise",
               "Location": "51.536058819123156, -0.16023187637405226",
               "Audio": "",
               "AnnounceDistance": 20.0
          },
          {
               "Name": "Avenue Road",
               "Location": "51.535166422829306, -0.16296419810591875",
               "Audio": "",
               "AnnounceDistance": 20.0
          },
          {
               "Name": "Eamont Street",
               "Location": "51.53356017397544, -0.16547999498140809",
               "Audio": "",
               "AnnounceDistance": 20.0
          },
          {
               "Name": "Prince Albert Rd / Lords Cricket Ground",
               "Location": "51.53120928073958, -0.16695859952638165",
               "Audio": "",
               "AnnounceDistance": 20.0
          },
          {
               "Name": "London Central Mosque",
               "Location": "51.52943887869378, -0.16702970957881494",
               "Audio": "",
               "AnnounceDistance": 20.0
          },
          {
               "Name": "Alpha Close",
               "Location": "51.52755851094838, -0.16466883808833466",
               "Audio": "",
               "AnnounceDistance": 20.0
          },
          {
               "Name": "London Business School",
               "Location": "51.526169210716695, -0.16208656175113467",
               "Audio": "",
               "AnnounceDistance": 20.0
          },
          {
               "Name": "Baker Street Station",
               "Location": "51.52350830576954, -0.15812860367892556",
               "Audio": "",
               "AnnounceDistance": 20.0
          },
          {
               "Name": "Dorset Street",
               "Location": "51.51997494816716, -0.15645498169881566",
               "Audio": "",
               "AnnounceDistance": 20.0
          },
          {
               "Name": "Portman Square",
               "Location": "51.51712169276872, -0.1551432828134189",
               "Audio": "",
               "AnnounceDistance": 20.0
          },
          {
               "Name": "Orchard Street / Selfridges",
               "Location": "51.51437762448053, -0.15391380274388014",
               "Audio": "",
               "AnnounceDistance": 20.0
          },
          {
               "Name": "Marble Arch Station",
               "Location": "51.51345558879446, -0.15761174627776856",
               "Audio": "",
               "AnnounceDistance": 20.0
          }
     ]
}