{
     "RouteNumber": "275",
     "Destination": "Barkingside Tesco",
     "RouteAudio": "",
     "DestinationAudio": "",
     "Stops": [
          {
               "Name": "St James Street Station",
               "Location": "51.58131271453883, -0.03242774216742666",
               "Audio": "",
               "AnnounceDistance": 20.0
          },
          {
               "Name": "Selborne Walk / Vernon Road",
               "Location": "51.58248555239247, -0.025694061957337474",
               "Audio": "",
               "AnnounceDistance": 20.0
          },
          {
               "Name": "Selborne Walk",
               "Location": "51.58275344121009, -0.02344514057858816",
               "Audio": "",
               "AnnounceDistance": 20.0
          },
          {
               "Name": "Walthamstow Bus Station",
               "Location": "51.583832912209616, -0.020265985724838637",
               "Audio": "",
               "AnnounceDistance": 20.0
          },
          {
               "Name": "Walthamstow Market",
               "Location": "51.58547805417555, -0.019703677397172305",
               "Audio": "",
               "AnnounceDistance": 20.0
          },
          {
               "Name": "Jewel Road",
               "Location": "51.588343638218326, -0.020589586264656547",
               "Audio": "",
               "AnnounceDistance": 20.0
          },
          {
               "Name": "Forest Road / Bell Corner",
               "Location": "51.58969799401398, -0.01824975155349438",
               "Audio": "",
               "AnnounceDistance": 20.0
          },
          {
               "Name": "Waltham Forest Town Hall",
               "Location": "51.58998065420923, -0.01422408540334057",
               "Audio": "",
               "AnnounceDistance": 20.0
          },
          {
               "Name": "Waltham Forest College",
               "Location": "51.590384639452026, -0.010467362488354346",
               "Audio": "",
               "AnnounceDistance": 20.0
          },
          {
               "Name": "St Johns Road",
               "Location": "51.591429850681195, -0.006350447650736082",
               "Audio": "",
               "AnnounceDistance": 20.0
          },
          {
               "Name": "Wood Street",
               "Location": "51.592033672340456, -0.0037830550076642863",
               "Audio": "",
               "AnnounceDistance": 20.0
          },
          {
               "Name": "Forest Road",
               "Location": "51.593019405287656, -0.0009389508527819769",
               "Audio": "",
               "AnnounceDistance": 20.0
          },
          {
               "Name": "Thorpe Hall Road",
               "Location": "51.59620825674277, -0.001260959205784014",
               "Audio": "",
               "AnnounceDistance": 20.0
          },
          {
               "Name": "Southend Road",
               "Location": "51.599787182295074, -0.001782476412524141",
               "Audio": "",
               "AnnounceDistance": 20.0
          },
          {
               "Name": "Wadham Road",
               "Location": "51.60094428400649, -0.0010818757270883805",
               "Audio": "",
               "AnnounceDistance": 20.0
          },
          {
               "Name": "Forest Mount Road",
               "Location": "51.60324716615312, 0.0020373937818232114",
               "Audio": "",
               "AnnounceDistance": 20.0
          },
          {
               "Name": "Hollywood Way",
               "Location": "51.60542443978585, 0.001974318572592369",
               "Audio": "",
               "AnnounceDistance": 20.0
          },
          {
               "Name": "Highams Park Station",
               "Location": "51.60804901108791, -0.00006212346583142396",
               "Audio": "",
               "AnnounceDistance": 20.0
          },
          {
               "Name": "Richmond Avenue",
               "Location": "51.6110760178555, 0.0022518626250337868",
               "Audio": "",
               "AnnounceDistance": 20.0
          },
          {
               "Name": "Sunnydene Avenue",
               "Location": "51.61279781740265, 0.004638650717799859",
               "Audio": "",
               "AnnounceDistance": 20.0
          },
          {
               "Name": "Forest Glade",
               "Location": "51.61547116938926, 0.007645390359372739",
               "Audio": "",
               "AnnounceDistance": 20.0
          },
          {
               "Name": "Chingford Lane",
               "Location": "51.616830704493886, 0.010175509412588647",
               "Audio": "",
               "AnnounceDistance": 20.0
          },
          {
               "Name": "Mill Lane",
               "Location": "51.609652072328025, 0.01923177919079788",
               "Audio": "",
               "AnnounceDistance": 20.0
          },
          {
               "Name": "Chingford Lane",
               "Location": "51.60679491242752, 0.019610466496317456",
               "Audio": "",
               "AnnounceDistance": 20.0
          },
          {
               "Name": "St Aubyns School",
               "Location": "51.60258121407435, 0.015726681097576262",
               "Audio": "",
               "AnnounceDistance": 20.0
          },
          {
               "Name": "Chelmsford Road",
               "Location": "51.599497761285825, 0.013048754123359733",
               "Audio": "",
               "AnnounceDistance": 20.0
          },
          {
               "Name": "Waterworks Corner",
               "Location": "51.59702099550465, 0.01169748605192416",
               "Audio": "",
               "AnnounceDistance": 20.0
          },
          {
               "Name": "Maybank Road",
               "Location": "51.595752996335975, 0.03153766517882217",
               "Audio": "",
               "AnnounceDistance": 20.0
          },
          {
               "Name": "Charlie Browns Roundabout",
               "Location": "51.59461522995666, 0.03492316907774895",
               "Audio": "",
               "AnnounceDistance": 20.0
          },
          {
               "Name": "Raven Road",
               "Location": "51.59515245222141, 0.038166925264993615",
               "Audio": "",
               "AnnounceDistance": 20.0
          },
          {
               "Name": "Maybank Road",
               "Location": "51.59758271697597, 0.0395896931437441",
               "Audio": "",
               "AnnounceDistance": 20.0
          },
          {
               "Name": "Broadmead Road / Chigwell Road",
               "Location": "51.601053182333814, 0.042214477103874444",
               "Audio": "",
               "AnnounceDistance": 20.0
          },
          {
               "Name": "Orchard Estate",
               "Location": "51.60205168833462, 0.038057092517284806",
               "Audio": "",
               "AnnounceDistance": 20.0
          },
          {
               "Name": "Spring Gardens",
               "Location": "51.60365231869838, 0.03443187240089507",
               "Audio": "",
               "AnnounceDistance": 20.0
          },
          {
               "Name": "Woodford Station",
               "Location": "51.6074334712763, 0.03574184923449582",
               "Audio": "",
               "AnnounceDistance": 20.0
          },
          {
               "Name": "Ray Lodge Primary School",
               "Location": "51.60674708556033, 0.04212338926299315",
               "Audio": "",
               "AnnounceDistance": 20.0
          },
          {
               "Name": "Chigwell Road",
               "Location": "51.60527809062348, 0.04695315181993014",
               "Audio": "",
               "AnnounceDistance": 20.0
          },
          {
               "Name": "Ashton Playing Fields",
               "Location": "51.605284154288434, 0.0496973191001314",
               "Audio": "",
               "AnnounceDistance": 20.0
          },
          {
               "Name": "Manor Road",
               "Location": "51.60625082751237, 0.05509879154169965",
               "Audio": "",
               "AnnounceDistance": 20.0
          },
          {
               "Name": "Cross Road",
               "Location": "51.60698614076015, 0.06137099138974639",
               "Audio": "",
               "AnnounceDistance": 20.0
          },
          {
               "Name": "Audleigh Place",
               "Location": "51.60752859266759, 0.06632038728002357",
               "Audio": "",
               "AnnounceDistance": 20.0
          },
          {
               "Name": "Stradbroke Park",
               "Location": "51.604776773115404, 0.07295402933360795",
               "Audio": "",
               "AnnounceDistance": 20.0
          },
          {
               "Name": "Wannock Gardens",
               "Location": "51.60147749299291, 0.07645717886376387",
               "Audio": "",
               "AnnounceDistance": 20.0
          },
          {
               "Name": "Kingsley Road",
               "Location": "51.59796275349614, 0.08044091965853908",
               "Audio": "",
               "AnnounceDistance": 20.0
          },
          {
               "Name": "Fencepiece Road",
               "Location": "51.59535357465406, 0.08355589455498716",
               "Audio": "",
               "AnnounceDistance": 20.0
          },
          {
               "Name": "Fullwell Cross",
               "Location": "51.59255478985867, 0.08417856298588106",
               "Audio": "",
               "AnnounceDistance": 20.0
          },
          {
               "Name": "Waverley Gardens",
               "Location": "51.59102260260578, 0.08285239888328211",
               "Audio": "",
               "AnnounceDistance": 20.0
          },
          {
               "Name": "Barkingside Police Station",
               "Location": "51.588858576532616, 0.08115096862276058",
               "Audio": "",
               "AnnounceDistance": 20.0
          },
          {
               "Name": "Barkingside Tesco",
               "Location": "51.58652263009441, 0.08102977582649679",
               "Audio": "",
               "AnnounceDistance": 20.0
          }
     ]
}