{
     "RouteNumber": "277",
     "Destination": "East India Dock Road",
     "RouteAudio": "",
     "DestinationAudio": "",
     "Stops": [
          {
               "Name": "Dalston Junction Station",
               "Location": "51.545260712080754, -0.07575047168518466",
               "Audio": "",
               "AnnounceDistance": 20.0
          },
          {
               "Name": "Dalston Lane / Dalston Junction Stn",
               "Location": "51.54629744339317, -0.07371641098342188",
               "Audio": "",
               "AnnounceDistance": 20.0
          },
          {
               "Name": "Stannard Road",
               "Location": "51.54614658862943, -0.06782395240111998",
               "Audio": "",
               "AnnounceDistance": 20.0
          },
          {
               "Name": "Greenwood Road",
               "Location": "51.545858015296, -0.06395652916820839",
               "Audio": "",
               "AnnounceDistance": 20.0
          },
          {
               "Name": "Royal Oak Road",
               "Location": "51.54641902554012, -0.06035589192705764",
               "Audio": "",
               "AnnounceDistance": 20.0
          },
          {
               "Name": "Hackney Central / Mare Street",
               "Location": "51.546694338807754, -0.05580101188962226",
               "Audio": "",
               "AnnounceDistance": 20.0
          },
          {
               "Name": "Hackney Town Hall",
               "Location": "51.54526328984822, -0.05518416584638707",
               "Audio": "",
               "AnnounceDistance": 20.0
          },
          {
               "Name": "St Thomass Square",
               "Location": "51.54198968024333, -0.05516510911718442",
               "Audio": "",
               "AnnounceDistance": 20.0
          },
          {
               "Name": "Shore Road",
               "Location": "51.540168538260204, -0.053800681572097525",
               "Audio": "",
               "AnnounceDistance": 20.0
          },
          {
               "Name": "Holcroft Road",
               "Location": "51.54130819427298, -0.04932478839627826",
               "Audio": "",
               "AnnounceDistance": 20.0
          },
          {
               "Name": "Terrace Road",
               "Location": "51.54155655858344, -0.0474971014088661",
               "Audio": "",
               "AnnounceDistance": 20.0
          },
          {
               "Name": "Church Crescent",
               "Location": "51.540992674284404, -0.04603587637187586",
               "Audio": "",
               "AnnounceDistance": 20.0
          },
          {
               "Name": "Penshurst Road",
               "Location": "51.53952803294744, -0.045565052876120164",
               "Audio": "",
               "AnnounceDistance": 20.0
          },
          {
               "Name": "Victoria Park Road",
               "Location": "51.53712700675879, -0.04448549336087341",
               "Audio": "",
               "AnnounceDistance": 20.0
          },
          {
               "Name": "Victoria Park",
               "Location": "51.53381839924331, -0.041830066234623105",
               "Audio": "",
               "AnnounceDistance": 20.0
          },
          {
               "Name": "Roman Road",
               "Location": "51.53163036041361, -0.04058308640430004",
               "Audio": "",
               "AnnounceDistance": 20.0
          },
          {
               "Name": "St Barnabas Church",
               "Location": "51.53028355914991, -0.03963168392008337",
               "Audio": "",
               "AnnounceDistance": 20.0
          },
          {
               "Name": "Arbery Road",
               "Location": "51.52870221871575, -0.03809931478880012",
               "Audio": "",
               "AnnounceDistance": 20.0
          },
          {
               "Name": "Lichfield Road",
               "Location": "51.52714540582918, -0.03642182863861204",
               "Audio": "",
               "AnnounceDistance": 20.0
          },
          {
               "Name": "Mile End Station / Bow Road",
               "Location": "51.52587389746303, -0.03513582436091041",
               "Audio": "",
               "AnnounceDistance": 20.0
          },
          {
               "Name": "Mile End Station",
               "Location": "51.524269835796645, -0.03439759760342163",
               "Audio": "",
               "AnnounceDistance": 20.0
          },
          {
               "Name": "Eric Street",
               "Location": "51.520701333960936, -0.03234582592247215",
               "Audio": "",
               "AnnounceDistance": 20.0
          },
          {
               "Name": "Mile End Park Leisure Centre",
               "Location": "51.51935378292559, -0.03081835007857152",
               "Audio": "",
               "AnnounceDistance": 20.0
          },
          {
               "Name": "St Pauls Way",
               "Location": "51.517765006210006, -0.029921163947514474",
               "Audio": "",
               "AnnounceDistance": 20.0
          },
          {
               "Name": "Pixley Street",
               "Location": "51.51504327586811, -0.028496434211497598",
               "Audio": "",
               "AnnounceDistance": 20.0
          },
          {
               "Name": "East India Dock Road",
               "Location": "51.51232634891139, -0.02789314382270928",
               "Audio": "",
               "AnnounceDistance": 20.0
          }
     ]
}