{
     "RouteNumber": "277",
     "Destination": "Forest Road",
     "RouteAudio": "",
     "DestinationAudio": "",
     "Stops": [
          {
               "Name": "East India Dock Road",
               "Location": "51.5128851831315, -0.02796989291911163",
               "Audio": "",
               "AnnounceDistance": 20.0
          },
          {
               "Name": "Pixley Street",
               "Location": "51.51519286357219, -0.028835883696440176",
               "Audio": "",
               "AnnounceDistance": 20.0
          },
          {
               "Name": "St Pauls Way",
               "Location": "51.51659878044097, -0.029553502469840683",
               "Audio": "",
               "AnnounceDistance": 20.0
          },
          {
               "Name": "Ackroyd Drive",
               "Location": "51.51791458998877, -0.03026063821130583",
               "Audio": "",
               "AnnounceDistance": 20.0
          },
          {
               "Name": "Eric Street",
               "Location": "51.52114837139517, -0.03326351427271955",
               "Audio": "",
               "AnnounceDistance": 20.0
          },
          {
               "Name": "Mile End Station",
               "Location": "51.52375057128927, -0.03453528375535679",
               "Audio": "",
               "AnnounceDistance": 20.0
          },
          {
               "Name": "Mile End Station / Mile End Road",
               "Location": "51.52585785569294, -0.03525184473466196",
               "Audio": "",
               "AnnounceDistance": 20.0
          },
          {
               "Name": "Lichfield Road",
               "Location": "51.52678282503855, -0.036250013851566426",
               "Audio": "",
               "AnnounceDistance": 20.0
          },
          {
               "Name": "Arbery Road",
               "Location": "51.52908052882384, -0.038674157381988206",
               "Audio": "",
               "AnnounceDistance": 20.0
          },
          {
               "Name": "St Barnabas Church",
               "Location": "51.53043239360569, -0.03992806085459548",
               "Audio": "",
               "AnnounceDistance": 20.0
          },
          {
               "Name": "Old Ford Road",
               "Location": "51.532223604698245, -0.04110550412548018",
               "Audio": "",
               "AnnounceDistance": 20.0
          },
          {
               "Name": "Victoria Park",
               "Location": "51.534318890959405, -0.04218347744358906",
               "Audio": "",
               "AnnounceDistance": 20.0
          },
          {
               "Name": "Victoria Park Road",
               "Location": "51.537167274889086, -0.04474332331741328",
               "Audio": "",
               "AnnounceDistance": 20.0
          },
          {
               "Name": "Moulins Road",
               "Location": "51.539951611787664, -0.046700557469502774",
               "Audio": "",
               "AnnounceDistance": 20.0
          },
          {
               "Name": "Terrace Road",
               "Location": "51.54127427725282, -0.047826447678554554",
               "Audio": "",
               "AnnounceDistance": 20.0
          },
          {
               "Name": "Holcroft Road",
               "Location": "51.54109276544588, -0.04934842188078444",
               "Audio": "",
               "AnnounceDistance": 20.0
          },
          {
               "Name": "Shore Road",
               "Location": "51.540068494549566, -0.05373284641233858",
               "Audio": "",
               "AnnounceDistance": 20.0
          },
          {
               "Name": "Mare Street / Well Street",
               "Location": "51.54056588830715, -0.05552864970253164",
               "Audio": "",
               "AnnounceDistance": 20.0
          },
          {
               "Name": "St Thomass Square",
               "Location": "51.541921374000346, -0.055384340361772956",
               "Audio": "",
               "AnnounceDistance": 20.0
          },
          {
               "Name": "Hackney Town Hall",
               "Location": "51.54526735124927, -0.055429172085227144",
               "Audio": "",
               "AnnounceDistance": 20.0
          },
          {
               "Name": "Graham Road / Hackney Central",
               "Location": "51.54654079328696, -0.056845993316418944",
               "Audio": "",
               "AnnounceDistance": 20.0
          },
          {
               "Name": "Royal Oak Road",
               "Location": "51.54610749717016, -0.06163832743432863",
               "Audio": "",
               "AnnounceDistance": 20.0
          },
          {
               "Name": "Greenwood Road",
               "Location": "51.545795875398795, -0.06455048820228228",
               "Audio": "",
               "AnnounceDistance": 20.0
          },
          {
               "Name": "Stannard Road",
               "Location": "51.54615089237452, -0.06863143419609001",
               "Audio": "",
               "AnnounceDistance": 20.0
          },
          {
               "Name": "Dalston Junction Station",
               "Location": "51.546177554036205, -0.07463009657339477",
               "Audio": "",
               "AnnounceDistance": 20.0
          },
          {
               "Name": "Forest Road",
               "Location": "51.54430201231359, -0.07596398165185622",
               "Audio": "",
               "AnnounceDistance": 20.0
          }
     ]
}