{
     "RouteNumber": "278",
     "Destination": "Ruislip Station",
     "RouteAudio": "",
     "DestinationAudio": "",
     "Stops": [
          {
               "Name": "Heathrow Central Bus Station",
               "Location": "51.47136544841199, -0.45345569182589296",
               "Audio": "",
               "AnnounceDistance": 20.0
          },
          {
               "Name": "Newport Road",
               "Location": "51.480339495002724, -0.4595894777865467",
               "Audio": "",
               "AnnounceDistance": 20.0
          },
          {
               "Name": "Sipson Way / Blunts Avenue",
               "Location": "51.48140337555375, -0.45501717497448796",
               "Audio": "",
               "AnnounceDistance": 20.0
          },
          {
               "Name": "Nene Road",
               "Location": "51.481322846416745, -0.4482368162298596",
               "Audio": "",
               "AnnounceDistance": 20.0
          },
          {
               "Name": "Boltons Lane",
               "Location": "51.4811699872118, -0.44484327300785015",
               "Audio": "",
               "AnnounceDistance": 20.0
          },
          {
               "Name": "New Road",
               "Location": "51.48096899681151, -0.43919038009265526",
               "Audio": "",
               "AnnounceDistance": 20.0
          },
          {
               "Name": "Harlington Corner",
               "Location": "51.481301924654325, -0.4344841390923369",
               "Audio": "",
               "AnnounceDistance": 20.0
          },
          {
               "Name": "West End Lane",
               "Location": "51.48517027994095, -0.43461091922958794",
               "Audio": "",
               "AnnounceDistance": 20.0
          },
          {
               "Name": "Harlington High Street / Sipson Lane",
               "Location": "51.48755278965829, -0.43592646415131486",
               "Audio": "",
               "AnnounceDistance": 20.0
          },
          {
               "Name": "Brickfield Lane",
               "Location": "51.48959382471309, -0.4352372480530115",
               "Audio": "",
               "AnnounceDistance": 20.0
          },
          {
               "Name": "Croyde Avenue",
               "Location": "51.49645240771992, -0.42765522045549076",
               "Audio": "",
               "AnnounceDistance": 20.0
          },
          {
               "Name": "Redmead Road",
               "Location": "51.49908795982773, -0.42570601466056474",
               "Audio": "",
               "AnnounceDistance": 20.0
          },
          {
               "Name": "Millington Road",
               "Location": "51.50040639950569, -0.42478172935889374",
               "Audio": "",
               "AnnounceDistance": 20.0
          },
          {
               "Name": "Fairey Corner",
               "Location": "51.501897817944354, -0.42334714317863203",
               "Audio": "",
               "AnnounceDistance": 20.0
          },
          {
               "Name": "Hayes Harlington Station",
               "Location": "51.503328770712116, -0.42076187628270495",
               "Audio": "",
               "AnnounceDistance": 20.0
          },
          {
               "Name": "Clayton Road",
               "Location": "51.50441328561375, -0.41983104175810454",
               "Audio": "",
               "AnnounceDistance": 20.0
          },
          {
               "Name": "Hayes Town Centre",
               "Location": "51.5068131508285, -0.41908518705231734",
               "Audio": "",
               "AnnounceDistance": 20.0
          },
          {
               "Name": "Botwell Lane",
               "Location": "51.5100556996466, -0.42081750628158193",
               "Audio": "",
               "AnnounceDistance": 20.0
          },
          {
               "Name": "Townfield Road",
               "Location": "51.51260991701872, -0.4201815558948736",
               "Audio": "",
               "AnnounceDistance": 20.0
          },
          {
               "Name": "Freemans Lane",
               "Location": "51.51596910850685, -0.4198923938827918",
               "Audio": "",
               "AnnounceDistance": 20.0
          },
          {
               "Name": "Church Green",
               "Location": "51.51841138398674, -0.41895750023770495",
               "Audio": "",
               "AnnounceDistance": 20.0
          },
          {
               "Name": "Church Road / Swift Close",
               "Location": "51.520882995367764, -0.41753141183455267",
               "Audio": "",
               "AnnounceDistance": 20.0
          },
          {
               "Name": "Uxbridge County Court",
               "Location": "51.52240187670443, -0.42080850330503794",
               "Audio": "",
               "AnnounceDistance": 20.0
          },
          {
               "Name": "Rosedale Park",
               "Location": "51.52331257884768, -0.4243374407791746",
               "Audio": "",
               "AnnounceDistance": 20.0
          },
          {
               "Name": "Park Road",
               "Location": "51.52376276518449, -0.4270607287948549",
               "Audio": "",
               "AnnounceDistance": 20.0
          },
          {
               "Name": "Hayes End",
               "Location": "51.52471700806838, -0.4318425159868833",
               "Audio": "",
               "AnnounceDistance": 20.0
          },
          {
               "Name": "Morgans Lane",
               "Location": "51.52549471493944, -0.4362124995219535",
               "Audio": "",
               "AnnounceDistance": 20.0
          },
          {
               "Name": "West Drayton Road",
               "Location": "51.52688132631692, -0.4397257094249588",
               "Audio": "",
               "AnnounceDistance": 20.0
          },
          {
               "Name": "New Road",
               "Location": "51.52797562524846, -0.4429031119189693",
               "Audio": "",
               "AnnounceDistance": 20.0
          },
          {
               "Name": "Hillingdon Heath / Lees Road",
               "Location": "51.53010800589906, -0.4477465107038288",
               "Audio": "",
               "AnnounceDistance": 20.0
          },
          {
               "Name": "Hillingdon Primary School",
               "Location": "51.53163889307122, -0.45063557824721906",
               "Audio": "",
               "AnnounceDistance": 20.0
          },
          {
               "Name": "Crescent Parade",
               "Location": "51.533976609569386, -0.45266124889649817",
               "Audio": "",
               "AnnounceDistance": 20.0
          },
          {
               "Name": "Clifton Gardens",
               "Location": "51.53868334590157, -0.45227092527894297",
               "Audio": "",
               "AnnounceDistance": 20.0
          },
          {
               "Name": "Oak Farm Library",
               "Location": "51.54235215642693, -0.45022850845007556",
               "Audio": "",
               "AnnounceDistance": 20.0
          },
          {
               "Name": "Grosvenor Crescent",
               "Location": "51.54513466035682, -0.44984554704549107",
               "Audio": "",
               "AnnounceDistance": 20.0
          },
          {
               "Name": "Hillingdon Circus",
               "Location": "51.551419659305985, -0.4491271066119119",
               "Audio": "",
               "AnnounceDistance": 20.0
          },
          {
               "Name": "Hillingdon Station",
               "Location": "51.553674936060474, -0.4483147710189757",
               "Audio": "",
               "AnnounceDistance": 20.0
          },
          {
               "Name": "Swakeleys Drive",
               "Location": "51.55673646143935, -0.4472729481972052",
               "Audio": "",
               "AnnounceDistance": 20.0
          },
          {
               "Name": "Douay Martyrs School",
               "Location": "51.560920527926896, -0.44612059134360843",
               "Audio": "",
               "AnnounceDistance": 20.0
          },
          {
               "Name": "Ickenham Station",
               "Location": "51.562708596963816, -0.4446602108809",
               "Audio": "",
               "AnnounceDistance": 20.0
          },
          {
               "Name": "Austins Lane",
               "Location": "51.565234239741216, -0.44321780818056344",
               "Audio": "",
               "AnnounceDistance": 20.0
          },
          {
               "Name": "Oak Avenue",
               "Location": "51.56762121170115, -0.4414914085096097",
               "Audio": "",
               "AnnounceDistance": 20.0
          },
          {
               "Name": "West Ruislip Station",
               "Location": "51.57007862599354, -0.43762684654356415",
               "Audio": "",
               "AnnounceDistance": 20.0
          },
          {
               "Name": "Sharps Lane",
               "Location": "51.571833821519014, -0.43303563321793703",
               "Audio": "",
               "AnnounceDistance": 20.0
          },
          {
               "Name": "Church Avenue",
               "Location": "51.57269530318774, -0.4308847508839288",
               "Audio": "",
               "AnnounceDistance": 20.0
          },
          {
               "Name": "Midcroft",
               "Location": "51.57392453639093, -0.42397339150960445",
               "Audio": "",
               "AnnounceDistance": 20.0
          },
          {
               "Name": "Brickwall Lane",
               "Location": "51.572919973650464, -0.4228248383060739",
               "Audio": "",
               "AnnounceDistance": 20.0
          },
          {
               "Name": "Ruislip Station",
               "Location": "51.57205455102755, -0.4213251924471829",
               "Audio": "",
               "AnnounceDistance": 20.0
          }
     ]
}