{
     "RouteNumber": "27",
     "Destination": "Hartland Road / Camden Market",
     "RouteAudio": "",
     "DestinationAudio": "",
     "Stops": [
          {
               "Name": "Hammersmith Stn / Hc And Circle Lines",
               "Location": "51.493338712085496, -0.22520757812733283",
               "Audio": "",
               "AnnounceDistance": 20.0
          },
          {
               "Name": "Hammersmith Bus Station",
               "Location": "51.492357906314254, -0.22397800355053238",
               "Audio": "",
               "AnnounceDistance": 20.0
          },
          {
               "Name": "Latymer Court",
               "Location": "51.49335578789524, -0.21862355002634207",
               "Audio": "",
               "AnnounceDistance": 20.0
          },
          {
               "Name": "Brook Green",
               "Location": "51.49370941863256, -0.2158582698041169",
               "Audio": "",
               "AnnounceDistance": 20.0
          },
          {
               "Name": "North End Road",
               "Location": "51.4947806258338, -0.21238779933445628",
               "Audio": "",
               "AnnounceDistance": 20.0
          },
          {
               "Name": "Holland Road",
               "Location": "51.49691418034413, -0.20547552514344386",
               "Audio": "",
               "AnnounceDistance": 20.0
          },
          {
               "Name": "Warwick Gardens",
               "Location": "51.49765554300474, -0.20338620658965542",
               "Audio": "",
               "AnnounceDistance": 20.0
          },
          {
               "Name": "The Design Museum",
               "Location": "51.49855134577975, -0.20081529872742382",
               "Audio": "",
               "AnnounceDistance": 20.0
          },
          {
               "Name": "Phillimore Gardens",
               "Location": "51.49985412356574, -0.19664339107008377",
               "Audio": "",
               "AnnounceDistance": 20.0
          },
          {
               "Name": "High Street Kensington Station",
               "Location": "51.50081989774332, -0.1939541937795932",
               "Audio": "",
               "AnnounceDistance": 20.0
          },
          {
               "Name": "Kensington Church Street / Holland St",
               "Location": "51.503159401294106, -0.19171479547009518",
               "Audio": "",
               "AnnounceDistance": 20.0
          },
          {
               "Name": "Sheffield Terrace",
               "Location": "51.50612476387983, -0.19449374903043415",
               "Audio": "",
               "AnnounceDistance": 20.0
          },
          {
               "Name": "Notting Hill Gate Station",
               "Location": "51.508808305863795, -0.1953243491008784",
               "Audio": "",
               "AnnounceDistance": 20.0
          },
          {
               "Name": "Notting Hill Gate Stn / Pembridge Rd",
               "Location": "51.509487704029404, -0.19740147197505564",
               "Audio": "",
               "AnnounceDistance": 20.0
          },
          {
               "Name": "Chepstow Crescent",
               "Location": "51.513058639276146, -0.19746228017126283",
               "Audio": "",
               "AnnounceDistance": 20.0
          },
          {
               "Name": "Pembridge Villas / Westbourne Grove",
               "Location": "51.5147117439052, -0.19560988614157881",
               "Audio": "",
               "AnnounceDistance": 20.0
          },
          {
               "Name": "Chepstow Road / Westbourne Grove",
               "Location": "51.515153456043606, -0.19451149060258222",
               "Audio": "",
               "AnnounceDistance": 20.0
          },
          {
               "Name": "Queensway",
               "Location": "51.51562563406414, -0.19014018642721406",
               "Audio": "",
               "AnnounceDistance": 20.0
          },
          {
               "Name": "Porchester Terrace North",
               "Location": "51.51628733098155, -0.1869863565538081",
               "Audio": "",
               "AnnounceDistance": 20.0
          },
          {
               "Name": "Bishops Bridge Road / Westbourne Terrace",
               "Location": "51.5177652034969, -0.1813785184093897",
               "Audio": "",
               "AnnounceDistance": 20.0
          },
          {
               "Name": "Paddington Station",
               "Location": "51.516737118811044, -0.17366523609941836",
               "Audio": "",
               "AnnounceDistance": 20.0
          },
          {
               "Name": "St Marys Hospital",
               "Location": "51.517402172071144, -0.17248557016351934",
               "Audio": "",
               "AnnounceDistance": 20.0
          },
          {
               "Name": "Edgware Road Station",
               "Location": "51.51966526656413, -0.16768159808754374",
               "Audio": "",
               "AnnounceDistance": 20.0
          },
          {
               "Name": "Marylebone Station",
               "Location": "51.52138958814889, -0.1623654867629637",
               "Audio": "",
               "AnnounceDistance": 20.0
          },
          {
               "Name": "Old Marylebone Town Hall",
               "Location": "51.522010512777506, -0.1589530207846255",
               "Audio": "",
               "AnnounceDistance": 20.0
          },
          {
               "Name": "Baker Street Station",
               "Location": "51.52245439183273, -0.15629718957250077",
               "Audio": "",
               "AnnounceDistance": 20.0
          },
          {
               "Name": "Harley Street",
               "Location": "51.52337317081806, -0.14954259079284848",
               "Audio": "",
               "AnnounceDistance": 20.0
          },
          {
               "Name": "Regents Park Station",
               "Location": "51.52373982324455, -0.14713478114426873",
               "Audio": "",
               "AnnounceDistance": 20.0
          },
          {
               "Name": "Great Portland St Stn / Euston Rd",
               "Location": "51.5240812140785, -0.14256564076115433",
               "Audio": "",
               "AnnounceDistance": 20.0
          },
          {
               "Name": "Hampstead Road / Drummond Street",
               "Location": "51.526061589745474, -0.1387224512997303",
               "Audio": "",
               "AnnounceDistance": 20.0
          },
          {
               "Name": "Robert Street",
               "Location": "51.5273658006111, -0.13874134629653492",
               "Audio": "",
               "AnnounceDistance": 20.0
          },
          {
               "Name": "Mornington Crescent Station",
               "Location": "51.534065140774686, -0.13930436516830907",
               "Audio": "",
               "AnnounceDistance": 20.0
          },
          {
               "Name": "Camden High Street",
               "Location": "51.53651324667789, -0.1405743693321895",
               "Audio": "",
               "AnnounceDistance": 20.0
          },
          {
               "Name": "Camden Town Station",
               "Location": "51.53842967026495, -0.14234202120727896",
               "Audio": "",
               "AnnounceDistance": 20.0
          },
          {
               "Name": "Hartland Road / Camden Market",
               "Location": "51.54228804953514, -0.14692947344706114",
               "Audio": "",
               "AnnounceDistance": 20.0
          }
     ]
}