{
     "RouteNumber": "281",
     "Destination": "Broad Street / Teddington",
     "RouteAudio": "",
     "DestinationAudio": "",
     "Stops": [
          {
               "Name": "Hounslow Bus Station",
               "Location": "51.47089505450649, -0.354800514237405",
               "Audio": "",
               "AnnounceDistance": 20.0
          },
          {
               "Name": "Douglas Road",
               "Location": "51.46833164769258, -0.36053653429556665",
               "Audio": "",
               "AnnounceDistance": 20.0
          },
          {
               "Name": "Grove Road",
               "Location": "51.467081917896735, -0.3624817424254994",
               "Audio": "",
               "AnnounceDistance": 20.0
          },
          {
               "Name": "Pownall Gardens",
               "Location": "51.46410794676481, -0.36266017579283266",
               "Audio": "",
               "AnnounceDistance": 20.0
          },
          {
               "Name": "Hounslow Station",
               "Location": "51.46264172225218, -0.36262627570766615",
               "Audio": "",
               "AnnounceDistance": 20.0
          },
          {
               "Name": "Park Road",
               "Location": "51.45981712640992, -0.36255461909442294",
               "Audio": "",
               "AnnounceDistance": 20.0
          },
          {
               "Name": "Whitton Dene",
               "Location": "51.45808844469892, -0.362400566177743",
               "Audio": "",
               "AnnounceDistance": 20.0
          },
          {
               "Name": "Whitton Church",
               "Location": "51.45588838931221, -0.3600467827161722",
               "Audio": "",
               "AnnounceDistance": 20.0
          },
          {
               "Name": "South Road / Fulwell",
               "Location": "51.43583005531592, -0.3494136297284183",
               "Audio": "",
               "AnnounceDistance": 20.0
          },
          {
               "Name": "Fulwell Station",
               "Location": "51.43389762064118, -0.34628943404012885",
               "Audio": "",
               "AnnounceDistance": 20.0
          },
          {
               "Name": "Princes Road",
               "Location": "51.43094460367191, -0.34540343829571946",
               "Audio": "",
               "AnnounceDistance": 20.0
          },
          {
               "Name": "Gloucester Road",
               "Location": "51.4288741560274, -0.34270190199041034",
               "Audio": "",
               "AnnounceDistance": 20.0
          },
          {
               "Name": "Teddington Memorial Hospital",
               "Location": "51.42691740506225, -0.3404136374362633",
               "Audio": "",
               "AnnounceDistance": 20.0
          },
          {
               "Name": "Broad Street / Teddington",
               "Location": "51.42606695608644, -0.33687715688898023",
               "Audio": "",
               "AnnounceDistance": 20.0
          }
     ]
}