{
     "RouteNumber": "281",
     "Destination": "London Road / Twickenham",
     "RouteAudio": "",
     "DestinationAudio": "",
     "Stops": [
          {
               "Name": "Tolworth Station",
               "Location": "51.37753512419405, -0.2796085268566221",
               "Audio": "",
               "AnnounceDistance": 20.0
          },
          {
               "Name": "Tolworth Broadway",
               "Location": "51.380314482645055, -0.28210528531876466",
               "Audio": "",
               "AnnounceDistance": 20.0
          },
          {
               "Name": "Princes Avenue",
               "Location": "51.382208851496344, -0.28496595227312316",
               "Audio": "",
               "AnnounceDistance": 20.0
          },
          {
               "Name": "King Charles Road",
               "Location": "51.3830284144137, -0.288125637552301",
               "Audio": "",
               "AnnounceDistance": 20.0
          },
          {
               "Name": "Broomfield Road",
               "Location": "51.38452305520789, -0.2931860419562837",
               "Audio": "",
               "AnnounceDistance": 20.0
          },
          {
               "Name": "Hollyfield Road",
               "Location": "51.38576983840984, -0.2960571029163717",
               "Audio": "",
               "AnnounceDistance": 20.0
          },
          {
               "Name": "Browns Road",
               "Location": "51.38811831401718, -0.2973927359911815",
               "Audio": "",
               "AnnounceDistance": 20.0
          },
          {
               "Name": "Surbiton Health Centre",
               "Location": "51.39058530126727, -0.29822104642372327",
               "Audio": "",
               "AnnounceDistance": 20.0
          },
          {
               "Name": "South Terrace",
               "Location": "51.393903607899816, -0.29884537881733825",
               "Audio": "",
               "AnnounceDistance": 20.0
          },
          {
               "Name": "St Marks Church",
               "Location": "51.39479164681486, -0.300551750686392",
               "Audio": "",
               "AnnounceDistance": 20.0
          },
          {
               "Name": "Surbiton Station",
               "Location": "51.39349328533313, -0.303417179115381",
               "Audio": "",
               "AnnounceDistance": 20.0
          },
          {
               "Name": "Claremont Road / Surbiton Station",
               "Location": "51.393732740884815, -0.30442888517200917",
               "Audio": "",
               "AnnounceDistance": 20.0
          },
          {
               "Name": "The Crescent",
               "Location": "51.39626456547081, -0.30414840179353597",
               "Audio": "",
               "AnnounceDistance": 20.0
          },
          {
               "Name": "Maple Road",
               "Location": "51.39864542117104, -0.30462100375620443",
               "Audio": "",
               "AnnounceDistance": 20.0
          },
          {
               "Name": "Surbiton Road / Penrhyn Road",
               "Location": "51.40123558335945, -0.3040220541094521",
               "Audio": "",
               "AnnounceDistance": 20.0
          },
          {
               "Name": "Kingston University / County Hall",
               "Location": "51.40326591878627, -0.3045076574283928",
               "Audio": "",
               "AnnounceDistance": 20.0
          },
          {
               "Name": "Kingston Crown Court / Kingston College",
               "Location": "51.40633491970367, -0.30406345565730947",
               "Audio": "",
               "AnnounceDistance": 20.0
          },
          {
               "Name": "Brook Street",
               "Location": "51.408705791332196, -0.3038463296130796",
               "Audio": "",
               "AnnounceDistance": 20.0
          },
          {
               "Name": "Eden Street",
               "Location": "51.40998336905154, -0.3026487144362572",
               "Audio": "",
               "AnnounceDistance": 20.0
          },
          {
               "Name": "Kingston Station",
               "Location": "51.41257156629465, -0.30315682661516025",
               "Audio": "",
               "AnnounceDistance": 20.0
          },
          {
               "Name": "Wood Street",
               "Location": "51.41139274914263, -0.3055874958194355",
               "Audio": "",
               "AnnounceDistance": 20.0
          },
          {
               "Name": "Lower Teddington Road",
               "Location": "51.41264246422648, -0.3111782806267944",
               "Audio": "",
               "AnnounceDistance": 20.0
          },
          {
               "Name": "Hampton Wick Station",
               "Location": "51.41451980348786, -0.3129066819423871",
               "Audio": "",
               "AnnounceDistance": 20.0
          },
          {
               "Name": "Woffington Close",
               "Location": "51.41714867708399, -0.3149958823336074",
               "Audio": "",
               "AnnounceDistance": 20.0
          },
          {
               "Name": "Fairfax Road",
               "Location": "51.41941066961625, -0.3172138507763404",
               "Audio": "",
               "AnnounceDistance": 20.0
          },
          {
               "Name": "St Marks Road",
               "Location": "51.42129039630398, -0.3191152527829632",
               "Audio": "",
               "AnnounceDistance": 20.0
          },
          {
               "Name": "Kingston Lane",
               "Location": "51.42411531584881, -0.321715735249738",
               "Audio": "",
               "AnnounceDistance": 20.0
          },
          {
               "Name": "Marston Road",
               "Location": "51.426956041295774, -0.3235391905199379",
               "Audio": "",
               "AnnounceDistance": 20.0
          },
          {
               "Name": "Teddington Lock",
               "Location": "51.42852442875684, -0.32379826035138604",
               "Audio": "",
               "AnnounceDistance": 20.0
          },
          {
               "Name": "Cambridge Road",
               "Location": "51.42727262131661, -0.3287060725750484",
               "Audio": "",
               "AnnounceDistance": 20.0
          },
          {
               "Name": "Elmfield Avenue",
               "Location": "51.42713241195806, -0.3321203340520324",
               "Audio": "",
               "AnnounceDistance": 20.0
          },
          {
               "Name": "Broad Street / Teddington",
               "Location": "51.425949910864276, -0.33686702193587365",
               "Audio": "",
               "AnnounceDistance": 20.0
          },
          {
               "Name": "Teddington Memorial Hospital",
               "Location": "51.427056903424024, -0.34073942809922814",
               "Audio": "",
               "AnnounceDistance": 20.0
          },
          {
               "Name": "Gloucester Road",
               "Location": "51.42930958958056, -0.3436068031718981",
               "Audio": "",
               "AnnounceDistance": 20.0
          },
          {
               "Name": "Princes Road",
               "Location": "51.43146117103981, -0.3456868815512024",
               "Audio": "",
               "AnnounceDistance": 20.0
          },
          {
               "Name": "Fulwell Station",
               "Location": "51.43485107674551, -0.3469455798829874",
               "Audio": "",
               "AnnounceDistance": 20.0
          },
          {
               "Name": "South Road / Fulwell",
               "Location": "51.43571483328572, -0.3495328806780841",
               "Audio": "",
               "AnnounceDistance": 20.0
          },
          {
               "Name": "Fulwell / Sixth Cross Road",
               "Location": "51.436635963077094, -0.35044925931601284",
               "Audio": "",
               "AnnounceDistance": 20.0
          },
          {
               "Name": "Trafalgar Road / Prince Of Wales",
               "Location": "51.44025579549033, -0.3469662914977088",
               "Audio": "",
               "AnnounceDistance": 20.0
          },
          {
               "Name": "The Prince Albert / Twickenham",
               "Location": "51.442033581324885, -0.3442257068499741",
               "Audio": "",
               "AnnounceDistance": 20.0
          },
          {
               "Name": "Twickenham Green",
               "Location": "51.444310374513734, -0.34053148134040345",
               "Audio": "",
               "AnnounceDistance": 20.0
          },
          {
               "Name": "Heath Road / Grove Avenue",
               "Location": "51.445414155977076, -0.33592973943074267",
               "Audio": "",
               "AnnounceDistance": 20.0
          },
          {
               "Name": "Heath Road / Twickenham",
               "Location": "51.44550946869264, -0.3306162339219127",
               "Audio": "",
               "AnnounceDistance": 20.0
          },
          {
               "Name": "London Road / Twickenham",
               "Location": "51.44830521008747, -0.3292910189425319",
               "Audio": "",
               "AnnounceDistance": 20.0
          }
     ]
}