{
     "RouteNumber": "281",
     "Destination": "Tolworth Station",
     "RouteAudio": "",
     "DestinationAudio": "",
     "Stops": [
          {
               "Name": "Hounslow Bus Station",
               "Location": "51.47089505450649, -0.354800514237405",
               "Audio": "",
               "AnnounceDistance": 20.0
          },
          {
               "Name": "Douglas Road",
               "Location": "51.46833164769258, -0.36053653429556665",
               "Audio": "",
               "AnnounceDistance": 20.0
          },
          {
               "Name": "Grove Road",
               "Location": "51.467081917896735, -0.3624817424254994",
               "Audio": "",
               "AnnounceDistance": 20.0
          },
          {
               "Name": "Pownall Gardens",
               "Location": "51.46410794676481, -0.36266017579283266",
               "Audio": "",
               "AnnounceDistance": 20.0
          },
          {
               "Name": "Hounslow Station",
               "Location": "51.46264172225218, -0.36262627570766615",
               "Audio": "",
               "AnnounceDistance": 20.0
          },
          {
               "Name": "Park Road",
               "Location": "51.45981712640992, -0.36255461909442294",
               "Audio": "",
               "AnnounceDistance": 20.0
          },
          {
               "Name": "Whitton Dene",
               "Location": "51.45808844469892, -0.362400566177743",
               "Audio": "",
               "AnnounceDistance": 20.0
          },
          {
               "Name": "Whitton Church",
               "Location": "51.45588838931221, -0.3600467827161722",
               "Audio": "",
               "AnnounceDistance": 20.0
          },
          {
               "Name": "The Admiral Nelson / Whitton",
               "Location": "51.4534647195545, -0.3571399271388103",
               "Audio": "",
               "AnnounceDistance": 20.0
          },
          {
               "Name": "Warren Road",
               "Location": "51.45390889932027, -0.35290684433894953",
               "Audio": "",
               "AnnounceDistance": 20.0
          },
          {
               "Name": "Kneller Hall",
               "Location": "51.453813120531464, -0.34801669216542913",
               "Audio": "",
               "AnnounceDistance": 20.0
          },
          {
               "Name": "Tayben Avenue",
               "Location": "51.45423399475456, -0.34215790911776545",
               "Audio": "",
               "AnnounceDistance": 20.0
          },
          {
               "Name": "Twickenham Stadium",
               "Location": "51.45497521048415, -0.33925239336800805",
               "Audio": "",
               "AnnounceDistance": 20.0
          },
          {
               "Name": "Chudleigh Road",
               "Location": "51.45333317730316, -0.33569938524730925",
               "Audio": "",
               "AnnounceDistance": 20.0
          },
          {
               "Name": "Heatham House",
               "Location": "51.451213885070196, -0.332739707128241",
               "Audio": "",
               "AnnounceDistance": 20.0
          },
          {
               "Name": "Twickenham Station",
               "Location": "51.450180242290934, -0.33087763819721117",
               "Audio": "",
               "AnnounceDistance": 20.0
          },
          {
               "Name": "London Road / Twickenham",
               "Location": "51.448519480407974, -0.32918245901976273",
               "Audio": "",
               "AnnounceDistance": 20.0
          },
          {
               "Name": "Heath Road / Twickenham",
               "Location": "51.44528948558412, -0.33095523258030485",
               "Audio": "",
               "AnnounceDistance": 20.0
          },
          {
               "Name": "Heath Road / Grove Avenue",
               "Location": "51.44525768388327, -0.3363095742675194",
               "Audio": "",
               "AnnounceDistance": 20.0
          },
          {
               "Name": "Twickenham Green",
               "Location": "51.4438123516916, -0.34092366862027973",
               "Audio": "",
               "AnnounceDistance": 20.0
          },
          {
               "Name": "The Prince Albert / Twickenham",
               "Location": "51.44236191021262, -0.34327852523264146",
               "Audio": "",
               "AnnounceDistance": 20.0
          },
          {
               "Name": "Trafalgar Road / Prince Of Wales",
               "Location": "51.43953731162592, -0.3476684873145823",
               "Audio": "",
               "AnnounceDistance": 20.0
          },
          {
               "Name": "Fulwell / Sixth Cross Road",
               "Location": "51.436847016460504, -0.350110741904389",
               "Audio": "",
               "AnnounceDistance": 20.0
          },
          {
               "Name": "South Road / Fulwell",
               "Location": "51.43583005531592, -0.3494136297284183",
               "Audio": "",
               "AnnounceDistance": 20.0
          },
          {
               "Name": "Fulwell Station",
               "Location": "51.43389762064118, -0.34628943404012885",
               "Audio": "",
               "AnnounceDistance": 20.0
          },
          {
               "Name": "Princes Road",
               "Location": "51.43094460367191, -0.34540343829571946",
               "Audio": "",
               "AnnounceDistance": 20.0
          },
          {
               "Name": "Gloucester Road",
               "Location": "51.4288741560274, -0.34270190199041034",
               "Audio": "",
               "AnnounceDistance": 20.0
          },
          {
               "Name": "Teddington Memorial Hospital",
               "Location": "51.42691740506225, -0.3404136374362633",
               "Audio": "",
               "AnnounceDistance": 20.0
          },
          {
               "Name": "Broad Street / Teddington",
               "Location": "51.42606695608644, -0.33687715688898023",
               "Audio": "",
               "AnnounceDistance": 20.0
          },
          {
               "Name": "Elmfield Avenue",
               "Location": "51.427116091783354, -0.3335018473094721",
               "Audio": "",
               "AnnounceDistance": 20.0
          },
          {
               "Name": "Cambridge Road",
               "Location": "51.42751809160377, -0.3276326483114346",
               "Audio": "",
               "AnnounceDistance": 20.0
          },
          {
               "Name": "Teddington Lock",
               "Location": "51.42850450910502, -0.32492102109931587",
               "Audio": "",
               "AnnounceDistance": 20.0
          },
          {
               "Name": "Marston Road",
               "Location": "51.42610482006253, -0.32312442947877057",
               "Audio": "",
               "AnnounceDistance": 20.0
          },
          {
               "Name": "Kingston Lane",
               "Location": "51.42383971415399, -0.32130870799668804",
               "Audio": "",
               "AnnounceDistance": 20.0
          },
          {
               "Name": "St Marks Road",
               "Location": "51.421606615431095, -0.3192187147307599",
               "Audio": "",
               "AnnounceDistance": 20.0
          },
          {
               "Name": "Fairfax Road",
               "Location": "51.418723173460656, -0.3163042711081542",
               "Audio": "",
               "AnnounceDistance": 20.0
          },
          {
               "Name": "Woffington Close",
               "Location": "51.416708173493845, -0.31437930104768264",
               "Audio": "",
               "AnnounceDistance": 20.0
          },
          {
               "Name": "Hampton Wick Station",
               "Location": "51.41416204110475, -0.31241653322501783",
               "Audio": "",
               "AnnounceDistance": 20.0
          },
          {
               "Name": "Lower Teddington Road",
               "Location": "51.41208779428595, -0.31075294224643923",
               "Audio": "",
               "AnnounceDistance": 20.0
          },
          {
               "Name": "Kingston / Wood Street",
               "Location": "51.411628506201566, -0.30572257771792294",
               "Audio": "",
               "AnnounceDistance": 20.0
          },
          {
               "Name": "Cromwell Road Bus Station",
               "Location": "51.4123301725393, -0.29767261029875935",
               "Audio": "",
               "AnnounceDistance": 20.0
          },
          {
               "Name": "Eden Street",
               "Location": "51.41002539320748, -0.3024458486668078",
               "Audio": "",
               "AnnounceDistance": 20.0
          },
          {
               "Name": "Brook Street",
               "Location": "51.408325605560634, -0.3036734740824635",
               "Audio": "",
               "AnnounceDistance": 20.0
          },
          {
               "Name": "Kingston University / County Hall",
               "Location": "51.40433965733532, -0.3041372662122458",
               "Audio": "",
               "AnnounceDistance": 20.0
          },
          {
               "Name": "Surbiton Crescent",
               "Location": "51.40068754313901, -0.30405670166306015",
               "Audio": "",
               "AnnounceDistance": 20.0
          },
          {
               "Name": "Maple Road",
               "Location": "51.398996980033274, -0.30467988451875433",
               "Audio": "",
               "AnnounceDistance": 20.0
          },
          {
               "Name": "The Crescent",
               "Location": "51.39566950711885, -0.30404103381751524",
               "Audio": "",
               "AnnounceDistance": 20.0
          },
          {
               "Name": "Surbiton Station",
               "Location": "51.393550700423724, -0.30427750030615225",
               "Audio": "",
               "AnnounceDistance": 20.0
          },
          {
               "Name": "St Marks Church",
               "Location": "51.394960120513225, -0.3003873877808739",
               "Audio": "",
               "AnnounceDistance": 20.0
          },
          {
               "Name": "South Terrace / Surbiton Library",
               "Location": "51.39263970366477, -0.29850416552158915",
               "Audio": "",
               "AnnounceDistance": 20.0
          },
          {
               "Name": "Surbiton Health Centre",
               "Location": "51.39078094350628, -0.2980700554865314",
               "Audio": "",
               "AnnounceDistance": 20.0
          },
          {
               "Name": "Browns Road",
               "Location": "51.38777198181793, -0.297075027925419",
               "Audio": "",
               "AnnounceDistance": 20.0
          },
          {
               "Name": "Hollyfield Road",
               "Location": "51.386003935345954, -0.29607715140429",
               "Audio": "",
               "AnnounceDistance": 20.0
          },
          {
               "Name": "Broomfield Road",
               "Location": "51.38463884849774, -0.2931098775013475",
               "Audio": "",
               "AnnounceDistance": 20.0
          },
          {
               "Name": "King Charles Road",
               "Location": "51.38312538967327, -0.28799268164385",
               "Audio": "",
               "AnnounceDistance": 20.0
          },
          {
               "Name": "Princes Avenue",
               "Location": "51.38240678923998, -0.2849729240309997",
               "Audio": "",
               "AnnounceDistance": 20.0
          },
          {
               "Name": "Tolworth Broadway",
               "Location": "51.37990807612264, -0.2813732688178996",
               "Audio": "",
               "AnnounceDistance": 20.0
          },
          {
               "Name": "Tolworth Station",
               "Location": "51.37753512419405, -0.2796085268566221",
               "Audio": "",
               "AnnounceDistance": 20.0
          }
     ]
}