{
     "RouteNumber": "283",
     "Destination": "Brunel Road",
     "RouteAudio": "",
     "DestinationAudio": "",
     "Stops": [
          {
               "Name": "Hammersmith Bus Station",
               "Location": "51.49213388156773, -0.22402992550779535",
               "Audio": "",
               "AnnounceDistance": 20.0
          },
          {
               "Name": "Hammersmith Library",
               "Location": "51.493617851821746, -0.2240442816449077",
               "Audio": "",
               "AnnounceDistance": 20.0
          },
          {
               "Name": "Brook Green",
               "Location": "51.497661937690786, -0.22269131706197365",
               "Audio": "",
               "AnnounceDistance": 20.0
          },
          {
               "Name": "Blythe Road",
               "Location": "51.50056700381763, -0.22213165919085426",
               "Audio": "",
               "AnnounceDistance": 20.0
          },
          {
               "Name": "Goldhawk Road",
               "Location": "51.50245688111693, -0.22282175977028895",
               "Audio": "",
               "AnnounceDistance": 20.0
          },
          {
               "Name": "Shepherds Bush Green",
               "Location": "51.504289031531314, -0.22445074929064546",
               "Audio": "",
               "AnnounceDistance": 20.0
          },
          {
               "Name": "Shepherds Bush Market Station",
               "Location": "51.50558311758098, -0.2273687962875027",
               "Audio": "",
               "AnnounceDistance": 20.0
          },
          {
               "Name": "Loftus Road",
               "Location": "51.50601704971213, -0.22990245472118895",
               "Audio": "",
               "AnnounceDistance": 20.0
          },
          {
               "Name": "Bloemfontein Road",
               "Location": "51.506384580271295, -0.23340418021723663",
               "Audio": "",
               "AnnounceDistance": 20.0
          },
          {
               "Name": "Adelaide Grove",
               "Location": "51.506372163215644, -0.2367621197912877",
               "Audio": "",
               "AnnounceDistance": 20.0
          },
          {
               "Name": "Galloway Road",
               "Location": "51.50639183358027, -0.23926864787673988",
               "Audio": "",
               "AnnounceDistance": 20.0
          },
          {
               "Name": "Wormholt Road",
               "Location": "51.50908891001296, -0.2410236335308211",
               "Audio": "",
               "AnnounceDistance": 20.0
          },
          {
               "Name": "Bryony Road",
               "Location": "51.511348197213565, -0.23997106121559283",
               "Audio": "",
               "AnnounceDistance": 20.0
          },
          {
               "Name": "Commonwealth Avenue",
               "Location": "51.51118700903962, -0.2346307133068891",
               "Audio": "",
               "AnnounceDistance": 20.0
          },
          {
               "Name": "Queens Park Rangers Football Stadium",
               "Location": "51.50994836606052, -0.23299252593570802",
               "Audio": "",
               "AnnounceDistance": 20.0
          },
          {
               "Name": "Mandela Close",
               "Location": "51.51134802820335, -0.2292058502133234",
               "Audio": "",
               "AnnounceDistance": 20.0
          },
          {
               "Name": "Westway",
               "Location": "51.513316805273895, -0.22559858981983633",
               "Audio": "",
               "AnnounceDistance": 20.0
          },
          {
               "Name": "Cavell House",
               "Location": "51.515924049461105, -0.22675117963733443",
               "Audio": "",
               "AnnounceDistance": 20.0
          },
          {
               "Name": "Latymer Upper School / Playing Fields",
               "Location": "51.51666667770003, -0.2288842826886056",
               "Audio": "",
               "AnnounceDistance": 20.0
          },
          {
               "Name": "Hammersmith Hospital",
               "Location": "51.51615929958718, -0.23459701659106144",
               "Audio": "",
               "AnnounceDistance": 20.0
          },
          {
               "Name": "Wulfstan Street",
               "Location": "51.51550293129695, -0.24358701398101548",
               "Audio": "",
               "AnnounceDistance": 20.0
          },
          {
               "Name": "East Acton Station",
               "Location": "51.51518201656513, -0.24858606899263305",
               "Audio": "",
               "AnnounceDistance": 20.0
          },
          {
               "Name": "The Fairway",
               "Location": "51.51695882138015, -0.2501465852641779",
               "Audio": "",
               "AnnounceDistance": 20.0
          },
          {
               "Name": "Long Drive",
               "Location": "51.51896430203905, -0.2507615775626346",
               "Audio": "",
               "AnnounceDistance": 20.0
          },
          {
               "Name": "Brunel Road",
               "Location": "51.5198055952294, -0.2535112284341919",
               "Audio": "",
               "AnnounceDistance": 20.0
          }
     ]
}