{
     "RouteNumber": "283",
     "Destination": "Hammersmith Bus Station",
     "RouteAudio": "",
     "DestinationAudio": "",
     "Stops": [
          {
               "Name": "Brunel Road",
               "Location": "51.51993689072615, -0.2514594249103659",
               "Audio": "",
               "AnnounceDistance": 20.0
          },
          {
               "Name": "The Fairway",
               "Location": "51.518257066769564, -0.25037068433584203",
               "Audio": "",
               "AnnounceDistance": 20.0
          },
          {
               "Name": "East Acton Station / Erconwald Street",
               "Location": "51.515771391224284, -0.24951469688371636",
               "Audio": "",
               "AnnounceDistance": 20.0
          },
          {
               "Name": "East Acton Station / Fitzneal Street",
               "Location": "51.51535035963423, -0.24781574905836182",
               "Audio": "",
               "AnnounceDistance": 20.0
          },
          {
               "Name": "Wulfstan Street",
               "Location": "51.5156736744355, -0.24177886862419207",
               "Audio": "",
               "AnnounceDistance": 20.0
          },
          {
               "Name": "Hammersmith Hospital",
               "Location": "51.51625989276335, -0.23470842981846762",
               "Audio": "",
               "AnnounceDistance": 20.0
          },
          {
               "Name": "Latymer Upper School / Playing Fields",
               "Location": "51.516871274106876, -0.22814128221362198",
               "Audio": "",
               "AnnounceDistance": 20.0
          },
          {
               "Name": "Cavell House",
               "Location": "51.516372970408035, -0.22670491962123013",
               "Audio": "",
               "AnnounceDistance": 20.0
          },
          {
               "Name": "White City Estate",
               "Location": "51.51455010004951, -0.23223796820093964",
               "Audio": "",
               "AnnounceDistance": 20.0
          },
          {
               "Name": "Westway",
               "Location": "51.51383152196341, -0.23527790544102314",
               "Audio": "",
               "AnnounceDistance": 20.0
          },
          {
               "Name": "Commonwealth Avenue",
               "Location": "51.51118700903962, -0.2346307133068891",
               "Audio": "",
               "AnnounceDistance": 20.0
          },
          {
               "Name": "Ellerslie Road",
               "Location": "51.50831619736101, -0.23448229308670168",
               "Audio": "",
               "AnnounceDistance": 20.0
          },
          {
               "Name": "Bloemfontein Road",
               "Location": "51.506541483371706, -0.23367189705008354",
               "Audio": "",
               "AnnounceDistance": 20.0
          },
          {
               "Name": "Loftus Road",
               "Location": "51.50629592820194, -0.23110206054194826",
               "Audio": "",
               "AnnounceDistance": 20.0
          },
          {
               "Name": "Shepherds Bush Market Station",
               "Location": "51.50574553921623, -0.22740572161787112",
               "Audio": "",
               "AnnounceDistance": 20.0
          },
          {
               "Name": "Shepherds Bush Green",
               "Location": "51.5046241969564, -0.22105156728450837",
               "Audio": "",
               "AnnounceDistance": 20.0
          },
          {
               "Name": "Shepherds Bush Station",
               "Location": "51.503879635124434, -0.21998548420758152",
               "Audio": "",
               "AnnounceDistance": 20.0
          },
          {
               "Name": "Goldhawk Road",
               "Location": "51.502735045775914, -0.2227821211727623",
               "Audio": "",
               "AnnounceDistance": 20.0
          },
          {
               "Name": "Blythe Road",
               "Location": "51.499351558157315, -0.22203488183222897",
               "Audio": "",
               "AnnounceDistance": 20.0
          },
          {
               "Name": "Brook Green",
               "Location": "51.496866445925065, -0.22301039447285395",
               "Audio": "",
               "AnnounceDistance": 20.0
          },
          {
               "Name": "Hammersmith Library",
               "Location": "51.494298476813604, -0.2238593646043517",
               "Audio": "",
               "AnnounceDistance": 20.0
          },
          {
               "Name": "Hammersmith Bus Station",
               "Location": "51.49263415510083, -0.22321818766052293",
               "Audio": "",
               "AnnounceDistance": 20.0
          }
     ]
}