{
     "RouteNumber": "284",
     "Destination": "Grove Park Cemetery",
     "RouteAudio": "",
     "DestinationAudio": "",
     "Stops": [
          {
               "Name": "Lewisham Station",
               "Location": "51.46405398213337, -0.012468623778652543",
               "Audio": "",
               "AnnounceDistance": 20.0
          },
          {
               "Name": "Lewisham Centre",
               "Location": "51.46064470828161, -0.010817286142982723",
               "Audio": "",
               "AnnounceDistance": 20.0
          },
          {
               "Name": "Morley Road",
               "Location": "51.45886265588817, -0.01231988804882738",
               "Audio": "",
               "AnnounceDistance": 20.0
          },
          {
               "Name": "Wearside Road",
               "Location": "51.45662655127686, -0.016749753997372194",
               "Audio": "",
               "AnnounceDistance": 20.0
          },
          {
               "Name": "Ladywell Station",
               "Location": "51.45645806318234, -0.02114733696050294",
               "Audio": "",
               "AnnounceDistance": 20.0
          },
          {
               "Name": "Phoebeth Road",
               "Location": "51.45529686411121, -0.023745292735047472",
               "Audio": "",
               "AnnounceDistance": 20.0
          },
          {
               "Name": "Gordonbrock Road",
               "Location": "51.453845114738556, -0.02671548498891343",
               "Audio": "",
               "AnnounceDistance": 20.0
          },
          {
               "Name": "Foxborough Gardens",
               "Location": "51.453341716587076, -0.029399965002519353",
               "Audio": "",
               "AnnounceDistance": 20.0
          },
          {
               "Name": "Bexhill Road",
               "Location": "51.45261133085681, -0.030352578219716955",
               "Audio": "",
               "AnnounceDistance": 20.0
          },
          {
               "Name": "Ewhurst Road",
               "Location": "51.45112014545985, -0.02991301687853826",
               "Audio": "",
               "AnnounceDistance": 20.0
          },
          {
               "Name": "Bankhurst Road",
               "Location": "51.448580471414466, -0.029691328740556834",
               "Audio": "",
               "AnnounceDistance": 20.0
          },
          {
               "Name": "Bourneville Road",
               "Location": "51.4464908729983, -0.028960983634676758",
               "Audio": "",
               "AnnounceDistance": 20.0
          },
          {
               "Name": "Sussex Mews",
               "Location": "51.444254440566674, -0.02645260522629279",
               "Audio": "",
               "AnnounceDistance": 20.0
          },
          {
               "Name": "Catford Catford Bridge Stations",
               "Location": "51.44449059806769, -0.02445652309985291",
               "Audio": "",
               "AnnounceDistance": 20.0
          },
          {
               "Name": "Catford Road / Lewisham Town Hall",
               "Location": "51.44500944119138, -0.020563018383768672",
               "Audio": "",
               "AnnounceDistance": 20.0
          },
          {
               "Name": "Plassy Road",
               "Location": "51.44524426080958, -0.01743005338751243",
               "Audio": "",
               "AnnounceDistance": 20.0
          },
          {
               "Name": "Holy Cross School",
               "Location": "51.44313385574848, -0.014413180178410553",
               "Audio": "",
               "AnnounceDistance": 20.0
          },
          {
               "Name": "Sangley Road / St Fillans Road",
               "Location": "51.44233238078991, -0.01063461390782014",
               "Audio": "",
               "AnnounceDistance": 20.0
          },
          {
               "Name": "Sandhurst Road / St Andrews Church",
               "Location": "51.44217730030309, -0.0015181627288215014",
               "Audio": "",
               "AnnounceDistance": 20.0
          },
          {
               "Name": "Minard Road",
               "Location": "51.44221794410146, 0.0008435576365353532",
               "Audio": "",
               "AnnounceDistance": 20.0
          },
          {
               "Name": "Sandhurst Road / Verdant Lane",
               "Location": "51.442269983672006, 0.0030618822622305204",
               "Audio": "",
               "AnnounceDistance": 20.0
          },
          {
               "Name": "Verdant Lane / Sandhurst Road",
               "Location": "51.44181221619546, 0.004063527313047269",
               "Audio": "",
               "AnnounceDistance": 20.0
          },
          {
               "Name": "Pasture Road",
               "Location": "51.43990227547386, 0.005318113031561327",
               "Audio": "",
               "AnnounceDistance": 20.0
          },
          {
               "Name": "Hither Green Cemetery",
               "Location": "51.43708374704781, 0.006590329880581804",
               "Audio": "",
               "AnnounceDistance": 20.0
          },
          {
               "Name": "Whitefoot Lane",
               "Location": "51.434265060893956, 0.009445005605789489",
               "Audio": "",
               "AnnounceDistance": 20.0
          },
          {
               "Name": "Northover / Shroffold Road",
               "Location": "51.430351638537296, 0.011632625288055141",
               "Audio": "",
               "AnnounceDistance": 20.0
          },
          {
               "Name": "Downham Way / Northover",
               "Location": "51.429086734756225, 0.013547921477402906",
               "Audio": "",
               "AnnounceDistance": 20.0
          },
          {
               "Name": "The Green",
               "Location": "51.43060548309485, 0.01726881579289013",
               "Audio": "",
               "AnnounceDistance": 20.0
          },
          {
               "Name": "Grove Park Station",
               "Location": "51.43078383236493, 0.019966920591742758",
               "Audio": "",
               "AnnounceDistance": 20.0
          },
          {
               "Name": "St Augustines Church",
               "Location": "51.43362774184575, 0.02088367084631754",
               "Audio": "",
               "AnnounceDistance": 20.0
          },
          {
               "Name": "Baring Road / Coopers Lane",
               "Location": "51.43523511110139, 0.01997624484865594",
               "Audio": "",
               "AnnounceDistance": 20.0
          },
          {
               "Name": "Coopers Lane",
               "Location": "51.436204848127296, 0.02214846053673322",
               "Audio": "",
               "AnnounceDistance": 20.0
          },
          {
               "Name": "Edward Tyler Road",
               "Location": "51.43422562144516, 0.026880848767187163",
               "Audio": "",
               "AnnounceDistance": 20.0
          },
          {
               "Name": "Marvels Lane / Chinbrook Road",
               "Location": "51.43197462094603, 0.031197946685267288",
               "Audio": "",
               "AnnounceDistance": 20.0
          },
          {
               "Name": "Lambscroft Avenue",
               "Location": "51.430376166754385, 0.03262321930878433",
               "Audio": "",
               "AnnounceDistance": 20.0
          },
          {
               "Name": "Grove Park Cemetery",
               "Location": "51.42636922372988, 0.033955817921735375",
               "Audio": "",
               "AnnounceDistance": 20.0
          }
     ]
}