{
     "RouteNumber": "285",
     "Destination": "Heathrow Central Bus Station",
     "RouteAudio": "",
     "DestinationAudio": "",
     "Stops": [
          {
               "Name": "Kingston Station",
               "Location": "51.41257156629465, -0.30315682661516025",
               "Audio": "",
               "AnnounceDistance": 20.0
          },
          {
               "Name": "Wood Street",
               "Location": "51.41139274914263, -0.3055874958194355",
               "Audio": "",
               "AnnounceDistance": 20.0
          },
          {
               "Name": "Lower Teddington Road",
               "Location": "51.41264246422648, -0.3111782806267944",
               "Audio": "",
               "AnnounceDistance": 20.0
          },
          {
               "Name": "Hampton Wick Station",
               "Location": "51.41451980348786, -0.3129066819423871",
               "Audio": "",
               "AnnounceDistance": 20.0
          },
          {
               "Name": "Woffington Close",
               "Location": "51.41714867708399, -0.3149958823336074",
               "Audio": "",
               "AnnounceDistance": 20.0
          },
          {
               "Name": "Fairfax Road",
               "Location": "51.41941066961625, -0.3172138507763404",
               "Audio": "",
               "AnnounceDistance": 20.0
          },
          {
               "Name": "St Marks Road",
               "Location": "51.42129039630398, -0.3191152527829632",
               "Audio": "",
               "AnnounceDistance": 20.0
          },
          {
               "Name": "Kingston Lane",
               "Location": "51.42411531584881, -0.321715735249738",
               "Audio": "",
               "AnnounceDistance": 20.0
          },
          {
               "Name": "Marston Road",
               "Location": "51.426956041295774, -0.3235391905199379",
               "Audio": "",
               "AnnounceDistance": 20.0
          },
          {
               "Name": "Teddington Lock",
               "Location": "51.42852442875684, -0.32379826035138604",
               "Audio": "",
               "AnnounceDistance": 20.0
          },
          {
               "Name": "Cambridge Road",
               "Location": "51.42727262131661, -0.3287060725750484",
               "Audio": "",
               "AnnounceDistance": 20.0
          },
          {
               "Name": "Elmfield Avenue",
               "Location": "51.42713241195806, -0.3321203340520324",
               "Audio": "",
               "AnnounceDistance": 20.0
          },
          {
               "Name": "Broad Street / Teddington",
               "Location": "51.425949910864276, -0.33686702193587365",
               "Audio": "",
               "AnnounceDistance": 20.0
          },
          {
               "Name": "Teddington Memorial Hospital",
               "Location": "51.42644593627555, -0.3407759421203661",
               "Audio": "",
               "AnnounceDistance": 20.0
          },
          {
               "Name": "National Physical Laboratory",
               "Location": "51.42703729761714, -0.34380404384845853",
               "Audio": "",
               "AnnounceDistance": 20.0
          },
          {
               "Name": "Oxford Road",
               "Location": "51.4280218525552, -0.3498532322166452",
               "Audio": "",
               "AnnounceDistance": 20.0
          },
          {
               "Name": "Parkside",
               "Location": "51.42844866890165, -0.35462804854026475",
               "Audio": "",
               "AnnounceDistance": 20.0
          },
          {
               "Name": "Cross Street",
               "Location": "51.42628740972626, -0.35633109883607766",
               "Audio": "",
               "AnnounceDistance": 20.0
          },
          {
               "Name": "Holly Road",
               "Location": "51.424483826452864, -0.3578917131659882",
               "Audio": "",
               "AnnounceDistance": 20.0
          },
          {
               "Name": "Ormond Drive",
               "Location": "51.42201618662247, -0.3601951264234444",
               "Audio": "",
               "AnnounceDistance": 20.0
          },
          {
               "Name": "Hanworth Road",
               "Location": "51.42518019816207, -0.3633182582626918",
               "Audio": "",
               "AnnounceDistance": 20.0
          },
          {
               "Name": "Windmill Road",
               "Location": "51.42931475862616, -0.3651125343858253",
               "Audio": "",
               "AnnounceDistance": 20.0
          },
          {
               "Name": "Park Road",
               "Location": "51.4307422988912, -0.36624120490307144",
               "Audio": "",
               "AnnounceDistance": 20.0
          },
          {
               "Name": "Queens Road",
               "Location": "51.43328757306951, -0.36885506478892455",
               "Audio": "",
               "AnnounceDistance": 20.0
          },
          {
               "Name": "Longford Close",
               "Location": "51.434434865940176, -0.3724684528465531",
               "Audio": "",
               "AnnounceDistance": 20.0
          },
          {
               "Name": "Uxbridge Road / Hampton Sainsburys",
               "Location": "51.434715241899895, -0.3751776121529105",
               "Audio": "",
               "AnnounceDistance": 20.0
          },
          {
               "Name": "Hampton Road East",
               "Location": "51.43570722838992, -0.3773292716034705",
               "Audio": "",
               "AnnounceDistance": 20.0
          },
          {
               "Name": "Apex Corner / Hampton Road West",
               "Location": "51.437152901430636, -0.3804289410698532",
               "Audio": "",
               "AnnounceDistance": 20.0
          },
          {
               "Name": "Popham Close",
               "Location": "51.43824121960605, -0.3830522275778944",
               "Audio": "",
               "AnnounceDistance": 20.0
          },
          {
               "Name": "Hounslow Road / Hanworth",
               "Location": "51.44002634216027, -0.38730575370101666",
               "Audio": "",
               "AnnounceDistance": 20.0
          },
          {
               "Name": "Hanworth Air Park Leisure Ctr Library",
               "Location": "51.442373784169064, -0.39257588139205485",
               "Audio": "",
               "AnnounceDistance": 20.0
          },
          {
               "Name": "Wigley Road",
               "Location": "51.44343388615764, -0.39512879080839974",
               "Audio": "",
               "AnnounceDistance": 20.0
          },
          {
               "Name": "Browells Lane",
               "Location": "51.444818144846025, -0.3983755835281375",
               "Audio": "",
               "AnnounceDistance": 20.0
          },
          {
               "Name": "Feltham Police Station",
               "Location": "51.446627380490185, -0.4037807121512569",
               "Audio": "",
               "AnnounceDistance": 20.0
          },
          {
               "Name": "High Street / Feltham",
               "Location": "51.44734354868718, -0.40817372022970955",
               "Audio": "",
               "AnnounceDistance": 20.0
          },
          {
               "Name": "Feltham Station",
               "Location": "51.4487998115349, -0.40813746986222504",
               "Audio": "",
               "AnnounceDistance": 20.0
          },
          {
               "Name": "Feltham Assembly Hall",
               "Location": "51.4509112245447, -0.40668241257707716",
               "Audio": "",
               "AnnounceDistance": 20.0
          },
          {
               "Name": "Harlington Road East",
               "Location": "51.452705708020225, -0.4063896621441792",
               "Audio": "",
               "AnnounceDistance": 20.0
          },
          {
               "Name": "Lansbury Avenue",
               "Location": "51.456399399197146, -0.40954279156046347",
               "Audio": "",
               "AnnounceDistance": 20.0
          },
          {
               "Name": "Central Way",
               "Location": "51.45996169232333, -0.41296008676678186",
               "Audio": "",
               "AnnounceDistance": 20.0
          },
          {
               "Name": "Hatton Green",
               "Location": "51.46375427445059, -0.4161252041830883",
               "Audio": "",
               "AnnounceDistance": 20.0
          },
          {
               "Name": "Great South West Road",
               "Location": "51.466013472112586, -0.42161849701973536",
               "Audio": "",
               "AnnounceDistance": 20.0
          },
          {
               "Name": "Hatton Cross Station",
               "Location": "51.46734296800151, -0.4228539644142039",
               "Audio": "",
               "AnnounceDistance": 20.0
          },
          {
               "Name": "Envoy Avenue",
               "Location": "51.468644389017314, -0.4220028333563418",
               "Audio": "",
               "AnnounceDistance": 20.0
          },
          {
               "Name": "Cranford Lane",
               "Location": "51.4761161537326, -0.4252873811448885",
               "Audio": "",
               "AnnounceDistance": 20.0
          },
          {
               "Name": "Hatton Road North",
               "Location": "51.480005858001235, -0.43372205594210206",
               "Audio": "",
               "AnnounceDistance": 20.0
          },
          {
               "Name": "Harlington Corner",
               "Location": "51.48059920086091, -0.4357323054767577",
               "Audio": "",
               "AnnounceDistance": 20.0
          },
          {
               "Name": "Mondial Way",
               "Location": "51.48093171273287, -0.4445057455221344",
               "Audio": "",
               "AnnounceDistance": 20.0
          },
          {
               "Name": "Nene Road",
               "Location": "51.481055140140036, -0.44771305141672535",
               "Audio": "",
               "AnnounceDistance": 20.0
          },
          {
               "Name": "Heathrow Central Bus Station",
               "Location": "51.47154280953402, -0.45258579308134717",
               "Audio": "",
               "AnnounceDistance": 20.0
          }
     ]
}