{
     "RouteNumber": "285",
     "Destination": "Kingston / Wood Street",
     "RouteAudio": "",
     "DestinationAudio": "",
     "Stops": [
          {
               "Name": "Heathrow Central Bus Station",
               "Location": "51.47136544841199, -0.45345569182589296",
               "Audio": "",
               "AnnounceDistance": 20.0
          },
          {
               "Name": "Newport Road",
               "Location": "51.480339495002724, -0.4595894777865467",
               "Audio": "",
               "AnnounceDistance": 20.0
          },
          {
               "Name": "Sipson Way / Blunts Avenue",
               "Location": "51.48140337555375, -0.45501717497448796",
               "Audio": "",
               "AnnounceDistance": 20.0
          },
          {
               "Name": "Nene Road",
               "Location": "51.481322846416745, -0.4482368162298596",
               "Audio": "",
               "AnnounceDistance": 20.0
          },
          {
               "Name": "Boltons Lane",
               "Location": "51.4811699872118, -0.44484327300785015",
               "Audio": "",
               "AnnounceDistance": 20.0
          },
          {
               "Name": "New Road",
               "Location": "51.48096899681151, -0.43919038009265526",
               "Audio": "",
               "AnnounceDistance": 20.0
          },
          {
               "Name": "Hatton Road North",
               "Location": "51.47951231290097, -0.4317804395924103",
               "Audio": "",
               "AnnounceDistance": 20.0
          },
          {
               "Name": "Eastchurch Road",
               "Location": "51.47706598702838, -0.4263778837099446",
               "Audio": "",
               "AnnounceDistance": 20.0
          },
          {
               "Name": "Envoy Avenue",
               "Location": "51.46912434420657, -0.4195818685815508",
               "Audio": "",
               "AnnounceDistance": 20.0
          },
          {
               "Name": "Hatton Cross Station",
               "Location": "51.46680146666422, -0.42337652566141826",
               "Audio": "",
               "AnnounceDistance": 20.0
          },
          {
               "Name": "Great South West Road",
               "Location": "51.46611842362058, -0.4213989253803188",
               "Audio": "",
               "AnnounceDistance": 20.0
          },
          {
               "Name": "Hatton Green",
               "Location": "51.463889290043554, -0.41613492590586615",
               "Audio": "",
               "AnnounceDistance": 20.0
          },
          {
               "Name": "Central Way",
               "Location": "51.45899122775522, -0.41168384925148566",
               "Audio": "",
               "AnnounceDistance": 20.0
          },
          {
               "Name": "Lansbury Avenue",
               "Location": "51.456558647157415, -0.40935013864932607",
               "Audio": "",
               "AnnounceDistance": 20.0
          },
          {
               "Name": "Feltham Assembly Hall",
               "Location": "51.45127426045233, -0.4062667974790997",
               "Audio": "",
               "AnnounceDistance": 20.0
          },
          {
               "Name": "Fern Grove",
               "Location": "51.45011617373085, -0.40706988035386826",
               "Audio": "",
               "AnnounceDistance": 20.0
          },
          {
               "Name": "Feltham Station",
               "Location": "51.448574328537056, -0.40808774645780366",
               "Audio": "",
               "AnnounceDistance": 20.0
          },
          {
               "Name": "High Street / Feltham",
               "Location": "51.447478762887584, -0.4075358206851957",
               "Audio": "",
               "AnnounceDistance": 20.0
          },
          {
               "Name": "Feltham Police Station",
               "Location": "51.44668873011346, -0.40366344805618426",
               "Audio": "",
               "AnnounceDistance": 20.0
          },
          {
               "Name": "Browells Lane",
               "Location": "51.44498110839297, -0.3984562227916769",
               "Audio": "",
               "AnnounceDistance": 20.0
          },
          {
               "Name": "Wigley Road",
               "Location": "51.44335587756863, -0.39468544835353825",
               "Audio": "",
               "AnnounceDistance": 20.0
          },
          {
               "Name": "Hanworth Air Park Leisure Ctr Library",
               "Location": "51.44194060706834, -0.3911521754416928",
               "Audio": "",
               "AnnounceDistance": 20.0
          },
          {
               "Name": "Hounslow Road / Hanworth",
               "Location": "51.4399171842045, -0.3865613957541712",
               "Audio": "",
               "AnnounceDistance": 20.0
          },
          {
               "Name": "Popham Close",
               "Location": "51.438318342274606, -0.3827761320112038",
               "Audio": "",
               "AnnounceDistance": 20.0
          },
          {
               "Name": "Apex Corner / Hampton Road West",
               "Location": "51.43699776663546, -0.37961433433049124",
               "Audio": "",
               "AnnounceDistance": 20.0
          },
          {
               "Name": "Hampton Road East",
               "Location": "51.435799725293016, -0.37686560274149783",
               "Audio": "",
               "AnnounceDistance": 20.0
          },
          {
               "Name": "Uxbridge Road / Hampton Sainsburys",
               "Location": "51.434715241899895, -0.3751776121529105",
               "Audio": "",
               "AnnounceDistance": 20.0
          },
          {
               "Name": "Longford Close",
               "Location": "51.43421156695483, -0.3712822888572649",
               "Audio": "",
               "AnnounceDistance": 20.0
          },
          {
               "Name": "Queens Road",
               "Location": "51.43269873655282, -0.36789776952880254",
               "Audio": "",
               "AnnounceDistance": 20.0
          },
          {
               "Name": "Park Road",
               "Location": "51.43064981444168, -0.3660574905283208",
               "Audio": "",
               "AnnounceDistance": 20.0
          },
          {
               "Name": "Windmill Road",
               "Location": "51.42906787350855, -0.36481925826656325",
               "Audio": "",
               "AnnounceDistance": 20.0
          },
          {
               "Name": "Hanworth Road",
               "Location": "51.42534137827036, -0.3632693480611927",
               "Audio": "",
               "AnnounceDistance": 20.0
          },
          {
               "Name": "Ormond Drive",
               "Location": "51.422171997461334, -0.36040529459139764",
               "Audio": "",
               "AnnounceDistance": 20.0
          },
          {
               "Name": "Uxbridge Road",
               "Location": "51.4223937476136, -0.3589015222392747",
               "Audio": "",
               "AnnounceDistance": 20.0
          },
          {
               "Name": "Holly Road",
               "Location": "51.424815975363714, -0.3578510401011025",
               "Audio": "",
               "AnnounceDistance": 20.0
          },
          {
               "Name": "Cross Street",
               "Location": "51.42665369483687, -0.35615972817945607",
               "Audio": "",
               "AnnounceDistance": 20.0
          },
          {
               "Name": "Parkside",
               "Location": "51.42812136449283, -0.3550138113214317",
               "Audio": "",
               "AnnounceDistance": 20.0
          },
          {
               "Name": "Kings Road",
               "Location": "51.42845370477924, -0.3511467070160394",
               "Audio": "",
               "AnnounceDistance": 20.0
          },
          {
               "Name": "Oxford Road",
               "Location": "51.42782751834737, -0.34882452932090874",
               "Audio": "",
               "AnnounceDistance": 20.0
          },
          {
               "Name": "National Physical Laboratory",
               "Location": "51.427399689741186, -0.34590548417379213",
               "Audio": "",
               "AnnounceDistance": 20.0
          },
          {
               "Name": "Teddington Memorial Hospital",
               "Location": "51.42657380055428, -0.3409151547888841",
               "Audio": "",
               "AnnounceDistance": 20.0
          },
          {
               "Name": "Broad Street / Teddington",
               "Location": "51.42606695608644, -0.33687715688898023",
               "Audio": "",
               "AnnounceDistance": 20.0
          },
          {
               "Name": "Elmfield Avenue",
               "Location": "51.427116091783354, -0.3335018473094721",
               "Audio": "",
               "AnnounceDistance": 20.0
          },
          {
               "Name": "Cambridge Road",
               "Location": "51.42751809160377, -0.3276326483114346",
               "Audio": "",
               "AnnounceDistance": 20.0
          },
          {
               "Name": "Teddington Lock",
               "Location": "51.42850450910502, -0.32492102109931587",
               "Audio": "",
               "AnnounceDistance": 20.0
          },
          {
               "Name": "Marston Road",
               "Location": "51.42610482006253, -0.32312442947877057",
               "Audio": "",
               "AnnounceDistance": 20.0
          },
          {
               "Name": "Kingston Lane",
               "Location": "51.42383971415399, -0.32130870799668804",
               "Audio": "",
               "AnnounceDistance": 20.0
          },
          {
               "Name": "St Marks Road",
               "Location": "51.421606615431095, -0.3192187147307599",
               "Audio": "",
               "AnnounceDistance": 20.0
          },
          {
               "Name": "Fairfax Road",
               "Location": "51.418723173460656, -0.3163042711081542",
               "Audio": "",
               "AnnounceDistance": 20.0
          },
          {
               "Name": "Woffington Close",
               "Location": "51.416708173493845, -0.31437930104768264",
               "Audio": "",
               "AnnounceDistance": 20.0
          },
          {
               "Name": "Hampton Wick Station",
               "Location": "51.41416204110475, -0.31241653322501783",
               "Audio": "",
               "AnnounceDistance": 20.0
          },
          {
               "Name": "Lower Teddington Road",
               "Location": "51.41208779428595, -0.31075294224643923",
               "Audio": "",
               "AnnounceDistance": 20.0
          },
          {
               "Name": "Kingston / Wood Street",
               "Location": "51.411628506201566, -0.30572257771792294",
               "Audio": "",
               "AnnounceDistance": 20.0
          }
     ]
}