{
     "RouteNumber": "286",
     "Destination": "Queen Marys Hospital / Frognal Avenue",
     "RouteAudio": "",
     "DestinationAudio": "",
     "Stops": [
          {
               "Name": "Greenwich Town Centre / Cutty Sark",
               "Location": "51.48161830414151, -0.008320496750976203",
               "Audio": "",
               "AnnounceDistance": 20.0
          },
          {
               "Name": "National Maritime Museum",
               "Location": "51.481562797228015, -0.007170731941096222",
               "Audio": "",
               "AnnounceDistance": 20.0
          },
          {
               "Name": "Trafalgar Estate",
               "Location": "51.48324609748012, -0.001984341219360695",
               "Audio": "",
               "AnnounceDistance": 20.0
          },
          {
               "Name": "Trafalgar Road / Maze Hill",
               "Location": "51.48416013210597, 0.0013683318781647147",
               "Audio": "",
               "AnnounceDistance": 20.0
          },
          {
               "Name": "King William Lane",
               "Location": "51.48492203216536, 0.003619812129370346",
               "Audio": "",
               "AnnounceDistance": 20.0
          },
          {
               "Name": "Tyler Street",
               "Location": "51.48557063919805, 0.0061832752522186195",
               "Audio": "",
               "AnnounceDistance": 20.0
          },
          {
               "Name": "Vanbrugh Hill",
               "Location": "51.4863317053672, 0.008478082331624195",
               "Audio": "",
               "AnnounceDistance": 20.0
          },
          {
               "Name": "Marlton Street",
               "Location": "51.486106811529865, 0.013725571918657187",
               "Audio": "",
               "AnnounceDistance": 20.0
          },
          {
               "Name": "Kemsing Road",
               "Location": "51.486387515214275, 0.016229806923850964",
               "Audio": "",
               "AnnounceDistance": 20.0
          },
          {
               "Name": "Combedale Road",
               "Location": "51.485961432845215, 0.017997072598354702",
               "Audio": "",
               "AnnounceDistance": 20.0
          },
          {
               "Name": "Westcombe Park Station",
               "Location": "51.4830866975256, 0.019915355785263614",
               "Audio": "",
               "AnnounceDistance": 20.0
          },
          {
               "Name": "Kirkside Road",
               "Location": "51.48105365279336, 0.019955139502677983",
               "Audio": "",
               "AnnounceDistance": 20.0
          },
          {
               "Name": "Blackheath / Royal Standard",
               "Location": "51.47770946891464, 0.02041222806636587",
               "Audio": "",
               "AnnounceDistance": 20.0
          },
          {
               "Name": "Stratheden Parade",
               "Location": "51.47653913126168, 0.018920433219730283",
               "Audio": "",
               "AnnounceDistance": 20.0
          },
          {
               "Name": "Stratheden Road / Shooters Hill Road",
               "Location": "51.474517017229516, 0.01675752807100705",
               "Audio": "",
               "AnnounceDistance": 20.0
          },
          {
               "Name": "Shooters Hill Road / Stratheden Road",
               "Location": "51.47386465763292, 0.017563949451960707",
               "Audio": "",
               "AnnounceDistance": 20.0
          },
          {
               "Name": "Annesley Road",
               "Location": "51.472407808302805, 0.02278427133292553",
               "Audio": "",
               "AnnounceDistance": 20.0
          },
          {
               "Name": "Kidbrooke Park Close",
               "Location": "51.47064393417458, 0.0239013575465608",
               "Audio": "",
               "AnnounceDistance": 20.0
          },
          {
               "Name": "Dover Patrol",
               "Location": "51.46647927435566, 0.02812272694483248",
               "Audio": "",
               "AnnounceDistance": 20.0
          },
          {
               "Name": "Rochester Way / Kidbrooke Way",
               "Location": "51.46549270140971, 0.031606318442420574",
               "Audio": "",
               "AnnounceDistance": 20.0
          },
          {
               "Name": "Broad Walk",
               "Location": "51.464678259544804, 0.03397445037340785",
               "Audio": "",
               "AnnounceDistance": 20.0
          },
          {
               "Name": "Wendover Road",
               "Location": "51.46188426169121, 0.04002617464958694",
               "Audio": "",
               "AnnounceDistance": 20.0
          },
          {
               "Name": "Appleton Road",
               "Location": "51.46049982440071, 0.04516130242053774",
               "Audio": "",
               "AnnounceDistance": 20.0
          },
          {
               "Name": "Westhorne Avenue / St Barnabas Church",
               "Location": "51.46023129455121, 0.04715029627603543",
               "Audio": "",
               "AnnounceDistance": 20.0
          },
          {
               "Name": "Well Hall Road / Kidbrooke Lane",
               "Location": "51.45824631308542, 0.05009882993687412",
               "Audio": "",
               "AnnounceDistance": 20.0
          },
          {
               "Name": "Eltham Station / Sherard Road",
               "Location": "51.455212932137705, 0.05128716929178366",
               "Audio": "",
               "AnnounceDistance": 20.0
          },
          {
               "Name": "Eltham Station / Lassa Road",
               "Location": "51.45376866522653, 0.05159665674973277",
               "Audio": "",
               "AnnounceDistance": 20.0
          },
          {
               "Name": "Eltham Church / Well Hall Road",
               "Location": "51.45139156195434, 0.05228169161445907",
               "Audio": "",
               "AnnounceDistance": 20.0
          },
          {
               "Name": "Eltham High Street / Passey Place",
               "Location": "51.45073710515679, 0.05524602301618048",
               "Audio": "",
               "AnnounceDistance": 20.0
          },
          {
               "Name": "Eltham High Street / Pound Place",
               "Location": "51.45089194180252, 0.05872163157437243",
               "Audio": "",
               "AnnounceDistance": 20.0
          },
          {
               "Name": "Eltham High Street / Westmount Road",
               "Location": "51.450873285540574, 0.06182962800174244",
               "Audio": "",
               "AnnounceDistance": 20.0
          },
          {
               "Name": "Bexley Road / Glenesk Road",
               "Location": "51.451757992921124, 0.06725248944205484",
               "Audio": "",
               "AnnounceDistance": 20.0
          },
          {
               "Name": "University Of Greenwich / Mansion Site",
               "Location": "51.45179801446382, 0.07567424441219404",
               "Audio": "",
               "AnnounceDistance": 20.0
          },
          {
               "Name": "Riefield Road",
               "Location": "51.45107808803127, 0.07925419601139773",
               "Audio": "",
               "AnnounceDistance": 20.0
          },
          {
               "Name": "University Of Greenwich / Southwood Site",
               "Location": "51.447640946025956, 0.08138632901244991",
               "Audio": "",
               "AnnounceDistance": 20.0
          },
          {
               "Name": "Restons Crescent",
               "Location": "51.44498487562105, 0.082071436780381",
               "Audio": "",
               "AnnounceDistance": 20.0
          },
          {
               "Name": "Days Lane",
               "Location": "51.44139790302754, 0.08655619817178456",
               "Audio": "",
               "AnnounceDistance": 20.0
          },
          {
               "Name": "Corbylands Road",
               "Location": "51.43998981938188, 0.0883626386716738",
               "Audio": "",
               "AnnounceDistance": 20.0
          },
          {
               "Name": "Hollies Avenue",
               "Location": "51.43818713310691, 0.09464026944982527",
               "Audio": "",
               "AnnounceDistance": 20.0
          },
          {
               "Name": "Halfway Street / Old Farm Road East",
               "Location": "51.437166748263316, 0.09889575249004588",
               "Audio": "",
               "AnnounceDistance": 20.0
          },
          {
               "Name": "Sidcup Station",
               "Location": "51.43263726386153, 0.1027452912748907",
               "Audio": "",
               "AnnounceDistance": 20.0
          },
          {
               "Name": "Station Road / Crescent Road",
               "Location": "51.43053495222056, 0.10213084460365604",
               "Audio": "",
               "AnnounceDistance": 20.0
          },
          {
               "Name": "Sidcup / Carlton Road",
               "Location": "51.42542995861547, 0.10096152391217283",
               "Audio": "",
               "AnnounceDistance": 20.0
          },
          {
               "Name": "The Green",
               "Location": "51.42420483437447, 0.10107794260064992",
               "Audio": "",
               "AnnounceDistance": 20.0
          },
          {
               "Name": "Queen Marys Hospital / Frognal Avenue",
               "Location": "51.419408189177915, 0.09926144050755302",
               "Audio": "",
               "AnnounceDistance": 20.0
          }
     ]
}