{
     "RouteNumber": "287",
     "Destination": "Barking Station",
     "RouteAudio": "",
     "DestinationAudio": "",
     "Stops": [
          {
               "Name": "Abbey Wood Lane",
               "Location": "51.529368564291, 0.21345841047051445",
               "Audio": "",
               "AnnounceDistance": 20.0
          },
          {
               "Name": "Thorn Lane",
               "Location": "51.52649974837841, 0.2144149432520276",
               "Audio": "",
               "AnnounceDistance": 20.0
          },
          {
               "Name": "Lake Avenue",
               "Location": "51.52544257433381, 0.21753529829129334",
               "Audio": "",
               "AnnounceDistance": 20.0
          },
          {
               "Name": "Acer Avenue",
               "Location": "51.52271912464139, 0.21746063244755776",
               "Audio": "",
               "AnnounceDistance": 20.0
          },
          {
               "Name": "Lambs Lane North",
               "Location": "51.521786247363046, 0.21209600783408325",
               "Audio": "",
               "AnnounceDistance": 20.0
          },
          {
               "Name": "Allen Road",
               "Location": "51.52105259924474, 0.20903325718710886",
               "Audio": "",
               "AnnounceDistance": 20.0
          },
          {
               "Name": "New Road",
               "Location": "51.520370198099435, 0.20467573529186886",
               "Audio": "",
               "AnnounceDistance": 20.0
          },
          {
               "Name": "Brights Avenue",
               "Location": "51.520070449602976, 0.20244136511539407",
               "Audio": "",
               "AnnounceDistance": 20.0
          },
          {
               "Name": "Rainham Village School",
               "Location": "51.51936052259314, 0.19617998188039412",
               "Audio": "",
               "AnnounceDistance": 20.0
          },
          {
               "Name": "St Helens Court",
               "Location": "51.51836892447532, 0.19198094851055086",
               "Audio": "",
               "AnnounceDistance": 20.0
          },
          {
               "Name": "Rainham War Memorial",
               "Location": "51.51870739498373, 0.18974855169473365",
               "Audio": "",
               "AnnounceDistance": 20.0
          },
          {
               "Name": "Rainham Tesco",
               "Location": "51.51947788961606, 0.19086661419775314",
               "Audio": "",
               "AnnounceDistance": 20.0
          },
          {
               "Name": "Dovers Corner",
               "Location": "51.52172704428207, 0.18840863734014962",
               "Audio": "",
               "AnnounceDistance": 20.0
          },
          {
               "Name": "Cherry Tree Lane",
               "Location": "51.52211307101652, 0.18506833679315537",
               "Audio": "",
               "AnnounceDistance": 20.0
          },
          {
               "Name": "Manor Way",
               "Location": "51.52295518918771, 0.1804091194512064",
               "Audio": "",
               "AnnounceDistance": 20.0
          },
          {
               "Name": "Betterton Road",
               "Location": "51.52408891725683, 0.17553297833403245",
               "Audio": "",
               "AnnounceDistance": 20.0
          },
          {
               "Name": "Spencer Road",
               "Location": "51.52468168178236, 0.17266356357735918",
               "Audio": "",
               "AnnounceDistance": 20.0
          },
          {
               "Name": "South Street",
               "Location": "51.525438650132216, 0.16869181186015228",
               "Audio": "",
               "AnnounceDistance": 20.0
          },
          {
               "Name": "Lower Mardyke Avenue",
               "Location": "51.52614651622917, 0.16542402113965943",
               "Audio": "",
               "AnnounceDistance": 20.0
          },
          {
               "Name": "Thames Avenue",
               "Location": "51.52671048758432, 0.16263948752911256",
               "Audio": "",
               "AnnounceDistance": 20.0
          },
          {
               "Name": "East Entrance",
               "Location": "51.52754032600602, 0.15859876100499498",
               "Audio": "",
               "AnnounceDistance": 20.0
          },
          {
               "Name": "Ballards Road",
               "Location": "51.52964592555523, 0.15363771819362118",
               "Audio": "",
               "AnnounceDistance": 20.0
          },
          {
               "Name": "Chequers Lane",
               "Location": "51.530659667230005, 0.15083077838396355",
               "Audio": "",
               "AnnounceDistance": 20.0
          },
          {
               "Name": "Chequers Lane / Merrielands Retail Park",
               "Location": "51.53146003997644, 0.14690345668898985",
               "Audio": "",
               "AnnounceDistance": 20.0
          },
          {
               "Name": "Morrison Road",
               "Location": "51.53043609759782, 0.1379737728178299",
               "Audio": "",
               "AnnounceDistance": 20.0
          },
          {
               "Name": "Dagenham Leisure Park",
               "Location": "51.53127238778669, 0.13501395638868133",
               "Audio": "",
               "AnnounceDistance": 20.0
          },
          {
               "Name": "Gale Street / Goresbrook Leisure Centre",
               "Location": "51.531532370624774, 0.12713928363502383",
               "Audio": "",
               "AnnounceDistance": 20.0
          },
          {
               "Name": "Castle Green / Rippleside Commercial Est",
               "Location": "51.531595706261804, 0.12215348465753481",
               "Audio": "",
               "AnnounceDistance": 20.0
          },
          {
               "Name": "Renwick Road",
               "Location": "51.53217973891273, 0.11820113372771836",
               "Audio": "",
               "AnnounceDistance": 20.0
          },
          {
               "Name": "Lodge Avenue",
               "Location": "51.53268966584368, 0.11036662581398839",
               "Audio": "",
               "AnnounceDistance": 20.0
          },
          {
               "Name": "Barking Industrial Park",
               "Location": "51.5333878541772, 0.10604441557677226",
               "Audio": "",
               "AnnounceDistance": 20.0
          },
          {
               "Name": "Rippleside Cemetery",
               "Location": "51.53483966121158, 0.10381875849428482",
               "Audio": "",
               "AnnounceDistance": 20.0
          },
          {
               "Name": "Tudor Road",
               "Location": "51.5356796853958, 0.0980896562095441",
               "Audio": "",
               "AnnounceDistance": 20.0
          },
          {
               "Name": "Blake Avenue",
               "Location": "51.535515563849664, 0.09469351697124642",
               "Audio": "",
               "AnnounceDistance": 20.0
          },
          {
               "Name": "King Edwards Road",
               "Location": "51.53433157580236, 0.08644907857479042",
               "Audio": "",
               "AnnounceDistance": 20.0
          },
          {
               "Name": "Westbury Road",
               "Location": "51.53463873928192, 0.08333415140005251",
               "Audio": "",
               "AnnounceDistance": 20.0
          },
          {
               "Name": "Abbey Sports Centre",
               "Location": "51.53472986988612, 0.07971907884079879",
               "Audio": "",
               "AnnounceDistance": 20.0
          },
          {
               "Name": "Broadway Theatre",
               "Location": "51.53520278890305, 0.07739027443734739",
               "Audio": "",
               "AnnounceDistance": 20.0
          },
          {
               "Name": "Barking Abbey",
               "Location": "51.537111681920145, 0.07623707924133757",
               "Audio": "",
               "AnnounceDistance": 20.0
          },
          {
               "Name": "Barking Town Centre",
               "Location": "51.53816422497285, 0.07824614995727734",
               "Audio": "",
               "AnnounceDistance": 20.0
          },
          {
               "Name": "Barking Station",
               "Location": "51.54005534356708, 0.08215385950268966",
               "Audio": "",
               "AnnounceDistance": 20.0
          }
     ]
}