{
     "RouteNumber": "288",
     "Destination": "Queensbury Morrisons",
     "RouteAudio": "",
     "DestinationAudio": "",
     "Stops": [
          {
               "Name": "Meadfield",
               "Location": "51.62947513899164, -0.2723192456492371",
               "Audio": "",
               "AnnounceDistance": 20.0
          },
          {
               "Name": "Springwood Crescent",
               "Location": "51.62961622582556, -0.26907738219735416",
               "Audio": "",
               "AnnounceDistance": 20.0
          },
          {
               "Name": "Morley Crescent",
               "Location": "51.628176699476235, -0.26719611092764334",
               "Audio": "",
               "AnnounceDistance": 20.0
          },
          {
               "Name": "Aldridge Avenue",
               "Location": "51.62629677023074, -0.26898700440613743",
               "Audio": "",
               "AnnounceDistance": 20.0
          },
          {
               "Name": "Glengall Road",
               "Location": "51.62646352046495, -0.2729826631636399",
               "Audio": "",
               "AnnounceDistance": 20.0
          },
          {
               "Name": "Broadhurst Avenue",
               "Location": "51.622399473837866, -0.27423489296935905",
               "Audio": "",
               "AnnounceDistance": 20.0
          },
          {
               "Name": "Edgwarebury Lane / Edgware Way",
               "Location": "51.62059475824186, -0.2774814356632472",
               "Audio": "",
               "AnnounceDistance": 20.0
          },
          {
               "Name": "Edgwarebury Gardens",
               "Location": "51.61746878037818, -0.2770942246040442",
               "Audio": "",
               "AnnounceDistance": 20.0
          },
          {
               "Name": "Edgware Station",
               "Location": "51.613399098298515, -0.27551510419458686",
               "Audio": "",
               "AnnounceDistance": 20.0
          },
          {
               "Name": "Edgware Station",
               "Location": "51.61306643867103, -0.27490664505011747",
               "Audio": "",
               "AnnounceDistance": 20.0
          },
          {
               "Name": "Whitchurch Lane",
               "Location": "51.61017847449187, -0.2784823224326726",
               "Audio": "",
               "AnnounceDistance": 20.0
          },
          {
               "Name": "Deansbrook Road",
               "Location": "51.60771726810807, -0.2756004306894003",
               "Audio": "",
               "AnnounceDistance": 20.0
          },
          {
               "Name": "Summit Close",
               "Location": "51.60601935882889, -0.2769355836574283",
               "Audio": "",
               "AnnounceDistance": 20.0
          },
          {
               "Name": "Bacon Lane",
               "Location": "51.60413842027149, -0.28112235010447456",
               "Audio": "",
               "AnnounceDistance": 20.0
          },
          {
               "Name": "Merlin Crescent",
               "Location": "51.60316066045442, -0.2837440775751819",
               "Audio": "",
               "AnnounceDistance": 20.0
          },
          {
               "Name": "St Brides Avenue",
               "Location": "51.60170040225365, -0.28781339285975777",
               "Audio": "",
               "AnnounceDistance": 20.0
          },
          {
               "Name": "Bridgewater Gardens",
               "Location": "51.598575995198374, -0.29061651440425834",
               "Audio": "",
               "AnnounceDistance": 20.0
          },
          {
               "Name": "Mollison Way",
               "Location": "51.59623240130249, -0.2883799791259518",
               "Audio": "",
               "AnnounceDistance": 20.0
          },
          {
               "Name": "Queensbury Station",
               "Location": "51.594735949515915, -0.2850434039017277",
               "Audio": "",
               "AnnounceDistance": 20.0
          },
          {
               "Name": "Queensbury Morrisons",
               "Location": "51.59171959286121, -0.28538798919909353",
               "Audio": "",
               "AnnounceDistance": 20.0
          }
     ]
}