{
     "RouteNumber": "289",
     "Destination": "Elmers End Interchange T",
     "RouteAudio": "",
     "DestinationAudio": "",
     "Stops": [
          {
               "Name": "Purley Station",
               "Location": "51.33803374190446, -0.11447613281082195",
               "Audio": "",
               "AnnounceDistance": 20.0
          },
          {
               "Name": "Purley High Street / Purley Station",
               "Location": "51.33735563907479, -0.11648519752687925",
               "Audio": "",
               "AnnounceDistance": 20.0
          },
          {
               "Name": "Purley Library",
               "Location": "51.33868064941872, -0.11835475321961815",
               "Audio": "",
               "AnnounceDistance": 20.0
          },
          {
               "Name": "Russell Hill Road",
               "Location": "51.340184902408076, -0.11738861678309359",
               "Audio": "",
               "AnnounceDistance": 20.0
          },
          {
               "Name": "Gilliam Close",
               "Location": "51.342542651720784, -0.11581308706903441",
               "Audio": "",
               "AnnounceDistance": 20.0
          },
          {
               "Name": "Edgehill Road",
               "Location": "51.34464045227518, -0.11429113977928945",
               "Audio": "",
               "AnnounceDistance": 20.0
          },
          {
               "Name": "Battle Of Britain War Memorial",
               "Location": "51.351888265502, -0.11538662725988542",
               "Audio": "",
               "AnnounceDistance": 20.0
          },
          {
               "Name": "Airport House",
               "Location": "51.356232627728836, -0.11655843390507671",
               "Audio": "",
               "AnnounceDistance": 20.0
          },
          {
               "Name": "Imperial Way",
               "Location": "51.35931167123973, -0.11733704801966897",
               "Audio": "",
               "AnnounceDistance": 20.0
          },
          {
               "Name": "Coldharbour Road",
               "Location": "51.36124453947196, -0.11786109126271228",
               "Audio": "",
               "AnnounceDistance": 20.0
          },
          {
               "Name": "Waddon Leisure Centre / Fiveways",
               "Location": "51.3634023063529, -0.11839032383234017",
               "Audio": "",
               "AnnounceDistance": 20.0
          },
          {
               "Name": "Waddon Station",
               "Location": "51.36581284954933, -0.11842081111698165",
               "Audio": "",
               "AnnounceDistance": 20.0
          },
          {
               "Name": "Alton Road",
               "Location": "51.36877181812604, -0.11844318389236376",
               "Audio": "",
               "AnnounceDistance": 20.0
          },
          {
               "Name": "Purley Way / Waddon Road",
               "Location": "51.37220131087046, -0.11752673085245958",
               "Audio": "",
               "AnnounceDistance": 20.0
          },
          {
               "Name": "Commerce Way",
               "Location": "51.37520039417893, -0.11948716073908182",
               "Audio": "",
               "AnnounceDistance": 20.0
          },
          {
               "Name": "Purley Way / Beddington Farm Road",
               "Location": "51.377065964270734, -0.12030160015672792",
               "Audio": "",
               "AnnounceDistance": 20.0
          },
          {
               "Name": "Newman Road",
               "Location": "51.38191376775795, -0.12090774961347601",
               "Audio": "",
               "AnnounceDistance": 20.0
          },
          {
               "Name": "Lombard Roundabout",
               "Location": "51.38468100833415, -0.12131177875926727",
               "Audio": "",
               "AnnounceDistance": 20.0
          },
          {
               "Name": "Cecil Road",
               "Location": "51.386196093027365, -0.12101977517627653",
               "Audio": "",
               "AnnounceDistance": 20.0
          },
          {
               "Name": "Peall Road",
               "Location": "51.38870594361558, -0.12107506177380699",
               "Audio": "",
               "AnnounceDistance": 20.0
          },
          {
               "Name": "Croydon Crematorium",
               "Location": "51.390795490501624, -0.12015579492386816",
               "Audio": "",
               "AnnounceDistance": 20.0
          },
          {
               "Name": "Thornton Heath Pond / Fairlands Avenue",
               "Location": "51.393412370519776, -0.11511812127010426",
               "Audio": "",
               "AnnounceDistance": 20.0
          },
          {
               "Name": "Thornton Heath Pond",
               "Location": "51.39230760603014, -0.11352488819827145",
               "Audio": "",
               "AnnounceDistance": 20.0
          },
          {
               "Name": "Dunheved Road North",
               "Location": "51.39121508542772, -0.11269303211656363",
               "Audio": "",
               "AnnounceDistance": 20.0
          },
          {
               "Name": "Croydon University Hospital",
               "Location": "51.38863303267197, -0.11150571889089296",
               "Audio": "",
               "AnnounceDistance": 20.0
          },
          {
               "Name": "Broad Green Avenue",
               "Location": "51.38547623136214, -0.1098104518196739",
               "Audio": "",
               "AnnounceDistance": 20.0
          },
          {
               "Name": "Sumner Road",
               "Location": "51.38269649697948, -0.1069645518431064",
               "Audio": "",
               "AnnounceDistance": 20.0
          },
          {
               "Name": "Montague Road",
               "Location": "51.38127065781341, -0.10554321454652764",
               "Audio": "",
               "AnnounceDistance": 20.0
          },
          {
               "Name": "West Croydon Station",
               "Location": "51.37877940970047, -0.10330379845574851",
               "Audio": "",
               "AnnounceDistance": 20.0
          },
          {
               "Name": "Poplar Walk",
               "Location": "51.378239774043365, -0.10052402618576745",
               "Audio": "",
               "AnnounceDistance": 20.0
          },
          {
               "Name": "Bedford Hall",
               "Location": "51.38137757088413, -0.09937380473887278",
               "Audio": "",
               "AnnounceDistance": 20.0
          },
          {
               "Name": "Spurgeons Bridge",
               "Location": "51.382470496062865, -0.09689983324752988",
               "Audio": "",
               "AnnounceDistance": 20.0
          },
          {
               "Name": "Lansdowne Road",
               "Location": "51.381708825312266, -0.09319503726441784",
               "Audio": "",
               "AnnounceDistance": 20.0
          },
          {
               "Name": "Lower Addiscombe Road / Davidson Road",
               "Location": "51.3806821444511, -0.0881362072892427",
               "Audio": "",
               "AnnounceDistance": 20.0
          },
          {
               "Name": "Canning Road",
               "Location": "51.37920683500141, -0.08095521697045895",
               "Audio": "",
               "AnnounceDistance": 20.0
          },
          {
               "Name": "Havelock Road",
               "Location": "51.37890846087426, -0.07646992154522417",
               "Audio": "",
               "AnnounceDistance": 20.0
          },
          {
               "Name": "Addiscombe Tram Stop T",
               "Location": "51.38005198476873, -0.07382096452649772",
               "Audio": "",
               "AnnounceDistance": 20.0
          },
          {
               "Name": "Parkview Road",
               "Location": "51.38175166627758, -0.0699988279416616",
               "Audio": "",
               "AnnounceDistance": 20.0
          },
          {
               "Name": "Brockenhurst Road",
               "Location": "51.382991268012255, -0.06664130527345091",
               "Audio": "",
               "AnnounceDistance": 20.0
          },
          {
               "Name": "Ashburton Park",
               "Location": "51.38479247717626, -0.06407907841177732",
               "Audio": "",
               "AnnounceDistance": 20.0
          },
          {
               "Name": "Woodside Fire Station",
               "Location": "51.38653123929508, -0.062094178812631524",
               "Audio": "",
               "AnnounceDistance": 20.0
          },
          {
               "Name": "Longhurst Road",
               "Location": "51.388264149547865, -0.058672088141503514",
               "Audio": "",
               "AnnounceDistance": 20.0
          },
          {
               "Name": "Arena Tram Stop T",
               "Location": "51.38935579028617, -0.05671424687212906",
               "Audio": "",
               "AnnounceDistance": 20.0
          },
          {
               "Name": "Longheath Gardens",
               "Location": "51.392093264277335, -0.05260226157522401",
               "Audio": "",
               "AnnounceDistance": 20.0
          },
          {
               "Name": "Kingfisher Way",
               "Location": "51.393476132253994, -0.05193980862697848",
               "Audio": "",
               "AnnounceDistance": 20.0
          },
          {
               "Name": "Elmers End / Tesco",
               "Location": "51.39760164337695, -0.04802682692999481",
               "Audio": "",
               "AnnounceDistance": 20.0
          },
          {
               "Name": "Elmers End Interchange T",
               "Location": "51.398298008905854, -0.04880223819463696",
               "Audio": "",
               "AnnounceDistance": 20.0
          }
     ]
}