{
     "RouteNumber": "289",
     "Destination": "Purley Station",
     "RouteAudio": "",
     "DestinationAudio": "",
     "Stops": [
          {
               "Name": "Elmers End Interchange T",
               "Location": "51.39846348722637, -0.048478922406898516",
               "Audio": "",
               "AnnounceDistance": 20.0
          },
          {
               "Name": "Elmers End / Tesco",
               "Location": "51.396649190852294, -0.04861364269062809",
               "Audio": "",
               "AnnounceDistance": 20.0
          },
          {
               "Name": "The Glade",
               "Location": "51.392356410696614, -0.05220298523733936",
               "Audio": "",
               "AnnounceDistance": 20.0
          },
          {
               "Name": "Longheath Gardens",
               "Location": "51.39118834357963, -0.05334500216782182",
               "Audio": "",
               "AnnounceDistance": 20.0
          },
          {
               "Name": "Arena Tram Stop T",
               "Location": "51.38984139836795, -0.05563004312522472",
               "Audio": "",
               "AnnounceDistance": 20.0
          },
          {
               "Name": "Longhurst Road",
               "Location": "51.38736494689378, -0.060305501861408414",
               "Audio": "",
               "AnnounceDistance": 20.0
          },
          {
               "Name": "Ashburton Park",
               "Location": "51.38486860925701, -0.0637884298103993",
               "Audio": "",
               "AnnounceDistance": 20.0
          },
          {
               "Name": "Brockenhurst Road",
               "Location": "51.38316884464357, -0.0659583729886838",
               "Audio": "",
               "AnnounceDistance": 20.0
          },
          {
               "Name": "Parkview Road",
               "Location": "51.38189615641773, -0.06948977004287896",
               "Audio": "",
               "AnnounceDistance": 20.0
          },
          {
               "Name": "Addiscombe Tram Stop T",
               "Location": "51.38044316560619, -0.07245372604045273",
               "Audio": "",
               "AnnounceDistance": 20.0
          },
          {
               "Name": "Ashburton Road",
               "Location": "51.379271769824534, -0.07504642976741756",
               "Audio": "",
               "AnnounceDistance": 20.0
          },
          {
               "Name": "Havelock Road",
               "Location": "51.37863025403809, -0.07814848182944897",
               "Audio": "",
               "AnnounceDistance": 20.0
          },
          {
               "Name": "Canning Road",
               "Location": "51.37940914010021, -0.0823262792257102",
               "Audio": "",
               "AnnounceDistance": 20.0
          },
          {
               "Name": "Morland Road",
               "Location": "51.379996251475404, -0.08523326483215657",
               "Audio": "",
               "AnnounceDistance": 20.0
          },
          {
               "Name": "Davidson Road",
               "Location": "51.38077825285557, -0.08906628197155805",
               "Audio": "",
               "AnnounceDistance": 20.0
          },
          {
               "Name": "Lansdowne Road",
               "Location": "51.38150153449858, -0.09261445499842065",
               "Audio": "",
               "AnnounceDistance": 20.0
          },
          {
               "Name": "Spurgeons Bridge",
               "Location": "51.38213330914087, -0.09773295969509715",
               "Audio": "",
               "AnnounceDistance": 20.0
          },
          {
               "Name": "Bedford Hall",
               "Location": "51.381035377513086, -0.09934486902129902",
               "Audio": "",
               "AnnounceDistance": 20.0
          },
          {
               "Name": "West Croydon Bus Station",
               "Location": "51.37907362501205, -0.10148102940916087",
               "Audio": "",
               "AnnounceDistance": 20.0
          },
          {
               "Name": "West Croydon Station",
               "Location": "51.378380971647914, -0.10313346277061272",
               "Audio": "",
               "AnnounceDistance": 20.0
          },
          {
               "Name": "Montague Road",
               "Location": "51.38044357583377, -0.10500255282874933",
               "Audio": "",
               "AnnounceDistance": 20.0
          },
          {
               "Name": "Sumner Road",
               "Location": "51.38377230039343, -0.10842915213778262",
               "Audio": "",
               "AnnounceDistance": 20.0
          },
          {
               "Name": "Broad Green Avenue",
               "Location": "51.38526999964317, -0.109847693231759",
               "Audio": "",
               "AnnounceDistance": 20.0
          },
          {
               "Name": "Canterbury Road",
               "Location": "51.386899010405386, -0.1110453336480965",
               "Audio": "",
               "AnnounceDistance": 20.0
          },
          {
               "Name": "Croydon University Hospital",
               "Location": "51.390283202715516, -0.11234329719260792",
               "Audio": "",
               "AnnounceDistance": 20.0
          },
          {
               "Name": "Thornton Heath Pond",
               "Location": "51.39309985908452, -0.11413914100803124",
               "Audio": "",
               "AnnounceDistance": 20.0
          },
          {
               "Name": "Thornton Heath Pond / Fairlands Avenue",
               "Location": "51.39290959774241, -0.11572812808083481",
               "Audio": "",
               "AnnounceDistance": 20.0
          },
          {
               "Name": "Croydon Crematorium",
               "Location": "51.39124320844127, -0.11891568115508123",
               "Audio": "",
               "AnnounceDistance": 20.0
          },
          {
               "Name": "Peall Road",
               "Location": "51.38932372912588, -0.12090602351229113",
               "Audio": "",
               "AnnounceDistance": 20.0
          },
          {
               "Name": "Lombard Roundabout",
               "Location": "51.38693116788951, -0.1208746860472698",
               "Audio": "",
               "AnnounceDistance": 20.0
          },
          {
               "Name": "Drake Road",
               "Location": "51.38409295088093, -0.12109154670970758",
               "Audio": "",
               "AnnounceDistance": 20.0
          },
          {
               "Name": "Newman Road",
               "Location": "51.3817844973061, -0.12069748354591317",
               "Audio": "",
               "AnnounceDistance": 20.0
          },
          {
               "Name": "Purley Way / Beddington Farm Road",
               "Location": "51.37699683542555, -0.11991646318643251",
               "Audio": "",
               "AnnounceDistance": 20.0
          },
          {
               "Name": "Commerce Way",
               "Location": "51.37387794059238, -0.11833441940032821",
               "Audio": "",
               "AnnounceDistance": 20.0
          },
          {
               "Name": "Purley Way / Waddon Road",
               "Location": "51.37060210906389, -0.11706073575601038",
               "Audio": "",
               "AnnounceDistance": 20.0
          },
          {
               "Name": "Alton Road",
               "Location": "51.368742090458085, -0.11827200293132359",
               "Audio": "",
               "AnnounceDistance": 20.0
          },
          {
               "Name": "Waddon Station",
               "Location": "51.366015856767405, -0.11818263770976656",
               "Audio": "",
               "AnnounceDistance": 20.0
          },
          {
               "Name": "Waddon Leisure Centre / Fiveways",
               "Location": "51.36419821324702, -0.1181134939315935",
               "Audio": "",
               "AnnounceDistance": 20.0
          },
          {
               "Name": "Coldharbour Road",
               "Location": "51.36319030563966, -0.11806862021326552",
               "Audio": "",
               "AnnounceDistance": 20.0
          },
          {
               "Name": "Imperial Way",
               "Location": "51.359028696187835, -0.11707574235599086",
               "Audio": "",
               "AnnounceDistance": 20.0
          },
          {
               "Name": "Colonnades Leisure Park",
               "Location": "51.35677366872024, -0.11609099334891759",
               "Audio": "",
               "AnnounceDistance": 20.0
          },
          {
               "Name": "Battle Of Britain War Memorial",
               "Location": "51.351261939416226, -0.11502457602651843",
               "Audio": "",
               "AnnounceDistance": 20.0
          },
          {
               "Name": "Edgehill Road",
               "Location": "51.34512319967805, -0.11411337237970828",
               "Audio": "",
               "AnnounceDistance": 20.0
          },
          {
               "Name": "Purley Cross",
               "Location": "51.33923897642843, -0.11728379929400966",
               "Audio": "",
               "AnnounceDistance": 20.0
          },
          {
               "Name": "Purley Station / Purley High Street",
               "Location": "51.33802919151763, -0.11642887492862218",
               "Audio": "",
               "AnnounceDistance": 20.0
          },
          {
               "Name": "Purley Station",
               "Location": "51.33878720117047, -0.11323920487540616",
               "Audio": "",
               "AnnounceDistance": 20.0
          }
     ]
}