{
     "RouteNumber": "28",
     "Destination": "Kensal Rise Station",
     "RouteAudio": "",
     "DestinationAudio": "",
     "Stops": [
          {
               "Name": "Mapleton Road",
               "Location": "51.45386139567115, -0.19222416747043736",
               "Audio": "",
               "AnnounceDistance": 20.0
          },
          {
               "Name": "Southside Shopping Centre",
               "Location": "51.45611813974034, -0.19278273806873375",
               "Audio": "",
               "AnnounceDistance": 20.0
          },
          {
               "Name": "Ram Street",
               "Location": "51.45739774398353, -0.19237233985988536",
               "Audio": "",
               "AnnounceDistance": 20.0
          },
          {
               "Name": "Tonsley Street",
               "Location": "51.45949482602799, -0.19015902845425653",
               "Audio": "",
               "AnnounceDistance": 20.0
          },
          {
               "Name": "Wandsworth Town Station",
               "Location": "51.46109179543622, -0.18759103631867446",
               "Audio": "",
               "AnnounceDistance": 20.0
          },
          {
               "Name": "Swandon Way",
               "Location": "51.46200900582537, -0.18700765926464738",
               "Audio": "",
               "AnnounceDistance": 20.0
          },
          {
               "Name": "Bridgend Road",
               "Location": "51.463514597006395, -0.18667446138847613",
               "Audio": "",
               "AnnounceDistance": 20.0
          },
          {
               "Name": "Townmead Road",
               "Location": "51.46768035335562, -0.1903102752692941",
               "Audio": "",
               "AnnounceDistance": 20.0
          },
          {
               "Name": "Oakbury Road",
               "Location": "51.470500291868504, -0.19123538314734095",
               "Audio": "",
               "AnnounceDistance": 20.0
          },
          {
               "Name": "Sands End / Hazlebury Road",
               "Location": "51.47244947983827, -0.19167665652225122",
               "Audio": "",
               "AnnounceDistance": 20.0
          },
          {
               "Name": "New Kings Road",
               "Location": "51.47568502852187, -0.1927295108737995",
               "Audio": "",
               "AnnounceDistance": 20.0
          },
          {
               "Name": "Tyrawley Road",
               "Location": "51.47746834365625, -0.19232780848820658",
               "Audio": "",
               "AnnounceDistance": 20.0
          },
          {
               "Name": "Fulham Town Hall",
               "Location": "51.479463754594896, -0.19518677632297973",
               "Audio": "",
               "AnnounceDistance": 20.0
          },
          {
               "Name": "Fulham Broadway",
               "Location": "51.480228314970866, -0.19812330689278299",
               "Audio": "",
               "AnnounceDistance": 20.0
          },
          {
               "Name": "Shorrolds Road",
               "Location": "51.48178175726573, -0.19973271174775023",
               "Audio": "",
               "AnnounceDistance": 20.0
          },
          {
               "Name": "Lillie Road",
               "Location": "51.484869000229494, -0.20226127445251005",
               "Audio": "",
               "AnnounceDistance": 20.0
          },
          {
               "Name": "West Kensington Estate",
               "Location": "51.487971028449195, -0.20399737517558406",
               "Audio": "",
               "AnnounceDistance": 20.0
          },
          {
               "Name": "West Kensington Station",
               "Location": "51.48991572366485, -0.206499370370084",
               "Audio": "",
               "AnnounceDistance": 20.0
          },
          {
               "Name": "Lytton Estate",
               "Location": "51.4933430151007, -0.2089290638282831",
               "Audio": "",
               "AnnounceDistance": 20.0
          },
          {
               "Name": "Kensington Olympia / Hammersmith Road",
               "Location": "51.494606549396224, -0.21099722484304748",
               "Audio": "",
               "AnnounceDistance": 20.0
          },
          {
               "Name": "Holland Road",
               "Location": "51.49691418034413, -0.20547552514344386",
               "Audio": "",
               "AnnounceDistance": 20.0
          },
          {
               "Name": "Warwick Gardens",
               "Location": "51.49765554300474, -0.20338620658965542",
               "Audio": "",
               "AnnounceDistance": 20.0
          },
          {
               "Name": "The Design Museum",
               "Location": "51.49855134577975, -0.20081529872742382",
               "Audio": "",
               "AnnounceDistance": 20.0
          },
          {
               "Name": "Phillimore Gardens",
               "Location": "51.49985412356574, -0.19664339107008377",
               "Audio": "",
               "AnnounceDistance": 20.0
          },
          {
               "Name": "High Street Kensington Station",
               "Location": "51.50081989774332, -0.1939541937795932",
               "Audio": "",
               "AnnounceDistance": 20.0
          },
          {
               "Name": "Kensington Church Street / Holland St",
               "Location": "51.503159401294106, -0.19171479547009518",
               "Audio": "",
               "AnnounceDistance": 20.0
          },
          {
               "Name": "Sheffield Terrace",
               "Location": "51.50612476387983, -0.19449374903043415",
               "Audio": "",
               "AnnounceDistance": 20.0
          },
          {
               "Name": "Notting Hill Gate Station",
               "Location": "51.508808305863795, -0.1953243491008784",
               "Audio": "",
               "AnnounceDistance": 20.0
          },
          {
               "Name": "Notting Hill Gate Stn / Pembridge Rd",
               "Location": "51.509487704029404, -0.19740147197505564",
               "Audio": "",
               "AnnounceDistance": 20.0
          },
          {
               "Name": "Chepstow Crescent",
               "Location": "51.513058639276146, -0.19746228017126283",
               "Audio": "",
               "AnnounceDistance": 20.0
          },
          {
               "Name": "Pembridge Villas / Westbourne Grove",
               "Location": "51.5147117439052, -0.19560988614157881",
               "Audio": "",
               "AnnounceDistance": 20.0
          },
          {
               "Name": "Artesian Road",
               "Location": "51.51583290019384, -0.19542145321328064",
               "Audio": "",
               "AnnounceDistance": 20.0
          },
          {
               "Name": "St Stephens Gardens",
               "Location": "51.5185710199987, -0.19629335460699268",
               "Audio": "",
               "AnnounceDistance": 20.0
          },
          {
               "Name": "Brunel Estate",
               "Location": "51.51894448737779, -0.19894514048648418",
               "Audio": "",
               "AnnounceDistance": 20.0
          },
          {
               "Name": "Westbourne Park Station",
               "Location": "51.52011184846133, -0.20000897302049556",
               "Audio": "",
               "AnnounceDistance": 20.0
          },
          {
               "Name": "Harrow Road",
               "Location": "51.52351290388961, -0.201892988394872",
               "Audio": "",
               "AnnounceDistance": 20.0
          },
          {
               "Name": "Ashmore Road",
               "Location": "51.52498232733649, -0.2033054982056693",
               "Audio": "",
               "AnnounceDistance": 20.0
          },
          {
               "Name": "Second Avenue",
               "Location": "51.52633134906296, -0.2068419930133085",
               "Audio": "",
               "AnnounceDistance": 20.0
          },
          {
               "Name": "Fifth Avenue / Queens Park Library",
               "Location": "51.52691465440003, -0.21147551902648842",
               "Audio": "",
               "AnnounceDistance": 20.0
          },
          {
               "Name": "Ladbroke Grove / Kilburn Lane",
               "Location": "51.527489011753005, -0.2149417819940773",
               "Audio": "",
               "AnnounceDistance": 20.0
          },
          {
               "Name": "Kilburn Lane / Harrow Road",
               "Location": "51.52837017984701, -0.216118319195523",
               "Audio": "",
               "AnnounceDistance": 20.0
          },
          {
               "Name": "Banister Road",
               "Location": "51.5305706898996, -0.21653691265829195",
               "Audio": "",
               "AnnounceDistance": 20.0
          },
          {
               "Name": "Kensal Rise Station",
               "Location": "51.53370383058358, -0.21915394733706237",
               "Audio": "",
               "AnnounceDistance": 20.0
          }
     ]
}