{
     "RouteNumber": "291",
     "Destination": "Garland Road Clinic",
     "RouteAudio": "",
     "DestinationAudio": "",
     "Stops": [
          {
               "Name": "Queen Elizabeth Hospital / West Entrance",
               "Location": "51.47691424958834, 0.05067660186588505",
               "Audio": "",
               "AnnounceDistance": 20.0
          },
          {
               "Name": "Queen Elizabeth Hospital / Main Entrance",
               "Location": "51.47822676698176, 0.051729169526816964",
               "Audio": "",
               "AnnounceDistance": 20.0
          },
          {
               "Name": "Repository Road / Artillery Place",
               "Location": "51.486479517074905, 0.05701138778182896",
               "Audio": "",
               "AnnounceDistance": 20.0
          },
          {
               "Name": "Artillery Place / Frances Street",
               "Location": "51.487461881768496, 0.05740130635342969",
               "Audio": "",
               "AnnounceDistance": 20.0
          },
          {
               "Name": "Calderwood Street",
               "Location": "51.4908047415529, 0.06419267387300852",
               "Audio": "",
               "AnnounceDistance": 20.0
          },
          {
               "Name": "Woolwich Arsenal Station",
               "Location": "51.489724083926134, 0.06734177163230978",
               "Audio": "",
               "AnnounceDistance": 20.0
          },
          {
               "Name": "Vincent Road / Woolwich Arsenal Station",
               "Location": "51.489782458275364, 0.06913063673259041",
               "Audio": "",
               "AnnounceDistance": 20.0
          },
          {
               "Name": "Burrage Road / Arthur Grove",
               "Location": "51.48858247253762, 0.0734265121737271",
               "Audio": "",
               "AnnounceDistance": 20.0
          },
          {
               "Name": "Foxfield Primary School",
               "Location": "51.48617914280241, 0.0745706176904644",
               "Audio": "",
               "AnnounceDistance": 20.0
          },
          {
               "Name": "Glyndon Community Centre",
               "Location": "51.48620732135638, 0.07805764616343329",
               "Audio": "",
               "AnnounceDistance": 20.0
          },
          {
               "Name": "Robert Street",
               "Location": "51.48602766279665, 0.08108869454884587",
               "Audio": "",
               "AnnounceDistance": 20.0
          },
          {
               "Name": "Griffin Road / Brewery Road",
               "Location": "51.485376553062174, 0.08382455218618913",
               "Audio": "",
               "AnnounceDistance": 20.0
          },
          {
               "Name": "Heavitree Road",
               "Location": "51.48353112271518, 0.08291944016824686",
               "Audio": "",
               "AnnounceDistance": 20.0
          },
          {
               "Name": "Plumstead Common / The Ship",
               "Location": "51.48075033266326, 0.08100685260705548",
               "Audio": "",
               "AnnounceDistance": 20.0
          },
          {
               "Name": "Plumstead Common Road / Erindale Terrace",
               "Location": "51.48009548117424, 0.0854704684624926",
               "Audio": "",
               "AnnounceDistance": 20.0
          },
          {
               "Name": "Garland Road Clinic",
               "Location": "51.47861727090014, 0.08616631573518495",
               "Audio": "",
               "AnnounceDistance": 20.0
          }
     ]
}