{
     "RouteNumber": "293",
     "Destination": "Morden Station",
     "RouteAudio": "",
     "DestinationAudio": "",
     "Stops": [
          {
               "Name": "Epsom Hospital",
               "Location": "51.32616172349918, -0.2748000957145729",
               "Audio": "",
               "AnnounceDistance": 20.0
          },
          {
               "Name": "Westlands Court",
               "Location": "51.32534893803569, -0.27823220529439474",
               "Audio": "",
               "AnnounceDistance": 20.0
          },
          {
               "Name": "Woodcote Side",
               "Location": "51.321205831075794, -0.2784016971696844",
               "Audio": "",
               "AnnounceDistance": 20.0
          },
          {
               "Name": "Hylands Road",
               "Location": "51.32274599160323, -0.2748995568656338",
               "Audio": "",
               "AnnounceDistance": 20.0
          },
          {
               "Name": "Woodcote Green Road",
               "Location": "51.32421362337783, -0.2719740035312499",
               "Audio": "",
               "AnnounceDistance": 20.0
          },
          {
               "Name": "Avenue Road",
               "Location": "51.32799379463732, -0.2703678426502989",
               "Audio": "",
               "AnnounceDistance": 20.0
          },
          {
               "Name": "Epsom Clock Tower",
               "Location": "51.33327431306545, -0.26805890959413786",
               "Audio": "",
               "AnnounceDistance": 20.0
          },
          {
               "Name": "Epsom High Street",
               "Location": "51.33400563020409, -0.26521767236589067",
               "Audio": "",
               "AnnounceDistance": 20.0
          },
          {
               "Name": "Rainbow Leisure Centre",
               "Location": "51.33628197719335, -0.26105457887691763",
               "Audio": "",
               "AnnounceDistance": 20.0
          },
          {
               "Name": "Kiln Lane",
               "Location": "51.338004526212124, -0.25836210832253487",
               "Audio": "",
               "AnnounceDistance": 20.0
          },
          {
               "Name": "Windmill Lane",
               "Location": "51.33960396315938, -0.2558607513162573",
               "Audio": "",
               "AnnounceDistance": 20.0
          },
          {
               "Name": "Hessle Grove",
               "Location": "51.342970246206335, -0.252444910001001",
               "Audio": "",
               "AnnounceDistance": 20.0
          },
          {
               "Name": "Mongers Lane",
               "Location": "51.34493572164039, -0.25158040628153483",
               "Audio": "",
               "AnnounceDistance": 20.0
          },
          {
               "Name": "Reigate Road / Green Man",
               "Location": "51.346740914417246, -0.25082244624397576",
               "Audio": "",
               "AnnounceDistance": 20.0
          },
          {
               "Name": "The Spring",
               "Location": "51.3506166564512, -0.2502153146521449",
               "Audio": "",
               "AnnounceDistance": 20.0
          },
          {
               "Name": "Welbeck Close",
               "Location": "51.353734974010074, -0.24706619407939304",
               "Audio": "",
               "AnnounceDistance": 20.0
          },
          {
               "Name": "Ewell Park Way",
               "Location": "51.35575474246566, -0.24322616686673684",
               "Audio": "",
               "AnnounceDistance": 20.0
          },
          {
               "Name": "Briarwood Road",
               "Location": "51.359856734379775, -0.23972250574757542",
               "Audio": "",
               "AnnounceDistance": 20.0
          },
          {
               "Name": "Nonsuch Park",
               "Location": "51.362582979264964, -0.2368312738398231",
               "Audio": "",
               "AnnounceDistance": 20.0
          },
          {
               "Name": "Sparrow Farm Road",
               "Location": "51.36466518521938, -0.2347689169483571",
               "Audio": "",
               "AnnounceDistance": 20.0
          },
          {
               "Name": "Oaks Avenue",
               "Location": "51.367977965635006, -0.23142350113928203",
               "Audio": "",
               "AnnounceDistance": 20.0
          },
          {
               "Name": "North Cheam / Queen Victoria",
               "Location": "51.371649134142515, -0.2274028610246348",
               "Audio": "",
               "AnnounceDistance": 20.0
          },
          {
               "Name": "North Cheam Sports Club",
               "Location": "51.37467366023339, -0.22403880652642125",
               "Audio": "",
               "AnnounceDistance": 20.0
          },
          {
               "Name": "Langley Avenue",
               "Location": "51.376595815389244, -0.22211082989635664",
               "Audio": "",
               "AnnounceDistance": 20.0
          },
          {
               "Name": "St Anthonys Hospital",
               "Location": "51.37794183181314, -0.22073670107846602",
               "Audio": "",
               "AnnounceDistance": 20.0
          },
          {
               "Name": "Garth Road / Stonecot Hill",
               "Location": "51.38066143023048, -0.21803023775753175",
               "Audio": "",
               "AnnounceDistance": 20.0
          },
          {
               "Name": "Alpha Place",
               "Location": "51.38418212609612, -0.2248491916438397",
               "Audio": "",
               "AnnounceDistance": 20.0
          },
          {
               "Name": "Rosebery Close",
               "Location": "51.38859048941337, -0.22676263040514397",
               "Audio": "",
               "AnnounceDistance": 20.0
          },
          {
               "Name": "Lower Morden Lane / Morden Cemetery",
               "Location": "51.39045006851188, -0.2260439431129923",
               "Audio": "",
               "AnnounceDistance": 20.0
          },
          {
               "Name": "Tudor Drive",
               "Location": "51.39144917270569, -0.2219519565254179",
               "Audio": "",
               "AnnounceDistance": 20.0
          },
          {
               "Name": "Churston Drive",
               "Location": "51.392939400215575, -0.21705013275818738",
               "Audio": "",
               "AnnounceDistance": 20.0
          },
          {
               "Name": "Hillcross Avenue",
               "Location": "51.39530598485595, -0.21419816478085021",
               "Audio": "",
               "AnnounceDistance": 20.0
          },
          {
               "Name": "Monkleigh Road",
               "Location": "51.397146415480584, -0.2116395536007819",
               "Audio": "",
               "AnnounceDistance": 20.0
          },
          {
               "Name": "Ashridge Way",
               "Location": "51.39840231347185, -0.20673156295224426",
               "Audio": "",
               "AnnounceDistance": 20.0
          },
          {
               "Name": "Maycross Avenue",
               "Location": "51.39930473623391, -0.20282911006315996",
               "Audio": "",
               "AnnounceDistance": 20.0
          },
          {
               "Name": "Links Avenue",
               "Location": "51.40114904283492, -0.19995337312048758",
               "Audio": "",
               "AnnounceDistance": 20.0
          },
          {
               "Name": "Morden Station",
               "Location": "51.401753470617415, -0.1954009386766314",
               "Audio": "",
               "AnnounceDistance": 20.0
          }
     ]
}