{
     "RouteNumber": "293",
     "Destination": "Epsom Hospital",
     "RouteAudio": "",
     "DestinationAudio": "",
     "Stops": [
          {
               "Name": "London Road / Morden Station",
               "Location": "51.40276099742568, -0.19308968921039243",
               "Audio": "",
               "AnnounceDistance": 20.0
          },
          {
               "Name": "Morden Civic Centre",
               "Location": "51.401028387415394, -0.19561637392391293",
               "Audio": "",
               "AnnounceDistance": 20.0
          },
          {
               "Name": "Links Avenue",
               "Location": "51.401252253781315, -0.19964741077735967",
               "Audio": "",
               "AnnounceDistance": 20.0
          },
          {
               "Name": "Maycross Avenue",
               "Location": "51.399006925389216, -0.20393335613421124",
               "Audio": "",
               "AnnounceDistance": 20.0
          },
          {
               "Name": "Ashridge Way",
               "Location": "51.39815902495484, -0.20728735395878675",
               "Audio": "",
               "AnnounceDistance": 20.0
          },
          {
               "Name": "Monkleigh Road",
               "Location": "51.39742127897546, -0.21020566377935784",
               "Audio": "",
               "AnnounceDistance": 20.0
          },
          {
               "Name": "Hillcross Avenue",
               "Location": "51.39457997436279, -0.21494516400376276",
               "Audio": "",
               "AnnounceDistance": 20.0
          },
          {
               "Name": "Churston Drive",
               "Location": "51.39345762435586, -0.21623940487898868",
               "Audio": "",
               "AnnounceDistance": 20.0
          },
          {
               "Name": "Tudor Drive",
               "Location": "51.39141894096298, -0.2217375252030682",
               "Audio": "",
               "AnnounceDistance": 20.0
          },
          {
               "Name": "Lower Morden Lane / Morden Cemetery",
               "Location": "51.39017515831847, -0.2262989191780192",
               "Audio": "",
               "AnnounceDistance": 20.0
          },
          {
               "Name": "Essex Close",
               "Location": "51.387803374504855, -0.22644812006742157",
               "Audio": "",
               "AnnounceDistance": 20.0
          },
          {
               "Name": "Alpha Place",
               "Location": "51.38386915773946, -0.2243726811927928",
               "Audio": "",
               "AnnounceDistance": 20.0
          },
          {
               "Name": "Stonecot Hill / Garth Road",
               "Location": "51.38016538149286, -0.21793454246787403",
               "Audio": "",
               "AnnounceDistance": 20.0
          },
          {
               "Name": "St Anthonys Hospital",
               "Location": "51.37829281757439, -0.2201626833658831",
               "Audio": "",
               "AnnounceDistance": 20.0
          },
          {
               "Name": "Langley Avenue",
               "Location": "51.37585705755359, -0.22261361709677313",
               "Audio": "",
               "AnnounceDistance": 20.0
          },
          {
               "Name": "North Cheam Sports Club",
               "Location": "51.37411355208435, -0.22446278879704754",
               "Audio": "",
               "AnnounceDistance": 20.0
          },
          {
               "Name": "North Cheam / Sainsburys",
               "Location": "51.37266971532652, -0.22591230986359043",
               "Audio": "",
               "AnnounceDistance": 20.0
          },
          {
               "Name": "North Cheam / Queen Victoria",
               "Location": "51.371423798493666, -0.22736846170412248",
               "Audio": "",
               "AnnounceDistance": 20.0
          },
          {
               "Name": "Oaks Avenue",
               "Location": "51.36845331184361, -0.2307443351513471",
               "Audio": "",
               "AnnounceDistance": 20.0
          },
          {
               "Name": "Sparrow Farm Road",
               "Location": "51.364804656760015, -0.23447625034769723",
               "Audio": "",
               "AnnounceDistance": 20.0
          },
          {
               "Name": "Nonsuch Park",
               "Location": "51.3619870874688, -0.2372707220265496",
               "Audio": "",
               "AnnounceDistance": 20.0
          },
          {
               "Name": "Briarwood Road",
               "Location": "51.35946344421598, -0.23988121772556337",
               "Audio": "",
               "AnnounceDistance": 20.0
          },
          {
               "Name": "Ewell Park Way",
               "Location": "51.35569629681708, -0.24292679373057136",
               "Audio": "",
               "AnnounceDistance": 20.0
          },
          {
               "Name": "Welbeck Close",
               "Location": "51.35379251612643, -0.24670495470539935",
               "Audio": "",
               "AnnounceDistance": 20.0
          },
          {
               "Name": "The Spring",
               "Location": "51.350596108627904, -0.25004376875986717",
               "Audio": "",
               "AnnounceDistance": 20.0
          },
          {
               "Name": "Reigate Road / Green Man",
               "Location": "51.346622362325114, -0.25071208437798503",
               "Audio": "",
               "AnnounceDistance": 20.0
          },
          {
               "Name": "Mongers Lane",
               "Location": "51.34527403379398, -0.2513521452763445",
               "Audio": "",
               "AnnounceDistance": 20.0
          },
          {
               "Name": "Hessle Grove",
               "Location": "51.34250503594022, -0.2526061860233522",
               "Audio": "",
               "AnnounceDistance": 20.0
          },
          {
               "Name": "Windmill Lane",
               "Location": "51.340276980018515, -0.2545573894395373",
               "Audio": "",
               "AnnounceDistance": 20.0
          },
          {
               "Name": "Kiln Lane",
               "Location": "51.33856308230977, -0.2572210972130023",
               "Audio": "",
               "AnnounceDistance": 20.0
          },
          {
               "Name": "Rainbow Leisure Centre",
               "Location": "51.33600012576212, -0.2614528593935616",
               "Audio": "",
               "AnnounceDistance": 20.0
          },
          {
               "Name": "Epsom High Street",
               "Location": "51.3337672148334, -0.2655137799365913",
               "Audio": "",
               "AnnounceDistance": 20.0
          },
          {
               "Name": "Ashley Road",
               "Location": "51.33230188893809, -0.2667605391220691",
               "Audio": "",
               "AnnounceDistance": 20.0
          },
          {
               "Name": "Elmslie Close",
               "Location": "51.32747984631814, -0.27271243976429643",
               "Audio": "",
               "AnnounceDistance": 20.0
          },
          {
               "Name": "Epsom Hospital",
               "Location": "51.32644732550159, -0.27404301538966336",
               "Audio": "",
               "AnnounceDistance": 20.0
          }
     ]
}